ISO-10303-21;
HEADER;
FILE_DESCRIPTION (( 'STEP AP203' ),
    '1' );
FILE_NAME ('_ _ _C071LFBN-RC.STEP',
    '2016-08-19T07:21:42',
    ( 'LUANN HERRING' ),
    ( 'SULLINS' ),
    'SwSTEP 2.0',
    'SolidWorks 2015',
    '' );
FILE_SCHEMA (( 'CONFIG_CONTROL_DESIGN' ));
ENDSEC;

DATA;
#1 = CARTESIAN_POINT ( 'NONE',  ( 0.3279527559055122600, 0.05244063622047148700, -0.05787401574803151300 ) ) ;
#2 = EDGE_CURVE ( 'NONE', #4827, #1235, #10408, .T. ) ;
#3 = CARTESIAN_POINT ( 'NONE',  ( 0.1577900044881893600, 0.2475998051574795600, -0.04212598425196852800 ) ) ;
#4 = DIRECTION ( 'NONE',  ( 0.0000000000000000000, 0.0000000000000000000, 1.000000000000000000 ) ) ;
#5 = ORIENTED_EDGE ( 'NONE', *, *, #808, .T. ) ;
#7 = VECTOR ( 'NONE', #2599, 39.37007874015748100 ) ;
#6 = DIRECTION ( 'NONE',  ( -0.0000000000000000000, -0.0000000000000000000, -1.000000000000000000 ) ) ;
#8 = EDGE_CURVE ( 'NONE', #10619, #8599, #3507, .T. ) ;
#9 = LINE ( 'NONE', #7202, #2453 ) ;
#10 = ORIENTED_EDGE ( 'NONE', *, *, #9361, .T. ) ;
#11 = AXIS2_PLACEMENT_3D ( 'NONE', #8720, #11380, #6012 ) ;
#12 = DIRECTION ( 'NONE',  ( 0.2242946047231159900, -0.9745213852410326000, 0.0000000000000000000 ) ) ;
#13 = LINE ( 'NONE', #9695, #602 ) ;
#14 = EDGE_CURVE ( 'NONE', #4589, #2567, #5590, .T. ) ;
#15 = ORIENTED_EDGE ( 'NONE', *, *, #10837, .F. ) ;
#16 = ORIENTED_EDGE ( 'NONE', *, *, #6147, .T. ) ;
#17 = AXIS2_PLACEMENT_3D ( 'NONE', #2171, #8497, #3089 ) ;
#18 = DIRECTION ( 'NONE',  ( 0.0000000000000000000, 0.0000000000000000000, -1.000000000000000000 ) ) ;
#19 = DIRECTION ( 'NONE',  ( -1.000000000000000000, 0.0000000000000000000, 0.0000000000000000000 ) ) ;
#20 = ADVANCED_FACE ( 'NONE', ( #7757 ), #513, .F. ) ;
#21 = DIRECTION ( 'NONE',  ( 1.000000000000000000, -0.0000000000000000000, 0.0000000000000000000 ) ) ;
#22 = LINE ( 'NONE', #8715, #9387 ) ;
#23 = ORIENTED_EDGE ( 'NONE', *, *, #7164, .T. ) ;
#24 = ORIENTED_EDGE ( 'NONE', *, *, #8138, .F. ) ;
#25 = CARTESIAN_POINT ( 'NONE',  ( 0.3200787401574808900, 0.1053386751217952900, -0.04212598425196851400 ) ) ;
#26 = FACE_OUTER_BOUND ( 'NONE', #825, .T. ) ;
#27 = VERTEX_POINT ( 'NONE', #3073 ) ;
#28 = VERTEX_POINT ( 'NONE', #3035 ) ;
#29 = DIRECTION ( 'NONE',  ( -1.000000000000000000, -0.0000000000000000000, 0.0000000000000000000 ) ) ;
#30 = EDGE_CURVE ( 'NONE', #8608, #7979, #9860, .T. ) ;
#31 = VECTOR ( 'NONE', #2782, 39.37007874015748100 ) ;
#32 = AXIS2_PLACEMENT_3D ( 'NONE', #10309, #7621, #382 ) ;
#33 = DIRECTION ( 'NONE',  ( 0.9889363530076618100, 0.1483404520011492900, -0.0000000000000000000 ) ) ;
#34 = EDGE_CURVE ( 'NONE', #3303, #1738, #1073, .T. ) ;
#35 = AXIS2_PLACEMENT_3D ( 'NONE', #2925, #10998, #1106 ) ;
#36 = VECTOR ( 'NONE', #11149, 39.37007874015748100 ) ;
#37 = CARTESIAN_POINT ( 'NONE',  ( 0.2795275590551185000, 0.01968503937007875700, -0.05787401574803152000 ) ) ;
#38 = DIRECTION ( 'NONE',  ( 0.2242946047231136600, -0.9745213852410331600, 0.0000000000000000000 ) ) ;
#39 = DIRECTION ( 'NONE',  ( 0.03123475200308707700, 0.9995120760987861200, 0.0000000000000000000 ) ) ;
#40 = ORIENTED_EDGE ( 'NONE', *, *, #4332, .T. ) ;
#41 = CARTESIAN_POINT ( 'NONE',  ( 0.07952755905511869900, 0.3149606299212595600, -0.02834645669291339200 ) ) ;
#42 = FACE_OUTER_BOUND ( 'NONE', #4947, .T. ) ;
#43 = VERTEX_POINT ( 'NONE', #2341 ) ;
#44 = DIRECTION ( 'NONE',  ( 0.0000000000000000000, 1.000000000000000000, 0.0000000000000000000 ) ) ;
#45 = LINE ( 'NONE', #336, #9408 ) ;
#46 = VECTOR ( 'NONE', #6289, 39.37007874015748100 ) ;
#47 = AXIS2_PLACEMENT_3D ( 'NONE', #1145, #1597, #1557 ) ;
#48 = DIRECTION ( 'NONE',  ( 0.0000000000000000000, -0.0000000000000000000, 1.000000000000000000 ) ) ;
#49 = DIRECTION ( 'NONE',  ( 0.2242946050387554200, 0.9745213851683853800, 0.0000000000000000000 ) ) ;
#50 = VERTEX_POINT ( 'NONE', #2522 ) ;
#51 = VERTEX_POINT ( 'NONE', #2330 ) ;
#52 = EDGE_CURVE ( 'NONE', #1125, #3317, #9575, .T. ) ;
#53 = VERTEX_POINT ( 'NONE', #2785 ) ;
#54 = CARTESIAN_POINT ( 'NONE',  ( 0.3088916445275594600, 0.2432397985433058200, -0.05787401574803151300 ) ) ;
#55 = CYLINDRICAL_SURFACE ( 'NONE', #5039, 0.007874015748031449100 ) ;
#56 = CARTESIAN_POINT ( 'NONE',  ( 0.3600393700787405900, 0.1141337039370070900, -0.05787401574803151300 ) ) ;
#57 = CARTESIAN_POINT ( 'NONE',  ( 0.5279527559055122700, 0.05244063622047148700, -0.05787401574803151300 ) ) ;
#58 = VECTOR ( 'NONE', #3963, 39.37007874015748100 ) ;
#59 = ORIENTED_EDGE ( 'NONE', *, *, #11006, .F. ) ;
#60 = CARTESIAN_POINT ( 'NONE',  ( 0.01968503937012438000, 0.01968503937007875700, -0.05787401574803152000 ) ) ;
#61 = DIRECTION ( 'NONE',  ( 1.000000000000000000, 0.0000000000000000000, -0.0000000000000000000 ) ) ;
#62 = VERTEX_POINT ( 'NONE', #2098 ) ;
#63 = DIRECTION ( 'NONE',  ( -0.2950730634850943200, 0.9554746920800788500, 0.0000000000000000000 ) ) ;
#64 = CARTESIAN_POINT ( 'NONE',  ( 0.2374015748425202200, 0.05244063622047148700, -0.05787401574803151300 ) ) ;
#65 = VECTOR ( 'NONE', #2686, 39.37007874015748100 ) ;
#66 = DIRECTION ( 'NONE',  ( 0.0000000000000000000, -0.0000000000000000000, -1.000000000000000000 ) ) ;
#67 = VERTEX_POINT ( 'NONE', #1708 ) ;
#68 = EDGE_CURVE ( 'NONE', #10822, #6467, #5318, .T. ) ;
#69 = VECTOR ( 'NONE', #344, 39.37007874015748100 ) ;
#70 = AXIS2_PLACEMENT_3D ( 'NONE', #11629, #6280, #847 ) ;
#71 = CARTESIAN_POINT ( 'NONE',  ( 0.4509508751574806700, 0.2432397985433058200, -0.04212598425196851400 ) ) ;
#72 = VERTEX_POINT ( 'NONE', #1812 ) ;
#73 = CARTESIAN_POINT ( 'NONE',  ( 0.4795275590551187400, 0.3149606299212595600, -0.04212598425196851400 ) ) ;
#74 = CARTESIAN_POINT ( 'NONE',  ( 0.5795275590551185500, 0.3149606299212595600, -0.02834645669291339200 ) ) ;
#75 = LOCAL_TIME ( 0, 21, 42.00000000000000000, #2520 ) ;
#76 = VECTOR ( 'NONE', #44, 39.37007874015748100 ) ;
#77 = DIRECTION ( 'NONE',  ( 0.0000000000000000000, -0.0000000000000000000, 1.000000000000000000 ) ) ;
#78 = VERTEX_POINT ( 'NONE', #1207 ) ;
#79 = ORIENTED_EDGE ( 'NONE', *, *, #10521, .T. ) ;
#80 = CARTESIAN_POINT ( 'NONE',  ( 0.5196850393701594200, 0.01968503937007875700, -0.04212598425196851400 ) ) ;
#81 = ADVANCED_FACE ( 'NONE', ( #2379 ), #1682, .F. ) ;
#82 = ORIENTED_EDGE ( 'NONE', *, *, #5878, .T. ) ;
#83 = DIRECTION ( 'NONE',  ( 0.9995120760987861200, -0.03123475200308707700, 0.0000000000000000000 ) ) ;
#84 = EDGE_CURVE ( 'NONE', #8120, #5800, #800, .T. ) ;
#85 = VECTOR ( 'NONE', #4603, 39.37007874015748900 ) ;
#86 = DIRECTION ( 'NONE',  ( 0.0000000000000000000, -0.7999999999999998200, -0.6000000000000002000 ) ) ;
#87 = LINE ( 'NONE', #10232, #7055 ) ;
#88 = CARTESIAN_POINT ( 'NONE',  ( 0.3498548604404900200, 0.2525113748366327700, -0.04212598425196852800 ) ) ;
#90 = DIRECTION ( 'NONE',  ( -0.9991100788575018000, -0.04217878999398427800, 0.0000000000000000000 ) ) ;
#89 = AXIS2_PLACEMENT_3D ( 'NONE', #9962, #4548, #10834 ) ;
#91 = ORIENTED_EDGE ( 'NONE', *, *, #11378, .F. ) ;
#92 = ORIENTED_EDGE ( 'NONE', *, *, #5307, .F. ) ;
#93 = CARTESIAN_POINT ( 'NONE',  ( 0.4000000000000005200, 0.01968503937007875700, -0.05787401574803152000 ) ) ;
#94 = VECTOR ( 'NONE', #10189, 39.37007874015748100 ) ;
#95 = FACE_OUTER_BOUND ( 'NONE', #6952, .T. ) ;
#96 = EDGE_CURVE ( 'NONE', #8875, #10866, #209, .T. ) ;
#97 = EDGE_LOOP ( 'NONE', ( #7040, #1333, #8638, #4281 ) ) ;
#98 = DIRECTION ( 'NONE',  ( 0.1483404520011492900, 0.9889363530076618100, 0.0000000000000000000 ) ) ;
#99 = CARTESIAN_POINT ( 'NONE',  ( 0.08267716535433117200, 0.05244063622047148700, -0.05787401574803151300 ) ) ;
#100 = DIRECTION ( 'NONE',  ( -0.0000000000000000000, -0.0000000000000000000, 1.000000000000000000 ) ) ;
#101 = EDGE_CURVE ( 'NONE', #7502, #2854, #11631, .T. ) ;
#102 = AXIS2_PLACEMENT_3D ( 'NONE', #11664, #888, #7237 ) ;
#103 = ORIENTED_EDGE ( 'NONE', *, *, #3234, .F. ) ;
#104 = CARTESIAN_POINT ( 'NONE',  ( 0.2509508751574806000, 0.2432397985433058200, -0.04212598425196852800 ) ) ;
#105 = LINE ( 'NONE', #5880, #4648 ) ;
#106 = CARTESIAN_POINT ( 'NONE',  ( 0.4401574803149611600, 0.01968503937007875700, -0.07165354330708663400 ) ) ;
#107 = VECTOR ( 'NONE', #5482, 39.37007874015748100 ) ;
#108 = VERTEX_POINT ( 'NONE', #7130 ) ;
#109 = EDGE_LOOP ( 'NONE', ( #5044, #4874, #5499, #5240 ) ) ;
#110 = CARTESIAN_POINT ( 'NONE',  ( 0.3111870956299217000, 0.2432397985433058200, -0.05787401574803151300 ) ) ;
#111 = CARTESIAN_POINT ( 'NONE',  ( 0.6283464566929137800, 0.3346456692913383200, -0.01850393700787375500 ) ) ;
#112 = ORIENTED_EDGE ( 'NONE', *, *, #1048, .F. ) ;
#114 = AXIS2_PLACEMENT_3D ( 'NONE', #8927, #8850, #9113 ) ;
#113 = CARTESIAN_POINT ( 'NONE',  ( 0.2242125984251973600, 0.1473225259842513800, -0.05787401574803150600 ) ) ;
#115 = LINE ( 'NONE', #6768, #2563 ) ;
#116 = VECTOR ( 'NONE', #4954, 39.37007874015748100 ) ;
#117 = EDGE_CURVE ( 'NONE', #159, #9381, #11359, .T. ) ;
#118 = EDGE_LOOP ( 'NONE', ( #6548, #8544, #7480, #5166 ) ) ;
#119 = CARTESIAN_POINT ( 'NONE',  ( 0.3401574803149611200, 0.01968503937007875700, -0.05787401574803152000 ) ) ;
#120 = ORIENTED_EDGE ( 'NONE', *, *, #5579, .T. ) ;
#121 = DIRECTION ( 'NONE',  ( -0.9995120760675666500, -0.03123475300211145400, 0.0000000000000000000 ) ) ;
#122 = DIRECTION ( 'NONE',  ( 0.0000000000000000000, -0.0000000000000000000, 1.000000000000000000 ) ) ;
#123 = LINE ( 'NONE', #10626, #4951 ) ;
#124 = DIRECTION ( 'NONE',  ( -5.876167051565095900E-011, 1.000000000000000000, 0.0000000000000000000 ) ) ;
#125 = ORIENTED_EDGE ( 'NONE', *, *, #2570, .F. ) ;
#126 = VECTOR ( 'NONE', #490, 39.37007874015748900 ) ;
#127 = ORIENTED_EDGE ( 'NONE', *, *, #10566, .F. ) ;
#128 = ORIENTED_EDGE ( 'NONE', *, *, #2779, .T. ) ;
#129 = CARTESIAN_POINT ( 'NONE',  ( 0.1690944881890623100, -0.1259842519683448100, -0.05787401574803150600 ) ) ;
#130 = ORIENTED_EDGE ( 'NONE', *, *, #578, .F. ) ;
#131 = CARTESIAN_POINT ( 'NONE',  ( 0.2279527559055122300, 0.06031465196850320500, -0.05787401574803151300 ) ) ;
#132 = EDGE_CURVE ( 'NONE', #3930, #1872, #2097, .T. ) ;
#133 = DIRECTION ( 'NONE',  ( 1.000000000000000000, 0.0000000000000000000, 0.0000000000000000000 ) ) ;
#134 = CARTESIAN_POINT ( 'NONE',  ( 0.4279685038976383500, 0.3346456693700783900, -0.01850393692913386200 ) ) ;
#135 = VECTOR ( 'NONE', #10015, 39.37007874015748100 ) ;
#136 = ADVANCED_FACE ( 'NONE', ( #6604 ), #1246, .T. ) ;
#137 = DIRECTION ( 'NONE',  ( 0.0000000000000000000, 0.0000000000000000000, -1.000000000000000000 ) ) ;
#138 = VERTEX_POINT ( 'NONE', #4265 ) ;
#139 = LINE ( 'NONE', #10611, #2301 ) ;
#140 = ORIENTED_EDGE ( 'NONE', *, *, #5769, .F. ) ;
#141 = ORIENTED_EDGE ( 'NONE', *, *, #3311, .F. ) ;
#142 = ORIENTED_EDGE ( 'NONE', *, *, #4831, .F. ) ;
#143 = CARTESIAN_POINT ( 'NONE',  ( 0.1795275590551181600, 0.01968503937007875700, -0.02598425196850394400 ) ) ;
#144 = ORIENTED_EDGE ( 'NONE', *, *, #1625, .F. ) ;
#145 = CARTESIAN_POINT ( 'NONE',  ( 0.3795275591743965700, 0.2885954232650423400, -0.05787401574803151300 ) ) ;
#146 = LINE ( 'NONE', #10078, #7116 ) ;
#147 = DIRECTION ( 'NONE',  ( 0.0000000000000000000, -1.000000000000000000, -0.0000000000000000000 ) ) ;
#148 = VECTOR ( 'NONE', #4773, 39.37007874015748100 ) ;
#149 = VERTEX_POINT ( 'NONE', #2588 ) ;
#150 = EDGE_CURVE ( 'NONE', #8177, #844, #4766, .T. ) ;
#151 = LINE ( 'NONE', #2796, #9230 ) ;
#152 = CARTESIAN_POINT ( 'NONE',  ( 0.1795275590551181600, 0.01968503937007875700, -0.02598425196850394400 ) ) ;
#153 = VERTEX_POINT ( 'NONE', #9465 ) ;
#154 = VERTEX_POINT ( 'NONE', #9453 ) ;
#155 = CARTESIAN_POINT ( 'NONE',  ( 0.6690944881889768800, -0.1259842519685042700, -0.05787401574803150600 ) ) ;
#156 = AXIS2_PLACEMENT_3D ( 'NONE', #2198, #7580, #8516 ) ;
#157 = CARTESIAN_POINT ( 'NONE',  ( 0.2921259842519689000, 0.06031465196850320500, -0.05787401574803151300 ) ) ;
#158 = FACE_OUTER_BOUND ( 'NONE', #466, .T. ) ;
#159 = VERTEX_POINT ( 'NONE', #355 ) ;
#160 = ORIENTED_EDGE ( 'NONE', *, *, #3552, .T. ) ;
#162 = CARTESIAN_POINT ( 'NONE',  ( 0.1200787401574807500, 0.01968503937007875700, -0.05787401574803152000 ) ) ;
#161 = VECTOR ( 'NONE', #9389, 39.37007874015748100 ) ;
#163 = ORIENTED_EDGE ( 'NONE', *, *, #8574, .T. ) ;
#164 = ORIENTED_EDGE ( 'NONE', *, *, #4780, .F. ) ;
#165 = EDGE_CURVE ( 'NONE', #3152, #8177, #4213, .T. ) ;
#166 = VECTOR ( 'NONE', #6098, 39.37007874015748100 ) ;
#167 = DIRECTION ( 'NONE',  ( 0.0000000000000000000, 1.000000000000000000, 0.0000000000000000000 ) ) ;
#168 = EDGE_CURVE ( 'NONE', #5294, #4988, #1817, .T. ) ;
#169 = EDGE_LOOP ( 'NONE', ( #5540, #10360, #5830, #8274 ) ) ;
#170 = ORIENTED_EDGE ( 'NONE', *, *, #6147, .F. ) ;
#171 = CARTESIAN_POINT ( 'NONE',  ( 0.02007874015748100200, 0.08959064358267715400, -0.05787401574803152000 ) ) ;
#172 = FACE_OUTER_BOUND ( 'NONE', #1120, .T. ) ;
#173 = VERTEX_POINT ( 'NONE', #4543 ) ;
#174 = ORIENTED_EDGE ( 'NONE', *, *, #132, .F. ) ;
#176 = DIRECTION ( 'NONE',  ( -0.0000000000000000000, -0.0000000000000000000, 1.000000000000000000 ) ) ;
#175 = FACE_OUTER_BOUND ( 'NONE', #2155, .T. ) ;
#177 = CARTESIAN_POINT ( 'NONE',  ( -0.4999999999999996100, 0.01968503937007875700, -0.04212598425196851400 ) ) ;
#178 = PLANE ( 'NONE',  #1647 ) ;
#179 = PLANE ( 'NONE',  #7081 ) ;
#180 = CIRCLE ( 'NONE', #10583, 0.007874015748031449100 ) ;
#181 = CARTESIAN_POINT ( 'NONE',  ( 0.4452755905492693500, -0.1011811023363984200, -0.04212598425196851400 ) ) ;
#182 = ORIENTED_EDGE ( 'NONE', *, *, #2856, .T. ) ;
#183 = VERTEX_POINT ( 'NONE', #6057 ) ;
#184 = CARTESIAN_POINT ( 'NONE',  ( 0.3795275590551186500, 0.01968503937007875700, -0.02834645669291339200 ) ) ;
#185 = EDGE_CURVE ( 'NONE', #3912, #108, #8462, .T. ) ;
#186 = ORIENTED_EDGE ( 'NONE', *, *, #10636, .T. ) ;
#187 = CARTESIAN_POINT ( 'NONE',  ( 0.2242125984220000300, 0.1473225259860535500, -0.04212598425196851400 ) ) ;
#188 = LINE ( 'NONE', #5476, #9269 ) ;
#189 = EDGE_CURVE ( 'NONE', #3824, #322, #11081, .T. ) ;
#190 = CARTESIAN_POINT ( 'NONE',  ( 0.2196850393704481400, 0.09221531551199138600, -0.05787401574803152000 ) ) ;
#191 = VECTOR ( 'NONE', #6203, 39.37007874015748100 ) ;
#192 = ORIENTED_EDGE ( 'NONE', *, *, #2625, .F. ) ;
#193 = DIRECTION ( 'NONE',  ( -1.000000000000000000, -1.459915796614144200E-014, 0.0000000000000000000 ) ) ;
#194 = VERTEX_POINT ( 'NONE', #9699 ) ;
#195 = ADVANCED_FACE ( 'NONE', ( #1223 ), #7358, .T. ) ;
#196 = DIRECTION ( 'NONE',  ( -0.0000000000000000000, -0.0000000000000000000, -1.000000000000000000 ) ) ;
#197 = LINE ( 'NONE', #143, #9560 ) ;
#198 = AXIS2_PLACEMENT_3D ( 'NONE', #4721, #11002, #5604 ) ;
#199 = DIRECTION ( 'NONE',  ( 1.000000000000000000, 0.0000000000000000000, -0.0000000000000000000 ) ) ;
#200 = PLANE ( 'NONE',  #9183 ) ;
#201 = DIRECTION ( 'NONE',  ( 0.0000000000000000000, 0.0000000000000000000, 1.000000000000000000 ) ) ;
#202 = LINE ( 'NONE', #3421, #2368 ) ;
#203 = EDGE_CURVE ( 'NONE', #1528, #493, #8178, .T. ) ;
#204 = ORIENTED_EDGE ( 'NONE', *, *, #7558, .F. ) ;
#205 = CARTESIAN_POINT ( 'NONE',  ( 0.1000000000000005700, 0.01968503937007875700, -0.05787401574803152000 ) ) ;
#206 = VECTOR ( 'NONE', #10400, 39.37007874015748900 ) ;
#207 = ADVANCED_FACE ( 'NONE', ( #3925 ), #6852, .F. ) ;
#208 = VERTEX_POINT ( 'NONE', #9421 ) ;
#209 = LINE ( 'NONE', #340, #9293 ) ;
#210 = CARTESIAN_POINT ( 'NONE',  ( 0.4200787401574807000, 0.1339366992125986500, -0.05787401574803151300 ) ) ;
#211 = ORIENTED_EDGE ( 'NONE', *, *, #11444, .T. ) ;
#212 = CARTESIAN_POINT ( 'NONE',  ( 0.06003937007874064800, 0.1141337039370070900, -0.05787401574803151300 ) ) ;
#214 = CARTESIAN_POINT ( 'NONE',  ( 0.5196850393700792600, 0.01968503937007875700, -0.05787401574803152000 ) ) ;
#213 = CALENDAR_DATE ( 2016, 19, 8 ) ;
#215 = EDGE_CURVE ( 'NONE', #4406, #2279, #3648, .T. ) ;
#216 = LINE ( 'NONE', #11395, #9584 ) ;
#217 = EDGE_CURVE ( 'NONE', #5632, #11366, #3369, .T. ) ;
#218 = AXIS2_PLACEMENT_3D ( 'NONE', #921, #7270, #1858 ) ;
#219 = CARTESIAN_POINT ( 'NONE',  ( 0.1999999999956739400, 0.1339366992112626400, -0.05787401574803150600 ) ) ;
#220 = EDGE_LOOP ( 'NONE', ( #3574, #10741, #1432, #6240 ) ) ;
#221 = ORIENTED_EDGE ( 'NONE', *, *, #1195, .F. ) ;
#222 = PERSON_AND_ORGANIZATION_ROLE ( 'creator' ) ;
#223 = ORIENTED_EDGE ( 'NONE', *, *, #11225, .F. ) ;
#224 = DIRECTION ( 'NONE',  ( 0.0000000000000000000, 0.0000000000000000000, 1.000000000000000000 ) ) ;
#225 = VECTOR ( 'NONE', #1614, 39.37007874015748100 ) ;
#226 = DIRECTION ( 'NONE',  ( 1.000000000000000000, 0.0000000000000000000, 0.0000000000000000000 ) ) ;
#227 = VECTOR ( 'NONE', #6323, 39.37007874015748100 ) ;
#228 = EDGE_CURVE ( 'NONE', #1182, #6515, #931, .T. ) ;
#229 = DIRECTION ( 'NONE',  ( 0.0000000000000000000, -0.0000000000000000000, 1.000000000000000000 ) ) ;
#230 = EDGE_LOOP ( 'NONE', ( #11019, #3448, #4414, #221 ) ) ;
#231 = DIRECTION ( 'NONE',  ( 0.2242946048210159000, 0.9745213852185001800, 0.0000000000000000000 ) ) ;
#232 = EDGE_CURVE ( 'NONE', #9007, #1971, #5741, .T. ) ;
#233 = AXIS2_PLACEMENT_3D ( 'NONE', #3784, #1033, #5574 ) ;
#234 = ORIENTED_EDGE ( 'NONE', *, *, #9236, .F. ) ;
#235 = CARTESIAN_POINT ( 'NONE',  ( 0.5452755905511815800, -0.1011811023622053900, -0.04212598425196851400 ) ) ;
#236 = VECTOR ( 'NONE', #9764, 39.37007874015748100 ) ;
#238 = DIRECTION ( 'NONE',  ( 0.0000000000000000000, 0.0000000000000000000, 1.000000000000000000 ) ) ;
#237 = AXIS2_PLACEMENT_3D ( 'NONE', #2700, #10793, #5388 ) ;
#239 = VECTOR ( 'NONE', #5731, 39.37007874015748100 ) ;
#240 = CARTESIAN_POINT ( 'NONE',  ( 0.3452755905492691500, -0.1011811023340691400, -0.05787401574803150600 ) ) ;
#241 = EDGE_LOOP ( 'NONE', ( #8211, #10581, #8495, #4244 ) ) ;
#242 = ORIENTED_EDGE ( 'NONE', *, *, #2534, .T. ) ;
#243 = DIRECTION ( 'NONE',  ( -0.0000000000000000000, -1.000000000000000000, 0.0000000000000000000 ) ) ;
#244 = LINE ( 'NONE', #3412, #5076 ) ;
#245 = EDGE_CURVE ( 'NONE', #138, #10588, #7891, .T. ) ;
#246 = DIRECTION ( 'NONE',  ( 0.0000000000000000000, 0.0000000000000000000, 1.000000000000000000 ) ) ;
#247 = VECTOR ( 'NONE', #5109, 39.37007874015748100 ) ;
#248 = CARTESIAN_POINT ( 'NONE',  ( 0.5795275590551185500, 0.01968503937007875700, -0.07165354330708663400 ) ) ;
#249 = EDGE_LOOP ( 'NONE', ( #3890, #1777, #4174, #11322 ) ) ;
#250 = ADVANCED_FACE ( 'NONE', ( #9991 ), #4199, .F. ) ;
#251 = CARTESIAN_POINT ( 'NONE',  ( 0.5283464566924149800, 0.3346456692920034600, -0.01850393700737491100 ) ) ;
#252 = DIRECTION ( 'NONE',  ( -0.0000000000000000000, -0.0000000000000000000, -1.000000000000000000 ) ) ;
#253 = ORIENTED_EDGE ( 'NONE', *, *, #2500, .T. ) ;
#254 = EDGE_CURVE ( 'NONE', #9644, #4618, #2803, .T. ) ;
#255 = AXIS2_PLACEMENT_3D ( 'NONE', #6142, #729, #7071 ) ;
#256 = CARTESIAN_POINT ( 'NONE',  ( 0.2111870956299216900, 0.2617829512992116400, -0.05787401574803151300 ) ) ;
#257 = DIRECTION ( 'NONE',  ( -0.9554746912769989100, -0.2950730660855439600, 0.0000000000000000000 ) ) ;
#258 = VECTOR ( 'NONE', #7373, 39.37007874015748100 ) ;
#259 = PERSON_AND_ORGANIZATION_ROLE ( 'design_owner' ) ;
#260 = CIRCLE ( 'NONE', #10039, 0.03976377952755907200 ) ;
#261 = CARTESIAN_POINT ( 'NONE',  ( 0.5748031496062997500, -0.1011811023622053900, -0.05787401574803151300 ) ) ;
#262 = VERTEX_POINT ( 'NONE', #2238 ) ;
#263 = ORIENTED_EDGE ( 'NONE', *, *, #4208, .F. ) ;
#264 = CARTESIAN_POINT ( 'NONE',  ( 0.2000000000000003200, 0.06031465196873454800, -0.05787401574803151300 ) ) ;
#265 = ORIENTED_EDGE ( 'NONE', *, *, #4887, .T. ) ;
#266 = ADVANCED_FACE ( 'NONE', ( #9710 ), #2514, .T. ) ;
#267 = CARTESIAN_POINT ( 'NONE',  ( 0.1718503937011965400, 0.2287793731563228800, -0.04212598425196851400 ) ) ;
#269 = AXIS2_PLACEMENT_3D ( 'NONE', #7234, #6899, #6774 ) ;
#268 = CARTESIAN_POINT ( 'NONE',  ( 0.6200787401574960900, 0.08959064362194704700, -0.04212598425196851400 ) ) ;
#270 = EDGE_CURVE ( 'NONE', #8080, #6137, #4895, .T. ) ;
#271 = CYLINDRICAL_SURFACE ( 'NONE', #7539, 0.03976377952755894700 ) ;
#272 = ORIENTED_EDGE ( 'NONE', *, *, #877, .T. ) ;
#273 = DIRECTION ( 'NONE',  ( -1.000000000000000000, -0.0000000000000000000, 0.0000000000000000000 ) ) ;
#274 = VECTOR ( 'NONE', #4615, 39.37007874015748100 ) ;
#275 = EDGE_LOOP ( 'NONE', ( #7484, #9872, #2964, #10153 ) ) ;
#276 = ORIENTED_EDGE ( 'NONE', *, *, #1200, .T. ) ;
#277 = ORIENTED_EDGE ( 'NONE', *, *, #11692, .F. ) ;
#278 = DIRECTION ( 'NONE',  ( 0.2242946048210173500, 0.9745213852184998500, 0.0000000000000000000 ) ) ;
#279 = CARTESIAN_POINT ( 'NONE',  ( 0.5279685040551187500, 0.3346456691338576800, -0.01850393712598425600 ) ) ;
#281 = CIRCLE ( 'NONE', #1537, 0.007874015748031449100 ) ;
#280 = CARTESIAN_POINT ( 'NONE',  ( 0.3196850393700791900, 0.1027140031889750000, -0.04212598425196851400 ) ) ;
#282 = VECTOR ( 'NONE', #527, 39.37007874015748100 ) ;
#283 = ORIENTED_EDGE ( 'NONE', *, *, #5756, .F. ) ;
#284 = DIRECTION ( 'NONE',  ( 0.0000000000000000000, 0.0000000000000000000, 1.000000000000000000 ) ) ;
#285 = DIRECTION ( 'NONE',  ( -1.000000000000000000, 0.0000000000000000000, 0.0000000000000000000 ) ) ;
#286 = FACE_OUTER_BOUND ( 'NONE', #5717, .T. ) ;
#287 = ORIENTED_EDGE ( 'NONE', *, *, #2101, .T. ) ;
#288 = ORIENTED_EDGE ( 'NONE', *, *, #9807, .F. ) ;
#289 = EDGE_CURVE ( 'NONE', #9572, #541, #3088, .T. ) ;
#290 = ORIENTED_EDGE ( 'NONE', *, *, #2860, .F. ) ;
#291 = DIRECTION ( 'NONE',  ( 0.0000000000000000000, 0.0000000000000000000, 1.000000000000000000 ) ) ;
#292 = CARTESIAN_POINT ( 'NONE',  ( 0.6196850393700790200, 0.3149606299212595600, -0.04212598425196851400 ) ) ;
#293 = LINE ( 'NONE', #5256, #7 ) ;
#294 = CARTESIAN_POINT ( 'NONE',  ( 0.1913385826771663300, 0.3346456692913382100, -0.01812598437007874300 ) ) ;
#295 = LINE ( 'NONE', #6194, #7264 ) ;
#296 = ORIENTED_EDGE ( 'NONE', *, *, #4124, .T. ) ;
#297 = LINE ( 'NONE', #8753, #7266 ) ;
#298 = VERTEX_POINT ( 'NONE', #187 ) ;
#299 = ORIENTED_EDGE ( 'NONE', *, *, #3586, .F. ) ;
#300 = ORIENTED_EDGE ( 'NONE', *, *, #6198, .F. ) ;
#301 = DATE_TIME_ROLE ( 'classification_date' ) ;
#302 = FACE_OUTER_BOUND ( 'NONE', #2419, .T. ) ;
#303 = CARTESIAN_POINT ( 'NONE',  ( 0.3401574803149611200, 0.3149606299212595600, -0.07165354330708663400 ) ) ;
#304 = EDGE_CURVE ( 'NONE', #11583, #11361, #7320, .T. ) ;
#305 = CARTESIAN_POINT ( 'NONE',  ( -0.4999999999999996100, 0.01968503937007875700, -0.05787401574803151300 ) ) ;
#306 = DIRECTION ( 'NONE',  ( 0.0000000000000000000, 0.0000000000000000000, 1.000000000000000000 ) ) ;
#307 = ORIENTED_EDGE ( 'NONE', *, *, #9348, .T. ) ;
#309 = ORIENTED_EDGE ( 'NONE', *, *, #6941, .T. ) ;
#308 = AXIS2_PLACEMENT_3D ( 'NONE', #5289, #8894, #7128 ) ;
#310 = CARTESIAN_POINT ( 'NONE',  ( 0.01118709562992162500, 0.2617829512992116400, -0.05787401574803151300 ) ) ;
#311 = FACE_OUTER_BOUND ( 'NONE', #5824, .T. ) ;
#312 = ORIENTED_EDGE ( 'NONE', *, *, #2101, .F. ) ;
#313 = ORIENTED_EDGE ( 'NONE', *, *, #10566, .T. ) ;
#314 = DIRECTION ( 'NONE',  ( 0.0000000000000000000, 0.0000000000000000000, 1.000000000000000000 ) ) ;
#315 = VECTOR ( 'NONE', #3645, 39.37007874015748100 ) ;
#316 = ADVANCED_FACE ( 'NONE', ( #4616 ), #1340, .F. ) ;
#317 = DIRECTION ( 'NONE',  ( -0.0000000000000000000, -0.0000000000000000000, 1.000000000000000000 ) ) ;
#318 = VECTOR ( 'NONE', #876, 39.37007874015748100 ) ;
#319 = DIRECTION ( 'NONE',  ( 1.000000000000000000, 0.0000000000000000000, 0.0000000000000000000 ) ) ;
#320 = DIRECTION ( 'NONE',  ( 0.0000000000000000000, -1.000000000000000000, -0.0000000000000000000 ) ) ;
#321 = DIRECTION ( 'NONE',  ( 0.0000000000000000000, 1.000000000000000000, 0.0000000000000000000 ) ) ;
#322 = VERTEX_POINT ( 'NONE', #1189 ) ;
#323 = CIRCLE ( 'NONE', #3168, 0.007874015748031584400 ) ;
#324 = ORIENTED_EDGE ( 'NONE', *, *, #10428, .F. ) ;
#325 = DIRECTION ( 'NONE',  ( 0.0000000000000000000, -0.0000000000000000000, -1.000000000000000000 ) ) ;
#326 = EDGE_CURVE ( 'NONE', #4709, #8853, #354, .T. ) ;
#327 = LINE ( 'NONE', #3068, #7291 ) ;
#328 = LINE ( 'NONE', #1287, #9685 ) ;
#329 = EDGE_CURVE ( 'NONE', #345, #4160, #2228, .T. ) ;
#331 = ADVANCED_FACE ( 'NONE', ( #11481 ), #10831, .F. ) ;
#330 = CARTESIAN_POINT ( 'NONE',  ( 0.4826771653543312500, 0.04456662047243921400, -0.05787401574803151300 ) ) ;
#332 = FACE_OUTER_BOUND ( 'NONE', #9164, .T. ) ;
#333 = CARTESIAN_POINT ( 'NONE',  ( -0.4999999999999996100, 0.01968503937007875700, -0.02834645669291339200 ) ) ;
#334 = VERTEX_POINT ( 'NONE', #10990 ) ;
#335 = ORIENTED_EDGE ( 'NONE', *, *, #1915, .T. ) ;
#336 = CARTESIAN_POINT ( 'NONE',  ( 0.07185039370078769000, 0.2287793732283450500, -0.05787401574803151300 ) ) ;
#337 = DIRECTION ( 'NONE',  ( 0.0000000000000000000, 0.0000000000000000000, 1.000000000000000000 ) ) ;
#338 = ORIENTED_EDGE ( 'NONE', *, *, #8231, .T. ) ;
#339 = DIRECTION ( 'NONE',  ( 1.000000000000000000, 0.0000000000000000000, 0.0000000000000000000 ) ) ;
#340 = CARTESIAN_POINT ( 'NONE',  ( 0.2718503937030366500, 0.2287793731563805800, -0.05787401574803151300 ) ) ;
#341 = VECTOR ( 'NONE', #6937, 39.37007874015748100 ) ;
#342 = CIRCLE ( 'NONE', #7434, 0.09219577657480328100 ) ;
#343 = CARTESIAN_POINT ( 'NONE',  ( 0.6200787401574809900, 0.1053386751217956100, -0.05787401574803151300 ) ) ;
#344 = DIRECTION ( 'NONE',  ( -0.1483404520011348000, -0.9889363530076640300, 0.0000000000000000000 ) ) ;
#345 = VERTEX_POINT ( 'NONE', #10579 ) ;
#346 = CARTESIAN_POINT ( 'NONE',  ( 0.1795275591743968600, 0.2885954232650432300, -0.05787401574803151300 ) ) ;
#347 = EDGE_CURVE ( 'NONE', #9205, #3824, #6741, .T. ) ;
#348 = VERTEX_POINT ( 'NONE', #10551 ) ;
#349 = DIRECTION ( 'NONE',  ( 0.0000000000000000000, -0.0000000000000000000, 1.000000000000000000 ) ) ;
#350 = LINE ( 'NONE', #5218, #9706 ) ;
#351 = DIRECTION ( 'NONE',  ( 0.6000000000000002000, 0.7999999999999998200, 0.0000000000000000000 ) ) ;
#352 = CARTESIAN_POINT ( 'NONE',  ( 0.6702238797967449100, 0.2525113753331351100, -0.04212598425196851400 ) ) ;
#353 = ORIENTED_EDGE ( 'NONE', *, *, #8543, .T. ) ;
#354 = LINE ( 'NONE', #896, #9142 ) ;
#355 = CARTESIAN_POINT ( 'NONE',  ( 0.1913385826771662700, 0.3346456692913382100, -0.08149606299212595900 ) ) ;
#356 = PLANE ( 'NONE',  #2483 ) ;
#357 = VERTEX_POINT ( 'NONE', #595 ) ;
#358 = DIRECTION ( 'NONE',  ( 0.0000000000000000000, 0.0000000000000000000, 1.000000000000000000 ) ) ;
#359 = CALENDAR_DATE ( 2016, 19, 8 ) ;
#360 = AXIS2_PLACEMENT_3D ( 'NONE', #8208, #5477, #61 ) ;
#361 = CIRCLE ( 'NONE', #2713, 0.03976377952755894000 ) ;
#362 = CARTESIAN_POINT ( 'NONE',  ( 0.2431102362593049700, 0.3149606299220710200, -0.06673228346530621400 ) ) ;
#363 = EDGE_LOOP ( 'NONE', ( #9669, #8950, #10678, #10530, #11451, #4516, #6770, #8298, #5485, #9220, #8110, #127 ) ) ;
#364 = EDGE_CURVE ( 'NONE', #5685, #6238, #4351, .T. ) ;
#365 = DIRECTION ( 'NONE',  ( 0.0000000000000000000, 0.0000000000000000000, 1.000000000000000000 ) ) ;
#366 = VERTEX_POINT ( 'NONE', #10284 ) ;
#367 = ORIENTED_EDGE ( 'NONE', *, *, #10347, .F. ) ;
#368 = CARTESIAN_POINT ( 'NONE',  ( 0.6702238798032181800, 0.2525113753601322400, -0.05787401574803151300 ) ) ;
#369 = VECTOR ( 'NONE', #9071, 39.37007874015748100 ) ;
#370 = CIRCLE ( 'NONE', #3759, 0.09219577657480328100 ) ;
#371 = DIRECTION ( 'NONE',  ( 1.000000000000000000, 0.0000000000000000000, 0.0000000000000000000 ) ) ;
#372 = VERTEX_POINT ( 'NONE', #10459 ) ;
#373 = PLANE ( 'NONE',  #11430 ) ;
#374 = DIRECTION ( 'NONE',  ( 1.000000000000000000, 0.0000000000000000000, 0.0000000000000000000 ) ) ;
#375 = ADVANCED_FACE ( 'NONE', ( #9434 ), #10014, .F. ) ;
#376 = DIRECTION ( 'NONE',  ( -0.2950730634850943200, 0.9554746920800788500, 0.0000000000000000000 ) ) ;
#377 = CARTESIAN_POINT ( 'NONE',  ( 0.1999999999985583600, 0.1339366992019230800, -0.04212598425196851400 ) ) ;
#378 = ORIENTED_EDGE ( 'NONE', *, *, #7581, .T. ) ;
#379 = EDGE_CURVE ( 'NONE', #2922, #8150, #4060, .T. ) ;
#380 = VECTOR ( 'NONE', #1949, 39.37007874015748100 ) ;
#381 = AXIS2_PLACEMENT_3D ( 'NONE', #10774, #866, #7213 ) ;
#382 = DIRECTION ( 'NONE',  ( 0.0000000000000000000, -0.0000000000000000000, -1.000000000000000000 ) ) ;
#383 = FACE_OUTER_BOUND ( 'NONE', #892, .T. ) ;
#384 = VERTEX_POINT ( 'NONE', #11484 ) ;
#385 = DIRECTION ( 'NONE',  ( 0.0000000000000000000, 1.000000000000000000, 0.0000000000000000000 ) ) ;
#386 = DIRECTION ( 'NONE',  ( -0.0000000000000000000, -0.0000000000000000000, 1.000000000000000000 ) ) ;
#387 = ADVANCED_FACE ( 'NONE', ( #8586 ), #3778, .T. ) ;
#388 = DIRECTION ( 'NONE',  ( -5.876167051565095900E-011, 1.000000000000000000, 0.0000000000000000000 ) ) ;
#389 = ORIENTED_EDGE ( 'NONE', *, *, #10195, .T. ) ;
#390 = CARTESIAN_POINT ( 'NONE',  ( 0.5200787401574810100, 0.1339366992125987900, -0.04212598425196851400 ) ) ;
#391 = EDGE_CURVE ( 'NONE', #4651, #4738, #6168, .T. ) ;
#392 = VECTOR ( 'NONE', #7691, 39.37007874015748900 ) ;
#393 = DIRECTION ( 'NONE',  ( 0.0000000000000000000, 0.0000000000000000000, 1.000000000000000000 ) ) ;
#394 = LINE ( 'NONE', #3665, #9749 ) ;
#395 = ORIENTED_EDGE ( 'NONE', *, *, #8616, .F. ) ;
#396 = CARTESIAN_POINT ( 'NONE',  ( 0.4690944881889768700, -0.1259842519685042700, -0.05787401574803150600 ) ) ;
#397 = EDGE_CURVE ( 'NONE', #10688, #10609, #8865, .T. ) ;
#398 = EDGE_LOOP ( 'NONE', ( #7684, #3852, #9774, #5883 ) ) ;
#399 = DIRECTION ( 'NONE',  ( 0.0000000000000000000, 0.0000000000000000000, 1.000000000000000000 ) ) ;
#400 = CARTESIAN_POINT ( 'NONE',  ( 0.3200787401574807800, 0.1053386751217950700, -0.05787401574803152000 ) ) ;
#401 = EDGE_CURVE ( 'NONE', #7925, #9984, #10942, .T. ) ;
#403 = CARTESIAN_POINT ( 'NONE',  ( 0.3000000000000002100, 0.01968503937007875700, -0.04212598425196851400 ) ) ;
#402 = AXIS2_PLACEMENT_3D ( 'NONE', #11493, #3473, #9780 ) ;
#404 = ORIENTED_EDGE ( 'NONE', *, *, #8559, .F. ) ;
#405 = LINE ( 'NONE', #5798, #9759 ) ;
#406 = DIRECTION ( 'NONE',  ( 0.2242946048210223100, 0.9745213852184987400, 0.0000000000000000000 ) ) ;
#407 = LINE ( 'NONE', #1248, #9762 ) ;
#408 = ORIENTED_EDGE ( 'NONE', *, *, #6437, .F. ) ;
#409 = EDGE_LOOP ( 'NONE', ( #4449, #4167, #5281, #9674 ) ) ;
#410 = DIRECTION ( 'NONE',  ( 1.000000000000000000, 0.0000000000000000000, -0.0000000000000000000 ) ) ;
#411 = EDGE_CURVE ( 'NONE', #7686, #733, #1360, .T. ) ;
#412 = DIRECTION ( 'NONE',  ( 0.0000000000000000000, 0.0000000000000000000, 1.000000000000000000 ) ) ;
#413 = FACE_OUTER_BOUND ( 'NONE', #10567, .T. ) ;
#414 = DIRECTION ( 'NONE',  ( 0.0000000000000000000, 1.000000000000000000, 0.0000000000000000000 ) ) ;
#415 = ORIENTED_EDGE ( 'NONE', *, *, #5413, .T. ) ;
#416 = DIRECTION ( 'NONE',  ( 1.000000000000000000, 0.0000000000000000000, -0.0000000000000000000 ) ) ;
#417 = LINE ( 'NONE', #11279, #126 ) ;
#418 = EDGE_CURVE ( 'NONE', #3080, #10152, #3499, .T. ) ;
#419 = ORIENTED_EDGE ( 'NONE', *, *, #7762, .F. ) ;
#420 = ORIENTED_EDGE ( 'NONE', *, *, #3769, .F. ) ;
#421 = ORIENTED_EDGE ( 'NONE', *, *, #7693, .T. ) ;
#422 = PRODUCT_RELATED_PRODUCT_CATEGORY ( 'detail', '', ( #7723 ) ) ;
#423 = ORIENTED_EDGE ( 'NONE', *, *, #5926, .F. ) ;
#424 = DIRECTION ( 'NONE',  ( 0.0000000000000000000, 0.0000000000000000000, -1.000000000000000000 ) ) ;
#425 = CYLINDRICAL_SURFACE ( 'NONE', #1458, 0.03976377952755907200 ) ;
#426 = ORIENTED_EDGE ( 'NONE', *, *, #6229, .F. ) ;
#427 = CARTESIAN_POINT ( 'NONE',  ( 0.4200787401574810300, 0.08959064362204659200, -0.05787401574803152000 ) ) ;
#428 = LINE ( 'NONE', #2462, #2589 ) ;
#429 = DIRECTION ( 'NONE',  ( 1.000000000000000000, 0.0000000000000000000, 0.0000000000000000000 ) ) ;
#430 = ORIENTED_EDGE ( 'NONE', *, *, #3488, .T. ) ;
#431 = ORIENTED_EDGE ( 'NONE', *, *, #5206, .T. ) ;
#432 = ORIENTED_EDGE ( 'NONE', *, *, #1517, .T. ) ;
#433 = DIRECTION ( 'NONE',  ( 0.0000000000000000000, 0.0000000000000000000, -1.000000000000000000 ) ) ;
#434 = ORIENTED_EDGE ( 'NONE', *, *, #3619, .F. ) ;
#435 = DIRECTION ( 'NONE',  ( 0.9889363527142632800, 0.1483404539571395500, -0.0000000000000000000 ) ) ;
#436 = EDGE_CURVE ( 'NONE', #8167, #4460, #10399, .T. ) ;
#437 = ADVANCED_FACE ( 'NONE', ( #5582 ), #9207, .F. ) ;
#438 = FACE_OUTER_BOUND ( 'NONE', #11099, .T. ) ;
#439 = CARTESIAN_POINT ( 'NONE',  ( 0.6795275590944887000, -0.1259842519685042700, -0.05787401574803151300 ) ) ;
#440 = VECTOR ( 'NONE', #6507, 39.37007874015748100 ) ;
#441 = VERTEX_POINT ( 'NONE', #7984 ) ;
#442 = CARTESIAN_POINT ( 'NONE',  ( 0.3795275590944885400, -0.1259842519685042700, -0.05787401574803151300 ) ) ;
#444 = CARTESIAN_POINT ( 'NONE',  ( 0.1200787401574807500, 0.06031465196850320500, -0.04212598425196851400 ) ) ;
#443 = VECTOR ( 'NONE', #9968, 39.37007874015748900 ) ;
#445 = DIRECTION ( 'NONE',  ( 1.000000000000000000, 0.0000000000000000000, -0.0000000000000000000 ) ) ;
#446 = ORIENTED_EDGE ( 'NONE', *, *, #1262, .T. ) ;
#447 = ORIENTED_EDGE ( 'NONE', *, *, #6527, .T. ) ;
#448 = DIRECTION ( 'NONE',  ( 0.0000000000000000000, 0.0000000000000000000, 1.000000000000000000 ) ) ;
#449 = CARTESIAN_POINT ( 'NONE',  ( 0.5374015748031502100, 0.05244063622047080000, -0.04212598425196851400 ) ) ;
#450 = CIRCLE ( 'NONE', #6904, 0.007874015748031449100 ) ;
#451 = VECTOR ( 'NONE', #8394, 39.37007874015748100 ) ;
#452 = ADVANCED_FACE ( 'NONE', ( #10127 ), #4295, .F. ) ;
#453 = EDGE_LOOP ( 'NONE', ( #6639, #9043, #9327, #2414, #4801, #2702, #7507, #9897, #2985, #5352, #3269, #5626, #3540, #10716, #1403, #4106, #11256, #1988, #9190, #4658, #2561, #4941, #2846, #7655, #10030, #7942, #974 ) ) ;
#454 = ORIENTED_EDGE ( 'NONE', *, *, #4086, .F. ) ;
#455 = EDGE_CURVE ( 'NONE', #7082, #1227, #8314, .T. ) ;
#456 = DIRECTION ( 'NONE',  ( 0.5144957554275264600, -0.6859943405700352800, -0.5144957554275265700 ) ) ;
#457 = EDGE_CURVE ( 'NONE', #11341, #10593, #786, .T. ) ;
#458 = LINE ( 'NONE', #267, #9811 ) ;
#459 = ORIENTED_EDGE ( 'NONE', *, *, #1870, .F. ) ;
#460 = ORIENTED_EDGE ( 'NONE', *, *, #707, .T. ) ;
#461 = AXIS2_PLACEMENT_3D ( 'NONE', #8503, #3098, #9403 ) ;
#462 = CARTESIAN_POINT ( 'NONE',  ( 0.04455585011811051500, 0.1112594900787393400, -0.05787401574803151300 ) ) ;
#463 = DIRECTION ( 'NONE',  ( -1.000000000000000000, 0.0000000000000000000, 0.0000000000000000000 ) ) ;
#465 = LINE ( 'NONE', #6143, #7712 ) ;
#464 = DIRECTION ( 'NONE',  ( 0.2242946044126229400, -0.9745213853124952100, 0.0000000000000000000 ) ) ;
#466 = EDGE_LOOP ( 'NONE', ( #8983, #3211, #3615, #8527 ) ) ;
#467 = ORIENTED_EDGE ( 'NONE', *, *, #1676, .F. ) ;
#468 = DIRECTION ( 'NONE',  ( 0.0000000000000000000, 1.000000000000000000, 0.0000000000000000000 ) ) ;
#469 = EDGE_CURVE ( 'NONE', #7866, #4651, #5309, .T. ) ;
#470 = LINE ( 'NONE', #9670, #2342 ) ;
#471 = ORIENTED_EDGE ( 'NONE', *, *, #11062, .T. ) ;
#472 = ORIENTED_EDGE ( 'NONE', *, *, #5943, .F. ) ;
#473 = LINE ( 'NONE', #9635, #8017 ) ;
#474 = CARTESIAN_POINT ( 'NONE',  ( 0.6111870956299217900, 0.2432397985433058200, -0.04212598425196851400 ) ) ;
#475 = EDGE_CURVE ( 'NONE', #8422, #11519, #9851, .T. ) ;
#476 = CARTESIAN_POINT ( 'NONE',  ( 0.1482283464474976300, 0.2287793732319347600, -0.04212598425196851400 ) ) ;
#477 = CARTESIAN_POINT ( 'NONE',  ( 0.3401574803149611200, 0.3149606299212595600, -0.02834645669291339200 ) ) ;
#478 = LINE ( 'NONE', #8285, #7442 ) ;
#479 = AXIS2_PLACEMENT_3D ( 'NONE', #3440, #9747, #4350 ) ;
#480 = DESIGN_CONTEXT ( 'detailed design', #10172, 'design' ) ;
#481 = AXIS2_PLACEMENT_3D ( 'NONE', #8618, #5904, #496 ) ;
#482 = VERTEX_POINT ( 'NONE', #2760 ) ;
#483 = ORIENTED_EDGE ( 'NONE', *, *, #9701, .T. ) ;
#484 = ORIENTED_EDGE ( 'NONE', *, *, #8430, .F. ) ;
#485 = DIRECTION ( 'NONE',  ( -0.0000000000000000000, -0.0000000000000000000, 1.000000000000000000 ) ) ;
#486 = VECTOR ( 'NONE', #3657, 39.37007874015748100 ) ;
#487 = DIRECTION ( 'NONE',  ( -0.0000000000000000000, -0.0000000000000000000, -1.000000000000000000 ) ) ;
#488 = CARTESIAN_POINT ( 'NONE',  ( 0.2000000000000005900, 0.01968503937007875700, -0.04212598425196851400 ) ) ;
#489 = DIRECTION ( 'NONE',  ( 0.0000000000000000000, 0.0000000000000000000, 1.000000000000000000 ) ) ;
#490 = DIRECTION ( 'NONE',  ( 0.2950730660855439000, -0.9554746912769988000, 0.0000000000000000000 ) ) ;
#491 = VECTOR ( 'NONE', #6860, 39.37007874015748100 ) ;
#492 = CARTESIAN_POINT ( 'NONE',  ( 0.6374015748031502900, 0.05244063622047080000, -0.04212598425196851400 ) ) ;
#493 = VERTEX_POINT ( 'NONE', #2223 ) ;
#494 = EDGE_CURVE ( 'NONE', #1672, #2943, #9563, .T. ) ;
#495 = VERTEX_POINT ( 'NONE', #10239 ) ;
#496 = DIRECTION ( 'NONE',  ( -1.000000000000000000, 0.0000000000000000000, -0.0000000000000000000 ) ) ;
#497 = VECTOR ( 'NONE', #1998, 39.37007874015748100 ) ;
#498 = EDGE_CURVE ( 'NONE', #2765, #154, #202, .T. ) ;
#499 = AXIS2_PLACEMENT_3D ( 'NONE', #4922, #11201, #5819 ) ;
#500 = DIRECTION ( 'NONE',  ( 0.2242946048210147600, 0.9745213852185002900, 0.0000000000000000000 ) ) ;
#501 = VECTOR ( 'NONE', #7475, 39.37007874015748100 ) ;
#502 = CARTESIAN_POINT ( 'NONE',  ( 0.2401574803149612300, 0.3149606299212595600, -0.05787401574803152000 ) ) ;
#503 = DIRECTION ( 'NONE',  ( 0.0000000000000000000, 0.0000000000000000000, 1.000000000000000000 ) ) ;
#504 = ADVANCED_FACE ( 'NONE', ( #4756 ), #3132, .T. ) ;
#505 = ORIENTED_EDGE ( 'NONE', *, *, #10282, .F. ) ;
#506 = CARTESIAN_POINT ( 'NONE',  ( 0.2111870956299216900, 0.2432397985433058200, -0.04212598425196852800 ) ) ;
#507 = CARTESIAN_POINT ( 'NONE',  ( 0.3279685038582683100, 0.3149606299212595600, -0.06673228346456693000 ) ) ;
#508 = VECTOR ( 'NONE', #393, 39.37007874015748100 ) ;
#509 = DIRECTION ( 'NONE',  ( 0.0000000000000000000, 0.0000000000000000000, -1.000000000000000000 ) ) ;
#510 = AXIS2_PLACEMENT_3D ( 'NONE', #9329, #9294, #7057 ) ;
#511 = EDGE_LOOP ( 'NONE', ( #9943, #7973, #6188, #5000, #8415, #2399, #2805, #3751 ) ) ;
#512 = CARTESIAN_POINT ( 'NONE',  ( 0.09586614177375453500, 0.1473225259763941700, -0.05787401574803150600 ) ) ;
#513 = CYLINDRICAL_SURFACE ( 'NONE', #6650, 0.01574803149606289800 ) ;
#514 = DIRECTION ( 'NONE',  ( 0.0000000000000000000, 0.0000000000000000000, 1.000000000000000000 ) ) ;
#515 = EDGE_CURVE ( 'NONE', #3535, #2601, #2942, .T. ) ;
#516 = ORIENTED_EDGE ( 'NONE', *, *, #10132, .F. ) ;
#517 = PLANE ( 'NONE',  #1113 ) ;
#518 = CARTESIAN_POINT ( 'NONE',  ( 0.4795275591580510100, 0.2885954232327818100, -0.04212598425196851400 ) ) ;
#519 = ADVANCED_FACE ( 'NONE', ( #9283 ), #8856, .F. ) ;
#520 = PERSON_AND_ORGANIZATION ( #4812, #2956 ) ;
#521 = DIRECTION ( 'NONE',  ( 0.2950730660855439000, 0.9554746912769988000, 0.0000000000000000000 ) ) ;
#522 = CIRCLE ( 'NONE', #2334, 0.007874015748031449100 ) ;
#523 = CARTESIAN_POINT ( 'NONE',  ( 0.07657480314273780500, 0.3149606299239246000, -0.03326771653539702800 ) ) ;
#524 = EDGE_LOOP ( 'NONE', ( #3455, #10086, #9930, #1513 ) ) ;
#525 = VERTEX_POINT ( 'NONE', #2593 ) ;
#526 = ORIENTED_EDGE ( 'NONE', *, *, #661, .F. ) ;
#527 = DIRECTION ( 'NONE',  ( -1.000000000000000000, -0.0000000000000000000, -0.0000000000000000000 ) ) ;
#528 = CARTESIAN_POINT ( 'NONE',  ( 0.07952755905511869900, 0.01968503937007875700, -0.07165354330708663400 ) ) ;
#529 = LINE ( 'NONE', #652, #4778 ) ;
#530 = VECTOR ( 'NONE', #4512, 39.37007874015748100 ) ;
#531 = EDGE_CURVE ( 'NONE', #1055, #8123, #2086, .T. ) ;
#532 = CARTESIAN_POINT ( 'NONE',  ( 0.5795275590551185500, 0.01968503937007875700, -0.07165354330708663400 ) ) ;
#533 = VERTEX_POINT ( 'NONE', #9096 ) ;
#534 = CARTESIAN_POINT ( 'NONE',  ( 0.1000000000000005700, 0.3149606299212595600, -0.04212598425196851400 ) ) ;
#535 = ORIENTED_EDGE ( 'NONE', *, *, #1064, .T. ) ;
#536 = DIRECTION ( 'NONE',  ( 0.0000000000000000000, 1.000000000000000000, 0.0000000000000000000 ) ) ;
#537 = LINE ( 'NONE', #7970, #9605 ) ;
#538 = LINE ( 'NONE', #9302, #5066 ) ;
#539 = CARTESIAN_POINT ( 'NONE',  ( 0.6755228901018723900, 0.1112594903586049700, -0.05787401574803151300 ) ) ;
#540 = DIRECTION ( 'NONE',  ( 0.0000000000000000000, -0.0000000000000000000, 1.000000000000000000 ) ) ;
#541 = VERTEX_POINT ( 'NONE', #8943 ) ;
#542 = CARTESIAN_POINT ( 'NONE',  ( 0.4895669291405921900, 0.2965351244331184700, -0.04212598425196852100 ) ) ;
#543 = EDGE_CURVE ( 'NONE', #7752, #7279, #4475, .T. ) ;
#544 = ORIENTED_EDGE ( 'NONE', *, *, #2248, .F. ) ;
#545 = FACE_BOUND ( 'NONE', #363, .T. ) ;
#546 = CARTESIAN_POINT ( 'NONE',  ( 0.4826771653543312500, 0.04456662047243921400, -0.04212598425196851400 ) ) ;
#547 = VECTOR ( 'NONE', #1488, 39.37007874015748100 ) ;
#548 = CARTESIAN_POINT ( 'NONE',  ( 0.3196850393702198000, 0.01968503937007875700, -0.05787401574803152000 ) ) ;
#549 = ORIENTED_EDGE ( 'NONE', *, *, #8960, .T. ) ;
#550 = VERTEX_POINT ( 'NONE', #9801 ) ;
#551 = CARTESIAN_POINT ( 'NONE',  ( 0.5196850393700792600, 0.3149606299212595600, -0.04212598425196851400 ) ) ;
#552 = CARTESIAN_POINT ( 'NONE',  ( 0.02796850405511822800, 0.3149606299233369000, -0.06673228346612490600 ) ) ;
#553 = DIRECTION ( 'NONE',  ( -0.0000000000000000000, -0.0000000000000000000, 1.000000000000000000 ) ) ;
#554 = DIRECTION ( 'NONE',  ( 0.0000000000000000000, -0.0000000000000000000, -1.000000000000000000 ) ) ;
#555 = LINE ( 'NONE', #2835, #9622 ) ;
#556 = ADVANCED_FACE ( 'NONE', ( #11348 ), #9757, .F. ) ;
#557 = CARTESIAN_POINT ( 'NONE',  ( 0.3748031496062997900, 0.04456662047243921400, -0.04212598425196851400 ) ) ;
#558 = EDGE_CURVE ( 'NONE', #10670, #1104, #4200, .T. ) ;
#559 = LINE ( 'NONE', #7998, #7807 ) ;
#560 = VERTEX_POINT ( 'NONE', #8174 ) ;
#561 = ORIENTED_EDGE ( 'NONE', *, *, #10306, .T. ) ;
#562 = AXIS2_PLACEMENT_3D ( 'NONE', #9086, #3682, #9990 ) ;
#563 = CARTESIAN_POINT ( 'NONE',  ( -0.4999999999999996100, 0.3346456692913383200, 2.667820306312757000E-019 ) ) ;
#564 = DIRECTION ( 'NONE',  ( 0.0000000000000000000, 0.0000000000000000000, 1.000000000000000000 ) ) ;
#565 = EDGE_CURVE ( 'NONE', #9658, #525, #11071, .T. ) ;
#567 = CARTESIAN_POINT ( 'NONE',  ( 0.5000000000000004400, 0.06031465196873454800, -0.05787401574803151300 ) ) ;
#566 = AXIS2_PLACEMENT_3D ( 'NONE', #3692, #10000, #4592 ) ;
#568 = CARTESIAN_POINT ( 'NONE',  ( 0.3718503937022890600, 0.2287793731508397100, -0.04212598425196852800 ) ) ;
#569 = LINE ( 'NONE', #3943, #7239 ) ;
#570 = EDGE_LOOP ( 'NONE', ( #10519, #9939, #741, #9103 ) ) ;
#571 = DIRECTION ( 'NONE',  ( -0.0000000000000000000, -0.0000000000000000000, 1.000000000000000000 ) ) ;
#572 = FACE_OUTER_BOUND ( 'NONE', #10289, .T. ) ;
#573 = VERTEX_POINT ( 'NONE', #9834 ) ;
#574 = VERTEX_POINT ( 'NONE', #8289 ) ;
#575 = ORIENTED_EDGE ( 'NONE', *, *, #11290, .T. ) ;
#576 = ADVANCED_FACE ( 'NONE', ( #6306 ), #8261, .F. ) ;
#577 = CARTESIAN_POINT ( 'NONE',  ( 0.4690944881890317700, -0.1259842519682651000, -0.04212598425196851400 ) ) ;
#578 = EDGE_CURVE ( 'NONE', #8024, #10962, #3919, .T. ) ;
#579 = CARTESIAN_POINT ( 'NONE',  ( 0.3401574803115176000, 0.2890203332166549300, -0.04212598425196852800 ) ) ;
#580 = CARTESIAN_POINT ( 'NONE',  ( 0.3374015748031499200, 0.04456662047243921400, -0.04212598425196851400 ) ) ;
#581 = VECTOR ( 'NONE', #1344, 39.37007874015748100 ) ;
#582 = DIRECTION ( 'NONE',  ( -0.0000000000000000000, -0.0000000000000000000, 1.000000000000000000 ) ) ;
#583 = EDGE_CURVE ( 'NONE', #6137, #1310, #1804, .T. ) ;
#584 = FACE_OUTER_BOUND ( 'NONE', #6556, .T. ) ;
#585 = DIRECTION ( 'NONE',  ( 1.000000000000000000, 0.0000000000000000000, 0.0000000000000000000 ) ) ;
#586 = ORIENTED_EDGE ( 'NONE', *, *, #3909, .T. ) ;
#587 = LINE ( 'NONE', #3031, #868 ) ;
#588 = ORIENTED_EDGE ( 'NONE', *, *, #854, .T. ) ;
#589 = ORIENTED_EDGE ( 'NONE', *, *, #2165, .T. ) ;
#590 = CARTESIAN_POINT ( 'NONE',  ( 0.1452755905511816100, -0.1259842519685042700, -0.04212598425196851400 ) ) ;
#591 = DIRECTION ( 'NONE',  ( 0.0000000000000000000, 0.0000000000000000000, -1.000000000000000000 ) ) ;
#592 = DIRECTION ( 'NONE',  ( 0.0000000000000000000, 1.000000000000000000, 0.0000000000000000000 ) ) ;
#593 = FACE_OUTER_BOUND ( 'NONE', #3924, .T. ) ;
#594 = CARTESIAN_POINT ( 'NONE',  ( 0.1279685040944885700, 0.3346456692913382700, -0.01850393700787381400 ) ) ;
#595 = CARTESIAN_POINT ( 'NONE',  ( 0.4452755905511815400, 0.04456662047243921400, -0.04212598425196852100 ) ) ;
#596 = VECTOR ( 'NONE', #11514, 39.37007874015748100 ) ;
#597 = DIRECTION ( 'NONE',  ( 0.0000000000000000000, 0.0000000000000000000, -1.000000000000000000 ) ) ;
#598 = ORIENTED_EDGE ( 'NONE', *, *, #6198, .T. ) ;
#600 = AXIS2_PLACEMENT_3D ( 'NONE', #6981, #1560, #7895 ) ;
#599 = CARTESIAN_POINT ( 'NONE',  ( 0.03740157484251988700, 0.05244063622047148700, -0.05787401574803151300 ) ) ;
#601 = CARTESIAN_POINT ( 'NONE',  ( 0.2913385826377957700, 0.3346456692519680400, -0.01812598429133858600 ) ) ;
#602 = VECTOR ( 'NONE', #10591, 39.37007874015748100 ) ;
#603 = ORIENTED_EDGE ( 'NONE', *, *, #10636, .F. ) ;
#604 = ORIENTED_EDGE ( 'NONE', *, *, #8156, .T. ) ;
#605 = CARTESIAN_POINT ( 'NONE',  ( 0.7088916445275595900, 0.2432397985433058200, -0.04212598425196851400 ) ) ;
#606 = EDGE_CURVE ( 'NONE', #11253, #7959, #6597, .T. ) ;
#607 = DIRECTION ( 'NONE',  ( -1.000000000000000000, -0.0000000000000000000, 0.0000000000000000000 ) ) ;
#608 = CIRCLE ( 'NONE', #7747, 0.007874015748031584400 ) ;
#609 = CARTESIAN_POINT ( 'NONE',  ( 0.3445558501165395000, 0.1112594900323476400, -0.04212598425196852800 ) ) ;
#610 = CARTESIAN_POINT ( 'NONE',  ( 0.1283464566929137000, 0.3346456692913383200, -0.01850393700787377300 ) ) ;
#611 = CARTESIAN_POINT ( 'NONE',  ( 0.1111870956299216600, 0.2432397985433058200, -0.05787401574803151300 ) ) ;
#612 = ORIENTED_EDGE ( 'NONE', *, *, #10378, .F. ) ;
#613 = ORIENTED_EDGE ( 'NONE', *, *, #4476, .F. ) ;
#614 = LINE ( 'NONE', #1823, #3049 ) ;
#615 = ORIENTED_EDGE ( 'NONE', *, *, #9963, .T. ) ;
#616 = ORIENTED_EDGE ( 'NONE', *, *, #9859, .F. ) ;
#617 = VECTOR ( 'NONE', #3605, 39.37007874015748100 ) ;
#618 = DIRECTION ( 'NONE',  ( -0.0000000000000000000, -0.0000000000000000000, 1.000000000000000000 ) ) ;
#619 = VECTOR ( 'NONE', #975, 39.37007874015748100 ) ;
#620 = EDGE_CURVE ( 'NONE', #5414, #1881, #8453, .T. ) ;
#621 = CARTESIAN_POINT ( 'NONE',  ( 0.5196850393700792600, 0.01968503937007875700, -0.04212598425196851400 ) ) ;
#622 = ORIENTED_EDGE ( 'NONE', *, *, #10177, .F. ) ;
#624 = ORIENTED_EDGE ( 'NONE', *, *, #1279, .F. ) ;
#623 = AXIS2_PLACEMENT_3D ( 'NONE', #8640, #5930, #521 ) ;
#625 = CARTESIAN_POINT ( 'NONE',  ( 0.2718503937032898900, 0.2287793731482754800, -0.05787401574803151300 ) ) ;
#626 = DIRECTION ( 'NONE',  ( 0.0000000000000000000, 0.0000000000000000000, -1.000000000000000000 ) ) ;
#627 = VERTEX_POINT ( 'NONE', #7911 ) ;
#628 = ADVANCED_FACE ( 'NONE', ( #1215 ), #7983, .F. ) ;
#629 = DIRECTION ( 'NONE',  ( 0.0000000000000000000, 0.0000000000000000000, 1.000000000000000000 ) ) ;
#630 = CARTESIAN_POINT ( 'NONE',  ( 0.1445558501181102600, 0.1112594900787393400, -0.05787401574803151300 ) ) ;
#631 = LINE ( 'NONE', #11065, #5153 ) ;
#632 = DIRECTION ( 'NONE',  ( -1.000000000000000000, 0.0000000000000000000, 0.0000000000000000000 ) ) ;
#633 = CIRCLE ( 'NONE', #9832, 0.03976377952755907200 ) ;
#634 = LINE ( 'NONE', #6127, #2492 ) ;
#635 = CARTESIAN_POINT ( 'NONE',  ( 0.6000000000000004200, 0.01968503937007875700, -0.04212598425196851400 ) ) ;
#636 = EDGE_CURVE ( 'NONE', #3509, #3231, #8172, .T. ) ;
#637 = PLANE ( 'NONE',  #5625 ) ;
#638 = ORIENTED_EDGE ( 'NONE', *, *, #8001, .F. ) ;
#639 = DIRECTION ( 'NONE',  ( -0.0000000000000000000, -1.000000000000000000, 0.0000000000000000000 ) ) ;
#640 = ORIENTED_EDGE ( 'NONE', *, *, #6761, .F. ) ;
#641 = EDGE_CURVE ( 'NONE', #6239, #6735, #3637, .T. ) ;
#642 = VECTOR ( 'NONE', #2398, 39.37007874015748100 ) ;
#643 = CARTESIAN_POINT ( 'NONE',  ( 0.5111870956299217100, 0.2617829512992116400, -0.05787401574803151300 ) ) ;
#644 = ADVANCED_FACE ( 'NONE', ( #10264 ), #4636, .F. ) ;
#645 = CARTESIAN_POINT ( 'NONE',  ( 0.2200787401574807700, 0.1339366992125986500, -0.05787401574803151300 ) ) ;
#646 = EDGE_CURVE ( 'NONE', #3762, #6537, #5730, .T. ) ;
#647 = AXIS2_PLACEMENT_3D ( 'NONE', #6827, #1393, #7750 ) ;
#648 = LINE ( 'NONE', #5024, #9982 ) ;
#649 = DIRECTION ( 'NONE',  ( 0.0000000000000000000, 0.0000000000000000000, -1.000000000000000000 ) ) ;
#650 = ORIENTED_EDGE ( 'NONE', *, *, #7598, .F. ) ;
#651 = CARTESIAN_POINT ( 'NONE',  ( 0.3702238798032181400, 0.2525113753601322400, -0.05787401574803151300 ) ) ;
#652 = CARTESIAN_POINT ( 'NONE',  ( 0.2445558501164538100, 0.1112594900334894100, -0.04212598425196851400 ) ) ;
#653 = VECTOR ( 'NONE', #8031, 39.37007874015748100 ) ;
#654 = DIRECTION ( 'NONE',  ( 0.0000000000000000000, -0.0000000000000000000, 1.000000000000000000 ) ) ;
#655 = ORIENTED_EDGE ( 'NONE', *, *, #1027, .F. ) ;
#656 = DIRECTION ( 'NONE',  ( -1.000000000000000000, 0.0000000000000000000, 0.0000000000000000000 ) ) ;
#657 = VECTOR ( 'NONE', #4928, 39.37007874015748100 ) ;
#658 = EDGE_CURVE ( 'NONE', #10928, #11197, #1505, .T. ) ;
#659 = VERTEX_POINT ( 'NONE', #4720 ) ;
#660 = DIRECTION ( 'NONE',  ( 0.0000000000000000000, 1.000000000000000000, 0.0000000000000000000 ) ) ;
#661 = EDGE_CURVE ( 'NONE', #6308, #7073, #648, .T. ) ;
#662 = AXIS2_PLACEMENT_3D ( 'NONE', #8334, #3781, #6532 ) ;
#663 = DATE_AND_TIME ( #3095, #5453 ) ;
#664 = VECTOR ( 'NONE', #2736, 39.37007874015748100 ) ;
#665 = ORIENTED_EDGE ( 'NONE', *, *, #4461, .T. ) ;
#666 = CARTESIAN_POINT ( 'NONE',  ( 0.3279685038582683100, 0.3149606299212593400, -0.03326771653543233300 ) ) ;
#667 = CARTESIAN_POINT ( 'NONE',  ( 0.6401574803149611100, 0.01968503937007875700, -0.04212598425196851400 ) ) ;
#668 = ORIENTED_EDGE ( 'NONE', *, *, #10616, .T. ) ;
#669 = DIRECTION ( 'NONE',  ( 0.0000000000000000000, 0.0000000000000000000, -1.000000000000000000 ) ) ;
#670 = ORIENTED_EDGE ( 'NONE', *, *, #9399, .T. ) ;
#671 = LINE ( 'NONE', #1890, #9447 ) ;
#672 = DIRECTION ( 'NONE',  ( 1.000000000000000000, 0.0000000000000000000, -0.0000000000000000000 ) ) ;
#673 = AXIS2_PLACEMENT_3D ( 'NONE', #1366, #1329, #1275 ) ;
#674 = CYLINDRICAL_SURFACE ( 'NONE', #5546, 0.007874015748031449100 ) ;
#675 = CARTESIAN_POINT ( 'NONE',  ( 0.02796850405511822800, 0.3149606299214029500, -0.03326771653532533500 ) ) ;
#676 = EDGE_LOOP ( 'NONE', ( #4311, #1840, #8066, #774 ) ) ;
#677 = PLANE ( 'NONE',  #6740 ) ;
#678 = EDGE_CURVE ( 'NONE', #2878, #9381, #3076, .T. ) ;
#679 = CARTESIAN_POINT ( 'NONE',  ( 0.1748031496227884500, -0.1259842519685042700, -0.04212598425196851400 ) ) ;
#680 = DIRECTION ( 'NONE',  ( 0.0000000000000000000, -1.000000000000000000, -0.0000000000000000000 ) ) ;
#681 = CARTESIAN_POINT ( 'NONE',  ( 0.1401574803149614700, 0.3149606299212595600, -0.07165354330708663400 ) ) ;
#682 = ORIENTED_EDGE ( 'NONE', *, *, #2120, .T. ) ;
#683 = LINE ( 'NONE', #1916, #5471 ) ;
#684 = CARTESIAN_POINT ( 'NONE',  ( 0.6000000000000004200, 0.01968503937007875700, -0.05787401574803152000 ) ) ;
#685 = CYLINDRICAL_SURFACE ( 'NONE', #4316, 0.03976377952755894000 ) ;
#686 = ADVANCED_FACE ( 'NONE', ( #7881 ), #9698, .T. ) ;
#687 = EDGE_LOOP ( 'NONE', ( #8386, #9634, #2004, #865 ) ) ;
#688 = CARTESIAN_POINT ( 'NONE',  ( 0.2196850393703294300, 0.01968503937007875700, -0.04212598425196851400 ) ) ;
#689 = DIRECTION ( 'NONE',  ( 0.0000000000000000000, 0.0000000000000000000, 1.000000000000000000 ) ) ;
#690 = ORIENTED_EDGE ( 'NONE', *, *, #3856, .F. ) ;
#691 = EDGE_CURVE ( 'NONE', #5693, #5882, #342, .T. ) ;
#692 = LINE ( 'NONE', #11025, #10023 ) ;
#693 = CARTESIAN_POINT ( 'NONE',  ( 0.2482283464474976400, 0.2287793732319347600, -0.04212598425196851400 ) ) ;
#694 = AXIS2_PLACEMENT_3D ( 'NONE', #3, #6352, #929 ) ;
#695 = VECTOR ( 'NONE', #3632, 39.37007874015748100 ) ;
#696 = ORIENTED_EDGE ( 'NONE', *, *, #10943, .T. ) ;
#697 = CARTESIAN_POINT ( 'NONE',  ( 0.4895669291376265100, 0.2965351244314693400, -0.05787401574803151300 ) ) ;
#698 = ORIENTED_EDGE ( 'NONE', *, *, #7981, .T. ) ;
#699 = ADVANCED_FACE ( 'NONE', ( #7605 ), #6618, .F. ) ;
#700 = ORIENTED_EDGE ( 'NONE', *, *, #6794, .F. ) ;
#701 = DIRECTION ( 'NONE',  ( 0.2950730660855439000, -0.9554746912769988000, 0.0000000000000000000 ) ) ;
#702 = CIRCLE ( 'NONE', #11255, 0.03976377952755907200 ) ;
#703 = PLANE ( 'NONE',  #4446 ) ;
#704 = VECTOR ( 'NONE', #273, 39.37007874015748100 ) ;
#705 = ORIENTED_EDGE ( 'NONE', *, *, #5718, .F. ) ;
#706 = DIRECTION ( 'NONE',  ( 1.000000000000000000, 5.876167051565095900E-011, -0.0000000000000000000 ) ) ;
#707 = EDGE_CURVE ( 'NONE', #262, #4011, #2790, .T. ) ;
#708 = ORIENTED_EDGE ( 'NONE', *, *, #10203, .T. ) ;
#709 = AXIS2_PLACEMENT_3D ( 'NONE', #5663, #10230, #4810 ) ;
#710 = CARTESIAN_POINT ( 'NONE',  ( 0.6748031496227886400, -0.1259842519685042700, -0.04212598425196851400 ) ) ;
#711 = CARTESIAN_POINT ( 'NONE',  ( 0.7196850393700799900, 0.3346456692913383200, -0.09999999999999997800 ) ) ;
#712 = LINE ( 'NONE', #6985, #9769 ) ;
#713 = EDGE_LOOP ( 'NONE', ( #4880, #1620, #8491, #5055 ) ) ;
#714 = DIRECTION ( 'NONE',  ( -0.0000000000000000000, -0.0000000000000000000, -1.000000000000000000 ) ) ;
#715 = LINE ( 'NONE', #3134, #7670 ) ;
#716 = DIRECTION ( 'NONE',  ( 0.0000000000000000000, -0.0000000000000000000, -1.000000000000000000 ) ) ;
#717 = VERTEX_POINT ( 'NONE', #1896 ) ;
#718 = VERTEX_POINT ( 'NONE', #5602 ) ;
#719 = ORIENTED_EDGE ( 'NONE', *, *, #7464, .F. ) ;
#720 = CARTESIAN_POINT ( 'NONE',  ( 0.7196850393700799900, 0.0000000000000000000, -0.07874015748031493200 ) ) ;
#721 = DIRECTION ( 'NONE',  ( 0.0000000000000000000, -1.000000000000000000, 0.0000000000000000000 ) ) ;
#722 = ORIENTED_EDGE ( 'NONE', *, *, #1013, .T. ) ;
#723 = CARTESIAN_POINT ( 'NONE',  ( 0.5431102362200535000, 0.3149606299219598300, -0.06673228346509209300 ) ) ;
#724 = CARTESIAN_POINT ( 'NONE',  ( 0.3452755905454444300, -0.1011811023372788100, -0.05787401574803151300 ) ) ;
#725 = EDGE_CURVE ( 'NONE', #9512, #9549, #4889, .T. ) ;
#726 = LINE ( 'NONE', #7309, #9781 ) ;
#727 = ORIENTED_EDGE ( 'NONE', *, *, #6320, .F. ) ;
#728 = AXIS2_PLACEMENT_3D ( 'NONE', #963, #3715, #10019 ) ;
#729 = DIRECTION ( 'NONE',  ( -1.000000000000000000, 0.0000000000000000000, 0.0000000000000000000 ) ) ;
#730 = LINE ( 'NONE', #6930, #5807 ) ;
#731 = EDGE_CURVE ( 'NONE', #6561, #6363, #2503, .T. ) ;
#732 = ORIENTED_EDGE ( 'NONE', *, *, #4410, .F. ) ;
#733 = VERTEX_POINT ( 'NONE', #2242 ) ;
#734 = ORIENTED_EDGE ( 'NONE', *, *, #8231, .F. ) ;
#736 = DIRECTION ( 'NONE',  ( -0.0000000000000000000, -0.0000000000000000000, 1.000000000000000000 ) ) ;
#735 = AXIS2_PLACEMENT_3D ( 'NONE', #9160, #3757, #10063 ) ;
#737 = DIRECTION ( 'NONE',  ( -0.0000000000000000000, 0.0000000000000000000, 1.000000000000000000 ) ) ;
#738 = VECTOR ( 'NONE', #1017, 39.37007874015748100 ) ;
#739 = DIRECTION ( 'NONE',  ( -0.0000000000000000000, -0.0000000000000000000, 1.000000000000000000 ) ) ;
#740 = FACE_OUTER_BOUND ( 'NONE', #5635, .T. ) ;
#741 = ORIENTED_EDGE ( 'NONE', *, *, #4529, .F. ) ;
#742 = VECTOR ( 'NONE', #11681, 39.37007874015748100 ) ;
#743 = ORIENTED_EDGE ( 'NONE', *, *, #232, .F. ) ;
#744 = CLOSED_SHELL ( 'NONE', ( #2722, #6274, #848, #7178, #10290, #8719, #982, #4156, #10358, #10300, #6209, #10631, #8550, #1281, #3277, #8776, #10590, #387, #5793, #6195, #4430, #11597, #3979, #3045, #4040, #10692, #5671, #8602, #11212 ) ) ;
#745 = ADVANCED_FACE ( 'NONE', ( #4607 ), #6266, .F. ) ;
#746 = CARTESIAN_POINT ( 'NONE',  ( 0.02421259842199992300, 0.1473225259860539400, -0.04212598425196851400 ) ) ;
#747 = EDGE_CURVE ( 'NONE', #7073, #4173, #11473, .T. ) ;
#749 = VECTOR ( 'NONE', #3941, 39.37007874015748100 ) ;
#748 = CARTESIAN_POINT ( 'NONE',  ( 0.6498548604401494000, 0.2525113748430198900, -0.04212598425196851400 ) ) ;
#750 = ORIENTED_EDGE ( 'NONE', *, *, #1963, .T. ) ;
#751 = ORIENTED_EDGE ( 'NONE', *, *, #11119, .T. ) ;
#752 = CARTESIAN_POINT ( 'NONE',  ( 0.5718503937032899400, 0.2287793731482754800, -0.05787401574803151300 ) ) ;
#753 = VECTOR ( 'NONE', #3869, 39.37007874015748100 ) ;
#754 = VERTEX_POINT ( 'NONE', #5925 ) ;
#755 = ORIENTED_EDGE ( 'NONE', *, *, #8115, .T. ) ;
#756 = CARTESIAN_POINT ( 'NONE',  ( 0.1200787401574807500, 0.1339366992125986500, -0.05787401574803151300 ) ) ;
#757 = CARTESIAN_POINT ( 'NONE',  ( 0.04822834644749763400, 0.2287793732319347900, -0.04212598425196852800 ) ) ;
#758 = ADVANCED_FACE ( 'NONE', ( #9134 ), #5758, .F. ) ;
#759 = FACE_OUTER_BOUND ( 'NONE', #2409, .T. ) ;
#760 = DIRECTION ( 'NONE',  ( -0.0000000000000000000, -0.0000000000000000000, -1.000000000000000000 ) ) ;
#761 = ORIENTED_EDGE ( 'NONE', *, *, #7306, .T. ) ;
#762 = ORIENTED_EDGE ( 'NONE', *, *, #3060, .F. ) ;
#763 = CARTESIAN_POINT ( 'NONE',  ( 0.4279527559055122900, 0.06031465196850320500, -0.05787401574803151300 ) ) ;
#764 = EDGE_CURVE ( 'NONE', #493, #1165, #2220, .T. ) ;
#765 = LINE ( 'NONE', #11392, #7435 ) ;
#766 = ORIENTED_EDGE ( 'NONE', *, *, #8383, .F. ) ;
#767 = ORIENTED_EDGE ( 'NONE', *, *, #2516, .T. ) ;
#768 = LINE ( 'NONE', #2421, #2635 ) ;
#769 = VECTOR ( 'NONE', #7367, 39.37007874015748100 ) ;
#770 = CARTESIAN_POINT ( 'NONE',  ( 0.4000000000000005200, 0.01968503937007875700, -0.05787401574803152000 ) ) ;
#771 = ORIENTED_EDGE ( 'NONE', *, *, #2321, .T. ) ;
#772 = ORIENTED_EDGE ( 'NONE', *, *, #5442, .T. ) ;
#773 = PLANE ( 'NONE',  #7763 ) ;
#774 = ORIENTED_EDGE ( 'NONE', *, *, #7115, .T. ) ;
#775 = VECTOR ( 'NONE', #10806, 39.37007874015748100 ) ;
#776 = CARTESIAN_POINT ( 'NONE',  ( 0.02007874015748106800, 0.1053386751217956200, -0.05787401574803152000 ) ) ;
#777 = EDGE_CURVE ( 'NONE', #3690, #2034, #4340, .T. ) ;
#778 = LINE ( 'NONE', #6813, #491 ) ;
#779 = CARTESIAN_POINT ( 'NONE',  ( 0.6509842519789329500, -0.1259842519665450900, -0.04212598425196851400 ) ) ;
#780 = PLANE ( 'NONE',  #8690 ) ;
#781 = VERTEX_POINT ( 'NONE', #6329 ) ;
#782 = CARTESIAN_POINT ( 'NONE',  ( 0.3795275590551186500, 0.01968503937007875700, -0.02834645669291339200 ) ) ;
#783 = ORIENTED_EDGE ( 'NONE', *, *, #5407, .F. ) ;
#784 = VECTOR ( 'NONE', #10005, 39.37007874015748100 ) ;
#785 = DIRECTION ( 'NONE',  ( 1.000000000000000000, 0.0000000000000000000, 0.0000000000000000000 ) ) ;
#786 = LINE ( 'NONE', #2187, #501 ) ;
#787 = CARTESIAN_POINT ( 'NONE',  ( 0.4200787401574810300, 0.1053386751217950700, -0.05787401574803152000 ) ) ;
#788 = ORIENTED_EDGE ( 'NONE', *, *, #9748, .F. ) ;
#789 = EDGE_CURVE ( 'NONE', #11436, #6113, #6732, .T. ) ;
#790 = CARTESIAN_POINT ( 'NONE',  ( 0.5401574803115175600, 0.2890203332166551600, -0.04212598425196852800 ) ) ;
#791 = CARTESIAN_POINT ( 'NONE',  ( 0.3748031496062995100, -0.1011811023622053900, -0.05787401574803151300 ) ) ;
#792 = CARTESIAN_POINT ( 'NONE',  ( 0.3374015748425202600, 0.05244063622047148700, -0.05787401574803151300 ) ) ;
#793 = AXIS2_PLACEMENT_3D ( 'NONE', #8781, #3377, #9680 ) ;
#794 = LINE ( 'NONE', #1278, #10404 ) ;
#795 = EDGE_CURVE ( 'NONE', #5282, #11371, #8855, .T. ) ;
#796 = AXIS2_PLACEMENT_3D ( 'NONE', #11607, #6245, #826 ) ;
#797 = CARTESIAN_POINT ( 'NONE',  ( 0.6200787401574809900, 0.1053386751217956200, -0.05787401574803152000 ) ) ;
#798 = ORIENTED_EDGE ( 'NONE', *, *, #6730, .F. ) ;
#799 = ADVANCED_FACE ( 'NONE', ( #4051 ), #517, .F. ) ;
#800 = LINE ( 'NONE', #630, #2669 ) ;
#801 = PLANE ( 'NONE',  #874 ) ;
#802 = ORIENTED_EDGE ( 'NONE', *, *, #189, .F. ) ;
#803 = DIRECTION ( 'NONE',  ( 1.000000000000000000, -0.0000000000000000000, 0.0000000000000000000 ) ) ;
#804 = CARTESIAN_POINT ( 'NONE',  ( 0.2196850393700793500, 0.09221531551193565300, -0.05787401574803152000 ) ) ;
#805 = VECTOR ( 'NONE', #3257, 39.37007874015748100 ) ;
#806 = PLANE ( 'NONE',  #3528 ) ;
#808 = EDGE_CURVE ( 'NONE', #4407, #6134, #8579, .T. ) ;
#807 = CARTESIAN_POINT ( 'NONE',  ( 0.5305118110806863500, 0.2965351243983663800, -0.05787401574803151300 ) ) ;
#809 = EDGE_LOOP ( 'NONE', ( #6517, #5937, #4535, #4836 ) ) ;
#810 = VERTEX_POINT ( 'NONE', #6562 ) ;
#811 = EDGE_CURVE ( 'NONE', #879, #3243, #1350, .T. ) ;
#812 = ADVANCED_FACE ( 'NONE', ( #6435 ), #9003, .F. ) ;
#813 = ORIENTED_EDGE ( 'NONE', *, *, #3949, .F. ) ;
#814 = LINE ( 'NONE', #9662, #8067 ) ;
#815 = PLANE ( 'NONE',  #10637 ) ;
#816 = LINE ( 'NONE', #8133, #2969 ) ;
#817 = VERTEX_POINT ( 'NONE', #2844 ) ;
#818 = CARTESIAN_POINT ( 'NONE',  ( 0.2795275590551185000, 0.3149606299212595600, -0.04212598425196851400 ) ) ;
#819 = ORIENTED_EDGE ( 'NONE', *, *, #10586, .F. ) ;
#820 = DIRECTION ( 'NONE',  ( 0.0000000000000000000, 1.000000000000000000, 0.0000000000000000000 ) ) ;
#821 = AXIS2_PLACEMENT_3D ( 'NONE', #4839, #11110, #5736 ) ;
#822 = VECTOR ( 'NONE', #11445, 39.37007874015748100 ) ;
#823 = LINE ( 'NONE', #3039, #7785 ) ;
#824 = EDGE_CURVE ( 'NONE', #6007, #11164, #10666, .T. ) ;
#825 = EDGE_LOOP ( 'NONE', ( #3135, #5493, #10308, #3407 ) ) ;
#826 = DIRECTION ( 'NONE',  ( -1.000000000000000000, 1.084202172485492200E-015, 0.0000000000000000000 ) ) ;
#827 = CARTESIAN_POINT ( 'NONE',  ( 0.3196850393700790800, 0.01968503937007875700, -0.05787401574803152000 ) ) ;
#828 = CARTESIAN_POINT ( 'NONE',  ( 0.4482283464339419400, 0.2287793731972107800, -0.05787401574803151300 ) ) ;
#829 = ORIENTED_EDGE ( 'NONE', *, *, #30, .T. ) ;
#830 = VECTOR ( 'NONE', #11443, 39.37007874015748100 ) ;
#831 = CARTESIAN_POINT ( 'NONE',  ( 0.4401574803149612100, 0.01968503937007875700, -0.02834645669291339200 ) ) ;
#832 = LINE ( 'NONE', #6910, #5630 ) ;
#833 = ORIENTED_EDGE ( 'NONE', *, *, #636, .T. ) ;
#834 = VERTEX_POINT ( 'NONE', #427 ) ;
#835 = CARTESIAN_POINT ( 'NONE',  ( 0.6088916445275595100, 0.2617829512992116400, -0.04212598425196852800 ) ) ;
#836 = EDGE_CURVE ( 'NONE', #5011, #4011, #5866, .T. ) ;
#837 = EDGE_CURVE ( 'NONE', #3959, #2302, #6157, .T. ) ;
#838 = AXIS2_PLACEMENT_3D ( 'NONE', #2810, #9117, #3711 ) ;
#839 = VECTOR ( 'NONE', #9063, 39.37007874015748100 ) ;
#840 = VERTEX_POINT ( 'NONE', #264 ) ;
#841 = FACE_OUTER_BOUND ( 'NONE', #2303, .T. ) ;
#842 = ORIENTED_EDGE ( 'NONE', *, *, #8054, .T. ) ;
#843 = ORIENTED_EDGE ( 'NONE', *, *, #7640, .T. ) ;
#844 = VERTEX_POINT ( 'NONE', #8970 ) ;
#845 = CARTESIAN_POINT ( 'NONE',  ( 0.6401574803149611100, 0.01968503937007875700, -0.04212598425196851400 ) ) ;
#846 = EDGE_CURVE ( 'NONE', #4261, #7372, #8303, .T. ) ;
#847 = DIRECTION ( 'NONE',  ( 0.0000000000000000000, 0.0000000000000000000, -1.000000000000000000 ) ) ;
#848 = ADVANCED_FACE ( 'NONE', ( #1053 ), #6938, .T. ) ;
#849 = CARTESIAN_POINT ( 'NONE',  ( 0.06909448818897663500, -0.1259842519685042700, -0.05787401574803150600 ) ) ;
#850 = DIRECTION ( 'NONE',  ( 0.6000000000000002000, 0.7999999999999998200, 0.0000000000000000000 ) ) ;
#851 = CIRCLE ( 'NONE', #4495, 0.01574803149606289800 ) ;
#852 = DIRECTION ( 'NONE',  ( 1.000000000000000000, -0.0000000000000000000, 0.0000000000000000000 ) ) ;
#853 = ORIENTED_EDGE ( 'NONE', *, *, #6471, .F. ) ;
#854 = EDGE_CURVE ( 'NONE', #6388, #1770, #10388, .T. ) ;
#855 = CYLINDRICAL_SURFACE ( 'NONE', #11642, 0.007874015748031449100 ) ;
#856 = ORIENTED_EDGE ( 'NONE', *, *, #475, .F. ) ;
#857 = ORIENTED_EDGE ( 'NONE', *, *, #6759, .F. ) ;
#858 = ORIENTED_EDGE ( 'NONE', *, *, #289, .T. ) ;
#859 = DIRECTION ( 'NONE',  ( -1.000000000000000000, 0.0000000000000000000, -0.0000000000000000000 ) ) ;
#860 = CIRCLE ( 'NONE', #8870, 0.03976377952755907200 ) ;
#861 = CARTESIAN_POINT ( 'NONE',  ( 0.3196850393700790800, 0.3149606299212595600, -0.05787401574803152000 ) ) ;
#862 = CYLINDRICAL_SURFACE ( 'NONE', #2921, 0.007874015748031584400 ) ;
#863 = ADVANCED_FACE ( 'NONE', ( #3221 ), #5300, .T. ) ;
#864 = DIRECTION ( 'NONE',  ( -1.000000000000000000, 0.0000000000000000000, 0.0000000000000000000 ) ) ;
#865 = ORIENTED_EDGE ( 'NONE', *, *, #6799, .F. ) ;
#866 = DIRECTION ( 'NONE',  ( 1.000000000000000000, -0.0000000000000000000, 0.0000000000000000000 ) ) ;
#867 = CARTESIAN_POINT ( 'NONE',  ( 0.2452755905511816400, -0.1011811023622053900, -0.05787401574803151300 ) ) ;
#868 = VECTOR ( 'NONE', #5675, 39.37007874015748100 ) ;
#869 = ORIENTED_EDGE ( 'NONE', *, *, #9617, .F. ) ;
#870 = ORIENTED_EDGE ( 'NONE', *, *, #9114, .T. ) ;
#871 = DIRECTION ( 'NONE',  ( 0.7999999999999998200, -0.6000000000000002000, 0.0000000000000000000 ) ) ;
#872 = EDGE_CURVE ( 'NONE', #78, #8177, #10115, .T. ) ;
#873 = VECTOR ( 'NONE', #680, 39.37007874015748100 ) ;
#874 = AXIS2_PLACEMENT_3D ( 'NONE', #6299, #871, #7220 ) ;
#875 = DIRECTION ( 'NONE',  ( 0.0000000000000000000, 0.0000000000000000000, 1.000000000000000000 ) ) ;
#876 = DIRECTION ( 'NONE',  ( -1.000000000000000000, -0.0000000000000000000, 0.0000000000000000000 ) ) ;
#877 = EDGE_CURVE ( 'NONE', #7631, #6100, #778, .T. ) ;
#878 = VECTOR ( 'NONE', #2544, 39.37007874015748100 ) ;
#879 = VERTEX_POINT ( 'NONE', #5587 ) ;
#880 = ORIENTED_EDGE ( 'NONE', *, *, #132, .T. ) ;
#881 = LINE ( 'NONE', #552, #7843 ) ;
#882 = ORIENTED_EDGE ( 'NONE', *, *, #2306, .F. ) ;
#883 = ORIENTED_EDGE ( 'NONE', *, *, #1931, .F. ) ;
#884 = DIRECTION ( 'NONE',  ( 1.000000000000000000, 0.0000000000000000000, -0.0000000000000000000 ) ) ;
#885 = FACE_OUTER_BOUND ( 'NONE', #3675, .T. ) ;
#886 = ORIENTED_EDGE ( 'NONE', *, *, #5873, .T. ) ;
#887 = ORIENTED_EDGE ( 'NONE', *, *, #5067, .T. ) ;
#888 = DIRECTION ( 'NONE',  ( -0.9995120760675666500, -0.03123475300211145400, 0.0000000000000000000 ) ) ;
#890 = CARTESIAN_POINT ( 'NONE',  ( 0.2795275591743967000, 0.2885954232650427300, -0.05787401574803151300 ) ) ;
#889 = FACE_OUTER_BOUND ( 'NONE', #10981, .T. ) ;
#891 = VERTEX_POINT ( 'NONE', #6649 ) ;
#892 = EDGE_LOOP ( 'NONE', ( #11208, #1941, #4344, #6736 ) ) ;
#893 = DIRECTION ( 'NONE',  ( 1.000000000000000000, 0.0000000000000000000, 0.0000000000000000000 ) ) ;
#894 = LINE ( 'NONE', #11628, #5420 ) ;
#895 = EDGE_CURVE ( 'NONE', #8621, #8080, #7450, .T. ) ;
#896 = CARTESIAN_POINT ( 'NONE',  ( 0.5431102362199997600, 0.3149606299218905000, -0.01812598437007874300 ) ) ;
#897 = DIRECTION ( 'NONE',  ( 1.000000000000000000, 0.0000000000000000000, -0.0000000000000000000 ) ) ;
#898 = LINE ( 'NONE', #902, #8154 ) ;
#899 = CARTESIAN_POINT ( 'NONE',  ( 0.01968503937025696500, 0.09221531551189081400, -0.05787401574803152000 ) ) ;
#900 = ORIENTED_EDGE ( 'NONE', *, *, #837, .T. ) ;
#901 = VERTEX_POINT ( 'NONE', #6503 ) ;
#902 = CARTESIAN_POINT ( 'NONE',  ( 0.07185039370303657200, 0.2287793731563807800, -0.05787401574803151300 ) ) ;
#903 = ORIENTED_EDGE ( 'NONE', *, *, #5082, .T. ) ;
#904 = CYLINDRICAL_SURFACE ( 'NONE', #7874, 0.03976377956692896800 ) ;
#905 = DIRECTION ( 'NONE',  ( -0.1483404539571395500, 0.9889363527142632800, 0.0000000000000000000 ) ) ;
#906 = CARTESIAN_POINT ( 'NONE',  ( 0.02421259842519729900, 0.1473225259842513800, -0.05787401574803150600 ) ) ;
#907 = FACE_OUTER_BOUND ( 'NONE', #2992, .T. ) ;
#908 = CYLINDRICAL_SURFACE ( 'NONE', #9011, 0.08668467618110251000 ) ;
#909 = CARTESIAN_POINT ( 'NONE',  ( 0.2401574803149612300, 0.01968503937007875700, -0.05787401574803152000 ) ) ;
#910 = DIRECTION ( 'NONE',  ( -1.000000000000000000, 0.0000000000000000000, 0.0000000000000000000 ) ) ;
#911 = EDGE_CURVE ( 'NONE', #2878, #4250, #7737, .T. ) ;
#913 = ORIENTED_EDGE ( 'NONE', *, *, #7644, .F. ) ;
#912 = AXIS2_PLACEMENT_3D ( 'NONE', #7687, #8588, #3194 ) ;
#914 = CARTESIAN_POINT ( 'NONE',  ( 0.6196850393705996000, 0.09221531551227610300, -0.05787401574803152000 ) ) ;
#915 = ORIENTED_EDGE ( 'NONE', *, *, #1566, .T. ) ;
#916 = DIRECTION ( 'NONE',  ( -5.876167051565095900E-011, 1.000000000000000000, 0.0000000000000000000 ) ) ;
#917 = FACE_OUTER_BOUND ( 'NONE', #4019, .T. ) ;
#918 = CARTESIAN_POINT ( 'NONE',  ( 0.2921259842519689000, 0.05244063622047175800, -0.05787401574803151300 ) ) ;
#919 = CARTESIAN_POINT ( 'NONE',  ( 0.1482283464339417500, 0.2287793731972105300, -0.05787401574803151300 ) ) ;
#920 = VECTOR ( 'NONE', #5383, 39.37007874015748900 ) ;
#921 = CARTESIAN_POINT ( 'NONE',  ( 0.5196850393700792600, 0.1027140031889747100, -0.05787401574803152000 ) ) ;
#922 = ORIENTED_EDGE ( 'NONE', *, *, #8365, .F. ) ;
#923 = DIRECTION ( 'NONE',  ( -1.000000000000000000, -0.0000000000000000000, 0.0000000000000000000 ) ) ;
#924 = ADVANCED_FACE ( 'NONE', ( #9556, #2931 ), #6349, .T. ) ;
#925 = EDGE_CURVE ( 'NONE', #2922, #3576, #4744, .T. ) ;
#926 = VECTOR ( 'NONE', #6213, 39.37007874015748100 ) ;
#927 = ORIENTED_EDGE ( 'NONE', *, *, #4653, .T. ) ;
#928 = DIRECTION ( 'NONE',  ( 0.5144957558963942900, -0.6859943399333822100, -0.5144957558075294900 ) ) ;
#929 = DIRECTION ( 'NONE',  ( 1.000000000000000000, 0.0000000000000000000, 0.0000000000000000000 ) ) ;
#930 = CARTESIAN_POINT ( 'NONE',  ( 0.5401574803149612500, 0.3149606299212595600, -0.02834645669291339200 ) ) ;
#931 = LINE ( 'NONE', #5715, #5449 ) ;
#932 = DIRECTION ( 'NONE',  ( 0.7999999999999998200, -0.6000000000000002000, 0.0000000000000000000 ) ) ;
#933 = DIRECTION ( 'NONE',  ( -1.000000000000000000, -0.0000000000000000000, 0.0000000000000000000 ) ) ;
#934 = ORIENTED_EDGE ( 'NONE', *, *, #583, .T. ) ;
#935 = PERSON_AND_ORGANIZATION ( #4812, #2956 ) ;
#936 = DIRECTION ( 'NONE',  ( 0.03123475200308707700, 0.9995120760987861200, 0.0000000000000000000 ) ) ;
#937 = VECTOR ( 'NONE', #1828, 39.37007874015748100 ) ;
#938 = ORIENTED_EDGE ( 'NONE', *, *, #7327, .T. ) ;
#939 = ORIENTED_EDGE ( 'NONE', *, *, #9442, .T. ) ;
#940 = EDGE_CURVE ( 'NONE', #11604, #9901, #2649, .T. ) ;
#941 = DIRECTION ( 'NONE',  ( 0.04217878999398427100, 0.9991100788575016900, 0.0000000000000000000 ) ) ;
#942 = CARTESIAN_POINT ( 'NONE',  ( 0.04527559054926921100, -0.1011811023363983900, -0.04212598425196851400 ) ) ;
#943 = AXIS2_PLACEMENT_3D ( 'NONE', #5781, #6714, #1289 ) ;
#944 = VERTEX_POINT ( 'NONE', #3840 ) ;
#945 = DIRECTION ( 'NONE',  ( 0.0000000000000000000, 0.0000000000000000000, 1.000000000000000000 ) ) ;
#946 = EDGE_CURVE ( 'NONE', #7889, #6350, #6878, .T. ) ;
#948 = DIRECTION ( 'NONE',  ( 1.000000000000000000, -0.0000000000000000000, 0.0000000000000000000 ) ) ;
#947 = VECTOR ( 'NONE', #6261, 39.37007874015748100 ) ;
#949 = VECTOR ( 'NONE', #3835, 39.37007874015748100 ) ;
#950 = CARTESIAN_POINT ( 'NONE',  ( 0.4445558501164539300, 0.1112594900334891000, -0.04212598425196851400 ) ) ;
#951 = VERTEX_POINT ( 'NONE', #3202 ) ;
#952 = CARTESIAN_POINT ( 'NONE',  ( 0.2401574803149612300, 0.01968503937007875700, -0.02834645669291339200 ) ) ;
#953 = CARTESIAN_POINT ( 'NONE',  ( 0.5401574803149611400, 0.3149606299212595600, -0.05787401574803152000 ) ) ;
#954 = ORIENTED_EDGE ( 'NONE', *, *, #7171, .T. ) ;
#955 = DIRECTION ( 'NONE',  ( 1.000000000000000000, -0.0000000000000000000, 0.0000000000000000000 ) ) ;
#956 = VECTOR ( 'NONE', #897, 39.37007874015748100 ) ;
#957 = CARTESIAN_POINT ( 'NONE',  ( 0.5958661417322838000, 0.1473225259842513800, -0.05787401574803150600 ) ) ;
#958 = AXIS2_PLACEMENT_3D ( 'NONE', #4170, #3839, #3406 ) ;
#959 = VECTOR ( 'NONE', #10508, 39.37007874015748100 ) ;
#960 = CARTESIAN_POINT ( 'NONE',  ( 0.02796850405511822800, 0.3149606299212595600, -0.06673228346456693000 ) ) ;
#961 = EDGE_LOOP ( 'NONE', ( #5752, #4462, #6487, #1580, #10870, #8373, #9665, #5275 ) ) ;
#962 = EDGE_CURVE ( 'NONE', #8626, #10498, #2358, .T. ) ;
#963 = CARTESIAN_POINT ( 'NONE',  ( 0.01968503937007930500, 0.01968503937007875700, -0.04212598425196851400 ) ) ;
#964 = ORIENTED_EDGE ( 'NONE', *, *, #3776, .F. ) ;
#965 = DIRECTION ( 'NONE',  ( -1.000000000000000000, 0.0000000000000000000, 0.0000000000000000000 ) ) ;
#966 = CARTESIAN_POINT ( 'NONE',  ( 0.3958661417737545700, 0.1473225259763942300, -0.05787401574803150600 ) ) ;
#967 = LINE ( 'NONE', #2232, #7931 ) ;
#968 = DIRECTION ( 'NONE',  ( 0.0000000000000000000, 0.0000000000000000000, -1.000000000000000000 ) ) ;
#969 = VECTOR ( 'NONE', #8102, 39.37007874015748100 ) ;
#970 = ORIENTED_EDGE ( 'NONE', *, *, #2070, .F. ) ;
#971 = DIRECTION ( 'NONE',  ( 1.000000000000000000, 0.0000000000000000000, 0.0000000000000000000 ) ) ;
#972 = VERTEX_POINT ( 'NONE', #1953 ) ;
#973 = DIRECTION ( 'NONE',  ( 0.0000000000000000000, 0.0000000000000000000, 1.000000000000000000 ) ) ;
#974 = ORIENTED_EDGE ( 'NONE', *, *, #4967, .T. ) ;
#975 = DIRECTION ( 'NONE',  ( -0.0000000000000000000, -0.0000000000000000000, -1.000000000000000000 ) ) ;
#976 = EDGE_CURVE ( 'NONE', #2275, #8167, #9272, .T. ) ;
#977 = LINE ( 'NONE', #4902, #3136 ) ;
#978 = DIRECTION ( 'NONE',  ( 0.0000000000000000000, 1.000000000000000000, 0.0000000000000000000 ) ) ;
#979 = LINE ( 'NONE', #11118, #5496 ) ;
#980 = CARTESIAN_POINT ( 'NONE',  ( 0.3482283464339419600, 0.2287793731972106400, -0.05787401574803151300 ) ) ;
#981 = EDGE_LOOP ( 'NONE', ( #9391, #24, #2468, #7276 ) ) ;
#982 = ADVANCED_FACE ( 'NONE', ( #7162 ), #11063, .T. ) ;
#983 = ORIENTED_EDGE ( 'NONE', *, *, #6816, .F. ) ;
#984 = CARTESIAN_POINT ( 'NONE',  ( 0.1200787401574807500, 0.1339366992125986500, -0.05787401574803150600 ) ) ;
#985 = DIRECTION ( 'NONE',  ( -0.0000000000000000000, -0.0000000000000000000, -1.000000000000000000 ) ) ;
#986 = VECTOR ( 'NONE', #553, 39.37007874015748100 ) ;
#987 = ORIENTED_EDGE ( 'NONE', *, *, #9663, .F. ) ;
#988 = DIRECTION ( 'NONE',  ( -1.000000000000000000, 0.0000000000000000000, 0.0000000000000000000 ) ) ;
#989 = LINE ( 'NONE', #10295, #8239 ) ;
#990 = DIRECTION ( 'NONE',  ( -1.000000000000000000, 0.0000000000000000000, 0.0000000000000000000 ) ) ;
#991 = ORIENTED_EDGE ( 'NONE', *, *, #9727, .F. ) ;
#992 = ORIENTED_EDGE ( 'NONE', *, *, #5192, .F. ) ;
#993 = ORIENTED_EDGE ( 'NONE', *, *, #6002, .F. ) ;
#994 = EDGE_CURVE ( 'NONE', #2961, #7082, #8992, .T. ) ;
#995 = ORIENTED_EDGE ( 'NONE', *, *, #9517, .F. ) ;
#996 = CARTESIAN_POINT ( 'NONE',  ( 0.6401574803149611100, 0.3149606299212595600, -0.04212598425196851400 ) ) ;
#997 = AXIS2_PLACEMENT_3D ( 'NONE', #3661, #9970, #4557 ) ;
#998 = DIRECTION ( 'NONE',  ( -0.0000000000000000000, -0.0000000000000000000, -1.000000000000000000 ) ) ;
#999 = DIRECTION ( 'NONE',  ( -0.0000000000000000000, -0.0000000000000000000, 1.000000000000000000 ) ) ;
#1000 = LINE ( 'NONE', #41, #4963 ) ;
#1001 = ORIENTED_EDGE ( 'NONE', *, *, #5483, .F. ) ;
#1002 = VECTOR ( 'NONE', #9566, 39.37007874015748100 ) ;
#1003 = ORIENTED_EDGE ( 'NONE', *, *, #8670, .T. ) ;
#1004 = VERTEX_POINT ( 'NONE', #8272 ) ;
#1005 = EDGE_CURVE ( 'NONE', #3616, #5952, #6296, .T. ) ;
#1006 = DIRECTION ( 'NONE',  ( 0.0000000000000000000, -0.0000000000000000000, 1.000000000000000000 ) ) ;
#1007 = CARTESIAN_POINT ( 'NONE',  ( 0.5374015748031500900, 0.05244063622047114000, -0.05787401574803151300 ) ) ;
#1008 = CIRCLE ( 'NONE', #10293, 0.08668467618110251000 ) ;
#1009 = EDGE_CURVE ( 'NONE', #2304, #78, #1793, .T. ) ;
#1010 = VECTOR ( 'NONE', #2899, 39.37007874015748100 ) ;
#1011 = ORIENTED_EDGE ( 'NONE', *, *, #976, .T. ) ;
#1012 = LINE ( 'NONE', #5331, #10352 ) ;
#1013 = EDGE_CURVE ( 'NONE', #9984, #7889, #4192, .T. ) ;
#1014 = ORIENTED_EDGE ( 'NONE', *, *, #7801, .F. ) ;
#1015 = ORIENTED_EDGE ( 'NONE', *, *, #217, .F. ) ;
#1016 = DIRECTION ( 'NONE',  ( -0.0000000000000000000, -0.0000000000000000000, -1.000000000000000000 ) ) ;
#1017 = DIRECTION ( 'NONE',  ( 0.0000000000000000000, 0.0000000000000000000, -1.000000000000000000 ) ) ;
#1018 = CIRCLE ( 'NONE', #5063, 0.03976377956692910000 ) ;
#1019 = CARTESIAN_POINT ( 'NONE',  ( 0.6748031496062998300, 0.04456662047243921400, -0.05787401574803151300 ) ) ;
#1020 = ORIENTED_EDGE ( 'NONE', *, *, #7835, .F. ) ;
#1021 = ORIENTED_EDGE ( 'NONE', *, *, #976, .F. ) ;
#1022 = DIRECTION ( 'NONE',  ( -0.0000000000000000000, 0.0000000000000000000, -1.000000000000000000 ) ) ;
#1023 = LINE ( 'NONE', #5606, #5542 ) ;
#1024 = ORIENTED_EDGE ( 'NONE', *, *, #7735, .T. ) ;
#1025 = ORIENTED_EDGE ( 'NONE', *, *, #4811, .F. ) ;
#1026 = PRODUCT_DEFINITION_SHAPE ( 'NONE', 'NONE',  #2501 ) ;
#1027 = EDGE_CURVE ( 'NONE', #3231, #6066, #1494, .T. ) ;
#1028 = DIRECTION ( 'NONE',  ( 1.000000000000000000, 0.0000000000000000000, 0.0000000000000000000 ) ) ;
#1029 = EDGE_CURVE ( 'NONE', #7076, #7817, #10796, .T. ) ;
#1030 = PRODUCT_DEFINITION ( 'UNKNOWN', '', #4087, #2022 ) ;
#1031 = VECTOR ( 'NONE', #8107, 39.37007874015748100 ) ;
#1032 = DIRECTION ( 'NONE',  ( -1.000000000000000000, -0.0000000000000000000, 0.0000000000000000000 ) ) ;
#1033 = DIRECTION ( 'NONE',  ( 0.9889363530076618100, 0.1483404520011492900, -0.0000000000000000000 ) ) ;
#1034 = ORIENTED_EDGE ( 'NONE', *, *, #6386, .F. ) ;
#1035 = LINE ( 'NONE', #7795, #5552 ) ;
#1036 = ORIENTED_EDGE ( 'NONE', *, *, #10203, .F. ) ;
#1037 = CARTESIAN_POINT ( 'NONE',  ( 0.3452755905511815100, 0.04456662047243921400, -0.04212598425196852100 ) ) ;
#1038 = VECTOR ( 'NONE', #2353, 39.37007874015748100 ) ;
#1039 = ADVANCED_FACE ( 'NONE', ( #8163 ), #908, .T. ) ;
#1040 = CARTESIAN_POINT ( 'NONE',  ( 0.01968503937061228900, 0.09221531551194411800, -0.05787401574803152000 ) ) ;
#1041 = VECTOR ( 'NONE', #2674, 39.37007874015748900 ) ;
#1042 = AXIS2_PLACEMENT_3D ( 'NONE', #10088, #8372, #8300 ) ;
#1043 = DIRECTION ( 'NONE',  ( -0.0000000000000000000, -0.0000000000000000000, -1.000000000000000000 ) ) ;
#1044 = CARTESIAN_POINT ( 'NONE',  ( 0.3958661417915768600, 0.1473225259818981600, -0.05787401574803151300 ) ) ;
#1045 = DIRECTION ( 'NONE',  ( 0.0000000000000000000, 0.0000000000000000000, 1.000000000000000000 ) ) ;
#1046 = EDGE_LOOP ( 'NONE', ( #5425, #5709, #10520, #10790 ) ) ;
#1047 = ORIENTED_EDGE ( 'NONE', *, *, #7188, .T. ) ;
#1048 = EDGE_CURVE ( 'NONE', #3535, #7110, #3350, .T. ) ;
#1049 = ORIENTED_EDGE ( 'NONE', *, *, #10428, .T. ) ;
#1050 = DIRECTION ( 'NONE',  ( 1.000000000000000000, 0.0000000000000000000, 0.0000000000000000000 ) ) ;
#1051 = LINE ( 'NONE', #10771, #5860 ) ;
#1052 = PLANE ( 'NONE',  #4368 ) ;
#1053 = FACE_OUTER_BOUND ( 'NONE', #5894, .T. ) ;
#1054 = DIRECTION ( 'NONE',  ( -0.0000000000000000000, -0.0000000000000000000, 1.000000000000000000 ) ) ;
#1055 = VERTEX_POINT ( 'NONE', #7589 ) ;
#1056 = DIRECTION ( 'NONE',  ( 0.0000000000000000000, 0.0000000000000000000, 1.000000000000000000 ) ) ;
#1057 = DIRECTION ( 'NONE',  ( 0.2950730660855439000, 0.9554746912769988000, 0.0000000000000000000 ) ) ;
#1058 = DIRECTION ( 'NONE',  ( 0.0000000000000000000, -0.6000000006400000300, 0.7999999995200000000 ) ) ;
#1059 = ORIENTED_EDGE ( 'NONE', *, *, #8972, .F. ) ;
#1060 = DIRECTION ( 'NONE',  ( -0.0000000000000000000, -0.0000000000000000000, 1.000000000000000000 ) ) ;
#1061 = VECTOR ( 'NONE', #6366, 39.37007874015748100 ) ;
#1062 = CARTESIAN_POINT ( 'NONE',  ( 0.1374015748031499600, 0.05244063622047107800, -0.04212598425196852800 ) ) ;
#1063 = EDGE_CURVE ( 'NONE', #3212, #10822, #5716, .T. ) ;
#1064 = EDGE_CURVE ( 'NONE', #9504, #2604, #1206, .T. ) ;
#1065 = VECTOR ( 'NONE', #2518, 39.37007874015748100 ) ;
#1066 = ORIENTED_EDGE ( 'NONE', *, *, #1172, .F. ) ;
#1067 =( LENGTH_UNIT ( ) NAMED_UNIT ( * ) SI_UNIT ( $, .METRE. ) );
#1068 = DIRECTION ( 'NONE',  ( 0.0000000000000000000, 0.0000000000000000000, -1.000000000000000000 ) ) ;
#1069 = LINE ( 'NONE', #3983, #6174 ) ;
#1070 = CARTESIAN_POINT ( 'NONE',  ( 0.5200787401574809000, 0.06031465196850320500, -0.05787401574803151300 ) ) ;
#1071 = ORIENTED_EDGE ( 'NONE', *, *, #6128, .F. ) ;
#1072 = EDGE_CURVE ( 'NONE', #9424, #7585, #6003, .T. ) ;
#1073 = LINE ( 'NONE', #2616, #2947 ) ;
#1074 = DIRECTION ( 'NONE',  ( -1.000000000000000000, 0.0000000000000000000, 0.0000000000000000000 ) ) ;
#1075 = VERTEX_POINT ( 'NONE', #7301 ) ;
#1076 = CARTESIAN_POINT ( 'NONE',  ( 0.5088916445275595300, 0.2432397985433058200, -0.05787401574803151300 ) ) ;
#1077 = EDGE_CURVE ( 'NONE', #3415, #6398, #9971, .T. ) ;
#1078 = AXIS2_PLACEMENT_3D ( 'NONE', #2620, #8916, #3514 ) ;
#1079 = DIRECTION ( 'NONE',  ( 1.000000000000000000, 0.0000000000000000000, -0.0000000000000000000 ) ) ;
#1080 = LINE ( 'NONE', #7759, #805 ) ;
#1081 = DIRECTION ( 'NONE',  ( 0.03123475300211145000, -0.9995120760675665400, 0.0000000000000000000 ) ) ;
#1082 = AXIS2_PLACEMENT_3D ( 'NONE', #5994, #571, #6922 ) ;
#1083 = EDGE_LOOP ( 'NONE', ( #9610, #7633, #4045, #5776 ) ) ;
#1084 = DIRECTION ( 'NONE',  ( -1.000000000000000000, 0.0000000000000000000, -0.0000000000000000000 ) ) ;
#1085 = ORIENTED_EDGE ( 'NONE', *, *, #10327, .F. ) ;
#1086 = ORIENTED_EDGE ( 'NONE', *, *, #661, .T. ) ;
#1087 = CARTESIAN_POINT ( 'NONE',  ( 0.2401574803149612300, 0.01968503937007875700, -0.02598425196850394400 ) ) ;
#1088 = VECTOR ( 'NONE', #487, 39.37007874015748100 ) ;
#1089 = LINE ( 'NONE', #2673, #10156 ) ;
#1090 = EDGE_CURVE ( 'NONE', #5950, #8607, #5433, .T. ) ;
#1091 = EDGE_LOOP ( 'NONE', ( #4725, #8774, #7793, #7742 ) ) ;
#1092 = CARTESIAN_POINT ( 'NONE',  ( 0.07480314960629971800, -0.1011811023622053900, -0.05787401574803151300 ) ) ;
#1093 = ADVANCED_FACE ( 'NONE', ( #10255 ), #7021, .F. ) ;
#1094 = CARTESIAN_POINT ( 'NONE',  ( 0.3795275590551186500, 0.01968503937007875700, -0.04212598425196851400 ) ) ;
#1095 = AXIS2_PLACEMENT_3D ( 'NONE', #439, #1362, #7710 ) ;
#1096 = DIRECTION ( 'NONE',  ( -0.1483404539571395500, 0.9889363527142632800, 0.0000000000000000000 ) ) ;
#1097 = EDGE_CURVE ( 'NONE', #2527, #11117, #5157, .T. ) ;
#1098 = AXIS2_PLACEMENT_3D ( 'NONE', #3991, #7634, #2217 ) ;
#1099 = ORIENTED_EDGE ( 'NONE', *, *, #1064, .F. ) ;
#1100 = DIRECTION ( 'NONE',  ( 1.000000000000000000, -0.0000000000000000000, 0.0000000000000000000 ) ) ;
#1101 = FACE_OUTER_BOUND ( 'NONE', #8061, .T. ) ;
#1102 = DIRECTION ( 'NONE',  ( -1.000000000000000000, 0.0000000000000000000, -0.0000000000000000000 ) ) ;
#1103 = VECTOR ( 'NONE', #6577, 39.37007874015748100 ) ;
#1104 = VERTEX_POINT ( 'NONE', #6695 ) ;
#1105 = VERTEX_POINT ( 'NONE', #6772 ) ;
#1106 = DIRECTION ( 'NONE',  ( 1.000000000000000000, 0.0000000000000000000, 0.0000000000000000000 ) ) ;
#1107 = DIRECTION ( 'NONE',  ( -0.0000000000000000000, -0.0000000000000000000, 1.000000000000000000 ) ) ;
#1108 = CARTESIAN_POINT ( 'NONE',  ( 0.3374015748425202600, 0.05244063622047148700, -0.05787401574803151300 ) ) ;
#1109 = CARTESIAN_POINT ( 'NONE',  ( 0.1401574803149614700, 0.01968503937007875700, -0.02598425196850394400 ) ) ;
#1110 = ADVANCED_FACE ( 'NONE', ( #332 ), #6594, .F. ) ;
#1111 = DIRECTION ( 'NONE',  ( -0.2950730661818128900, -0.9554746912472686900, 0.0000000000000000000 ) ) ;
#1112 = ORIENTED_EDGE ( 'NONE', *, *, #2150, .T. ) ;
#1113 = AXIS2_PLACEMENT_3D ( 'NONE', #1108, #385, #349 ) ;
#1114 = VECTOR ( 'NONE', #9681, 39.37007874015748100 ) ;
#1115 = PLANE ( 'NONE',  #9362 ) ;
#1116 = LINE ( 'NONE', #5069, #3546 ) ;
#1117 = EDGE_CURVE ( 'NONE', #4205, #7683, #2780, .T. ) ;
#1118 = ORIENTED_EDGE ( 'NONE', *, *, #3260, .F. ) ;
#1119 = PLANE ( 'NONE',  #6797 ) ;
#1120 = EDGE_LOOP ( 'NONE', ( #10540, #11321, #1270, #8766 ) ) ;
#1121 = CARTESIAN_POINT ( 'NONE',  ( 0.6401574803115175300, 0.2890203332166553200, -0.04212598425196852800 ) ) ;
#1122 = CARTESIAN_POINT ( 'NONE',  ( 0.2196850393700793500, 0.1027140031889744900, -0.04212598425196851400 ) ) ;
#1123 = VECTOR ( 'NONE', #3627, 39.37007874015748100 ) ;
#1124 = CARTESIAN_POINT ( 'NONE',  ( 0.4958661417322839900, 0.1473225259842513800, -0.05787401574803151300 ) ) ;
#1125 = VERTEX_POINT ( 'NONE', #6436 ) ;
#1126 = CIRCLE ( 'NONE', #6404, 0.09219577657480328100 ) ;
#1127 = ORIENTED_EDGE ( 'NONE', *, *, #8301, .T. ) ;
#1128 = ORIENTED_EDGE ( 'NONE', *, *, #9642, .F. ) ;
#1129 = EDGE_CURVE ( 'NONE', #8427, #4851, #9686, .T. ) ;
#1130 = CARTESIAN_POINT ( 'NONE',  ( 0.08956692913762645500, 0.2965351244314695100, -0.05787401574803151300 ) ) ;
#1131 = DIRECTION ( 'NONE',  ( -0.5144957554275265700, -0.6859943405700355000, -0.5144957554275262400 ) ) ;
#1132 = LINE ( 'NONE', #2057, #10465 ) ;
#1133 = CARTESIAN_POINT ( 'NONE',  ( 0.4111870956299216200, 0.2432397985433058200, -0.04212598425196851400 ) ) ;
#1134 = ORIENTED_EDGE ( 'NONE', *, *, #8018, .T. ) ;
#1135 = DIRECTION ( 'NONE',  ( -0.2950730661818192200, -0.9554746912472666900, 0.0000000000000000000 ) ) ;
#1136 = CIRCLE ( 'NONE', #9286, 0.03976377952755907200 ) ;
#1137 = EDGE_LOOP ( 'NONE', ( #3660, #11094, #4500, #7197 ) ) ;
#1138 = VERTEX_POINT ( 'NONE', #6301 ) ;
#1139 = ORIENTED_EDGE ( 'NONE', *, *, #3445, .T. ) ;
#1140 = DIRECTION ( 'NONE',  ( 0.0000000000000000000, 0.0000000000000000000, 1.000000000000000000 ) ) ;
#1141 = DIRECTION ( 'NONE',  ( 1.000000000000000000, 0.0000000000000000000, -0.0000000000000000000 ) ) ;
#1142 = ORIENTED_EDGE ( 'NONE', *, *, #5873, .F. ) ;
#1143 = VECTOR ( 'NONE', #3966, 39.37007874015748100 ) ;
#1144 = APPROVAL_STATUS ( 'not_yet_approved' ) ;
#1145 = CARTESIAN_POINT ( 'NONE',  ( 0.5577900044881894900, 0.2475998051574795600, -0.04212598425196851400 ) ) ;
#1146 = VECTOR ( 'NONE', #9439, 39.37007874015748100 ) ;
#1147 = ORIENTED_EDGE ( 'NONE', *, *, #2471, .T. ) ;
#1148 = DIRECTION ( 'NONE',  ( 0.9889363527142632800, 0.1483404539571395500, -0.0000000000000000000 ) ) ;
#1149 = CARTESIAN_POINT ( 'NONE',  ( 0.3401574803149611200, 0.3149606299212595600, -0.02834645669291339200 ) ) ;
#1150 = EDGE_CURVE ( 'NONE', #9721, #11102, #7296, .T. ) ;
#1151 = FACE_OUTER_BOUND ( 'NONE', #10898, .T. ) ;
#1152 = CARTESIAN_POINT ( 'NONE',  ( 0.6374015748031502900, 0.05244063622047114000, -0.04212598425196852800 ) ) ;
#1153 = ORIENTED_EDGE ( 'NONE', *, *, #11639, .T. ) ;
#1154 = ORIENTED_EDGE ( 'NONE', *, *, #165, .T. ) ;
#1155 = PLANE ( 'NONE',  #2711 ) ;
#1156 = AXIS2_PLACEMENT_3D ( 'NONE', #7453, #1056, #2038 ) ;
#1157 = CARTESIAN_POINT ( 'NONE',  ( 0.4088916445275594900, 0.2432397985433058200, -0.04212598425196851400 ) ) ;
#1158 = ORIENTED_EDGE ( 'NONE', *, *, #1245, .F. ) ;
#1159 = DIRECTION ( 'NONE',  ( 0.0000000000000000000, 0.0000000000000000000, -1.000000000000000000 ) ) ;
#1160 = ADVANCED_FACE ( 'NONE', ( #9410 ), #6260, .F. ) ;
#1161 = LINE ( 'NONE', #1477, #10491 ) ;
#1162 = DIRECTION ( 'NONE',  ( -1.000000000000000000, -0.0000000000000000000, 0.0000000000000000000 ) ) ;
#1163 = VECTOR ( 'NONE', #11441, 39.37007874015748100 ) ;
#1164 = EDGE_LOOP ( 'NONE', ( #10789, #3313, #8157, #5679 ) ) ;
#1165 = VERTEX_POINT ( 'NONE', #6285 ) ;
#1166 = DIRECTION ( 'NONE',  ( 0.0000000000000000000, 0.0000000000000000000, 1.000000000000000000 ) ) ;
#1167 = LINE ( 'NONE', #5061, #3036 ) ;
#1168 = VERTEX_POINT ( 'NONE', #6095 ) ;
#1169 = ORIENTED_EDGE ( 'NONE', *, *, #10927, .T. ) ;
#1170 = CARTESIAN_POINT ( 'NONE',  ( 0.4509842519685045000, -0.1259842519685042700, -0.05787401574803150600 ) ) ;
#1171 = DIRECTION ( 'NONE',  ( 1.000000000000000000, 0.0000000000000000000, -0.0000000000000000000 ) ) ;
#1172 = EDGE_CURVE ( 'NONE', #5249, #5858, #634, .T. ) ;
#1173 = VECTOR ( 'NONE', #3178, 39.37007874015748100 ) ;
#1174 = AXIS2_PLACEMENT_3D ( 'NONE', #3647, #5435, #4 ) ;
#1175 = DIRECTION ( 'NONE',  ( 1.000000000000000000, 0.0000000000000000000, -0.0000000000000000000 ) ) ;
#1176 = EDGE_CURVE ( 'NONE', #366, #9658, #4598, .T. ) ;
#1177 = AXIS2_PLACEMENT_3D ( 'NONE', #5444, #4551, #19 ) ;
#1178 = ADVANCED_FACE ( 'NONE', ( #6721 ), #6041, .T. ) ;
#1179 = ORIENTED_EDGE ( 'NONE', *, *, #401, .T. ) ;
#1180 = ORIENTED_EDGE ( 'NONE', *, *, #1435, .T. ) ;
#1181 = VECTOR ( 'NONE', #11585, 39.37007874015748100 ) ;
#1182 = VERTEX_POINT ( 'NONE', #5473 ) ;
#1183 = ORIENTED_EDGE ( 'NONE', *, *, #9254, .T. ) ;
#1185 = DIRECTION ( 'NONE',  ( 0.0000000000000000000, 1.000000000000000000, 0.0000000000000000000 ) ) ;
#1184 = VECTOR ( 'NONE', #3520, 39.37007874015748100 ) ;
#1186 = DIRECTION ( 'NONE',  ( 0.0000000000000000000, 0.0000000000000000000, -1.000000000000000000 ) ) ;
#1187 = CARTESIAN_POINT ( 'NONE',  ( 0.2200787401574807700, 0.08959064362204691200, -0.05787401574803152000 ) ) ;
#1188 = DIRECTION ( 'NONE',  ( 0.0000000000000000000, 1.000000000000000000, 0.0000000000000000000 ) ) ;
#1189 = CARTESIAN_POINT ( 'NONE',  ( 0.4999999999985584900, 0.1339366992019236400, -0.04212598425196851400 ) ) ;
#1190 = FACE_OUTER_BOUND ( 'NONE', #3305, .T. ) ;
#1191 = CARTESIAN_POINT ( 'NONE',  ( 0.01118709562992162500, 0.2432397985433058200, -0.05787401574803151300 ) ) ;
#1192 = ORIENTED_EDGE ( 'NONE', *, *, #4818, .F. ) ;
#1193 = VERTEX_POINT ( 'NONE', #5498 ) ;
#1194 = CARTESIAN_POINT ( 'NONE',  ( 0.2999999999956741700, 0.1339366992112627800, -0.05787401574803151300 ) ) ;
#1195 = EDGE_CURVE ( 'NONE', #7719, #8563, #11465, .T. ) ;
#1196 = ORIENTED_EDGE ( 'NONE', *, *, #14, .F. ) ;
#1197 = APPLICATION_PROTOCOL_DEFINITION ( 'international standard', 'config_control_design', 1994, #6616 ) ;
#1198 = VECTOR ( 'NONE', #11135, 39.37007874015748100 ) ;
#1199 = CARTESIAN_POINT ( 'NONE',  ( 0.6374015748031501800, 0.04456662047243921400, -0.04212598425196852800 ) ) ;
#1200 = EDGE_CURVE ( 'NONE', #3303, #9240, #7016, .T. ) ;
#1201 = CARTESIAN_POINT ( 'NONE',  ( 0.5401574803149611400, 0.3149606299212595600, -0.07165354330708663400 ) ) ;
#1202 = FACE_OUTER_BOUND ( 'NONE', #9467, .T. ) ;
#1203 = DIRECTION ( 'NONE',  ( 1.000000000000000000, 0.0000000000000000000, -0.0000000000000000000 ) ) ;
#1204 = DIRECTION ( 'NONE',  ( 0.0000000000000000000, -0.0000000000000000000, 1.000000000000000000 ) ) ;
#1205 = CARTESIAN_POINT ( 'NONE',  ( 0.4690944881890624600, -0.1259842519683448400, -0.05787401574803150600 ) ) ;
#1206 = LINE ( 'NONE', #7587, #7875 ) ;
#1207 = CARTESIAN_POINT ( 'NONE',  ( 0.1958661417737544700, 0.1473225259763941100, -0.05787401574803150600 ) ) ;
#1208 = ORIENTED_EDGE ( 'NONE', *, *, #469, .F. ) ;
#1209 = CARTESIAN_POINT ( 'NONE',  ( 0.2000000000000005900, 0.01968503937007875700, -0.04212598425196851400 ) ) ;
#1210 = ORIENTED_EDGE ( 'NONE', *, *, #11624, .T. ) ;
#1211 = CYLINDRICAL_SURFACE ( 'NONE', #2035, 0.03976377952755907200 ) ;
#1212 = AXIS2_PLACEMENT_3D ( 'NONE', #2432, #3359, #9651 ) ;
#1213 = CARTESIAN_POINT ( 'NONE',  ( 0.4452755905511815400, 0.04456662047243921400, -0.05787401574803151300 ) ) ;
#1214 = CARTESIAN_POINT ( 'NONE',  ( 0.1196850393706154100, 0.09221531551198741700, -0.04212598425196851400 ) ) ;
#1215 = FACE_OUTER_BOUND ( 'NONE', #2548, .T. ) ;
#1216 = EDGE_CURVE ( 'NONE', #9381, #2494, #9123, .T. ) ;
#1217 = DIRECTION ( 'NONE',  ( 0.0000000000000000000, 0.0000000000000000000, 1.000000000000000000 ) ) ;
#1218 = ORIENTED_EDGE ( 'NONE', *, *, #4622, .F. ) ;
#1219 = CARTESIAN_POINT ( 'NONE',  ( 0.6921259842519690300, 0.05244063622047148700, -0.05787401574803151300 ) ) ;
#1220 = CYLINDRICAL_SURFACE ( 'NONE', #8546, 0.03976377956692910000 ) ;
#1221 = EDGE_LOOP ( 'NONE', ( #8648, #11679, #7019, #8136 ) ) ;
#1222 = CARTESIAN_POINT ( 'NONE',  ( 0.1111870956299216600, 0.2432397985433058200, -0.04212598425196852800 ) ) ;
#1223 = FACE_OUTER_BOUND ( 'NONE', #8220, .T. ) ;
#1224 = DIRECTION ( 'NONE',  ( 0.0000000000000000000, 0.0000000000000000000, 1.000000000000000000 ) ) ;
#1225 = ADVANCED_FACE ( 'NONE', ( #8849 ), #8568, .T. ) ;
#1226 = CARTESIAN_POINT ( 'NONE',  ( 0.7000000000000005100, 0.01968503937007875700, -0.05787401574803152000 ) ) ;
#1227 = VERTEX_POINT ( 'NONE', #4514 ) ;
#1229 = CARTESIAN_POINT ( 'NONE',  ( 0.5196850393700792600, 0.01968503937007875700, -0.05787401574803152000 ) ) ;
#1228 = COORDINATED_UNIVERSAL_TIME_OFFSET ( 8, 0, .BEHIND. ) ;
#1230 = EDGE_CURVE ( 'NONE', #8817, #1884, #10923, .T. ) ;
#1231 = FACE_OUTER_BOUND ( 'NONE', #1091, .T. ) ;
#1232 = AXIS2_PLACEMENT_3D ( 'NONE', #10517, #5103, #11382 ) ;
#1233 = CARTESIAN_POINT ( 'NONE',  ( 0.3795275590551186500, 0.3149606299212595600, -0.07165354330708663400 ) ) ;
#1234 = ORIENTED_EDGE ( 'NONE', *, *, #10462, .T. ) ;
#1235 = VERTEX_POINT ( 'NONE', #3873 ) ;
#1236 = APPROVAL_ROLE ( '' ) ;
#1237 = ORIENTED_EDGE ( 'NONE', *, *, #5490, .F. ) ;
#1238 = CARTESIAN_POINT ( 'NONE',  ( 0.3509842519789330700, -0.1259842519665450900, -0.04212598425196851400 ) ) ;
#1239 = CARTESIAN_POINT ( 'NONE',  ( 0.1568533023228350100, 0.2494168253937005800, -0.04212598425196852800 ) ) ;
#1240 = ADVANCED_FACE ( 'NONE', ( #3756 ), #4566, .F. ) ;
#1241 = CARTESIAN_POINT ( 'NONE',  ( 0.6374015748031501800, 0.04456662047243921400, -0.04212598425196851400 ) ) ;
#1242 = LINE ( 'NONE', #4381, #10563 ) ;
#1243 = DIRECTION ( 'NONE',  ( 0.0000000000000000000, 0.0000000000000000000, 1.000000000000000000 ) ) ;
#1244 = LINE ( 'NONE', #2111, #5195 ) ;
#1245 = EDGE_CURVE ( 'NONE', #9976, #4321, #11190, .T. ) ;
#1246 = PLANE ( 'NONE',  #8489 ) ;
#1247 = EDGE_LOOP ( 'NONE', ( #7845, #10618, #6468, #10647 ) ) ;
#1248 = CARTESIAN_POINT ( 'NONE',  ( 0.04311023621999975800, 0.3149606299218905000, -0.01812598437007874300 ) ) ;
#1249 = EDGE_CURVE ( 'NONE', #5544, #9504, #1341, .T. ) ;
#1250 = AXIS2_PLACEMENT_3D ( 'NONE', #7862, #597, #6945 ) ;
#1251 = ORIENTED_EDGE ( 'NONE', *, *, #4349, .F. ) ;
#1252 = CARTESIAN_POINT ( 'NONE',  ( 0.2895669291338586700, 0.2965351244488186300, -0.05787401574803151300 ) ) ;
#1253 = EDGE_CURVE ( 'NONE', #8598, #6537, #1636, .T. ) ;
#1254 = VECTOR ( 'NONE', #6, 39.37007874015748100 ) ;
#1255 = CARTESIAN_POINT ( 'NONE',  ( 0.2452755905492692300, -0.1011811023340691800, -0.05787401574803150600 ) ) ;
#1256 = LINE ( 'NONE', #8632, #10573 ) ;
#1257 = ORIENTED_EDGE ( 'NONE', *, *, #5033, .F. ) ;
#1258 = CARTESIAN_POINT ( 'NONE',  ( 0.3431102362598428800, 0.3149606299212595600, -0.01812598413385827300 ) ) ;
#1259 = ORIENTED_EDGE ( 'NONE', *, *, #6036, .T. ) ;
#1260 = CARTESIAN_POINT ( 'NONE',  ( -0.4999999999999996100, 0.01968503937007875700, -0.05787401574803151300 ) ) ;
#1261 = LINE ( 'NONE', #9258, #5774 ) ;
#1262 = EDGE_CURVE ( 'NONE', #334, #8045, #4041, .T. ) ;
#1263 = CARTESIAN_POINT ( 'NONE',  ( 0.1748031496062997500, 0.04456662047243921400, -0.05787401574803151300 ) ) ;
#1264 = LINE ( 'NONE', #1779, #969 ) ;
#1265 = DIRECTION ( 'NONE',  ( -0.9745213851683854900, -0.2242946050387554500, 0.0000000000000000000 ) ) ;
#1266 = ORIENTED_EDGE ( 'NONE', *, *, #5169, .F. ) ;
#1267 = DIRECTION ( 'NONE',  ( 0.0000000000000000000, 0.0000000000000000000, -1.000000000000000000 ) ) ;
#1268 = AXIS2_PLACEMENT_3D ( 'NONE', #10355, #424, #2280 ) ;
#1269 = DIRECTION ( 'NONE',  ( 0.03123475200308707700, 0.9995120760987861200, 0.0000000000000000000 ) ) ;
#1270 = ORIENTED_EDGE ( 'NONE', *, *, #3024, .T. ) ;
#1271 = EDGE_CURVE ( 'NONE', #9782, #754, #3480, .T. ) ;
#1272 = ORIENTED_EDGE ( 'NONE', *, *, #10270, .T. ) ;
#1273 = VECTOR ( 'NONE', #252, 39.37007874015748100 ) ;
#1274 = FACE_OUTER_BOUND ( 'NONE', #4643, .T. ) ;
#1275 = DIRECTION ( 'NONE',  ( 0.0000000000000000000, 0.0000000000000000000, -1.000000000000000000 ) ) ;
#1276 = ORIENTED_EDGE ( 'NONE', *, *, #3160, .F. ) ;
#1277 = PLANE ( 'NONE',  #8158 ) ;
#1278 = CARTESIAN_POINT ( 'NONE',  ( 0.1000000000000005700, 0.01968503937007875700, -0.04212598425196851400 ) ) ;
#1279 = EDGE_CURVE ( 'NONE', #3317, #9624, #10377, .T. ) ;
#1280 = VECTOR ( 'NONE', #11346, 39.37007874015748100 ) ;
#1281 = ADVANCED_FACE ( 'NONE', ( #5565 ), #1762, .T. ) ;
#1282 = EDGE_LOOP ( 'NONE', ( #11402, #9090, #3038, #8253, #1677, #762, #3880, #9598 ) ) ;
#1283 = LINE ( 'NONE', #3918, #5799 ) ;
#1284 = ORIENTED_EDGE ( 'NONE', *, *, #2070, .T. ) ;
#1285 = ORIENTED_EDGE ( 'NONE', *, *, #10958, .T. ) ;
#1286 = ORIENTED_EDGE ( 'NONE', *, *, #10690, .T. ) ;
#1287 = CARTESIAN_POINT ( 'NONE',  ( 0.2795275590944887900, 0.05244063622047148700, -0.04212598425196851400 ) ) ;
#1288 = DIRECTION ( 'NONE',  ( -1.000000000000000000, -0.0000000000000000000, -0.0000000000000000000 ) ) ;
#1289 = DIRECTION ( 'NONE',  ( 1.000000000000000000, 0.0000000000000000000, -0.0000000000000000000 ) ) ;
#1290 = LINE ( 'NONE', #7193, #11150 ) ;
#1291 = EDGE_LOOP ( 'NONE', ( #2626, #4556, #9264, #10506 ) ) ;
#1292 = CARTESIAN_POINT ( 'NONE',  ( 0.4088916445275594900, 0.2617829512992116400, -0.05787401574803151300 ) ) ;
#1293 = LINE ( 'NONE', #7766, #6097 ) ;
#1294 = EDGE_LOOP ( 'NONE', ( #9822, #3200, #5551, #1034, #3748, #4034, #6715, #4587, #9404, #7286, #9690, #1798, #7167, #4477, #1361, #6450, #11216, #2517, #7617, #10276, #11498, #9444, #9723, #2816, #3104, #8191, #10559 ) ) ;
#1295 = ORIENTED_EDGE ( 'NONE', *, *, #9827, .T. ) ;
#1296 = ADVANCED_FACE ( 'NONE', ( #7727 ), #2917, .T. ) ;
#1297 = EDGE_CURVE ( 'NONE', #4250, #6461, #10102, .T. ) ;
#1298 = EDGE_CURVE ( 'NONE', #11197, #1165, #5290, .T. ) ;
#1299 = AXIS2_PLACEMENT_3D ( 'NONE', #8928, #11665, #6314 ) ;
#1300 = CARTESIAN_POINT ( 'NONE',  ( 0.6000000000000004200, 0.01968503937007875700, -0.05787401574803152000 ) ) ;
#1301 = CARTESIAN_POINT ( 'NONE',  ( 0.02795275590551217500, 0.05244063622047148700, -0.05787401574803151300 ) ) ;
#1302 = CARTESIAN_POINT ( 'NONE',  ( 0.04015748031496117800, 0.01968503937007875700, -0.02598425196850394400 ) ) ;
#1303 = LINE ( 'NONE', #7250, #5814 ) ;
#1304 = CARTESIAN_POINT ( 'NONE',  ( 0.4921259842519688000, 0.05244063622047175800, -0.05787401574803151300 ) ) ;
#1305 = FACE_OUTER_BOUND ( 'NONE', #275, .T. ) ;
#1306 = DIRECTION ( 'NONE',  ( -1.000000000000000000, -0.0000000000000000000, -0.0000000000000000000 ) ) ;
#1307 = ORIENTED_EDGE ( 'NONE', *, *, #10756, .F. ) ;
#1308 = LINE ( 'NONE', #4480, #3446 ) ;
#1309 = ORIENTED_EDGE ( 'NONE', *, *, #8600, .F. ) ;
#1310 = VERTEX_POINT ( 'NONE', #7842 ) ;
#1311 = PLANE ( 'NONE',  #673 ) ;
#1312 = CYLINDRICAL_SURFACE ( 'NONE', #2064, 0.03976377952755921100 ) ;
#1313 = DIRECTION ( 'NONE',  ( -0.0000000000000000000, -0.0000000000000000000, -1.000000000000000000 ) ) ;
#1314 = EDGE_CURVE ( 'NONE', #5232, #5011, #5009, .T. ) ;
#1315 = CARTESIAN_POINT ( 'NONE',  ( 0.3795275591580512000, 0.2885954232327819800, -0.04212598425196851400 ) ) ;
#1316 = DIRECTION ( 'NONE',  ( 0.0000000000000000000, 1.000000000000000000, -0.0000000000000000000 ) ) ;
#1317 = ORIENTED_EDGE ( 'NONE', *, *, #1383, .T. ) ;
#1319 = ORIENTED_EDGE ( 'NONE', *, *, #606, .F. ) ;
#1318 = AXIS2_PLACEMENT_3D ( 'NONE', #3102, #9407, #3995 ) ;
#1320 = CARTESIAN_POINT ( 'NONE',  ( 0.02007874015748072800, 0.1339366992125986500, -0.05787401574803150600 ) ) ;
#1321 = VECTOR ( 'NONE', #6539, 39.37007874015748100 ) ;
#1322 = ORIENTED_EDGE ( 'NONE', *, *, #11420, .F. ) ;
#1323 = EDGE_LOOP ( 'NONE', ( #7894, #1632, #4401, #11560 ) ) ;
#1324 = AXIS2_PLACEMENT_3D ( 'NONE', #8203, #3687, #9996 ) ;
#1325 = CARTESIAN_POINT ( 'NONE',  ( 0.6111870956299217900, 0.2432397985433058200, -0.04212598425196851400 ) ) ;
#1326 = CARTESIAN_POINT ( 'NONE',  ( 0.2509842519789331500, -0.1259842519665450600, -0.04212598425196851400 ) ) ;
#1327 = VECTOR ( 'NONE', #9111, 39.37007874015748100 ) ;
#1328 = CARTESIAN_POINT ( 'NONE',  ( 0.6088916445275595100, 0.2432397985433058200, -0.05787401574803151300 ) ) ;
#1329 = DIRECTION ( 'NONE',  ( 1.000000000000000000, -0.0000000000000000000, 0.0000000000000000000 ) ) ;
#1330 = DIRECTION ( 'NONE',  ( -0.0000000000000000000, -1.000000000000000000, -0.0000000000000000000 ) ) ;
#1331 = EDGE_LOOP ( 'NONE', ( #6667, #9075, #6814, #11413 ) ) ;
#1332 = LINE ( 'NONE', #5902, #6136 ) ;
#1333 = ORIENTED_EDGE ( 'NONE', *, *, #6454, .F. ) ;
#1334 = EDGE_CURVE ( 'NONE', #10917, #2640, #478, .T. ) ;
#1335 = LINE ( 'NONE', #502, #8291 ) ;
#1336 = AXIS2_PLACEMENT_3D ( 'NONE', #4644, #10937, #5536 ) ;
#1337 = DIRECTION ( 'NONE',  ( 0.0000000000000000000, 0.0000000000000000000, -1.000000000000000000 ) ) ;
#1338 = EDGE_CURVE ( 'NONE', #11371, #9145, #8294, .T. ) ;
#1339 = AXIS2_PLACEMENT_3D ( 'NONE', #9951, #9044, #4538 ) ;
#1340 = PLANE ( 'NONE',  #3408 ) ;
#1341 = LINE ( 'NONE', #3355, #10656 ) ;
#1342 = ORIENTED_EDGE ( 'NONE', *, *, #11290, .F. ) ;
#1343 = ORIENTED_EDGE ( 'NONE', *, *, #531, .T. ) ;
#1344 = DIRECTION ( 'NONE',  ( -0.0000000000000000000, -0.0000000000000000000, 1.000000000000000000 ) ) ;
#1345 = ORIENTED_EDGE ( 'NONE', *, *, #2608, .F. ) ;
#1346 = ADVANCED_FACE ( 'NONE', ( #4732 ), #1820, .F. ) ;
#1347 = CARTESIAN_POINT ( 'NONE',  ( 0.3401574803149611200, 0.01968503937007875700, -0.05787401574803151300 ) ) ;
#1348 = LINE ( 'NONE', #7094, #10661 ) ;
#1349 = DIRECTION ( 'NONE',  ( -0.0000000000000000000, -0.0000000000000000000, -1.000000000000000000 ) ) ;
#1350 = CIRCLE ( 'NONE', #510, 0.007874015748031449100 ) ;
#1351 = DIRECTION ( 'NONE',  ( 0.0000000000000000000, 1.000000000000000000, 0.0000000000000000000 ) ) ;
#1352 = ORIENTED_EDGE ( 'NONE', *, *, #7376, .T. ) ;
#1353 = EDGE_CURVE ( 'NONE', #2784, #11000, #2350, .T. ) ;
#1354 = ORIENTED_EDGE ( 'NONE', *, *, #2779, .F. ) ;
#1355 = DIRECTION ( 'NONE',  ( 0.0000000000000000000, 0.0000000000000000000, -1.000000000000000000 ) ) ;
#1356 = VECTOR ( 'NONE', #10811, 39.37007874015748100 ) ;
#1357 = ADVANCED_FACE ( 'NONE', ( #11601 ), #4459, .T. ) ;
#1358 = CARTESIAN_POINT ( 'NONE',  ( 0.5795275590551185500, 0.01968503937007875700, -0.02598425196850394400 ) ) ;
#1359 = DIRECTION ( 'NONE',  ( 1.000000000000000000, -0.0000000000000000000, 0.0000000000000000000 ) ) ;
#1360 = LINE ( 'NONE', #5177, #1065 ) ;
#1361 = ORIENTED_EDGE ( 'NONE', *, *, #10569, .F. ) ;
#1362 = DIRECTION ( 'NONE',  ( 0.0000000000000000000, 0.0000000000000000000, 1.000000000000000000 ) ) ;
#1363 = DIRECTION ( 'NONE',  ( 1.000000000000000000, 0.0000000000000000000, -0.0000000000000000000 ) ) ;
#1364 = LINE ( 'NONE', #4881, #3235 ) ;
#1365 = CARTESIAN_POINT ( 'NONE',  ( 0.4826771653543312500, 0.05244063622047148700, -0.04212598425196852100 ) ) ;
#1366 = CARTESIAN_POINT ( 'NONE',  ( 0.3452755905511815100, -0.1011811023622053900, -0.04212598425196851400 ) ) ;
#1367 = CARTESIAN_POINT ( 'NONE',  ( 0.04985486044048998600, 0.2525113748366323900, -0.04212598425196852800 ) ) ;
#1368 = VERTEX_POINT ( 'NONE', #2050 ) ;
#1369 = EDGE_CURVE ( 'NONE', #9370, #7492, #9262, .T. ) ;
#1370 = DIRECTION ( 'NONE',  ( -0.0000000000000000000, -0.0000000000000000000, 1.000000000000000000 ) ) ;
#1371 = ORIENTED_EDGE ( 'NONE', *, *, #4002, .F. ) ;
#1372 = ORIENTED_EDGE ( 'NONE', *, *, #8069, .T. ) ;
#1373 = CARTESIAN_POINT ( 'NONE',  ( 0.1755228901018720000, 0.1112594903586035400, -0.05787401574803151300 ) ) ;
#1374 = VECTOR ( 'NONE', #4965, 39.37007874015748900 ) ;
#1375 = CARTESIAN_POINT ( 'NONE',  ( 0.6482283464339421200, 0.2287793731972106400, -0.05787401574803151300 ) ) ;
#1376 = EDGE_LOOP ( 'NONE', ( #1548, #7770, #7732, #395 ) ) ;
#1377 = CARTESIAN_POINT ( 'NONE',  ( 0.1200787401574807400, 0.06031465196850320500, -0.05787401574803151300 ) ) ;
#1378 = CARTESIAN_POINT ( 'NONE',  ( 0.1795275590551181600, 0.01968503937007875700, -0.04212598425196851400 ) ) ;
#1379 = CARTESIAN_POINT ( 'NONE',  ( 0.6958661417322840000, 0.1473225259842513800, -0.05787401574803151300 ) ) ;
#1380 = VERTEX_POINT ( 'NONE', #7893 ) ;
#1381 = CARTESIAN_POINT ( 'NONE',  ( 0.04527559054926921800, -0.1011811023193409400, -0.05787401574803151300 ) ) ;
#1382 = VERTEX_POINT ( 'NONE', #1475 ) ;
#1383 = EDGE_CURVE ( 'NONE', #4993, #262, #8980, .T. ) ;
#1384 = AXIS2_PLACEMENT_3D ( 'NONE', #4047, #5839, #416 ) ;
#1385 = FACE_OUTER_BOUND ( 'NONE', #1294, .T. ) ;
#1386 = FACE_OUTER_BOUND ( 'NONE', #9332, .T. ) ;
#1387 = VERTEX_POINT ( 'NONE', #1375 ) ;
#1388 = PLANE ( 'NONE',  #8570 ) ;
#1389 = CARTESIAN_POINT ( 'NONE',  ( 0.4431102362602527000, 0.3149606299207126600, -0.01812598417322835000 ) ) ;
#1390 = ORIENTED_EDGE ( 'NONE', *, *, #5603, .T. ) ;
#1391 = DIRECTION ( 'NONE',  ( -0.0000000000000000000, -0.0000000000000000000, -1.000000000000000000 ) ) ;
#1392 = VECTOR ( 'NONE', #2391, 39.37007874015748100 ) ;
#1393 = DIRECTION ( 'NONE',  ( -0.0000000000000000000, -0.0000000000000000000, -1.000000000000000000 ) ) ;
#1394 = LINE ( 'NONE', #2958, #3812 ) ;
#1395 = EDGE_LOOP ( 'NONE', ( #8529, #1969, #11183, #8963 ) ) ;
#1396 = ADVANCED_FACE ( 'NONE', ( #6865 ), #1311, .F. ) ;
#1397 = EDGE_CURVE ( 'NONE', #6348, #7664, #180, .T. ) ;
#1398 = ORIENTED_EDGE ( 'NONE', *, *, #10709, .F. ) ;
#1399 = AXIS2_PLACEMENT_3D ( 'NONE', #11399, #1507, #8741 ) ;
#1400 = PLANE ( 'NONE',  #5310 ) ;
#1401 = EDGE_CURVE ( 'NONE', #10991, #10652, #4180, .T. ) ;
#1402 = AXIS2_PLACEMENT_3D ( 'NONE', #256, #8452, #5681 ) ;
#1403 = ORIENTED_EDGE ( 'NONE', *, *, #1271, .T. ) ;
#1404 = VECTOR ( 'NONE', #2312, 39.37007874015748100 ) ;
#1405 = FACE_OUTER_BOUND ( 'NONE', #4497, .T. ) ;
#1406 = EDGE_LOOP ( 'NONE', ( #11288, #4689, #7111, #9503 ) ) ;
#1407 = CARTESIAN_POINT ( 'NONE',  ( 0.3000000000000002100, 0.01968503937007875700, -0.04212598425196851400 ) ) ;
#1408 = EDGE_LOOP ( 'NONE', ( #11412, #2159, #6965, #9357 ) ) ;
#1409 = ADVANCED_FACE ( 'NONE', ( #9547 ), #7109, .F. ) ;
#1410 = EDGE_CURVE ( 'NONE', #7131, #9763, #8700, .T. ) ;
#1411 = DIRECTION ( 'NONE',  ( 1.000000000000000000, -0.0000000000000000000, 0.0000000000000000000 ) ) ;
#1412 = CARTESIAN_POINT ( 'NONE',  ( 0.2568533023228350400, 0.2494168253937005800, -0.04212598425196851400 ) ) ;
#1413 = LINE ( 'NONE', #11682, #10452 ) ;
#1414 = ORIENTED_EDGE ( 'NONE', *, *, #96, .T. ) ;
#1415 = DIRECTION ( 'NONE',  ( 1.000000000000000000, 0.0000000000000000000, 0.0000000000000000000 ) ) ;
#1416 = FACE_OUTER_BOUND ( 'NONE', #398, .T. ) ;
#1417 = EDGE_CURVE ( 'NONE', #4286, #9070, #11051, .T. ) ;
#1418 = VERTEX_POINT ( 'NONE', #10210 ) ;
#1419 = ORIENTED_EDGE ( 'NONE', *, *, #185, .T. ) ;
#1420 = DIRECTION ( 'NONE',  ( 0.0000000000000000000, 0.7999999999999998200, -0.6000000000000002000 ) ) ;
#1421 = DIRECTION ( 'NONE',  ( -0.0000000000000000000, -0.0000000000000000000, -1.000000000000000000 ) ) ;
#1422 = DIRECTION ( 'NONE',  ( -1.000000000000000000, 0.0000000000000000000, 0.0000000000000000000 ) ) ;
#1423 = DIRECTION ( 'NONE',  ( 0.03123475221706859300, 0.9995120760920992400, 0.0000000000000000000 ) ) ;
#1424 = DIRECTION ( 'NONE',  ( 1.000000000000000000, 0.0000000000000000000, 0.0000000000000000000 ) ) ;
#1425 = VECTOR ( 'NONE', #10176, 39.37007874015748100 ) ;
#1426 = VERTEX_POINT ( 'NONE', #4959 ) ;
#1427 = DIRECTION ( 'NONE',  ( 0.1483404520265097500, 0.9889363530038577400, 0.0000000000000000000 ) ) ;
#1428 = FACE_OUTER_BOUND ( 'NONE', #1323, .T. ) ;
#1429 = DIRECTION ( 'NONE',  ( -0.0000000000000000000, -0.0000000000000000000, -1.000000000000000000 ) ) ;
#1430 = EDGE_LOOP ( 'NONE', ( #10849, #4520, #7456, #10721 ) ) ;
#1431 = VERTEX_POINT ( 'NONE', #4568 ) ;
#1432 = ORIENTED_EDGE ( 'NONE', *, *, #6304, .T. ) ;
#1433 = DIRECTION ( 'NONE',  ( -0.0000000000000000000, -0.0000000000000000000, -1.000000000000000000 ) ) ;
#1434 = CARTESIAN_POINT ( 'NONE',  ( 4.780733988912460100E-016, -2.134256245050205600E-018, -0.09999999999999997800 ) ) ;
#1435 = EDGE_CURVE ( 'NONE', #11164, #5882, #1480, .T. ) ;
#1436 = ORIENTED_EDGE ( 'NONE', *, *, #11344, .F. ) ;
#1437 = LINE ( 'NONE', #248, #5955 ) ;
#1438 = DIRECTION ( 'NONE',  ( -1.000000000000000000, 0.0000000000000000000, 0.0000000000000000000 ) ) ;
#1439 = FACE_OUTER_BOUND ( 'NONE', #6422, .T. ) ;
#1440 = ORIENTED_EDGE ( 'NONE', *, *, #228, .F. ) ;
#1441 = CARTESIAN_POINT ( 'NONE',  ( 0.6509508751574808500, 0.2432397985433058200, -0.04212598425196852800 ) ) ;
#1442 = VECTOR ( 'NONE', #137, 39.37007874015748100 ) ;
#1443 = ORIENTED_EDGE ( 'NONE', *, *, #11134, .F. ) ;
#1444 = ORIENTED_EDGE ( 'NONE', *, *, #7464, .T. ) ;
#1445 = CARTESIAN_POINT ( 'NONE',  ( 5.463695987328526400E-016, 0.3346456692913383200, 1.333910153156378500E-019 ) ) ;
#1446 = ORIENTED_EDGE ( 'NONE', *, *, #5038, .T. ) ;
#1447 = DIRECTION ( 'NONE',  ( 0.0000000000000000000, 0.0000000000000000000, 1.000000000000000000 ) ) ;
#1448 = VECTOR ( 'NONE', #7816, 39.37007874015748100 ) ;
#1449 = DIRECTION ( 'NONE',  ( -0.0000000000000000000, -0.0000000000000000000, -1.000000000000000000 ) ) ;
#1450 = LINE ( 'NONE', #2461, #11148 ) ;
#1451 = ORIENTED_EDGE ( 'NONE', *, *, #8533, .T. ) ;
#1452 = ORIENTED_EDGE ( 'NONE', *, *, #3429, .F. ) ;
#1453 = EDGE_CURVE ( 'NONE', #8637, #11341, #10788, .T. ) ;
#1454 = DIRECTION ( 'NONE',  ( 1.000000000000000000, 0.0000000000000000000, 0.0000000000000000000 ) ) ;
#1455 = LINE ( 'NONE', #1358, #10767 ) ;
#1456 = EDGE_LOOP ( 'NONE', ( #9666, #2762, #5134, #613 ) ) ;
#1457 = ORIENTED_EDGE ( 'NONE', *, *, #10109, .T. ) ;
#1458 = AXIS2_PLACEMENT_3D ( 'NONE', #10853, #9983, #4574 ) ;
#1459 = CARTESIAN_POINT ( 'NONE',  ( 0.4748031496062997100, -0.1011811023622053900, -0.05787401574803151300 ) ) ;
#1460 = CARTESIAN_POINT ( 'NONE',  ( 0.4958661417716762100, 0.1473225259859145300, -0.04212598425196851400 ) ) ;
#1461 = ADVANCED_FACE ( 'NONE', ( #11326 ), #6800, .F. ) ;
#1462 = DIRECTION ( 'NONE',  ( -0.0000000000000000000, 0.2333729520214664900, 0.9723873020894433500 ) ) ;
#1464 = LINE ( 'NONE', #1529, #3323 ) ;
#1463 = DIRECTION ( 'NONE',  ( 1.000000000000000000, 0.0000000000000000000, -0.0000000000000000000 ) ) ;
#1465 = ORIENTED_EDGE ( 'NONE', *, *, #6816, .T. ) ;
#1466 = ORIENTED_EDGE ( 'NONE', *, *, #11311, .F. ) ;
#1467 = CARTESIAN_POINT ( 'NONE',  ( 0.4200787401574809200, 0.08959064362204721700, -0.04212598425196851400 ) ) ;
#1468 = CARTESIAN_POINT ( 'NONE',  ( -0.4999999999999996100, 0.01968503937007875700, -0.05787401574803152000 ) ) ;
#1469 = EDGE_CURVE ( 'NONE', #27, #3910, #5995, .T. ) ;
#1470 = CIRCLE ( 'NONE', #1078, 0.03976377956692910000 ) ;
#1471 = CLOSED_SHELL ( 'NONE', ( #4139, #7294, #2738, #1396, #2914, #799, #8376, #6944, #7415, #11609, #4554, #4392, #1903, #5838, #8836, #9947, #3790, #1039, #9060, #1958, #644, #1843, #10342, #5068, #8643, #2436, #3147, #2370, #11312 ) ) ;
#1472 = ORIENTED_EDGE ( 'NONE', *, *, #8652, .F. ) ;
#1473 = DIRECTION ( 'NONE',  ( 0.0000000000000000000, 0.0000000000000000000, -1.000000000000000000 ) ) ;
#1474 = LINE ( 'NONE', #6158, #10783 ) ;
#1475 = CARTESIAN_POINT ( 'NONE',  ( 0.2748031496062997600, 0.04456662047243921400, -0.05787401574803151300 ) ) ;
#1476 = EDGE_CURVE ( 'NONE', #3515, #5414, #10516, .T. ) ;
#1477 = CARTESIAN_POINT ( 'NONE',  ( 0.7196850393700799900, 0.01968503937175538800, -0.07401574803149603400 ) ) ;
#1478 = ADVANCED_FACE ( 'NONE', ( #1190 ), #10244, .T. ) ;
#1479 = CARTESIAN_POINT ( 'NONE',  ( 0.2374015748031499100, 0.04456662047243921400, -0.05787401574803151300 ) ) ;
#1480 = LINE ( 'NONE', #4605, #8433 ) ;
#1481 = AXIS2_PLACEMENT_3D ( 'NONE', #5648, #224, #6585 ) ;
#1482 = CARTESIAN_POINT ( 'NONE',  ( 0.3765748031496067800, 0.3149606299212595100, -0.03326771653543245800 ) ) ;
#1483 = ORIENTED_EDGE ( 'NONE', *, *, #6541, .F. ) ;
#1484 = DIRECTION ( 'NONE',  ( 0.0000000000000000000, 0.0000000000000000000, -1.000000000000000000 ) ) ;
#1485 = ORIENTED_EDGE ( 'NONE', *, *, #52, .T. ) ;
#1486 = DIRECTION ( 'NONE',  ( 1.000000000000000000, 0.0000000000000000000, -0.0000000000000000000 ) ) ;
#1487 = ORIENTED_EDGE ( 'NONE', *, *, #5791, .F. ) ;
#1488 = DIRECTION ( 'NONE',  ( -0.0000000000000000000, -0.0000000000000000000, 1.000000000000000000 ) ) ;
#1489 = LINE ( 'NONE', #11026, #4187 ) ;
#1490 = LINE ( 'NONE', #9199, #10795 ) ;
#1491 = CARTESIAN_POINT ( 'NONE',  ( 0.5718503937022889600, 0.2287793731508397100, -0.04212598425196852800 ) ) ;
#1492 = DIRECTION ( 'NONE',  ( -0.0000000000000000000, -0.0000000000000000000, 1.000000000000000000 ) ) ;
#1493 = CARTESIAN_POINT ( 'NONE',  ( 0.6795275590944887000, 0.05244063622047148700, -0.04212598425196851400 ) ) ;
#1494 = LINE ( 'NONE', #8257, #3630 ) ;
#1495 = DIRECTION ( 'NONE',  ( -1.000000000000000000, -0.0000000000000000000, 0.0000000000000000000 ) ) ;
#1496 = VERTEX_POINT ( 'NONE', #6884 ) ;
#1497 = EDGE_CURVE ( 'NONE', #718, #11653, #5702, .T. ) ;
#1498 = ORIENTED_EDGE ( 'NONE', *, *, #11269, .F. ) ;
#1499 = AXIS2_PLACEMENT_3D ( 'NONE', #9974, #4564, #10846 ) ;
#1500 = DIRECTION ( 'NONE',  ( 0.0000000000000000000, -1.000000000000000000, 0.0000000000000000000 ) ) ;
#1501 = LINE ( 'NONE', #10426, #6010 ) ;
#1502 = EDGE_CURVE ( 'NONE', #4308, #4989, #898, .T. ) ;
#1503 = AXIS2_PLACEMENT_3D ( 'NONE', #5268, #11536, #6182 ) ;
#1504 = CARTESIAN_POINT ( 'NONE',  ( 0.4111870956299216200, 0.2432397985433058200, -0.05787401574803151300 ) ) ;
#1505 = LINE ( 'NONE', #5176, #5441 ) ;
#1506 = DIRECTION ( 'NONE',  ( 0.0000000000000000000, -0.0000000000000000000, -1.000000000000000000 ) ) ;
#1507 = DIRECTION ( 'NONE',  ( 0.0000000000000000000, 0.0000000000000000000, -1.000000000000000000 ) ) ;
#1508 = ORIENTED_EDGE ( 'NONE', *, *, #2549, .T. ) ;
#1509 = CARTESIAN_POINT ( 'NONE',  ( 0.3279685038582683100, 0.3149606299212595600, -0.06673228346456693000 ) ) ;
#1510 = DIRECTION ( 'NONE',  ( 0.0000000000000000000, -0.9723873020894432400, 0.2333729520214664600 ) ) ;
#1511 = FACE_OUTER_BOUND ( 'NONE', #169, .T. ) ;
#1512 = DIRECTION ( 'NONE',  ( 0.0000000000000000000, -1.000000000000000000, -0.0000000000000000000 ) ) ;
#1513 = ORIENTED_EDGE ( 'NONE', *, *, #4176, .F. ) ;
#1514 = DIRECTION ( 'NONE',  ( -0.0000000000000000000, -0.0000000000000000000, -1.000000000000000000 ) ) ;
#1515 = VECTOR ( 'NONE', #1532, 39.37007874015748100 ) ;
#1516 = DIRECTION ( 'NONE',  ( 0.0000000000000000000, 0.0000000000000000000, 1.000000000000000000 ) ) ;
#1517 = EDGE_CURVE ( 'NONE', #10498, #28, #3340, .T. ) ;
#1518 = EDGE_LOOP ( 'NONE', ( #8374, #10731, #3833, #6228 ) ) ;
#1519 = PLANE ( 'NONE',  #1212 ) ;
#1520 = LOCAL_TIME ( 0, 21, 42.00000000000000000, #3933 ) ;
#1521 = DIRECTION ( 'NONE',  ( 0.0000000000000000000, -0.0000000000000000000, 1.000000000000000000 ) ) ;
#1522 = VECTOR ( 'NONE', #8046, 39.37007874015748100 ) ;
#1523 = DIRECTION ( 'NONE',  ( 0.0000000000000000000, 0.0000000000000000000, -1.000000000000000000 ) ) ;
#1524 = ORIENTED_EDGE ( 'NONE', *, *, #9079, .F. ) ;
#1525 = ADVANCED_FACE ( 'NONE', ( #3055 ), #677, .F. ) ;
#1526 = ORIENTED_EDGE ( 'NONE', *, *, #3001, .T. ) ;
#1527 = CARTESIAN_POINT ( 'NONE',  ( 0.6452755905511814400, -0.1011811023622053900, -0.05787401574803151300 ) ) ;
#1528 = VERTEX_POINT ( 'NONE', #711 ) ;
#1529 = CARTESIAN_POINT ( 'NONE',  ( 0.3196850393704074900, 0.01968503937007875700, -0.02598425196850394400 ) ) ;
#1530 = DIRECTION ( 'NONE',  ( 1.000000000000000000, 0.0000000000000000000, 0.0000000000000000000 ) ) ;
#1531 = LINE ( 'NONE', #8915, #6039 ) ;
#1532 = DIRECTION ( 'NONE',  ( -0.1483404520011348000, -0.9889363530076640300, 0.0000000000000000000 ) ) ;
#1533 = VECTOR ( 'NONE', #9131, 39.37007874015748100 ) ;
#1534 = EDGE_CURVE ( 'NONE', #11206, #1594, #5422, .T. ) ;
#1535 = DIRECTION ( 'NONE',  ( 0.0000000000000000000, 0.0000000000000000000, 1.000000000000000000 ) ) ;
#1536 = DIRECTION ( 'NONE',  ( 0.0000000000000000000, 0.0000000000000000000, -1.000000000000000000 ) ) ;
#1537 = AXIS2_PLACEMENT_3D ( 'NONE', #3263, #9565, #4163 ) ;
#1538 = EDGE_LOOP ( 'NONE', ( #11535, #130, #9625, #10859 ) ) ;
#1539 = CARTESIAN_POINT ( 'NONE',  ( 0.6000000000000004200, 0.01968503937007875700, -0.04212598425196851400 ) ) ;
#1540 = ADVANCED_FACE ( 'NONE', ( #9960 ), #7284, .T. ) ;
#1541 = VERTEX_POINT ( 'NONE', #346 ) ;
#1542 = LINE ( 'NONE', #9958, #956 ) ;
#1543 = PLANE ( 'NONE',  #5792 ) ;
#1544 = VECTOR ( 'NONE', #468, 39.37007874015748100 ) ;
#1545 = CARTESIAN_POINT ( 'NONE',  ( 0.1509842519685044000, -0.1259842519685042700, -0.05787401574803150600 ) ) ;
#1546 = CARTESIAN_POINT ( 'NONE',  ( 0.5000000000000005600, 0.01968503937007875700, -0.05787401574803152000 ) ) ;
#1547 = CARTESIAN_POINT ( 'NONE',  ( 0.4795275590551186800, 0.01968503937007875700, -0.05787401574803152000 ) ) ;
#1548 = ORIENTED_EDGE ( 'NONE', *, *, #1638, .F. ) ;
#1549 = DIRECTION ( 'NONE',  ( 0.0000000000000000000, 0.0000000000000000000, -1.000000000000000000 ) ) ;
#1550 = EDGE_CURVE ( 'NONE', #8744, #7082, #7583, .T. ) ;
#1551 = AXIS2_PLACEMENT_3D ( 'NONE', #9848, #5360, #11632 ) ;
#1552 = ORIENTED_EDGE ( 'NONE', *, *, #6591, .T. ) ;
#1553 = CARTESIAN_POINT ( 'NONE',  ( 0.3795275591743965700, 0.2885954232650423900, -0.04212598425196852800 ) ) ;
#1554 = FACE_BOUND ( 'NONE', #8097, .T. ) ;
#1555 = DIRECTION ( 'NONE',  ( 0.0000000000000000000, 0.0000000000000000000, -1.000000000000000000 ) ) ;
#1556 = LINE ( 'NONE', #724, #10847 ) ;
#1557 = DIRECTION ( 'NONE',  ( 1.000000000000000000, 0.0000000000000000000, 0.0000000000000000000 ) ) ;
#1558 = ORIENTED_EDGE ( 'NONE', *, *, #9373, .F. ) ;
#1559 = EDGE_LOOP ( 'NONE', ( #7332, #3901, #6206, #10323 ) ) ;
#1560 = DIRECTION ( 'NONE',  ( -0.0000000000000000000, -0.0000000000000000000, 1.000000000000000000 ) ) ;
#1561 = CARTESIAN_POINT ( 'NONE',  ( 0.2795275590551185000, 0.01968503937007875700, -0.02598425196850394400 ) ) ;
#1562 = ORIENTED_EDGE ( 'NONE', *, *, #4440, .T. ) ;
#1563 = CARTESIAN_POINT ( 'NONE',  ( 0.6374015748425203600, 0.05244063622047148700, -0.05787401574803151300 ) ) ;
#1564 = VECTOR ( 'NONE', #1135, 39.37007874015748900 ) ;
#1565 = CARTESIAN_POINT ( 'NONE',  ( 0.07952755905511869900, 0.01968503937007875700, -0.02598425196850394400 ) ) ;
#1566 = EDGE_CURVE ( 'NONE', #1672, #4342, #9673, .T. ) ;
#1567 = LINE ( 'NONE', #10970, #10857 ) ;
#1568 = EDGE_LOOP ( 'NONE', ( #10351, #4435, #6094, #3581 ) ) ;
#1569 = ORIENTED_EDGE ( 'NONE', *, *, #558, .F. ) ;
#1570 = AXIS2_PLACEMENT_3D ( 'NONE', #4148, #10441, #5040 ) ;
#1571 = CARTESIAN_POINT ( 'NONE',  ( 0.3795275590551186500, 0.3149606299212595600, -0.02834645669291339200 ) ) ;
#1572 = EDGE_CURVE ( 'NONE', #10511, #6350, #2480, .T. ) ;
#1573 = AXIS2_PLACEMENT_3D ( 'NONE', #9486, #11246, #5874 ) ;
#1574 = DIRECTION ( 'NONE',  ( 0.0000000000000000000, 1.000000000000000000, 0.0000000000000000000 ) ) ;
#1575 = FACE_OUTER_BOUND ( 'NONE', #8763, .T. ) ;
#1576 = ORIENTED_EDGE ( 'NONE', *, *, #946, .F. ) ;
#1577 = CARTESIAN_POINT ( 'NONE',  ( 0.2921259842519689000, 0.06031465196850320500, -0.05787401574803151300 ) ) ;
#1578 = VECTOR ( 'NONE', #7519, 39.37007874015748100 ) ;
#1579 = EDGE_LOOP ( 'NONE', ( #9910, #7853, #11036, #11428 ) ) ;
#1580 = ORIENTED_EDGE ( 'NONE', *, *, #379, .F. ) ;
#1581 = ORIENTED_EDGE ( 'NONE', *, *, #4050, .F. ) ;
#1582 = AXIS2_PLACEMENT_3D ( 'NONE', #330, #317, #285 ) ;
#1583 = CARTESIAN_POINT ( 'NONE',  ( 0.3748031496172922200, -0.1011811023110971400, -0.04212598425196851400 ) ) ;
#1584 = DIRECTION ( 'NONE',  ( -0.0000000000000000000, -0.0000000000000000000, 1.000000000000000000 ) ) ;
#1585 = ORIENTED_EDGE ( 'NONE', *, *, #946, .T. ) ;
#1586 = ADVANCED_FACE ( 'NONE', ( #7004 ), #1388, .F. ) ;
#1587 = CYLINDRICAL_SURFACE ( 'NONE', #3962, 0.007874015748031584400 ) ;
#1588 = EDGE_CURVE ( 'NONE', #3080, #574, #2199, .T. ) ;
#1589 = VECTOR ( 'NONE', #1743, 39.37007874015748100 ) ;
#1590 = DIRECTION ( 'NONE',  ( 0.0000000000000000000, 0.0000000000000000000, -1.000000000000000000 ) ) ;
#1591 = EDGE_LOOP ( 'NONE', ( #11056, #2776, #5945, #7531 ) ) ;
#1592 = VECTOR ( 'NONE', #2273, 39.37007874015748100 ) ;
#1593 = VERTEX_POINT ( 'NONE', #11537 ) ;
#1594 = VERTEX_POINT ( 'NONE', #7305 ) ;
#1595 = CARTESIAN_POINT ( 'NONE',  ( 0.2200787401574807700, 0.08959064362204718900, -0.04212598425196851400 ) ) ;
#1596 = DIRECTION ( 'NONE',  ( 1.000000000000000000, 0.0000000000000000000, 0.0000000000000000000 ) ) ;
#1597 = DIRECTION ( 'NONE',  ( 0.0000000000000000000, 0.0000000000000000000, 1.000000000000000000 ) ) ;
#1598 = LINE ( 'NONE', #10807, #10620 ) ;
#1599 = DIRECTION ( 'NONE',  ( -0.0000000000000000000, 0.0000000000000000000, 1.000000000000000000 ) ) ;
#1600 = CARTESIAN_POINT ( 'NONE',  ( 0.5482283464474978500, 0.2287793732319347300, -0.04212598425196852800 ) ) ;
#1601 = LINE ( 'NONE', #9989, #8538 ) ;
#1602 = ADVANCED_FACE ( 'NONE', ( #4586 ), #4320, .F. ) ;
#1603 = DIRECTION ( 'NONE',  ( -0.9745213851683854900, -0.2242946050387554500, 0.0000000000000000000 ) ) ;
#1604 = ORIENTED_EDGE ( 'NONE', *, *, #6541, .T. ) ;
#1606 = AXIS2_PLACEMENT_3D ( 'NONE', #6401, #9137, #3730 ) ;
#1605 = DIRECTION ( 'NONE',  ( -0.0000000000000000000, -0.0000000000000000000, 1.000000000000000000 ) ) ;
#1607 = VECTOR ( 'NONE', #8029, 39.37007874015748900 ) ;
#1608 = VERTEX_POINT ( 'NONE', #11342 ) ;
#1609 = ORIENTED_EDGE ( 'NONE', *, *, #5308, .T. ) ;
#1610 = CARTESIAN_POINT ( 'NONE',  ( 0.4374015748031501700, 0.05244063622047080000, -0.04212598425196851400 ) ) ;
#1611 = EDGE_CURVE ( 'NONE', #9858, #7110, #9112, .T. ) ;
#1612 = DIRECTION ( 'NONE',  ( -0.7999999999999998200, -0.6000000000000002000, 0.0000000000000000000 ) ) ;
#1613 = FACE_OUTER_BOUND ( 'NONE', #8714, .T. ) ;
#1614 = DIRECTION ( 'NONE',  ( -5.876167051565095900E-011, 1.000000000000000000, 0.0000000000000000000 ) ) ;
#1615 = DIRECTION ( 'NONE',  ( 1.000000000000000000, -0.0000000000000000000, 0.0000000000000000000 ) ) ;
#1616 = PLANE ( 'NONE',  #9443 ) ;
#1617 = ORIENTED_EDGE ( 'NONE', *, *, #4448, .T. ) ;
#1618 = ORIENTED_EDGE ( 'NONE', *, *, #4562, .T. ) ;
#1619 = VECTOR ( 'NONE', #7389, 39.37007874015748900 ) ;
#1620 = ORIENTED_EDGE ( 'NONE', *, *, #9551, .F. ) ;
#1621 = ORIENTED_EDGE ( 'NONE', *, *, #7918, .T. ) ;
#1622 = CARTESIAN_POINT ( 'NONE',  ( 0.07480314961454408200, 0.04456662047243921400, -0.04212598425196852800 ) ) ;
#1623 = FACE_OUTER_BOUND ( 'NONE', #1538, .T. ) ;
#1624 = VECTOR ( 'NONE', #10635, 39.37007874015749600 ) ;
#1625 = EDGE_CURVE ( 'NONE', #9454, #8519, #11455, .T. ) ;
#1627 = ORIENTED_EDGE ( 'NONE', *, *, #498, .T. ) ;
#1626 = AXIS2_PLACEMENT_3D ( 'NONE', #9928, #10809, #5412 ) ;
#1628 = CARTESIAN_POINT ( 'NONE',  ( 0.2600393700787407300, 0.1141337039370070900, -0.04212598425196852800 ) ) ;
#1630 = DIRECTION ( 'NONE',  ( 0.0000000000000000000, 1.000000000000000000, -0.0000000000000000000 ) ) ;
#1629 = VECTOR ( 'NONE', #1370, 39.37007874015748100 ) ;
#1631 = CARTESIAN_POINT ( 'NONE',  ( 0.6196850393702197900, 0.01968503937007875700, -0.05787401574803152000 ) ) ;
#1632 = ORIENTED_EDGE ( 'NONE', *, *, #6272, .F. ) ;
#1633 = CARTESIAN_POINT ( 'NONE',  ( 0.1111870956299216600, 0.2617829512992116400, -0.04212598425196852800 ) ) ;
#1634 = FACE_OUTER_BOUND ( 'NONE', #2638, .T. ) ;
#1635 = CARTESIAN_POINT ( 'NONE',  ( 0.1200787401574807500, 0.08959064362204698100, -0.04212598425196851400 ) ) ;
#1636 = LINE ( 'NONE', #3079, #5853 ) ;
#1637 = CARTESIAN_POINT ( 'NONE',  ( 0.5305118110806714700, 0.2965351243980127700, -0.05787401574803151300 ) ) ;
#1638 = EDGE_CURVE ( 'NONE', #9424, #3820, #11182, .T. ) ;
#1639 = ORIENTED_EDGE ( 'NONE', *, *, #7520, .T. ) ;
#1640 = ORIENTED_EDGE ( 'NONE', *, *, #8350, .T. ) ;
#1641 = DIRECTION ( 'NONE',  ( 0.03123475200308707700, 0.9995120760987861200, 0.0000000000000000000 ) ) ;
#1642 = EDGE_LOOP ( 'NONE', ( #9994, #3091, #934, #3370 ) ) ;
#1643 = EDGE_CURVE ( 'NONE', #2632, #6995, #8837, .T. ) ;
#1644 = CIRCLE ( 'NONE', #796, 0.007874015748031584400 ) ;
#1645 = CARTESIAN_POINT ( 'NONE',  ( 0.2401574803149612300, 0.3149606299212595600, -0.07165354330708663400 ) ) ;
#1646 = DIRECTION ( 'NONE',  ( 1.000000000000000000, 0.0000000000000000000, -0.0000000000000000000 ) ) ;
#1647 = AXIS2_PLACEMENT_3D ( 'NONE', #1094, #3846, #10161 ) ;
#1648 = EDGE_CURVE ( 'NONE', #2567, #3103, #4029, .T. ) ;
#1649 = VECTOR ( 'NONE', #955, 39.37007874015748100 ) ;
#1650 = CARTESIAN_POINT ( 'NONE',  ( 0.3718503937032900900, 0.2287793731482754000, -0.05787401574803151300 ) ) ;
#1651 = ADVANCED_FACE ( 'NONE', ( #6709 ), #9830, .F. ) ;
#1652 = EDGE_LOOP ( 'NONE', ( #11477, #2225, #9425, #2509 ) ) ;
#1653 = CARTESIAN_POINT ( 'NONE',  ( 0.3200787401574809500, -0.1574803149606300600, -0.04212598425196851400 ) ) ;
#1654 = ORIENTED_EDGE ( 'NONE', *, *, #3977, .T. ) ;
#1655 = DIRECTION ( 'NONE',  ( 0.0000000000000000000, 0.0000000000000000000, 1.000000000000000000 ) ) ;
#1656 = CIRCLE ( 'NONE', #4072, 0.007874015748031449100 ) ;
#1657 = CARTESIAN_POINT ( 'NONE',  ( 0.2431102362594958500, 0.3149606299217225200, -0.01812598409448818900 ) ) ;
#1658 = DIRECTION ( 'NONE',  ( 0.0000000000000000000, 0.0000000000000000000, 1.000000000000000000 ) ) ;
#1659 = VECTOR ( 'NONE', #7937, 39.37007874015748100 ) ;
#1660 = EDGE_CURVE ( 'NONE', #11174, #9976, #6132, .T. ) ;
#1661 = ORIENTED_EDGE ( 'NONE', *, *, #7273, .F. ) ;
#1662 = PLANE ( 'NONE',  #7783 ) ;
#1663 = EDGE_CURVE ( 'NONE', #3618, #154, #8562, .T. ) ;
#1664 = APPROVAL ( #7544, 'UNSPECIFIED' ) ;
#1665 = ADVANCED_FACE ( 'NONE', ( #3746 ), #8846, .T. ) ;
#1666 = LOCAL_TIME ( 0, 21, 42.00000000000000000, #4066 ) ;
#1667 = LINE ( 'NONE', #1209, #1952 ) ;
#1668 = ORIENTED_EDGE ( 'NONE', *, *, #4318, .F. ) ;
#1669 = CARTESIAN_POINT ( 'NONE',  ( 0.5913385825196851900, 0.3346456690944879500, -0.01812598440944882300 ) ) ;
#1670 = CARTESIAN_POINT ( 'NONE',  ( -0.04220999551181069100, 0.2475998051574795600, -0.04212598425196852800 ) ) ;
#1671 = VERTEX_POINT ( 'NONE', #9001 ) ;
#1672 = VERTEX_POINT ( 'NONE', #7997 ) ;
#1673 = LINE ( 'NONE', #5571, #11229 ) ;
#1674 = VECTOR ( 'NONE', #5870, 39.37007874015748100 ) ;
#1675 = EDGE_LOOP ( 'NONE', ( #4333, #1266, #10336, #4134 ) ) ;
#1676 = EDGE_CURVE ( 'NONE', #8995, #8964, #3466, .T. ) ;
#1677 = ORIENTED_EDGE ( 'NONE', *, *, #2516, .F. ) ;
#1678 = DIRECTION ( 'NONE',  ( -0.0000000000000000000, 0.0000000000000000000, 1.000000000000000000 ) ) ;
#1679 = DIRECTION ( 'NONE',  ( 0.0000000000000000000, 0.0000000000000000000, -1.000000000000000000 ) ) ;
#1680 = VERTEX_POINT ( 'NONE', #7342 ) ;
#1681 = DIRECTION ( 'NONE',  ( 0.0000000000000000000, 0.0000000000000000000, 1.000000000000000000 ) ) ;
#1682 = PLANE ( 'NONE',  #7271 ) ;
#1684 = DIRECTION ( 'NONE',  ( -1.000000000000000000, 0.0000000000000000000, 0.0000000000000000000 ) ) ;
#1683 = LINE ( 'NONE', #4996, #10964 ) ;
#1685 = LINE ( 'NONE', #5252, #6193 ) ;
#1686 = CARTESIAN_POINT ( 'NONE',  ( 0.01118709562992162500, 0.2432397985433058200, -0.05787401574803151300 ) ) ;
#1687 = DIRECTION ( 'NONE',  ( 0.9995120760987861200, -0.03123475200308707700, 0.0000000000000000000 ) ) ;
#1688 = VERTEX_POINT ( 'NONE', #7545 ) ;
#1689 = CARTESIAN_POINT ( 'NONE',  ( 0.5452755905454445000, -0.1011811023372788100, -0.05787401574803151300 ) ) ;
#1690 = DIRECTION ( 'NONE',  ( -1.000000000000000000, 0.0000000000000000000, 0.0000000000000000000 ) ) ;
#1691 = ORIENTED_EDGE ( 'NONE', *, *, #1117, .F. ) ;
#1692 = EDGE_CURVE ( 'NONE', #7776, #10353, #8281, .T. ) ;
#1693 = EDGE_CURVE ( 'NONE', #9624, #5303, #5841, .T. ) ;
#1694 = LINE ( 'NONE', #4207, #1392 ) ;
#1695 = AXIS2_PLACEMENT_3D ( 'NONE', #7635, #8542, #3133 ) ;
#1696 = DIRECTION ( 'NONE',  ( -1.000000000000000000, 0.0000000000000000000, 0.0000000000000000000 ) ) ;
#1697 = VECTOR ( 'NONE', #3811, 39.37007874015748100 ) ;
#1698 = ORIENTED_EDGE ( 'NONE', *, *, #10443, .T. ) ;
#1699 = PLANE ( 'NONE',  #8982 ) ;
#1700 = EDGE_LOOP ( 'NONE', ( #3735, #3999, #1440, #10494 ) ) ;
#1701 = ORIENTED_EDGE ( 'NONE', *, *, #1703, .T. ) ;
#1702 = DIRECTION ( 'NONE',  ( -0.0000000000000000000, -0.0000000000000000000, -1.000000000000000000 ) ) ;
#1703 = EDGE_CURVE ( 'NONE', #5553, #9858, #10646, .T. ) ;
#1704 = CYLINDRICAL_SURFACE ( 'NONE', #5019, 0.03976377952755894000 ) ;
#1705 = ADVANCED_FACE ( 'NONE', ( #10089 ), #5280, .F. ) ;
#1706 = CARTESIAN_POINT ( 'NONE',  ( 0.4111870956299216200, 0.2432397985433058200, -0.04212598425196852800 ) ) ;
#1707 = DIRECTION ( 'NONE',  ( -0.9745213851683854900, -0.2242946050387554500, 0.0000000000000000000 ) ) ;
#1708 = CARTESIAN_POINT ( 'NONE',  ( 0.2196850393700793500, 0.3149606299212595600, -0.04212598425196851400 ) ) ;
#1709 = FACE_BOUND ( 'NONE', #2095, .T. ) ;
#1710 = EDGE_LOOP ( 'NONE', ( #8661, #11013, #6525, #11289 ) ) ;
#1711 = CARTESIAN_POINT ( 'NONE',  ( 0.5755228900915324600, 0.1112594903029024800, -0.05787401574803151300 ) ) ;
#1712 = EDGE_CURVE ( 'NONE', #5380, #3482, #8007, .T. ) ;
#1713 = EDGE_LOOP ( 'NONE', ( #4560, #7244, #668, #10098 ) ) ;
#1714 = AXIS2_PLACEMENT_3D ( 'NONE', #2573, #8879, #3481 ) ;
#1715 = DIRECTION ( 'NONE',  ( -1.000000000000000000, -0.0000000000000000000, 0.0000000000000000000 ) ) ;
#1716 = DIRECTION ( 'NONE',  ( -1.000000000000000000, -0.0000000000000000000, 0.0000000000000000000 ) ) ;
#1717 = CARTESIAN_POINT ( 'NONE',  ( 0.1795275590551181600, 0.01968503937007875700, -0.05787401574803152000 ) ) ;
#1718 = DIRECTION ( 'NONE',  ( -1.000000000000000000, 0.0000000000000000000, -0.0000000000000000000 ) ) ;
#1719 = CYLINDRICAL_SURFACE ( 'NONE', #9716, 0.03976377952755907200 ) ;
#1720 = ORIENTED_EDGE ( 'NONE', *, *, #4086, .T. ) ;
#1721 = CIRCLE ( 'NONE', #4595, 0.03976377952755907200 ) ;
#1722 = DIRECTION ( 'NONE',  ( -1.000000000000000000, 0.0000000000000000000, 0.0000000000000000000 ) ) ;
#1723 = ORIENTED_EDGE ( 'NONE', *, *, #2954, .F. ) ;
#1724 = ORIENTED_EDGE ( 'NONE', *, *, #872, .F. ) ;
#1725 = ADVANCED_FACE ( 'NONE', ( #2905 ), #6790, .F. ) ;
#1726 = DIRECTION ( 'NONE',  ( 1.000000000000000000, 0.0000000000000000000, -0.0000000000000000000 ) ) ;
#1727 = CARTESIAN_POINT ( 'NONE',  ( 0.3196850393700790800, 0.3149606299212595600, -0.04212598425196851400 ) ) ;
#1728 = ORIENTED_EDGE ( 'NONE', *, *, #10632, .T. ) ;
#1729 = CARTESIAN_POINT ( 'NONE',  ( 0.2913385826685538900, 0.3346456692929789000, -0.01812598429133858600 ) ) ;
#1730 = CARTESIAN_POINT ( 'NONE',  ( 0.3196850393703292700, 0.01968503937007875700, -0.04212598425196851400 ) ) ;
#1731 = EDGE_CURVE ( 'NONE', #627, #10928, #465, .T. ) ;
#1732 = LINE ( 'NONE', #10138, #4126 ) ;
#1733 = EDGE_LOOP ( 'NONE', ( #6984, #5986, #1179, #9809, #2739, #2327, #10, #182, #9949, #5855, #5133, #7406, #307, #8571, #586, #7265, #10763, #9654, #23, #296, #771, #6994, #7828, #9390, #10212, #6429, #11447 ) ) ;
#1734 = PLANE ( 'NONE',  #2733 ) ;
#1735 = CIRCLE ( 'NONE', #6872, 0.03976377952755894700 ) ;
#1736 = DIRECTION ( 'NONE',  ( 0.0000000000000000000, 0.0000000000000000000, -1.000000000000000000 ) ) ;
#1737 = EDGE_CURVE ( 'NONE', #7683, #11117, #9819, .T. ) ;
#1738 = VERTEX_POINT ( 'NONE', #5688 ) ;
#1739 = ORIENTED_EDGE ( 'NONE', *, *, #6290, .T. ) ;
#1740 = ORIENTED_EDGE ( 'NONE', *, *, #2570, .T. ) ;
#1741 = AXIS2_PLACEMENT_3D ( 'NONE', #1328, #7675, #2257 ) ;
#1742 = DIRECTION ( 'NONE',  ( 0.0000000000000000000, -0.0000000000000000000, -1.000000000000000000 ) ) ;
#1743 = DIRECTION ( 'NONE',  ( -0.0000000000000000000, 0.0000000000000000000, 1.000000000000000000 ) ) ;
#1744 = LINE ( 'NONE', #8447, #8666 ) ;
#1745 = CARTESIAN_POINT ( 'NONE',  ( 0.5200787401555557700, 0.08959064362157724600, -0.05787401574803151300 ) ) ;
#1746 = FACE_OUTER_BOUND ( 'NONE', #409, .T. ) ;
#1747 = CARTESIAN_POINT ( 'NONE',  ( 0.3577900044881894300, 0.2475998051574795600, -0.04212598425196851400 ) ) ;
#1748 = ORIENTED_EDGE ( 'NONE', *, *, #9210, .T. ) ;
#1749 = CARTESIAN_POINT ( 'NONE',  ( 0.1445558501181102600, 0.1112594900787393400, -0.05787401574803151300 ) ) ;
#1750 = CIRCLE ( 'NONE', #11488, 0.007874015748031449100 ) ;
#1751 = ORIENTED_EDGE ( 'NONE', *, *, #3679, .T. ) ;
#1752 = ORIENTED_EDGE ( 'NONE', *, *, #731, .T. ) ;
#1753 = DIRECTION ( 'NONE',  ( 1.000000000000000000, 0.0000000000000000000, 0.0000000000000000000 ) ) ;
#1754 = DIRECTION ( 'NONE',  ( -0.0000000000000000000, -0.0000000000000000000, -1.000000000000000000 ) ) ;
#1755 = ORIENTED_EDGE ( 'NONE', *, *, #9289, .F. ) ;
#1756 = EDGE_CURVE ( 'NONE', #9240, #4020, #7428, .T. ) ;
#1758 = VECTOR ( 'NONE', #3276, 39.37007874015748100 ) ;
#1757 = CARTESIAN_POINT ( 'NONE',  ( 0.5000000000000005600, 0.01968503937007875700, -0.04212598425196851400 ) ) ;
#1759 = EDGE_LOOP ( 'NONE', ( #2448, #5448, #11055, #9812 ) ) ;
#1760 = ORIENTED_EDGE ( 'NONE', *, *, #2221, .F. ) ;
#1761 = CARTESIAN_POINT ( 'NONE',  ( 0.04015748031496117800, 0.01968503937007875700, -0.02834645669291339200 ) ) ;
#1762 = PLANE ( 'NONE',  #8194 ) ;
#1763 = LINE ( 'NONE', #1389, #8414 ) ;
#1764 = ORIENTED_EDGE ( 'NONE', *, *, #1663, .F. ) ;
#1765 = ORIENTED_EDGE ( 'NONE', *, *, #8430, .T. ) ;
#1766 = CARTESIAN_POINT ( 'NONE',  ( 0.1279527559055121900, 0.06031465196850320500, -0.05787401574803151300 ) ) ;
#1767 = DIRECTION ( 'NONE',  ( 0.0000000000000000000, 0.0000000000000000000, 1.000000000000000000 ) ) ;
#1768 = CARTESIAN_POINT ( 'NONE',  ( 0.2748031496172923000, -0.1011811023110971000, -0.04212598425196851400 ) ) ;
#1769 = LINE ( 'NONE', #8181, #8689 ) ;
#1770 = VERTEX_POINT ( 'NONE', #3590 ) ;
#1771 = CARTESIAN_POINT ( 'NONE',  ( 0.3401574803112103500, 0.2890203332169817800, -0.05787401574803151300 ) ) ;
#1772 = ORIENTED_EDGE ( 'NONE', *, *, #7751, .T. ) ;
#1773 = CARTESIAN_POINT ( 'NONE',  ( 0.5795275590551185500, 0.3149606299212595600, -0.02834645669291339200 ) ) ;
#1774 = EDGE_CURVE ( 'NONE', #2494, #4250, #7141, .T. ) ;
#1775 = FACE_OUTER_BOUND ( 'NONE', #1652, .T. ) ;
#1776 = ORIENTED_EDGE ( 'NONE', *, *, #8844, .T. ) ;
#1777 = ORIENTED_EDGE ( 'NONE', *, *, #7154, .F. ) ;
#1778 = ADVANCED_FACE ( 'NONE', ( #759 ), #5452, .T. ) ;
#1779 = CARTESIAN_POINT ( 'NONE',  ( 0.07952755915805120900, 0.2885954232327822000, -0.04212598425196851400 ) ) ;
#1780 = LINE ( 'NONE', #7083, #6283 ) ;
#1781 = DIRECTION ( 'NONE',  ( 0.0000000000000000000, 1.000000000000000000, 0.0000000000000000000 ) ) ;
#1782 = CARTESIAN_POINT ( 'NONE',  ( 0.2795275590551185000, 0.3149606299212595600, -0.02834645669291339200 ) ) ;
#1783 = VECTOR ( 'NONE', #18, 39.37007874015748100 ) ;
#1784 = CARTESIAN_POINT ( 'NONE',  ( 0.4795275590551186800, 0.01968503937007875700, -0.02598425196850394400 ) ) ;
#1785 = ORIENTED_EDGE ( 'NONE', *, *, #7774, .T. ) ;
#1786 = ORIENTED_EDGE ( 'NONE', *, *, #9859, .T. ) ;
#1787 = DIRECTION ( 'NONE',  ( -0.0000000000000000000, 0.0000000000000000000, 1.000000000000000000 ) ) ;
#1788 = ORIENTED_EDGE ( 'NONE', *, *, #8756, .F. ) ;
#1789 = LINE ( 'NONE', #4660, #8709 ) ;
#1791 = ADVANCED_FACE ( 'NONE', ( #11588 ), #4760, .F. ) ;
#1790 = DIRECTION ( 'NONE',  ( 0.0000000000000000000, 0.0000000000000000000, 1.000000000000000000 ) ) ;
#1792 = EDGE_CURVE ( 'NONE', #1418, #1884, #9249, .T. ) ;
#1793 = LINE ( 'NONE', #7977, #8712 ) ;
#1794 = AXIS2_PLACEMENT_3D ( 'NONE', #10350, #6563, #8561 ) ;
#1795 = CARTESIAN_POINT ( 'NONE',  ( 0.1401574803149614700, 0.3149606299212595600, -0.07165354330708663400 ) ) ;
#1796 = CARTESIAN_POINT ( 'NONE',  ( -0.4999999999999996100, 0.01968503937007875700, -0.04212598425196851400 ) ) ;
#1797 = CARTESIAN_POINT ( 'NONE',  ( 0.6283464566929137800, 0.3346456692913384300, -0.01850393700787372400 ) ) ;
#1798 = ORIENTED_EDGE ( 'NONE', *, *, #5464, .T. ) ;
#1799 = CARTESIAN_POINT ( 'NONE',  ( 0.3196850393700790800, 0.1027140031889747100, -0.05787401574803152000 ) ) ;
#1800 = ORIENTED_EDGE ( 'NONE', *, *, #11553, .F. ) ;
#1801 = PLANE ( 'NONE',  #2781 ) ;
#1802 = VECTOR ( 'NONE', #4788, 39.37007874015748100 ) ;
#1803 = DIRECTION ( 'NONE',  ( -0.0000000000000000000, -0.0000000000000000000, -1.000000000000000000 ) ) ;
#1804 = LINE ( 'NONE', #8063, #10804 ) ;
#1805 = VERTEX_POINT ( 'NONE', #5155 ) ;
#1806 = EDGE_CURVE ( 'NONE', #11361, #11468, #4445, .T. ) ;
#1807 = CARTESIAN_POINT ( 'NONE',  ( 0.5401574803149611400, 0.3149606299212595600, -0.02834645669291339200 ) ) ;
#1808 = CARTESIAN_POINT ( 'NONE',  ( 0.1283464566929137000, 0.3346456692913382700, -0.01850393700787381800 ) ) ;
#1809 = CARTESIAN_POINT ( 'NONE',  ( 0.3690944881889768300, -0.1259842519685042700, -0.05787401574803150600 ) ) ;
#1810 = AXIS2_PLACEMENT_3D ( 'NONE', #6391, #968, #7319 ) ;
#1811 = DIRECTION ( 'NONE',  ( 0.0000000000000000000, 1.000000000000000000, 0.0000000000000000000 ) ) ;
#1812 = CARTESIAN_POINT ( 'NONE',  ( 0.03051181108067124700, 0.2965351243980126600, -0.05787401574803151300 ) ) ;
#1813 = LINE ( 'NONE', #2405, #3922 ) ;
#1814 = EDGE_CURVE ( 'NONE', #9506, #1738, #9536, .T. ) ;
#1815 = DIRECTION ( 'NONE',  ( 0.03123475300211145000, -0.9995120760675665400, 0.0000000000000000000 ) ) ;
#1816 = ORIENTED_EDGE ( 'NONE', *, *, #1502, .F. ) ;
#1817 = LINE ( 'NONE', #9102, #1515 ) ;
#1818 = PLANE ( 'NONE',  #2118 ) ;
#1819 = VERTEX_POINT ( 'NONE', #2569 ) ;
#1820 = PLANE ( 'NONE',  #9987 ) ;
#1821 = APPROVAL_DATE_TIME ( #4217, #6109 ) ;
#1822 = LINE ( 'NONE', #5277, #1522 ) ;
#1823 = CARTESIAN_POINT ( 'NONE',  ( 0.5921259842519689400, 0.05244063622047148700, -0.05787401574803151300 ) ) ;
#1825 = EDGE_CURVE ( 'NONE', #1976, #10953, #6554, .T. ) ;
#1824 = CARTESIAN_POINT ( 'NONE',  ( 0.6196850393703682300, 0.01968503937007875700, -0.04212598425196851400 ) ) ;
#1826 = ORIENTED_EDGE ( 'NONE', *, *, #8404, .F. ) ;
#1827 = ORIENTED_EDGE ( 'NONE', *, *, #7093, .T. ) ;
#1828 = DIRECTION ( 'NONE',  ( -5.876167051565095900E-011, 1.000000000000000000, 0.0000000000000000000 ) ) ;
#1829 = EDGE_CURVE ( 'NONE', #1608, #6767, #8967, .T. ) ;
#1830 = ORIENTED_EDGE ( 'NONE', *, *, #7661, .T. ) ;
#1831 = LINE ( 'NONE', #1689, #10826 ) ;
#1832 = VECTOR ( 'NONE', #167, 39.37007874015748100 ) ;
#1833 = PLANE ( 'NONE',  #1174 ) ;
#1834 = ORIENTED_EDGE ( 'NONE', *, *, #1216, .F. ) ;
#1835 = ORIENTED_EDGE ( 'NONE', *, *, #10786, .F. ) ;
#1836 = LINE ( 'NONE', #1757, #6630 ) ;
#1837 = LINE ( 'NONE', #6812, #1544 ) ;
#1838 = DIRECTION ( 'NONE',  ( -0.0000000000000000000, 0.0000000000000000000, 1.000000000000000000 ) ) ;
#1839 = EDGE_CURVE ( 'NONE', #2875, #7959, #1769, .T. ) ;
#1840 = ORIENTED_EDGE ( 'NONE', *, *, #9041, .F. ) ;
#1841 = PLANE ( 'NONE',  #11646 ) ;
#1842 = DIRECTION ( 'NONE',  ( 0.0000000000000000000, 0.0000000000000000000, 1.000000000000000000 ) ) ;
#1843 = ADVANCED_FACE ( 'NONE', ( #2336 ), #4674, .T. ) ;
#1844 = CARTESIAN_POINT ( 'NONE',  ( 0.6200787401574808800, 0.1339366992125987100, -0.04212598425196851400 ) ) ;
#1845 = VERTEX_POINT ( 'NONE', #7950 ) ;
#1846 = CARTESIAN_POINT ( 'NONE',  ( 0.3200787401574807800, 0.06031465196850320500, -0.04212598425196851400 ) ) ;
#1847 = LINE ( 'NONE', #8016, #3961 ) ;
#1848 = DIRECTION ( 'NONE',  ( 1.000000000000000000, -0.0000000000000000000, 0.0000000000000000000 ) ) ;
#1849 = CIRCLE ( 'NONE', #9599, 0.08668467618110251000 ) ;
#1850 = VERTEX_POINT ( 'NONE', #74 ) ;
#1851 = EDGE_LOOP ( 'NONE', ( #5287, #3206, #5554, #880 ) ) ;
#1852 = CARTESIAN_POINT ( 'NONE',  ( 0.3242125984251974000, 0.1473225259842513800, -0.05787401574803151300 ) ) ;
#1853 = CARTESIAN_POINT ( 'NONE',  ( 0.04985486044048998600, 0.2525113748366323300, -0.05787401574803151300 ) ) ;
#1854 = EDGE_CURVE ( 'NONE', #6461, #10411, #3885, .T. ) ;
#1855 = PLANE ( 'NONE',  #8388 ) ;
#1856 = AXIS2_PLACEMENT_3D ( 'NONE', #3279, #6825, #9583 ) ;
#1857 = ORIENTED_EDGE ( 'NONE', *, *, #9426, .T. ) ;
#1858 = DIRECTION ( 'NONE',  ( 0.1483404520011492900, 0.9889363530076618100, 0.0000000000000000000 ) ) ;
#1859 = LINE ( 'NONE', #3848, #6651 ) ;
#1860 = DIRECTION ( 'NONE',  ( 0.0000000000000000000, 0.0000000000000000000, 1.000000000000000000 ) ) ;
#1861 = FACE_OUTER_BOUND ( 'NONE', #8739, .T. ) ;
#1862 = ORIENTED_EDGE ( 'NONE', *, *, #7217, .T. ) ;
#1863 = ORIENTED_EDGE ( 'NONE', *, *, #4509, .F. ) ;
#1864 = CARTESIAN_POINT ( 'NONE',  ( 0.02007874015748071000, -0.1259842519685042700, -0.04212598425196851400 ) ) ;
#1865 = EDGE_CURVE ( 'NONE', #9187, #10948, #11038, .T. ) ;
#1866 = CARTESIAN_POINT ( 'NONE',  ( 0.07952755905511869900, 0.01968503937007875700, -0.02834645669291339200 ) ) ;
#1867 = LINE ( 'NONE', #4181, #986 ) ;
#1868 = PLANE ( 'NONE',  #5171 ) ;
#1869 = ORIENTED_EDGE ( 'NONE', *, *, #6979, .F. ) ;
#1870 = EDGE_CURVE ( 'NONE', #7692, #6224, #5981, .T. ) ;
#1871 = VECTOR ( 'NONE', #4853, 39.37007874015748100 ) ;
#1872 = VERTEX_POINT ( 'NONE', #2003 ) ;
#1873 = ORIENTED_EDGE ( 'NONE', *, *, #6342, .F. ) ;
#1874 = ORIENTED_EDGE ( 'NONE', *, *, #5454, .F. ) ;
#1875 = AXIS2_PLACEMENT_3D ( 'NONE', #7897, #1603, #7938 ) ;
#1876 = DIRECTION ( 'NONE',  ( 0.0000000000000000000, 0.0000000000000000000, 1.000000000000000000 ) ) ;
#1877 = EDGE_CURVE ( 'NONE', #1593, #7135, #10773, .T. ) ;
#1878 = AXIS2_PLACEMENT_3D ( 'NONE', #7597, #314, #6660 ) ;
#1879 = LINE ( 'NONE', #8740, #6381 ) ;
#1880 = VECTOR ( 'NONE', #8917, 39.37007874015748100 ) ;
#1881 = VERTEX_POINT ( 'NONE', #2655 ) ;
#1882 = DIRECTION ( 'NONE',  ( -0.0000000000000000000, -0.0000000000000000000, 1.000000000000000000 ) ) ;
#1883 = VECTOR ( 'NONE', #10343, 39.37007874015748100 ) ;
#1884 = VERTEX_POINT ( 'NONE', #3436 ) ;
#1885 = ORIENTED_EDGE ( 'NONE', *, *, #7327, .F. ) ;
#1886 = DIRECTION ( 'NONE',  ( -0.0000000000000000000, -0.0000000000000000000, 1.000000000000000000 ) ) ;
#1887 = EDGE_CURVE ( 'NONE', #4894, #10322, #8144, .T. ) ;
#1888 = CIRCLE ( 'NONE', #4848, 0.03976377956692910000 ) ;
#1889 = AXIS2_PLACEMENT_3D ( 'NONE', #4984, #4090, #11257 ) ;
#1890 = CARTESIAN_POINT ( 'NONE',  ( 0.1242125984251973300, 0.1473225259842513800, -0.05787401574803150600 ) ) ;
#1891 = DIRECTION ( 'NONE',  ( 1.000000000000000000, 0.0000000000000000000, -0.0000000000000000000 ) ) ;
#1892 = EDGE_CURVE ( 'NONE', #2741, #4373, #10505, .T. ) ;
#1893 = FACE_OUTER_BOUND ( 'NONE', #2042, .T. ) ;
#1894 = CC_DESIGN_PERSON_AND_ORGANIZATION_ASSIGNMENT ( #520, #3859, ( #7723 ) ) ;
#1895 = EDGE_LOOP ( 'NONE', ( #2055, #11054, #1604, #3602 ) ) ;
#1896 = CARTESIAN_POINT ( 'NONE',  ( 0.4200787401574806500, 0.1339366992125986500, -0.05787401574803150600 ) ) ;
#1897 = LINE ( 'NONE', #7987, #8816 ) ;
#1898 = ORIENTED_EDGE ( 'NONE', *, *, #7188, .F. ) ;
#1899 = ORIENTED_EDGE ( 'NONE', *, *, #9660, .T. ) ;
#1900 = CARTESIAN_POINT ( 'NONE',  ( 0.3748031496062995100, -0.1011811023622053900, -0.05787401574803151300 ) ) ;
#1901 = DIRECTION ( 'NONE',  ( -0.0000000000000000000, -0.0000000000000000000, 1.000000000000000000 ) ) ;
#1902 = DIRECTION ( 'NONE',  ( 0.0000000000000000000, 0.7999999999999998200, -0.6000000000000002000 ) ) ;
#1903 = ADVANCED_FACE ( 'NONE', ( #885 ), #5410, .T. ) ;
#1904 = VECTOR ( 'NONE', #2008, 39.37007874015748100 ) ;
#1905 = PLANE ( 'NONE',  #1960 ) ;
#1906 = VERTEX_POINT ( 'NONE', #9485 ) ;
#1907 = AXIS2_PLACEMENT_3D ( 'NONE', #10785, #10704, #10561 ) ;
#1908 = CARTESIAN_POINT ( 'NONE',  ( 0.2401574803149612300, 0.3149606299212595600, -0.02834645669291339200 ) ) ;
#1910 = DIRECTION ( 'NONE',  ( 0.0000000000000000000, -1.000000000000000000, -0.0000000000000000000 ) ) ;
#1909 = LINE ( 'NONE', #6418, #11173 ) ;
#1911 = VERTEX_POINT ( 'NONE', #1853 ) ;
#1912 = VERTEX_POINT ( 'NONE', #1782 ) ;
#1913 = CARTESIAN_POINT ( 'NONE',  ( 0.02007874015555587500, 0.08959064362175732400, -0.04212598425196851400 ) ) ;
#1914 = LINE ( 'NONE', #7401, #9398 ) ;
#1915 = EDGE_CURVE ( 'NONE', #2088, #1125, #608, .T. ) ;
#1916 = CARTESIAN_POINT ( 'NONE',  ( 0.4795275590551186800, 0.01968503937007875700, -0.07165354330708663400 ) ) ;
#1917 = VECTOR ( 'NONE', #11238, 39.37007874015748900 ) ;
#1918 = DIRECTION ( 'NONE',  ( 0.0000000000000000000, -1.000000000000000000, -0.0000000000000000000 ) ) ;
#1919 = VERTEX_POINT ( 'NONE', #2127 ) ;
#1920 = ORIENTED_EDGE ( 'NONE', *, *, #2258, .T. ) ;
#1921 = LINE ( 'NONE', #4075, #6421 ) ;
#1922 = ORIENTED_EDGE ( 'NONE', *, *, #5053, .T. ) ;
#1924 = PLANE ( 'NONE',  #2412 ) ;
#1923 = VECTOR ( 'NONE', #4934, 39.37007874015748100 ) ;
#1925 = CARTESIAN_POINT ( 'NONE',  ( 0.3999999999985585100, 0.1339366992019233600, -0.04212598425196851400 ) ) ;
#1926 = CARTESIAN_POINT ( 'NONE',  ( 0.2401574803115176200, 0.2890203332166549300, -0.04212598425196852800 ) ) ;
#1927 = DIRECTION ( 'NONE',  ( 0.0000000000000000000, -0.0000000000000000000, 1.000000000000000000 ) ) ;
#1928 = VECTOR ( 'NONE', #5363, 39.37007874015748100 ) ;
#1929 = CARTESIAN_POINT ( 'NONE',  ( 0.4401574803149611600, 0.01968503937007875700, -0.05787401574803151300 ) ) ;
#1930 = EDGE_CURVE ( 'NONE', #11206, #8167, #1464, .T. ) ;
#1931 = EDGE_CURVE ( 'NONE', #5882, #62, #7850, .T. ) ;
#1933 = ORIENTED_EDGE ( 'NONE', *, *, #7554, .T. ) ;
#1932 = AXIS2_PLACEMENT_3D ( 'NONE', #2783, #9085, #3680 ) ;
#1934 = ORIENTED_EDGE ( 'NONE', *, *, #3527, .F. ) ;
#1935 = DIRECTION ( 'NONE',  ( -0.0000000000000000000, -0.0000000000000000000, -1.000000000000000000 ) ) ;
#1936 = PLANE ( 'NONE',  #9980 ) ;
#1937 = LINE ( 'NONE', #2598, #11200 ) ;
#1938 = VECTOR ( 'NONE', #1032, 39.37007874015748100 ) ;
#1939 = CARTESIAN_POINT ( 'NONE',  ( 0.1498548604401489500, 0.2525113748430203900, -0.04212598425196851400 ) ) ;
#1940 = ORIENTED_EDGE ( 'NONE', *, *, #9236, .T. ) ;
#1941 = ORIENTED_EDGE ( 'NONE', *, *, #1150, .F. ) ;
#1942 = EDGE_CURVE ( 'NONE', #10498, #10685, #3044, .T. ) ;
#1943 = VECTOR ( 'NONE', #8993, 39.37007874015748100 ) ;
#1944 = AXIS2_PLACEMENT_3D ( 'NONE', #3062, #9364, #3956 ) ;
#1945 = DIRECTION ( 'NONE',  ( 0.0000000000000000000, 0.0000000000000000000, -1.000000000000000000 ) ) ;
#1946 = CARTESIAN_POINT ( 'NONE',  ( 0.07552289009153219400, 0.1112594903029025100, -0.05787401574803151300 ) ) ;
#1947 = AXIS2_PLACEMENT_3D ( 'NONE', #56, #1876, #10871 ) ;
#1948 = VECTOR ( 'NONE', #10079, 39.37007874015748100 ) ;
#1949 = DIRECTION ( 'NONE',  ( -0.0000000000000000000, 0.0000000000000000000, -1.000000000000000000 ) ) ;
#1950 = ORIENTED_EDGE ( 'NONE', *, *, #6036, .F. ) ;
#1951 = CALENDAR_DATE ( 2016, 19, 8 ) ;
#1952 = VECTOR ( 'NONE', #11082, 39.37007874015748100 ) ;
#1953 = CARTESIAN_POINT ( 'NONE',  ( 0.2196850393700793500, 0.3149606299212595600, -0.05787401574803152000 ) ) ;
#1954 = EDGE_LOOP ( 'NONE', ( #7087, #5829, #7124, #8659 ) ) ;
#1955 = ORIENTED_EDGE ( 'NONE', *, *, #11539, .F. ) ;
#1956 = DIRECTION ( 'NONE',  ( 0.0000000000000000000, 1.000000000000000000, 0.0000000000000000000 ) ) ;
#1957 = EDGE_CURVE ( 'NONE', #5858, #718, #9948, .T. ) ;
#1958 = ADVANCED_FACE ( 'NONE', ( #9661 ), #6045, .F. ) ;
#1959 = CARTESIAN_POINT ( 'NONE',  ( 0.5445558501166435400, 0.1112594900317885300, -0.05787401574803151300 ) ) ;
#1960 = AXIS2_PLACEMENT_3D ( 'NONE', #10861, #83, #6426 ) ;
#1961 = ORIENTED_EDGE ( 'NONE', *, *, #5878, .F. ) ;
#1962 = DIRECTION ( 'NONE',  ( -0.0000000000000000000, 1.000000000000000000, 0.0000000000000000000 ) ) ;
#1963 = EDGE_CURVE ( 'NONE', #5023, #10991, #5132, .T. ) ;
#1964 = AXIS2_PLACEMENT_3D ( 'NONE', #8195, #10862, #965 ) ;
#1966 = CARTESIAN_POINT ( 'NONE',  ( 0.02421259842519729900, 0.1473225259842513800, -0.05787401574803151300 ) ) ;
#1965 = VECTOR ( 'NONE', #3745, 39.37007874015748100 ) ;
#1967 = FACE_OUTER_BOUND ( 'NONE', #241, .T. ) ;
#1968 = EDGE_LOOP ( 'NONE', ( #423, #2596, #9791, #5941 ) ) ;
#1969 = ORIENTED_EDGE ( 'NONE', *, *, #678, .T. ) ;
#1970 = DIRECTION ( 'NONE',  ( 0.04217878999398427100, 0.9991100788575016900, 0.0000000000000000000 ) ) ;
#1971 = VERTEX_POINT ( 'NONE', #1717 ) ;
#1973 = AXIS2_PLACEMENT_3D ( 'NONE', #9717, #10032, #9788 ) ;
#1972 = DIRECTION ( 'NONE',  ( -1.000000000000000000, -0.0000000000000000000, 0.0000000000000000000 ) ) ;
#1974 = VECTOR ( 'NONE', #11602, 39.37007874015748100 ) ;
#1975 = DIRECTION ( 'NONE',  ( -0.7999999999999998200, -0.6000000000000002000, 0.0000000000000000000 ) ) ;
#1976 = VERTEX_POINT ( 'NONE', #3720 ) ;
#1977 = EDGE_CURVE ( 'NONE', #9070, #9999, #22, .T. ) ;
#1978 = PLANE ( 'NONE',  #3773 ) ;
#1979 = ORIENTED_EDGE ( 'NONE', *, *, #9831, .T. ) ;
#1980 = CARTESIAN_POINT ( 'NONE',  ( 0.01968503937015442900, 0.01968503937007875700, -0.05787401574803151300 ) ) ;
#1981 = VECTOR ( 'NONE', #464, 39.37007874015748900 ) ;
#1982 = CARTESIAN_POINT ( 'NONE',  ( 0.6305118110727776500, 0.2965351244027643100, -0.04212598425196851400 ) ) ;
#1983 = LINE ( 'NONE', #184, #8349 ) ;
#1984 = ORIENTED_EDGE ( 'NONE', *, *, #10668, .T. ) ;
#1985 = CARTESIAN_POINT ( 'NONE',  ( 0.02007874015748072800, 0.1339366992125986500, -0.05787401574803150600 ) ) ;
#1986 = EDGE_LOOP ( 'NONE', ( #5506, #8898, #842, #3437 ) ) ;
#1987 = DIRECTION ( 'NONE',  ( -1.000000000000000000, 0.0000000000000000000, 0.0000000000000000000 ) ) ;
#1988 = ORIENTED_EDGE ( 'NONE', *, *, #4540, .T. ) ;
#1989 = EDGE_CURVE ( 'NONE', #7492, #3850, #4855, .T. ) ;
#1990 = CIRCLE ( 'NONE', #3236, 0.03976377952755907200 ) ;
#1991 = DIRECTION ( 'NONE',  ( 0.5144957553867007800, -0.6859943405896316000, -0.5144957554422238100 ) ) ;
#1992 = FACE_BOUND ( 'NONE', #7044, .T. ) ;
#1993 = CARTESIAN_POINT ( 'NONE',  ( 0.07952755905511869900, 0.01968503937007875700, -0.07165354330708663400 ) ) ;
#1994 = VERTEX_POINT ( 'NONE', #5151 ) ;
#1995 = CARTESIAN_POINT ( 'NONE',  ( 0.5826771653543313400, 0.05244063622047148700, -0.04212598425196852100 ) ) ;
#1996 = DIRECTION ( 'NONE',  ( -0.0000000000000000000, -0.0000000000000000000, 1.000000000000000000 ) ) ;
#1997 = VERTEX_POINT ( 'NONE', #4682 ) ;
#1998 = DIRECTION ( 'NONE',  ( -0.0000000000000000000, 0.0000000000000000000, 1.000000000000000000 ) ) ;
#1999 = DIRECTION ( 'NONE',  ( -0.1483404542819061500, 0.9889363526655483600, 0.0000000000000000000 ) ) ;
#2000 = CIRCLE ( 'NONE', #7920, 0.007874015748031449100 ) ;
#2001 = EDGE_LOOP ( 'NONE', ( #9527, #3804, #2953, #7290 ) ) ;
#2002 = VECTOR ( 'NONE', #6837, 39.37007874015748100 ) ;
#2003 = CARTESIAN_POINT ( 'NONE',  ( 0.7000000000000005100, 0.06031465196873454800, -0.05787401574803151300 ) ) ;
#2004 = ORIENTED_EDGE ( 'NONE', *, *, #5141, .F. ) ;
#2005 = ORIENTED_EDGE ( 'NONE', *, *, #150, .F. ) ;
#2006 = DIRECTION ( 'NONE',  ( 0.1483404520264704500, 0.9889363530038636200, 0.0000000000000000000 ) ) ;
#2007 = EDGE_CURVE ( 'NONE', #5011, #10301, #6992, .T. ) ;
#2008 = DIRECTION ( 'NONE',  ( 0.0000000000000000000, -0.0000000000000000000, -1.000000000000000000 ) ) ;
#2009 = DIRECTION ( 'NONE',  ( 0.0000000000000000000, -1.000000000000000000, -0.0000000000000000000 ) ) ;
#2010 = AXIS2_PLACEMENT_3D ( 'NONE', #506, #6849, #1415 ) ;
#2011 = PLANE ( 'NONE',  #3898 ) ;
#2012 = ORIENTED_EDGE ( 'NONE', *, *, #68, .T. ) ;
#2013 = VECTOR ( 'NONE', #1972, 39.37007874015748100 ) ;
#2014 = ADVANCED_FACE ( 'NONE', ( #302 ), #6696, .T. ) ;
#2015 = EDGE_LOOP ( 'NONE', ( #7168, #3547, #5806, #10216 ) ) ;
#2016 = DIRECTION ( 'NONE',  ( 1.000000000000000000, 0.0000000000000000000, 0.0000000000000000000 ) ) ;
#2017 = DIRECTION ( 'NONE',  ( 0.0000000000000000000, 0.0000000000000000000, -1.000000000000000000 ) ) ;
#2018 = FACE_OUTER_BOUND ( 'NONE', #4221, .T. ) ;
#2019 = ORIENTED_EDGE ( 'NONE', *, *, #5756, .T. ) ;
#2020 = ORIENTED_EDGE ( 'NONE', *, *, #11458, .T. ) ;
#2021 = ORIENTED_EDGE ( 'NONE', *, *, #7904, .T. ) ;
#2022 = DESIGN_CONTEXT ( 'detailed design', #6616, 'design' ) ;
#2023 = CARTESIAN_POINT ( 'NONE',  ( 0.6826771653543313200, 0.04456662047243921400, -0.05787401574803151300 ) ) ;
#2025 = FACE_OUTER_BOUND ( 'NONE', #7622, .T. ) ;
#2024 = DIRECTION ( 'NONE',  ( 0.03123475221706862100, 0.9995120760920992400, 0.0000000000000000000 ) ) ;
#2026 = EDGE_CURVE ( 'NONE', #7496, #2825, #11446, .T. ) ;
#2027 = LINE ( 'NONE', #7518, #11295 ) ;
#2028 = ORIENTED_EDGE ( 'NONE', *, *, #9754, .F. ) ;
#2029 = AXIS2_PLACEMENT_3D ( 'NONE', #1633, #7967, #2546 ) ;
#2030 = DIRECTION ( 'NONE',  ( 0.04217878999398427100, 0.9991100788575016900, 0.0000000000000000000 ) ) ;
#2031 = VECTOR ( 'NONE', #10038, 39.37007874015748100 ) ;
#2032 = EDGE_CURVE ( 'NONE', #7355, #6332, #2183, .T. ) ;
#2033 = VERTEX_POINT ( 'NONE', #2928 ) ;
#2034 = VERTEX_POINT ( 'NONE', #3819 ) ;
#2035 = AXIS2_PLACEMENT_3D ( 'NONE', #6648, #4829, #5729 ) ;
#2036 = ADVANCED_FACE ( 'NONE', ( #4305 ), #10135, .T. ) ;
#2037 = ORIENTED_EDGE ( 'NONE', *, *, #1401, .F. ) ;
#2038 = DIRECTION ( 'NONE',  ( 1.000000000000000000, 0.0000000000000000000, 0.0000000000000000000 ) ) ;
#2039 = CARTESIAN_POINT ( 'NONE',  ( 0.1279685040944885700, 0.3149606299212595600, -0.06673228346456693000 ) ) ;
#2040 = DIRECTION ( 'NONE',  ( 0.0000000000000000000, 1.000000000000000000, 0.0000000000000000000 ) ) ;
#2041 = VECTOR ( 'NONE', #1429, 39.37007874015748100 ) ;
#2042 = EDGE_LOOP ( 'NONE', ( #6385, #1307, #6287, #1617 ) ) ;
#2043 = ORIENTED_EDGE ( 'NONE', *, *, #10297, .F. ) ;
#2044 = VECTOR ( 'NONE', #4018, 39.37007874015748900 ) ;
#2045 = ORIENTED_EDGE ( 'NONE', *, *, #3281, .T. ) ;
#2046 = ORIENTED_EDGE ( 'NONE', *, *, #7873, .T. ) ;
#2047 = CARTESIAN_POINT ( 'NONE',  ( 0.7000000000000005100, 0.01968503937007875700, -0.04212598425196851400 ) ) ;
#2048 = CARTESIAN_POINT ( 'NONE',  ( 0.6452755905454444800, -0.1011811023372788100, -0.05787401574803151300 ) ) ;
#2049 = EDGE_CURVE ( 'NONE', #4511, #7758, #9100, .T. ) ;
#2050 = CARTESIAN_POINT ( 'NONE',  ( 0.1374015748031499600, 0.05244063622047107800, -0.05787401574803151300 ) ) ;
#2051 = EDGE_CURVE ( 'NONE', #10060, #7631, #8823, .T. ) ;
#2052 = VECTOR ( 'NONE', #1891, 39.37007874015748100 ) ;
#2053 = DIRECTION ( 'NONE',  ( 1.000000000000000000, -0.0000000000000000000, 0.0000000000000000000 ) ) ;
#2054 = CARTESIAN_POINT ( 'NONE',  ( 0.05098425196850438900, -0.1259842519685042700, -0.05787401574803150600 ) ) ;
#2055 = ORIENTED_EDGE ( 'NONE', *, *, #3522, .T. ) ;
#2056 = ORIENTED_EDGE ( 'NONE', *, *, #7751, .F. ) ;
#2057 = CARTESIAN_POINT ( 'NONE',  ( -0.4999999999999996100, 0.01968503937007875700, -0.04212598425196851400 ) ) ;
#2058 = LINE ( 'NONE', #693, #6857 ) ;
#2059 = ORIENTED_EDGE ( 'NONE', *, *, #5158, .T. ) ;
#2060 = ORIENTED_EDGE ( 'NONE', *, *, #5589, .F. ) ;
#2061 = CARTESIAN_POINT ( 'NONE',  ( 0.4568533023228351100, 0.2494168253937005800, -0.04212598425196852800 ) ) ;
#2062 = VECTOR ( 'NONE', #3409, 39.37007874015748100 ) ;
#2063 = VECTOR ( 'NONE', #9576, 39.37007874015748100 ) ;
#2064 = AXIS2_PLACEMENT_3D ( 'NONE', #11040, #5646, #8375 ) ;
#2065 = CARTESIAN_POINT ( 'NONE',  ( 0.3795275590944885400, 0.05244063622047148700, -0.04212598425196851400 ) ) ;
#2066 = DIRECTION ( 'NONE',  ( 0.0000000000000000000, 0.0000000000000000000, 1.000000000000000000 ) ) ;
#2067 = PLANE ( 'NONE',  #9062 ) ;
#2068 = EDGE_LOOP ( 'NONE', ( #9604, #234, #2975, #7780 ) ) ;
#2069 = ORIENTED_EDGE ( 'NONE', *, *, #1369, .T. ) ;
#2070 = EDGE_CURVE ( 'NONE', #28, #11671, #6403, .T. ) ;
#2071 = ORIENTED_EDGE ( 'NONE', *, *, #7935, .F. ) ;
#2072 = DIRECTION ( 'NONE',  ( 0.2950730660855439000, -0.9554746912769988000, 0.0000000000000000000 ) ) ;
#2073 = FACE_OUTER_BOUND ( 'NONE', #2526, .T. ) ;
#2074 = VECTOR ( 'NONE', #8137, 39.37007874015748100 ) ;
#2075 = CARTESIAN_POINT ( 'NONE',  ( 0.4718503937011968000, 0.2287793731563230700, -0.04212598425196851400 ) ) ;
#2076 = ORIENTED_EDGE ( 'NONE', *, *, #6437, .T. ) ;
#2077 = CARTESIAN_POINT ( 'NONE',  ( -0.4999999999999996100, 0.01968503937007875700, -0.04212598425196851400 ) ) ;
#2078 = DIRECTION ( 'NONE',  ( 0.0000000000000000000, 0.0000000000000000000, 1.000000000000000000 ) ) ;
#2079 = ORIENTED_EDGE ( 'NONE', *, *, #84, .F. ) ;
#2080 = ADVANCED_FACE ( 'NONE', ( #8549 ), #1312, .T. ) ;
#2081 = CARTESIAN_POINT ( 'NONE',  ( 0.4913385826888721500, 0.3346456692974527600, -0.08149606302164476300 ) ) ;
#2082 = DIRECTION ( 'NONE',  ( 0.0000000000000000000, 0.0000000000000000000, 1.000000000000000000 ) ) ;
#2083 = FACE_OUTER_BOUND ( 'NONE', #9074, .T. ) ;
#2084 = CARTESIAN_POINT ( 'NONE',  ( 0.1000000000000005700, 0.01968503937007875700, -0.05787401574803152000 ) ) ;
#2085 = EDGE_CURVE ( 'NONE', #8123, #2604, #4016, .T. ) ;
#2086 = CIRCLE ( 'NONE', #11222, 0.007874015748031449100 ) ;
#2087 = PLANE ( 'NONE',  #8772 ) ;
#2088 = VERTEX_POINT ( 'NONE', #1152 ) ;
#2089 = PERSON_AND_ORGANIZATION_ROLE ( 'creator' ) ;
#2090 = CYLINDRICAL_SURFACE ( 'NONE', #6713, 0.03976377952755907200 ) ;
#2091 = CARTESIAN_POINT ( 'NONE',  ( 0.5795275590551185500, 0.3149606299212595600, -0.07165354330708663400 ) ) ;
#2092 = ADVANCED_FACE ( 'NONE', ( #1613 ), #9310, .F. ) ;
#2093 = CARTESIAN_POINT ( 'NONE',  ( 0.07480314962278843100, -0.1259842519685042700, -0.04212598425196851400 ) ) ;
#2094 = DIRECTION ( 'NONE',  ( 0.0000000000000000000, 0.0000000000000000000, 1.000000000000000000 ) ) ;
#2095 = EDGE_LOOP ( 'NONE', ( #1036, #10449, #8777, #4610 ) ) ;
#2096 = EDGE_CURVE ( 'NONE', #6085, #5797, #5827, .T. ) ;
#2097 = LINE ( 'NONE', #7214, #6898 ) ;
#2098 = CARTESIAN_POINT ( 'NONE',  ( 0.6305118110806713400, 0.2965351243980127700, -0.05787401574803151300 ) ) ;
#2099 = VERTEX_POINT ( 'NONE', #5691 ) ;
#2100 = CARTESIAN_POINT ( 'NONE',  ( 0.4702238798032181100, 0.2525113753601319100, -0.04212598425196852800 ) ) ;
#2101 = EDGE_CURVE ( 'NONE', #4011, #1105, #8270, .T. ) ;
#2102 = AXIS2_PLACEMENT_3D ( 'NONE', #7552, #2129, #8459 ) ;
#2103 = APPROVAL_PERSON_ORGANIZATION ( #4491, #6109, #7503 ) ;
#2104 = PLANE ( 'NONE',  #8041 ) ;
#2105 = CIRCLE ( 'NONE', #3532, 0.007874015748031449100 ) ;
#2106 = CARTESIAN_POINT ( 'NONE',  ( 0.3374015748031499200, 0.05244063622047114000, -0.05787401574803151300 ) ) ;
#2107 = AXIS2_PLACEMENT_3D ( 'NONE', #11694, #9078, #3674 ) ;
#2108 = EDGE_LOOP ( 'NONE', ( #8581, #5990, #4654, #6480, #915, #4804, #7241, #4004, #6665, #9441, #7147, #2888 ) ) ;
#2109 = ORIENTED_EDGE ( 'NONE', *, *, #2248, .T. ) ;
#2110 = ORIENTED_EDGE ( 'NONE', *, *, #10340, .F. ) ;
#2111 = CARTESIAN_POINT ( 'NONE',  ( -0.4999999999999996100, 0.01968503937007875700, -0.02834645669291339200 ) ) ;
#2112 = VECTOR ( 'NONE', #3434, 39.37007874015748100 ) ;
#2113 = CYLINDRICAL_SURFACE ( 'NONE', #1324, 0.09219577657480328100 ) ;
#2114 = EDGE_CURVE ( 'NONE', #11468, #8672, #10633, .T. ) ;
#2115 = EDGE_LOOP ( 'NONE', ( #10237, #8629, #819, #640 ) ) ;
#2116 = CARTESIAN_POINT ( 'NONE',  ( 0.6000000000000003100, 0.3149606299212595600, -0.04212598425196851400 ) ) ;
#2117 = DIRECTION ( 'NONE',  ( 0.0000000000000000000, 0.0000000000000000000, -1.000000000000000000 ) ) ;
#2118 = AXIS2_PLACEMENT_3D ( 'NONE', #4523, #10815, #5419 ) ;
#2119 = CARTESIAN_POINT ( 'NONE',  ( 0.2690944881892519100, -0.1259842519673083900, -0.04212598425196851400 ) ) ;
#2120 = EDGE_CURVE ( 'NONE', #10049, #3174, #3454, .T. ) ;
#2121 = ORIENTED_EDGE ( 'NONE', *, *, #6571, .T. ) ;
#2122 = DIRECTION ( 'NONE',  ( 1.000000000000000000, 0.0000000000000000000, 0.0000000000000000000 ) ) ;
#2123 = LINE ( 'NONE', #5319, #6925 ) ;
#2124 = FACE_OUTER_BOUND ( 'NONE', #5079, .T. ) ;
#2125 = EDGE_LOOP ( 'NONE', ( #6233, #4693, #3563, #10759 ) ) ;
#2126 = APPROVAL_ROLE ( '' ) ;
#2127 = CARTESIAN_POINT ( 'NONE',  ( 0.07952755905511869900, 0.3149606299212595600, -0.04212598425196851400 ) ) ;
#2128 = DIRECTION ( 'NONE',  ( -0.0000000000000000000, 0.0000000000000000000, 1.000000000000000000 ) ) ;
#2129 = DIRECTION ( 'NONE',  ( -0.0000000000000000000, -0.0000000000000000000, 1.000000000000000000 ) ) ;
#2130 = ORIENTED_EDGE ( 'NONE', *, *, #10090, .T. ) ;
#2132 = AXIS2_PLACEMENT_3D ( 'NONE', #6578, #6558, #6531 ) ;
#2131 = CARTESIAN_POINT ( 'NONE',  ( 0.2088916445275591500, 0.2617829512992116400, -0.04212598425196852800 ) ) ;
#2133 = LINE ( 'NONE', #11550, #11666 ) ;
#2134 = CARTESIAN_POINT ( 'NONE',  ( 0.1401574803149614700, 0.01968503937007875700, -0.04212598425196851400 ) ) ;
#2135 = FACE_OUTER_BOUND ( 'NONE', #1579, .T. ) ;
#2136 = EDGE_CURVE ( 'NONE', #10051, #3080, #7994, .T. ) ;
#2137 = ORIENTED_EDGE ( 'NONE', *, *, #10586, .T. ) ;
#2138 = ADVANCED_FACE ( 'NONE', ( #3184 ), #7592, .F. ) ;
#2139 = DIRECTION ( 'NONE',  ( -0.0000000000000000000, 0.0000000000000000000, 1.000000000000000000 ) ) ;
#2140 = ORIENTED_EDGE ( 'NONE', *, *, #6179, .T. ) ;
#2141 = DIRECTION ( 'NONE',  ( 0.0000000000000000000, 0.0000000000000000000, 1.000000000000000000 ) ) ;
#2142 = DIRECTION ( 'NONE',  ( 0.0000000000000000000, 0.0000000000000000000, -1.000000000000000000 ) ) ;
#2143 = DIRECTION ( 'NONE',  ( 0.0000000000000000000, -0.6000000000000002000, 0.7999999999999998200 ) ) ;
#2144 = VECTOR ( 'NONE', #1996, 39.37007874015748100 ) ;
#2145 = LINE ( 'NONE', #3754, #11401 ) ;
#2146 = VERTEX_POINT ( 'NONE', #1238 ) ;
#2147 = ORIENTED_EDGE ( 'NONE', *, *, #8379, .T. ) ;
#2148 = CARTESIAN_POINT ( 'NONE',  ( 0.6200787401574808800, 0.06031465196850320500, -0.04212598425196851400 ) ) ;
#2149 = ADVANCED_FACE ( 'NONE', ( #7700 ), #11153, .F. ) ;
#2150 = EDGE_CURVE ( 'NONE', #7979, #9858, #1018, .T. ) ;
#2151 = AXIS2_PLACEMENT_3D ( 'NONE', #462, #11291, #5912 ) ;
#2152 = DIRECTION ( 'NONE',  ( -0.9995120760675666500, -0.03123475300211145400, 0.0000000000000000000 ) ) ;
#2153 = VECTOR ( 'NONE', #8532, 39.37007874015748100 ) ;
#2154 = DIRECTION ( 'NONE',  ( -1.000000000000000000, 0.0000000000000000000, -0.0000000000000000000 ) ) ;
#2155 = EDGE_LOOP ( 'NONE', ( #313, #11299, #3786, #1208 ) ) ;
#2156 = CARTESIAN_POINT ( 'NONE',  ( 0.03740157480314985900, 0.04456662047243921400, -0.04212598425196852800 ) ) ;
#2157 = VECTOR ( 'NONE', #238, 39.37007874015748100 ) ;
#2158 = VERTEX_POINT ( 'NONE', #2207 ) ;
#2159 = ORIENTED_EDGE ( 'NONE', *, *, #7376, .F. ) ;
#2160 = ORIENTED_EDGE ( 'NONE', *, *, #1756, .T. ) ;
#2161 = CARTESIAN_POINT ( 'NONE',  ( 0.3795275590551186500, 0.01968503937007875700, -0.02598425196850394400 ) ) ;
#2162 = VECTOR ( 'NONE', #10451, 39.37007874015748100 ) ;
#2163 = VECTOR ( 'NONE', #7831, 39.37007874015748100 ) ;
#2164 = ORIENTED_EDGE ( 'NONE', *, *, #10478, .T. ) ;
#2165 = EDGE_CURVE ( 'NONE', #10822, #8519, #2892, .T. ) ;
#2166 = LINE ( 'NONE', #9451, #1883 ) ;
#2167 = CARTESIAN_POINT ( 'NONE',  ( 0.4895669291338587400, 0.2965351244488186300, -0.05787401574803151300 ) ) ;
#2168 = ORIENTED_EDGE ( 'NONE', *, *, #4101, .T. ) ;
#2169 = ORIENTED_EDGE ( 'NONE', *, *, #9180, .T. ) ;
#2170 = CARTESIAN_POINT ( 'NONE',  ( 0.04015748031496117800, 0.01968503937007875700, -0.05787401574803152000 ) ) ;
#2171 = CARTESIAN_POINT ( 'NONE',  ( 0.1374015748031498800, 0.04456662047243921400, -0.05787401574803151300 ) ) ;
#2172 = LINE ( 'NONE', #2644, #11432 ) ;
#2173 = DIRECTION ( 'NONE',  ( 0.0000000000000000000, 0.0000000000000000000, -1.000000000000000000 ) ) ;
#2174 = VECTOR ( 'NONE', #10757, 39.37007874015748900 ) ;
#2175 = VERTEX_POINT ( 'NONE', #6698 ) ;
#2176 = DIRECTION ( 'NONE',  ( 0.0000000000000000000, 0.0000000000000000000, 1.000000000000000000 ) ) ;
#2178 = DIRECTION ( 'NONE',  ( 1.000000000000000000, 0.0000000000000000000, -0.0000000000000000000 ) ) ;
#2177 = LINE ( 'NONE', #9731, #11437 ) ;
#2179 = ORIENTED_EDGE ( 'NONE', *, *, #5603, .F. ) ;
#2180 = ORIENTED_EDGE ( 'NONE', *, *, #10379, .T. ) ;
#2181 = CARTESIAN_POINT ( 'NONE',  ( 0.07480314960629971800, 0.04456662047243921400, -0.04212598425196851400 ) ) ;
#2182 = EDGE_CURVE ( 'NONE', #8607, #8260, #10080, .T. ) ;
#2183 = LINE ( 'NONE', #6495, #1904 ) ;
#2184 = AXIS2_PLACEMENT_3D ( 'NONE', #4073, #5865, #448 ) ;
#2185 = DIRECTION ( 'NONE',  ( 0.0000000000000000000, -1.000000000000000000, -0.0000000000000000000 ) ) ;
#2186 = EDGE_CURVE ( 'NONE', #8598, #10511, #450, .T. ) ;
#2187 = CARTESIAN_POINT ( 'NONE',  ( 0.2401574803149612300, 0.01968503937007875700, -0.02598425196850394400 ) ) ;
#2188 = AXIS2_PLACEMENT_3D ( 'NONE', #10450, #5049, #11331 ) ;
#2189 = ORIENTED_EDGE ( 'NONE', *, *, #34, .F. ) ;
#2190 = ORIENTED_EDGE ( 'NONE', *, *, #3484, .T. ) ;
#2191 = LINE ( 'NONE', #957, #4859 ) ;
#2192 = ORIENTED_EDGE ( 'NONE', *, *, #1005, .F. ) ;
#2193 = VERTEX_POINT ( 'NONE', #4911 ) ;
#2195 = DIRECTION ( 'NONE',  ( 0.03123475300211145000, -0.9995120760675665400, 0.0000000000000000000 ) ) ;
#2194 = FACE_OUTER_BOUND ( 'NONE', #7121, .T. ) ;
#2196 = ADVANCED_FACE ( 'NONE', ( #7417 ), #9523, .F. ) ;
#2197 = CARTESIAN_POINT ( 'NONE',  ( 0.07952755905511869900, 0.3149606299212595600, -0.07165354330708663400 ) ) ;
#2198 = CARTESIAN_POINT ( 'NONE',  ( 0.1568533023228350100, 0.2494168253937005800, -0.04212598425196851400 ) ) ;
#2199 = LINE ( 'NONE', #11463, #5144 ) ;
#2200 = ORIENTED_EDGE ( 'NONE', *, *, #8444, .T. ) ;
#2201 = DIRECTION ( 'NONE',  ( -1.000000000000000000, -0.0000000000000000000, 0.0000000000000000000 ) ) ;
#2202 = AXIS2_PLACEMENT_3D ( 'NONE', #1747, #1790, #4274 ) ;
#2203 = FACE_OUTER_BOUND ( 'NONE', #4506, .T. ) ;
#2204 = VERTEX_POINT ( 'NONE', #6778 ) ;
#2205 = VECTOR ( 'NONE', #6725, 39.37007874015748100 ) ;
#2206 = EDGE_CURVE ( 'NONE', #11126, #5359, #4987, .T. ) ;
#2207 = CARTESIAN_POINT ( 'NONE',  ( 0.5452755905492693300, -0.1011811023422312400, -0.04212598425196851400 ) ) ;
#2208 = ADVANCED_FACE ( 'NONE', ( #158 ), #11574, .T. ) ;
#2209 = CARTESIAN_POINT ( 'NONE',  ( 0.1279527559055121900, 0.05244063622047148700, -0.05787401574803151300 ) ) ;
#2210 = VECTOR ( 'NONE', #5982, 39.37007874015748100 ) ;
#2211 = DIRECTION ( 'NONE',  ( -1.000000000000000000, 0.0000000000000000000, -0.0000000000000000000 ) ) ;
#2212 = ORIENTED_EDGE ( 'NONE', *, *, #9165, .T. ) ;
#2213 = DIRECTION ( 'NONE',  ( 0.0000000000000000000, -1.000000000000000000, 0.0000000000000000000 ) ) ;
#2214 = ORIENTED_EDGE ( 'NONE', *, *, #7171, .F. ) ;
#2215 = DIRECTION ( 'NONE',  ( 0.0000000000000000000, -0.0000000000000000000, -1.000000000000000000 ) ) ;
#2216 = LINE ( 'NONE', #9688, #9420 ) ;
#2217 = DIRECTION ( 'NONE',  ( -1.000000000000000000, 0.0000000000000000000, -0.0000000000000000000 ) ) ;
#2218 = PLANE ( 'NONE',  #1695 ) ;
#2219 = CARTESIAN_POINT ( 'NONE',  ( 0.2958661417716760800, 0.1473225259859145300, -0.04212598425196851400 ) ) ;
#2220 = LINE ( 'NONE', #6220, #9422 ) ;
#2221 = EDGE_CURVE ( 'NONE', #3497, #2445, #2611, .T. ) ;
#2222 = CARTESIAN_POINT ( 'NONE',  ( 0.5374015748031500900, 0.04456662047243921400, -0.05787401574803151300 ) ) ;
#2223 = CARTESIAN_POINT ( 'NONE',  ( 0.7196850393700799900, 0.3346456692913383200, 0.0000000000000000000 ) ) ;
#2224 = ORIENTED_EDGE ( 'NONE', *, *, #4986, .T. ) ;
#2225 = ORIENTED_EDGE ( 'NONE', *, *, #7711, .F. ) ;
#2226 = CARTESIAN_POINT ( 'NONE',  ( 0.5196850393706122800, 0.09221531551194356300, -0.05787401574803152000 ) ) ;
#2227 = LINE ( 'NONE', #1773, #1943 ) ;
#2228 = CIRCLE ( 'NONE', #2811, 0.08668467618110251000 ) ;
#2229 = DIRECTION ( 'NONE',  ( -1.000000000000000000, 0.0000000000000000000, 0.0000000000000000000 ) ) ;
#2230 = CARTESIAN_POINT ( 'NONE',  ( 0.7568533023228352100, 0.2494168253937005800, -0.05787401574803151300 ) ) ;
#2231 = ORIENTED_EDGE ( 'NONE', *, *, #1829, .F. ) ;
#2232 = CARTESIAN_POINT ( 'NONE',  ( 0.6431102362204729200, 0.3149606299212595600, -0.06673228346456693000 ) ) ;
#2233 = PERSON_AND_ORGANIZATION ( #4812, #2956 ) ;
#2234 = EDGE_CURVE ( 'NONE', #3515, #5800, #4707, .T. ) ;
#2235 = FACE_OUTER_BOUND ( 'NONE', #9167, .T. ) ;
#2236 = AXIS2_PLACEMENT_3D ( 'NONE', #7295, #1882, #8210 ) ;
#2237 = CARTESIAN_POINT ( 'NONE',  ( 0.4795275590551186800, 0.01968503937007875700, -0.02834645669291339200 ) ) ;
#2238 = CARTESIAN_POINT ( 'NONE',  ( 0.5401574803149611400, 0.3149606299212595600, -0.05787401574803152000 ) ) ;
#2239 = EDGE_LOOP ( 'NONE', ( #2430, #3718, #11144, #7048 ) ) ;
#2240 = ORIENTED_EDGE ( 'NONE', *, *, #10167, .F. ) ;
#2241 = ORIENTED_EDGE ( 'NONE', *, *, #10930, .F. ) ;
#2242 = CARTESIAN_POINT ( 'NONE',  ( 0.6795275590551186400, 0.3149606299212595600, -0.07165354330708663400 ) ) ;
#2243 = CARTESIAN_POINT ( 'NONE',  ( 0.2374015748031499100, 0.04456662047243921400, -0.04212598425196851400 ) ) ;
#2244 = CARTESIAN_POINT ( 'NONE',  ( 0.2498548604404900500, 0.2525113748366322700, -0.05787401574803151300 ) ) ;
#2245 = VECTOR ( 'NONE', #10011, 39.37007874015748100 ) ;
#2246 = PLANE ( 'NONE',  #9337 ) ;
#2247 = VECTOR ( 'NONE', #2185, 39.37007874015748100 ) ;
#2248 = EDGE_CURVE ( 'NONE', #8608, #5553, #9238, .T. ) ;
#2249 = DIRECTION ( 'NONE',  ( 0.0000000000000000000, -1.000000000000000000, -0.0000000000000000000 ) ) ;
#2250 = CARTESIAN_POINT ( 'NONE',  ( 0.2000000000000004600, -0.1259842519685042700, -0.04212598425196851400 ) ) ;
#2251 = EDGE_LOOP ( 'NONE', ( #10899, #6987, #7056, #11622 ) ) ;
#2252 = ADVANCED_FACE ( 'NONE', ( #4433 ), #2324, .F. ) ;
#2253 = PLANE ( 'NONE',  #1095 ) ;
#2254 = EDGE_CURVE ( 'NONE', #2943, #2389, #8954, .T. ) ;
#2255 = AXIS2_PLACEMENT_3D ( 'NONE', #4975, #11251, #5876 ) ;
#2256 = ORIENTED_EDGE ( 'NONE', *, *, #7941, .F. ) ;
#2257 = DIRECTION ( 'NONE',  ( 1.000000000000000000, 0.0000000000000000000, 0.0000000000000000000 ) ) ;
#2258 = EDGE_CURVE ( 'NONE', #11074, #951, #2322, .T. ) ;
#2259 = VECTOR ( 'NONE', #10980, 39.37007874015748100 ) ;
#2261 = DIRECTION ( 'NONE',  ( -0.0000000000000000000, -1.000000000000000000, -0.0000000000000000000 ) ) ;
#2260 = AXIS2_PLACEMENT_3D ( 'NONE', #10699, #5301, #11571 ) ;
#2262 = VECTOR ( 'NONE', #6073, 39.37007874015748100 ) ;
#2263 = CARTESIAN_POINT ( 'NONE',  ( 0.06909448818906227500, -0.1259842519683448100, -0.05787401574803150600 ) ) ;
#2264 = ORIENTED_EDGE ( 'NONE', *, *, #2408, .F. ) ;
#2265 = CARTESIAN_POINT ( 'NONE',  ( 0.5702238798032182000, 0.2525113753601322400, -0.05787401574803151300 ) ) ;
#2266 = ADVANCED_FACE ( 'NONE', ( #6543 ), #2366, .F. ) ;
#2267 = ORIENTED_EDGE ( 'NONE', *, *, #9831, .F. ) ;
#2268 = VECTOR ( 'NONE', #5016, 39.37007874015748100 ) ;
#2269 = EDGE_CURVE ( 'NONE', #5891, #3959, #11030, .T. ) ;
#2270 = DIRECTION ( 'NONE',  ( -0.0000000000000000000, -0.0000000000000000000, -1.000000000000000000 ) ) ;
#2271 = VECTOR ( 'NONE', #985, 39.37007874015748100 ) ;
#2272 = ORIENTED_EDGE ( 'NONE', *, *, #5483, .T. ) ;
#2273 = DIRECTION ( 'NONE',  ( -1.000000000000000000, -0.0000000000000000000, 0.0000000000000000000 ) ) ;
#2274 = DIRECTION ( 'NONE',  ( 0.5144957554261484500, -0.6859943405706965300, -0.5144957554280229500 ) ) ;
#2275 = VERTEX_POINT ( 'NONE', #6901 ) ;
#2276 = EDGE_CURVE ( 'NONE', #5936, #9825, #3874, .T. ) ;
#2277 = CC_DESIGN_APPROVAL ( #1664, ( #1030 ) ) ;
#2278 = CARTESIAN_POINT ( 'NONE',  ( 0.4921259842519688000, 0.05244063622047148700, -0.05787401574803151300 ) ) ;
#2279 = VERTEX_POINT ( 'NONE', #551 ) ;
#2280 = DIRECTION ( 'NONE',  ( -1.000000000000000000, 0.0000000000000000000, 0.0000000000000000000 ) ) ;
#2281 = FACE_OUTER_BOUND ( 'NONE', #4369, .T. ) ;
#2282 = VECTOR ( 'NONE', #7669, 39.37007874015748100 ) ;
#2283 = EDGE_LOOP ( 'NONE', ( #4749, #1118, #1001, #7833, #10204, #5751, #6265, #1309 ) ) ;
#2284 = EDGE_LOOP ( 'NONE', ( #3897, #11580, #3863, #3188 ) ) ;
#2285 = DIRECTION ( 'NONE',  ( 0.0000000000000000000, 0.0000000000000000000, 1.000000000000000000 ) ) ;
#2286 = DIRECTION ( 'NONE',  ( 0.0000000000000000000, -1.000000000000000000, -0.0000000000000000000 ) ) ;
#2288 = AXIS2_PLACEMENT_3D ( 'NONE', #6874, #10600, #6834 ) ;
#2287 = CARTESIAN_POINT ( 'NONE',  ( 0.4401574803149611600, 0.3149606299212595600, -0.07165354330708663400 ) ) ;
#2289 = CARTESIAN_POINT ( 'NONE',  ( 0.5200787401574809000, 0.1339366992125986500, -0.05787401574803150600 ) ) ;
#2290 = EDGE_CURVE ( 'NONE', #9240, #10246, #8678, .T. ) ;
#2291 = LINE ( 'NONE', #10664, #9488 ) ;
#2292 = ORIENTED_EDGE ( 'NONE', *, *, #1648, .F. ) ;
#2293 = VECTOR ( 'NONE', #8613, 39.37007874015748100 ) ;
#2294 = ORIENTED_EDGE ( 'NONE', *, *, #11657, .T. ) ;
#2295 = ORIENTED_EDGE ( 'NONE', *, *, #6941, .F. ) ;
#2296 = DIRECTION ( 'NONE',  ( 1.000000000000000000, 0.0000000000000000000, 0.0000000000000000000 ) ) ;
#2297 = CARTESIAN_POINT ( 'NONE',  ( 0.5913385826699630900, 0.3346456692917118000, -0.08149606299240608200 ) ) ;
#2298 = CARTESIAN_POINT ( 'NONE',  ( 0.1200787401574956300, 0.1053386751215868200, -0.04212598425196851400 ) ) ;
#2299 = LINE ( 'NONE', #4640, #4685 ) ;
#2300 = VERTEX_POINT ( 'NONE', #4215 ) ;
#2301 = VECTOR ( 'NONE', #3411, 39.37007874015748100 ) ;
#2302 = VERTEX_POINT ( 'NONE', #8718 ) ;
#2303 = EDGE_LOOP ( 'NONE', ( #3034, #11175, #10754, #798 ) ) ;
#2304 = VERTEX_POINT ( 'NONE', #5098 ) ;
#2305 = EDGE_CURVE ( 'NONE', #4602, #6282, #1161, .T. ) ;
#2306 = EDGE_CURVE ( 'NONE', #2494, #5877, #3589, .T. ) ;
#2307 = AXIS2_PLACEMENT_3D ( 'NONE', #10369, #4958, #11237 ) ;
#2308 = CARTESIAN_POINT ( 'NONE',  ( 0.6921259842519690300, 0.05244063622047148700, -0.05787401574803151300 ) ) ;
#2309 = DIRECTION ( 'NONE',  ( -0.5144957553993131400, -0.6859943405835776700, 0.5144957554376833300 ) ) ;
#2310 = ADVANCED_FACE ( 'NONE', ( #6259 ), #1519, .F. ) ;
#2311 = LINE ( 'NONE', #3843, #8942 ) ;
#2312 = DIRECTION ( 'NONE',  ( 0.0000000000000000000, 1.000000000000000000, 0.0000000000000000000 ) ) ;
#2313 = LINE ( 'NONE', #6629, #4697 ) ;
#2314 = CARTESIAN_POINT ( 'NONE',  ( 0.5748031496062999700, 0.04456662047243921400, -0.04212598425196851400 ) ) ;
#2315 = VERTEX_POINT ( 'NONE', #6943 ) ;
#2316 = LINE ( 'NONE', #7331, #4423 ) ;
#2317 = ORIENTED_EDGE ( 'NONE', *, *, #10908, .T. ) ;
#2318 = ORIENTED_EDGE ( 'NONE', *, *, #6924, .T. ) ;
#2319 = CARTESIAN_POINT ( 'NONE',  ( 0.3305118110767169000, 0.2965351244002115700, -0.04212598425196852800 ) ) ;
#2320 = DIRECTION ( 'NONE',  ( 0.2242946050387554200, 0.9745213851683853800, 0.0000000000000000000 ) ) ;
#2321 = EDGE_CURVE ( 'NONE', #10364, #11154, #5968, .T. ) ;
#2322 = LINE ( 'NONE', #5928, #4152 ) ;
#2323 = EDGE_CURVE ( 'NONE', #2175, #10917, #11301, .T. ) ;
#2324 = PLANE ( 'NONE',  #10518 ) ;
#2325 = ADVANCED_FACE ( 'NONE', ( #5676 ), #5399, .T. ) ;
#2326 = DIRECTION ( 'NONE',  ( 0.0000000000000000000, 0.0000000000000000000, 1.000000000000000000 ) ) ;
#2327 = ORIENTED_EDGE ( 'NONE', *, *, #646, .T. ) ;
#2328 = ORIENTED_EDGE ( 'NONE', *, *, #9701, .F. ) ;
#2329 = CARTESIAN_POINT ( 'NONE',  ( 0.6431102362204729200, 0.3149606299212595600, -0.06673228346456693000 ) ) ;
#2330 = CARTESIAN_POINT ( 'NONE',  ( 0.04015748031496117800, 0.01968503937007875700, -0.04212598425196851400 ) ) ;
#2331 = CYLINDRICAL_SURFACE ( 'NONE', #5703, 0.007874015748031584400 ) ;
#2332 = ORIENTED_EDGE ( 'NONE', *, *, #10320, .F. ) ;
#2333 = ORIENTED_EDGE ( 'NONE', *, *, #837, .F. ) ;
#2334 = AXIS2_PLACEMENT_3D ( 'NONE', #6027, #618, #6961 ) ;
#2335 = CARTESIAN_POINT ( 'NONE',  ( 0.6088916445275595100, 0.2617829512992116400, -0.05787401574803151300 ) ) ;
#2336 = FACE_OUTER_BOUND ( 'NONE', #8750, .T. ) ;
#2337 = CARTESIAN_POINT ( 'NONE',  ( 0.2401574803149612300, 0.01968503937007875700, -0.04212598425196851400 ) ) ;
#2338 = DIRECTION ( 'NONE',  ( 0.0000000000000000000, 0.0000000000000000000, -1.000000000000000000 ) ) ;
#2339 = EDGE_LOOP ( 'NONE', ( #3354, #3631, #10798, #6298, #4195, #6880, #9275, #9558, #10390, #5868, #1940, #11476, #2224, #7310, #9703, #7606, #650, #7885, #10266, #3362, #5732, #3640, #6015, #3921, #2659, #5032, #505 ) ) ;
#2340 = ORIENTED_EDGE ( 'NONE', *, *, #2658, .F. ) ;
#2341 = CARTESIAN_POINT ( 'NONE',  ( 0.05098425197893301900, -0.1259842519665450300, -0.04212598425196851400 ) ) ;
#2342 = VECTOR ( 'NONE', #5159, 39.37007874015748100 ) ;
#2343 = VERTEX_POINT ( 'NONE', #4296 ) ;
#2344 = ORIENTED_EDGE ( 'NONE', *, *, #1989, .F. ) ;
#2345 = EDGE_CURVE ( 'NONE', #9998, #10363, #8129, .T. ) ;
#2346 = VECTOR ( 'NONE', #2460, 39.37007874015748100 ) ;
#2347 = AXIS2_PLACEMENT_3D ( 'NONE', #7753, #3245, #9553 ) ;
#2348 = CARTESIAN_POINT ( 'NONE',  ( 0.5913385826688498700, 0.3346456692933741400, -0.01850393700808290700 ) ) ;
#2349 = EDGE_CURVE ( 'NONE', #5090, #2527, #7837, .T. ) ;
#2350 = CIRCLE ( 'NONE', #7595, 0.03976377952755907200 ) ;
#2351 = ORIENTED_EDGE ( 'NONE', *, *, #304, .F. ) ;
#2352 = ORIENTED_EDGE ( 'NONE', *, *, #6079, .F. ) ;
#2353 = DIRECTION ( 'NONE',  ( -0.0000000000000000000, 0.0000000000000000000, 1.000000000000000000 ) ) ;
#2354 = VERTEX_POINT ( 'NONE', #2519 ) ;
#2355 = CARTESIAN_POINT ( 'NONE',  ( 0.2795275590551185000, 0.01968503937007875700, -0.05787401574803152000 ) ) ;
#2356 = CARTESIAN_POINT ( 'NONE',  ( 0.3111870956299217000, 0.2617829512992116400, -0.05787401574803151300 ) ) ;
#2357 = CYLINDRICAL_SURFACE ( 'NONE', #1177, 0.007874015748031449100 ) ;
#2358 = LINE ( 'NONE', #3458, #11337 ) ;
#2359 = CARTESIAN_POINT ( 'NONE',  ( 0.02796850405511822800, 0.3346456692924333300, -0.01850393700705252000 ) ) ;
#2360 = AXIS2_PLACEMENT_3D ( 'NONE', #7429, #7663, #9981 ) ;
#2361 = CARTESIAN_POINT ( 'NONE',  ( 0.3913385826771659200, 0.3346456692913383200, -0.08149606299212601400 ) ) ;
#2362 = ORIENTED_EDGE ( 'NONE', *, *, #2709, .T. ) ;
#2363 = EDGE_CURVE ( 'NONE', #3314, #4205, #10221, .T. ) ;
#2364 = VERTEX_POINT ( 'NONE', #1600 ) ;
#2365 = VECTOR ( 'NONE', #10994, 39.37007874015748100 ) ;
#2366 = PLANE ( 'NONE',  #11673 ) ;
#2367 = DIRECTION ( 'NONE',  ( 0.0000000000000000000, 1.000000000000000000, 0.0000000000000000000 ) ) ;
#2368 = VECTOR ( 'NONE', #5980, 39.37007874015748100 ) ;
#2369 = CARTESIAN_POINT ( 'NONE',  ( 0.6200787401574809900, -0.1574803149606300600, -0.04212598425196851400 ) ) ;
#2370 = ADVANCED_FACE ( 'NONE', ( #5119 ), #10589, .T. ) ;
#2371 = EDGE_LOOP ( 'NONE', ( #1863, #6657, #9059, #4536 ) ) ;
#2372 = CARTESIAN_POINT ( 'NONE',  ( 0.2279685038188983800, 0.3149606299222453300, -0.06673228346530621400 ) ) ;
#2373 = PLANE ( 'NONE',  #6572 ) ;
#2374 = VECTOR ( 'NONE', #8724, 39.37007874015748100 ) ;
#2375 = DIRECTION ( 'NONE',  ( 0.03123475260614228700, -0.9995120760799406400, 0.0000000000000000000 ) ) ;
#2376 = ORIENTED_EDGE ( 'NONE', *, *, #1338, .F. ) ;
#2377 = EDGE_CURVE ( 'NONE', #6644, #3061, #9936, .T. ) ;
#2378 = CARTESIAN_POINT ( 'NONE',  ( 0.1401574803115171700, 0.2890203332166554300, -0.05787401574803151300 ) ) ;
#2379 = FACE_OUTER_BOUND ( 'NONE', #10280, .T. ) ;
#2380 = ORIENTED_EDGE ( 'NONE', *, *, #811, .F. ) ;
#2381 = PLANE ( 'NONE',  #2940 ) ;
#2382 = ADVANCED_FACE ( 'NONE', ( #593 ), #2558, .F. ) ;
#2383 = COORDINATED_UNIVERSAL_TIME_OFFSET ( 8, 0, .BEHIND. ) ;
#2384 = LINE ( 'NONE', #6106, #11365 ) ;
#2385 = EDGE_LOOP ( 'NONE', ( #1816, #10106, #3191, #9459 ) ) ;
#2386 = CARTESIAN_POINT ( 'NONE',  ( 0.4600393700787407400, 0.1141337039370070900, -0.05787401574803151300 ) ) ;
#2387 = DIRECTION ( 'NONE',  ( -0.0000000000000000000, 0.0000000000000000000, 1.000000000000000000 ) ) ;
#2388 = CARTESIAN_POINT ( 'NONE',  ( 0.1305118110806712800, 0.2965351243980126600, -0.05787401574803151300 ) ) ;
#2389 = VERTEX_POINT ( 'NONE', #1645 ) ;
#2390 = CARTESIAN_POINT ( 'NONE',  ( 0.1279527559055121900, 0.05244063622047148700, -0.04212598425196851400 ) ) ;
#2391 = DIRECTION ( 'NONE',  ( 0.0000000000000000000, 0.0000000000000000000, -1.000000000000000000 ) ) ;
#2392 = ORIENTED_EDGE ( 'NONE', *, *, #10113, .T. ) ;
#2393 = EDGE_CURVE ( 'NONE', #10411, #2878, #2746, .T. ) ;
#2394 = AXIS2_PLACEMENT_3D ( 'NONE', #2278, #8593, #3197 ) ;
#2395 = VECTOR ( 'NONE', #1655, 39.37007874015748100 ) ;
#2396 = CARTESIAN_POINT ( 'NONE',  ( 0.4000000000000005200, 0.01968503937007875700, -0.04212598425196851400 ) ) ;
#2397 = FACE_OUTER_BOUND ( 'NONE', #8412, .T. ) ;
#2398 = DIRECTION ( 'NONE',  ( 0.0000000000000000000, 0.0000000000000000000, -1.000000000000000000 ) ) ;
#2399 = ORIENTED_EDGE ( 'NONE', *, *, #658, .T. ) ;
#2400 = CARTESIAN_POINT ( 'NONE',  ( 0.3913385826771659200, 0.3346456692913383200, -0.01812598425196851300 ) ) ;
#2401 = DIRECTION ( 'NONE',  ( -1.000000000000000000, 0.0000000000000000000, 0.0000000000000000000 ) ) ;
#2402 = VERTEX_POINT ( 'NONE', #757 ) ;
#2403 = CARTESIAN_POINT ( 'NONE',  ( 0.07952755905511869900, 0.3149606299212595600, -0.07165354330708663400 ) ) ;
#2404 = VECTOR ( 'NONE', #7088, 39.37007874015748100 ) ;
#2405 = CARTESIAN_POINT ( 'NONE',  ( 0.4913385826896945500, 0.3346456692949200700, -0.01812598421259843000 ) ) ;
#2406 = LINE ( 'NONE', #5845, #11107 ) ;
#2407 = DIRECTION ( 'NONE',  ( 0.0000000000000000000, -0.0000000000000000000, 1.000000000000000000 ) ) ;
#2408 = EDGE_CURVE ( 'NONE', #2744, #533, #293, .T. ) ;
#2409 = EDGE_LOOP ( 'NONE', ( #8610, #1049, #696, #2020 ) ) ;
#2410 = DIRECTION ( 'NONE',  ( 0.0000000000000000000, 0.0000000000000000000, 1.000000000000000000 ) ) ;
#2411 = EDGE_CURVE ( 'NONE', #11091, #1997, #2452, .T. ) ;
#2413 = CARTESIAN_POINT ( 'NONE',  ( 0.2088916445275591500, 0.2432397985433058200, -0.04212598425196852800 ) ) ;
#2412 = AXIS2_PLACEMENT_3D ( 'NONE', #4624, #5513, #98 ) ;
#2414 = ORIENTED_EDGE ( 'NONE', *, *, #1829, .T. ) ;
#2415 = LINE ( 'NONE', #7968, #4522 ) ;
#2416 = LINE ( 'NONE', #10596, #4525 ) ;
#2417 = EDGE_LOOP ( 'NONE', ( #8273, #9641, #7431, #11467 ) ) ;
#2418 = CARTESIAN_POINT ( 'NONE',  ( 0.1452755905454445300, -0.1011811023372787700, -0.05787401574803151300 ) ) ;
#2419 = EDGE_LOOP ( 'NONE', ( #11243, #1372, #5150, #5790 ) ) ;
#2420 = EDGE_CURVE ( 'NONE', #5294, #6363, #7261, .T. ) ;
#2421 = CARTESIAN_POINT ( 'NONE',  ( 0.4200787401574809800, 0.1053386751217950700, -0.05787401574803152000 ) ) ;
#2422 = VECTOR ( 'NONE', #1962, 39.37007874015748100 ) ;
#2423 = ADVANCED_FACE ( 'NONE', ( #6980 ), #6684, .T. ) ;
#2424 = CARTESIAN_POINT ( 'NONE',  ( 0.7196850393700799900, 0.01968503937204032700, -0.07401574803142764400 ) ) ;
#2425 = VECTOR ( 'NONE', #2853, 39.37007874015748100 ) ;
#2426 = EDGE_CURVE ( 'NONE', #810, #6767, #2172, .T. ) ;
#2427 = ORIENTED_EDGE ( 'NONE', *, *, #1957, .T. ) ;
#2428 = ORIENTED_EDGE ( 'NONE', *, *, #10306, .F. ) ;
#2429 = LINE ( 'NONE', #5854, #9069 ) ;
#2430 = ORIENTED_EDGE ( 'NONE', *, *, #4492, .T. ) ;
#2431 = VECTOR ( 'NONE', #122, 39.37007874015748100 ) ;
#2432 = CARTESIAN_POINT ( 'NONE',  ( 0.1795275590551181600, 0.01968503937007875700, -0.05787401574803152000 ) ) ;
#2433 = ORIENTED_EDGE ( 'NONE', *, *, #2641, .T. ) ;
#2434 = ORIENTED_EDGE ( 'NONE', *, *, #8473, .F. ) ;
#2435 = ORIENTED_EDGE ( 'NONE', *, *, #11538, .F. ) ;
#2436 = ADVANCED_FACE ( 'NONE', ( #4293 ), #3537, .F. ) ;
#2437 = DIRECTION ( 'NONE',  ( -1.000000000000000000, -0.0000000000000000000, 0.0000000000000000000 ) ) ;
#2439 = AXIS2_PLACEMENT_3D ( 'NONE', #4336, #10622, #5215 ) ;
#2438 = DIRECTION ( 'NONE',  ( -1.000000000000000000, 0.0000000000000000000, 0.0000000000000000000 ) ) ;
#2440 = DIRECTION ( 'NONE',  ( 0.0000000000000000000, -0.0000000000000000000, 1.000000000000000000 ) ) ;
#2441 = EDGE_CURVE ( 'NONE', #6358, #11253, #1888, .T. ) ;
#2442 = FACE_OUTER_BOUND ( 'NONE', #1759, .T. ) ;
#2443 = CARTESIAN_POINT ( 'NONE',  ( 0.6755228900811403000, 0.1112594902469206500, -0.04212598425196852800 ) ) ;
#2444 = LINE ( 'NONE', #11354, #2163 ) ;
#2445 = VERTEX_POINT ( 'NONE', #6246 ) ;
#2446 = CARTESIAN_POINT ( 'NONE',  ( 0.7088916445275595900, 0.2617829512992116400, -0.05787401574803151300 ) ) ;
#2447 = FACE_OUTER_BOUND ( 'NONE', #7702, .T. ) ;
#2448 = ORIENTED_EDGE ( 'NONE', *, *, #11039, .F. ) ;
#2449 = ORIENTED_EDGE ( 'NONE', *, *, #3769, .T. ) ;
#2450 = CARTESIAN_POINT ( 'NONE',  ( 0.03740157480314985900, 0.04456662047243921400, -0.04212598425196851400 ) ) ;
#2451 = CARTESIAN_POINT ( 'NONE',  ( 0.4242125984219999900, 0.1473225259860536700, -0.04212598425196851400 ) ) ;
#2452 = LINE ( 'NONE', #8903, #9650 ) ;
#2453 = VECTOR ( 'NONE', #1754, 39.37007874015748100 ) ;
#2454 = EDGE_LOOP ( 'NONE', ( #9297, #2380, #4769, #9577 ) ) ;
#2455 = EDGE_CURVE ( 'NONE', #6735, #11206, #11159, .T. ) ;
#2456 = VECTOR ( 'NONE', #2479, 39.37007874015748100 ) ;
#2457 = ORIENTED_EDGE ( 'NONE', *, *, #7235, .T. ) ;
#2458 = ORIENTED_EDGE ( 'NONE', *, *, #10858, .T. ) ;
#2459 = AXIS2_PLACEMENT_3D ( 'NONE', #7026, #1605, #7939 ) ;
#2460 = DIRECTION ( 'NONE',  ( 0.0000000000000000000, 0.0000000000000000000, 1.000000000000000000 ) ) ;
#2461 = CARTESIAN_POINT ( 'NONE',  ( 5.463695987328526400E-016, 0.3346456692913383200, 2.667820306312757000E-019 ) ) ;
#2462 = CARTESIAN_POINT ( 'NONE',  ( 0.3755228900915322200, 0.1112594903029031400, -0.05787401574803151300 ) ) ;
#2463 = ORIENTED_EDGE ( 'NONE', *, *, #411, .F. ) ;
#2464 = DIRECTION ( 'NONE',  ( -0.0000000000000000000, -0.0000000000000000000, 1.000000000000000000 ) ) ;
#2466 = VECTOR ( 'NONE', #3854, 39.37007874015748100 ) ;
#2465 = DIRECTION ( 'NONE',  ( 0.04217878999398427100, 0.9991100788575016900, 0.0000000000000000000 ) ) ;
#2467 = EDGE_LOOP ( 'NONE', ( #4225, #6912, #9309, #11643 ) ) ;
#2468 = ORIENTED_EDGE ( 'NONE', *, *, #9325, .T. ) ;
#2469 = CARTESIAN_POINT ( 'NONE',  ( 0.1509842519685044000, -0.1259842519685042700, -0.04212598425196851400 ) ) ;
#2470 = DIRECTION ( 'NONE',  ( 0.03123475260614159300, -0.9995120760799406400, 0.0000000000000000000 ) ) ;
#2471 = EDGE_CURVE ( 'NONE', #10948, #7096, #9376, .T. ) ;
#2472 = VECTOR ( 'NONE', #4530, 39.37007874015748100 ) ;
#2473 = ORIENTED_EDGE ( 'NONE', *, *, #6996, .T. ) ;
#2474 = VERTEX_POINT ( 'NONE', #5368 ) ;
#2475 = DIRECTION ( 'NONE',  ( 0.04217878999398427100, 0.9991100788575016900, 0.0000000000000000000 ) ) ;
#2476 = LINE ( 'NONE', #4580, #11453 ) ;
#2477 = EDGE_CURVE ( 'NONE', #11519, #3813, #10885, .T. ) ;
#2478 = DIRECTION ( 'NONE',  ( 0.0000000000000000000, 0.0000000000000000000, -1.000000000000000000 ) ) ;
#2479 = DIRECTION ( 'NONE',  ( -0.0000000000000000000, -0.0000000000000000000, 1.000000000000000000 ) ) ;
#2480 = LINE ( 'NONE', #261, #9401 ) ;
#2481 = AXIS2_PLACEMENT_3D ( 'NONE', #10663, #5259, #11528 ) ;
#2482 = EDGE_CURVE ( 'NONE', #573, #6100, #6393, .T. ) ;
#2483 = AXIS2_PLACEMENT_3D ( 'NONE', #7630, #2213, #8534 ) ;
#2484 = ORIENTED_EDGE ( 'NONE', *, *, #1915, .F. ) ;
#2485 = LINE ( 'NONE', #6632, #7421 ) ;
#2486 = ORIENTED_EDGE ( 'NONE', *, *, #9064, .F. ) ;
#2487 = ADVANCED_FACE ( 'NONE', ( #9088 ), #11640, .F. ) ;
#2488 = DIRECTION ( 'NONE',  ( -0.0000000000000000000, 0.0000000000000000000, -1.000000000000000000 ) ) ;
#2489 = FACE_OUTER_BOUND ( 'NONE', #7653, .T. ) ;
#2490 = DIRECTION ( 'NONE',  ( 0.04217878999398427100, -0.9991100788575016900, 0.0000000000000000000 ) ) ;
#2491 = CARTESIAN_POINT ( 'NONE',  ( 0.3000000000000003800, 0.06031465196850320500, -0.04212598425196852800 ) ) ;
#2492 = VECTOR ( 'NONE', #6008, 39.37007874015748100 ) ;
#2493 = CARTESIAN_POINT ( 'NONE',  ( -0.4999999999999996100, 0.01968503937007875700, -0.04212598425196851400 ) ) ;
#2494 = VERTEX_POINT ( 'NONE', #1808 ) ;
#2495 = ORIENTED_EDGE ( 'NONE', *, *, #11023, .T. ) ;
#2496 = EDGE_CURVE ( 'NONE', #9304, #4715, #1598, .T. ) ;
#2497 = VERTEX_POINT ( 'NONE', #11678 ) ;
#2498 = DIRECTION ( 'NONE',  ( -0.0000000000000000000, -0.0000000000000000000, 1.000000000000000000 ) ) ;
#2499 = LINE ( 'NONE', #10547, #2788 ) ;
#2500 = EDGE_CURVE ( 'NONE', #9145, #1919, #1303, .T. ) ;
#2501 = PRODUCT_DEFINITION ( 'UNKNOWN', '', #5491, #480 ) ;
#2502 = ADVANCED_FACE ( 'NONE', ( #6104 ), #10344, .T. ) ;
#2503 = LINE ( 'NONE', #7387, #7027 ) ;
#2504 = CARTESIAN_POINT ( 'NONE',  ( -0.4999999999999996100, 0.01968503937007875700, -0.05787401574803152000 ) ) ;
#2505 = CARTESIAN_POINT ( 'NONE',  ( 0.1718503937032896100, 0.2287793731482755900, -0.05787401574803151300 ) ) ;
#2506 = DIRECTION ( 'NONE',  ( 0.03123475260614313300, -0.9995120760799406400, 0.0000000000000000000 ) ) ;
#2507 = ORIENTED_EDGE ( 'NONE', *, *, #8555, .T. ) ;
#2508 = DIRECTION ( 'NONE',  ( 0.0000000000000000000, 1.000000000000000000, 0.0000000000000000000 ) ) ;
#2509 = ORIENTED_EDGE ( 'NONE', *, *, #9129, .T. ) ;
#2510 = FACE_OUTER_BOUND ( 'NONE', #2115, .T. ) ;
#2511 = CARTESIAN_POINT ( 'NONE',  ( 0.4200787401574807000, 0.1339366992125986500, -0.05787401574803150600 ) ) ;
#2512 = AXIS2_PLACEMENT_3D ( 'NONE', #11500, #7287, #859 ) ;
#2513 = ORIENTED_EDGE ( 'NONE', *, *, #6146, .F. ) ;
#2514 = CYLINDRICAL_SURFACE ( 'NONE', #2202, 0.09219577657480328100 ) ;
#2515 = CARTESIAN_POINT ( 'NONE',  ( 0.3200787401574808900, 0.1053386751217950700, -0.05787401574803152000 ) ) ;
#2516 = EDGE_CURVE ( 'NONE', #9999, #9644, #3722, .T. ) ;
#2517 = ORIENTED_EDGE ( 'NONE', *, *, #515, .F. ) ;
#2518 = DIRECTION ( 'NONE',  ( 0.0000000000000000000, 1.000000000000000000, 0.0000000000000000000 ) ) ;
#2519 = CARTESIAN_POINT ( 'NONE',  ( 0.1200787401574807500, 0.1339366992125986500, -0.04212598425196851400 ) ) ;
#2520 = COORDINATED_UNIVERSAL_TIME_OFFSET ( 8, 0, .BEHIND. ) ;
#2521 = DIRECTION ( 'NONE',  ( 0.9995120760987861200, -0.03123475200308707700, 0.0000000000000000000 ) ) ;
#2522 = CARTESIAN_POINT ( 'NONE',  ( 0.09133858266855352000, 0.3346456692928424500, -0.01850393700771589900 ) ) ;
#2523 = LINE ( 'NONE', #4642, #9150 ) ;
#2524 = CARTESIAN_POINT ( 'NONE',  ( 0.6452755905511814400, -0.1259842519685042700, -0.04212598425196851400 ) ) ;
#2525 = DIRECTION ( 'NONE',  ( 0.0000000000000000000, 1.000000000000000000, 0.0000000000000000000 ) ) ;
#2526 = EDGE_LOOP ( 'NONE', ( #5545, #5393, #11357, #1047 ) ) ;
#2527 = VERTEX_POINT ( 'NONE', #8175 ) ;
#2528 = CARTESIAN_POINT ( 'NONE',  ( 0.5921259842519689400, 0.06031465196850320500, -0.05787401574803151300 ) ) ;
#2529 = ORIENTED_EDGE ( 'NONE', *, *, #4015, .T. ) ;
#2530 = CARTESIAN_POINT ( 'NONE',  ( 0.02007874015750341800, 0.01968503937007875700, -0.04212598425196851400 ) ) ;
#2531 = CARTESIAN_POINT ( 'NONE',  ( 0.3111870956299217000, 0.2432397985433058200, -0.04212598425196851400 ) ) ;
#2532 = DIRECTION ( 'NONE',  ( 1.000000000000000000, 0.0000000000000000000, -0.0000000000000000000 ) ) ;
#2533 = LINE ( 'NONE', #952, #2818 ) ;
#2534 = EDGE_CURVE ( 'NONE', #8260, #7979, #1008, .T. ) ;
#2535 = FACE_OUTER_BOUND ( 'NONE', #11304, .T. ) ;
#2536 = EDGE_CURVE ( 'NONE', #10304, #62, #8256, .T. ) ;
#2537 = CARTESIAN_POINT ( 'NONE',  ( 0.2795275590551185000, 0.01968503937007875700, -0.04212598425196851400 ) ) ;
#2538 = ORIENTED_EDGE ( 'NONE', *, *, #7777, .T. ) ;
#2539 = CARTESIAN_POINT ( 'NONE',  ( 0.2452755905511816400, -0.1011811023622053900, -0.05787401574803150600 ) ) ;
#2540 = ORIENTED_EDGE ( 'NONE', *, *, #2729, .F. ) ;
#2541 = FACE_OUTER_BOUND ( 'NONE', #4082, .T. ) ;
#2542 = DIRECTION ( 'NONE',  ( 1.000000000000000000, 0.0000000000000000000, 0.0000000000000000000 ) ) ;
#2543 = LINE ( 'NONE', #10582, #11513 ) ;
#2544 = DIRECTION ( 'NONE',  ( 1.000000000000000000, 0.0000000000000000000, -0.0000000000000000000 ) ) ;
#2545 = ADVANCED_FACE ( 'NONE', ( #5526 ), #10876, .F. ) ;
#2546 = DIRECTION ( 'NONE',  ( -1.000000000000000000, -5.152643988049936000E-015, 0.0000000000000000000 ) ) ;
#2547 = DIRECTION ( 'NONE',  ( 0.1483404520011634100, 0.9889363530076597000, 0.0000000000000000000 ) ) ;
#2548 = EDGE_LOOP ( 'NONE', ( #858, #2294, #900, #4024 ) ) ;
#2549 = EDGE_CURVE ( 'NONE', #2604, #8305, #7689, .T. ) ;
#2550 = AXIS2_PLACEMENT_3D ( 'NONE', #5784, #365, #6718 ) ;
#2551 = ORIENTED_EDGE ( 'NONE', *, *, #8040, .T. ) ;
#2552 = CARTESIAN_POINT ( 'NONE',  ( 0.6279685040944887900, 0.3149606299212595600, -0.06673228346456693000 ) ) ;
#2553 = LINE ( 'NONE', #9495, #9464 ) ;
#2554 = LINE ( 'NONE', #71, #107 ) ;
#2555 = ORIENTED_EDGE ( 'NONE', *, *, #6103, .T. ) ;
#2556 = EDGE_LOOP ( 'NONE', ( #5584, #5286, #253, #9756, #10936, #2851, #3592, #5532, #2019, #9588, #4309, #2457 ) ) ;
#2557 = CARTESIAN_POINT ( 'NONE',  ( 0.4200787401574810300, 0.01968503937007875700, -0.05787401574803152000 ) ) ;
#2558 = PLANE ( 'NONE',  #5440 ) ;
#2559 = ADVANCED_FACE ( 'NONE', ( #10067 ), #2833, .F. ) ;
#2560 = CARTESIAN_POINT ( 'NONE',  ( 0.4196850393704482100, 0.09221531551199138600, -0.05787401574803152000 ) ) ;
#2561 = ORIENTED_EDGE ( 'NONE', *, *, #11363, .T. ) ;
#2562 = PLANE ( 'NONE',  #402 ) ;
#2563 = VECTOR ( 'NONE', #8558, 39.37007874015748100 ) ;
#2564 = DIRECTION ( 'NONE',  ( 0.1483404528603402800, -0.9889363528787831200, 0.0000000000000000000 ) ) ;
#2565 = EDGE_CURVE ( 'NONE', #3058, #8672, #2881, .T. ) ;
#2566 = LINE ( 'NONE', #8609, #11259 ) ;
#2567 = VERTEX_POINT ( 'NONE', #5514 ) ;
#2568 = EDGE_LOOP ( 'NONE', ( #1099, #3809, #11244, #9179 ) ) ;
#2569 = CARTESIAN_POINT ( 'NONE',  ( 0.1795275590551181600, 0.01968503937007875700, -0.07165354330708663400 ) ) ;
#2570 = EDGE_CURVE ( 'NONE', #7907, #5971, #7404, .T. ) ;
#2572 = DIRECTION ( 'NONE',  ( -1.000000000000000000, -0.0000000000000000000, -0.0000000000000000000 ) ) ;
#2571 = AXIS2_PLACEMENT_3D ( 'NONE', #4613, #5500, #86 ) ;
#2573 = CARTESIAN_POINT ( 'NONE',  ( 0.1690944881889766500, -0.1259842519685042700, -0.05787401574803151300 ) ) ;
#2574 = LINE ( 'NONE', #6133, #11541 ) ;
#2575 = ORIENTED_EDGE ( 'NONE', *, *, #5643, .F. ) ;
#2576 = CARTESIAN_POINT ( 'NONE',  ( 0.5111870956299217100, 0.2617829512992116400, -0.05787401574803151300 ) ) ;
#2577 = VECTOR ( 'NONE', #3181, 39.37007874015748100 ) ;
#2578 = ORIENTED_EDGE ( 'NONE', *, *, #5563, .F. ) ;
#2579 = ORIENTED_EDGE ( 'NONE', *, *, #543, .F. ) ;
#2580 = AXIS2_PLACEMENT_3D ( 'NONE', #3159, #5849, #5835 ) ;
#2581 = CARTESIAN_POINT ( 'NONE',  ( 0.5088916445275595300, 0.2617829512992116400, -0.04212598425196852800 ) ) ;
#2582 = DIRECTION ( 'NONE',  ( 1.000000000000000000, 0.0000000000000000000, 0.0000000000000000000 ) ) ;
#2583 = CARTESIAN_POINT ( 'NONE',  ( 0.6748031496062997200, -0.1011811023622053900, -0.05787401574803151300 ) ) ;
#2584 = EDGE_CURVE ( 'NONE', #6497, #7131, #9794, .T. ) ;
#2585 = LINE ( 'NONE', #1939, #7104 ) ;
#2586 = PLANE ( 'NONE',  #10825 ) ;
#2587 = ORIENTED_EDGE ( 'NONE', *, *, #4362, .F. ) ;
#2588 = CARTESIAN_POINT ( 'NONE',  ( 0.6445558501166434000, 0.1112594900317885300, -0.05787401574803151300 ) ) ;
#2589 = VECTOR ( 'NONE', #629, 39.37007874015748100 ) ;
#2590 = VERTEX_POINT ( 'NONE', #2869 ) ;
#2591 = EDGE_LOOP ( 'NONE', ( #2463, #2864, #10191, #612 ) ) ;
#2592 = ORIENTED_EDGE ( 'NONE', *, *, #7153, .T. ) ;
#2593 = CARTESIAN_POINT ( 'NONE',  ( 0.5242125984225606300, 0.1473225259865793000, -0.05787401574803150600 ) ) ;
#2594 = DIRECTION ( 'NONE',  ( -1.000000000000000000, -0.0000000000000000000, 0.0000000000000000000 ) ) ;
#2595 = DIRECTION ( 'NONE',  ( 0.0000000000000000000, -0.0000000000000000000, 1.000000000000000000 ) ) ;
#2596 = ORIENTED_EDGE ( 'NONE', *, *, #5464, .F. ) ;
#2597 = FACE_OUTER_BOUND ( 'NONE', #5314, .T. ) ;
#2598 = CARTESIAN_POINT ( 'NONE',  ( 0.4702238797967448500, 0.2525113753331347800, -0.04212598425196851400 ) ) ;
#2599 = DIRECTION ( 'NONE',  ( 0.0000000000000000000, 1.000000000000000000, 0.0000000000000000000 ) ) ;
#2600 = VECTOR ( 'NONE', #8346, 39.37007874015748100 ) ;
#2601 = VERTEX_POINT ( 'NONE', #980 ) ;
#2602 = CARTESIAN_POINT ( 'NONE',  ( 0.3111870956299217000, 0.2432397985433058200, -0.04212598425196851400 ) ) ;
#2603 = LINE ( 'NONE', #942, #443 ) ;
#2604 = VERTEX_POINT ( 'NONE', #9175 ) ;
#2605 = ORIENTED_EDGE ( 'NONE', *, *, #3896, .T. ) ;
#2606 = DIRECTION ( 'NONE',  ( 0.2242946050387554200, -0.9745213851683853800, 0.0000000000000000000 ) ) ;
#2607 = DIRECTION ( 'NONE',  ( 0.2242946048210173500, 0.9745213852184998500, 0.0000000000000000000 ) ) ;
#2608 = EDGE_CURVE ( 'NONE', #11671, #153, #146, .T. ) ;
#2609 = ADVANCED_FACE ( 'NONE', ( #2597 ), #10951, .F. ) ;
#2610 = DIRECTION ( 'NONE',  ( 1.000000000000000000, 0.0000000000000000000, 0.0000000000000000000 ) ) ;
#2611 = LINE ( 'NONE', #4093, #5267 ) ;
#2612 = DIRECTION ( 'NONE',  ( -0.0000000000000000000, -0.0000000000000000000, -1.000000000000000000 ) ) ;
#2613 = DIRECTION ( 'NONE',  ( 0.0000000000000000000, -1.000000000000000000, -0.0000000000000000000 ) ) ;
#2614 = EDGE_LOOP ( 'NONE', ( #6180, #4077, #1961, #4361 ) ) ;
#2615 = ORIENTED_EDGE ( 'NONE', *, *, #11390, .T. ) ;
#2616 = CARTESIAN_POINT ( 'NONE',  ( 0.3283464567322838000, 0.3346456692913382100, -0.01850393700787315500 ) ) ;
#2617 = VECTOR ( 'NONE', #4877, 39.37007874015748100 ) ;
#2618 = VERTEX_POINT ( 'NONE', #4662 ) ;
#2619 = ORIENTED_EDGE ( 'NONE', *, *, #10235, .T. ) ;
#2620 = CARTESIAN_POINT ( 'NONE',  ( 0.6088916445275595100, 0.2432397985433058200, -0.04212598425196852800 ) ) ;
#2621 = CARTESIAN_POINT ( 'NONE',  ( 0.1374015748031500200, 0.05244063622047066800, -0.04212598425196851400 ) ) ;
#2622 = CARTESIAN_POINT ( 'NONE',  ( 0.3795275590551186500, 0.01968503937007875700, -0.07165354330708663400 ) ) ;
#2623 = ADVANCED_FACE ( 'NONE', ( #438 ), #9212, .F. ) ;
#2624 = VECTOR ( 'NONE', #3816, 39.37007874015748100 ) ;
#2625 = EDGE_CURVE ( 'NONE', #10685, #11341, #11561, .T. ) ;
#2626 = ORIENTED_EDGE ( 'NONE', *, *, #10714, .F. ) ;
#2628 = EDGE_LOOP ( 'NONE', ( #2579, #9776, #421, #5238 ) ) ;
#2627 = AXIS2_PLACEMENT_3D ( 'NONE', #9491, #4085, #10384 ) ;
#2629 = CARTESIAN_POINT ( 'NONE',  ( 0.1795275590551181600, 0.3149606299212595600, -0.04212598425196851400 ) ) ;
#2631 = CARTESIAN_POINT ( 'NONE',  ( 0.1921259842519688900, 0.05244063622047148700, -0.05787401574803151300 ) ) ;
#2630 = VECTOR ( 'NONE', #5117, 39.37007874015748100 ) ;
#2632 = VERTEX_POINT ( 'NONE', #5593 ) ;
#2633 = ORIENTED_EDGE ( 'NONE', *, *, #8873, .F. ) ;
#2634 = DIRECTION ( 'NONE',  ( 1.000000000000000000, 0.0000000000000000000, 0.0000000000000000000 ) ) ;
#2635 = VECTOR ( 'NONE', #5127, 39.37007874015748100 ) ;
#2636 = CARTESIAN_POINT ( 'NONE',  ( 0.4200787401574808100, 0.1339366992125987900, -0.04212598425196851400 ) ) ;
#2637 = VECTOR ( 'NONE', #9386, 39.37007874015748100 ) ;
#2638 = EDGE_LOOP ( 'NONE', ( #5095, #853, #9214, #11552 ) ) ;
#2639 = ORIENTED_EDGE ( 'NONE', *, *, #5321, .T. ) ;
#2640 = VERTEX_POINT ( 'NONE', #4705 ) ;
#2641 = EDGE_CURVE ( 'NONE', #495, #6754, #6828, .T. ) ;
#2643 = CARTESIAN_POINT ( 'NONE',  ( 0.3958661417322839600, 0.1473225259842513800, -0.05787401574803150600 ) ) ;
#2642 = FACE_OUTER_BOUND ( 'NONE', #10402, .T. ) ;
#2644 = CARTESIAN_POINT ( 'NONE',  ( 0.4748031496062997100, -0.1011811022887786900, -0.05787401574803151300 ) ) ;
#2645 = AXIS2_PLACEMENT_3D ( 'NONE', #1546, #11442, #6069 ) ;
#2646 = PLANE ( 'NONE',  #10307 ) ;
#2647 = EDGE_CURVE ( 'NONE', #9799, #43, #9508, .T. ) ;
#2648 = AXIS2_PLACEMENT_3D ( 'NONE', #3272, #5059, #11340 ) ;
#2649 = LINE ( 'NONE', #7610, #11612 ) ;
#2650 = CARTESIAN_POINT ( 'NONE',  ( 0.6445558501181106700, 0.1112594900787393400, -0.05787401574803151300 ) ) ;
#2651 = ORIENTED_EDGE ( 'NONE', *, *, #6838, .T. ) ;
#2652 = ORIENTED_EDGE ( 'NONE', *, *, #8002, .T. ) ;
#2653 = DIRECTION ( 'NONE',  ( 1.000000000000000000, -0.0000000000000000000, 0.0000000000000000000 ) ) ;
#2654 = FACE_OUTER_BOUND ( 'NONE', #809, .T. ) ;
#2655 = CARTESIAN_POINT ( 'NONE',  ( 0.1498548604404896800, 0.2525113748366333800, -0.04212598425196852800 ) ) ;
#2656 = VECTOR ( 'NONE', #1599, 39.37007874015748100 ) ;
#2658 = EDGE_CURVE ( 'NONE', #7988, #9040, #2311, .T. ) ;
#2657 = CARTESIAN_POINT ( 'NONE',  ( 0.3196850393700790800, 0.1027140031889747100, -0.05787401574803152000 ) ) ;
#2659 = ORIENTED_EDGE ( 'NONE', *, *, #347, .T. ) ;
#2660 = PLANE ( 'NONE',  #10770 ) ;
#2661 = EDGE_CURVE ( 'NONE', #4160, #4308, #11293, .T. ) ;
#2662 = LINE ( 'NONE', #7708, #7179 ) ;
#2663 = ORIENTED_EDGE ( 'NONE', *, *, #1334, .F. ) ;
#2664 = DIRECTION ( 'NONE',  ( 1.000000000000000000, 0.0000000000000000000, 0.0000000000000000000 ) ) ;
#2665 = CARTESIAN_POINT ( 'NONE',  ( 0.5958661417716760700, 0.1473225259859145300, -0.04212598425196851400 ) ) ;
#2666 = ADVANCED_FACE ( 'NONE', ( #2025 ), #5631, .F. ) ;
#2667 = DIRECTION ( 'NONE',  ( -1.000000000000000000, 0.0000000000000000000, 0.0000000000000000000 ) ) ;
#2668 = ORIENTED_EDGE ( 'NONE', *, *, #8688, .T. ) ;
#2669 = VECTOR ( 'NONE', #1269, 39.37007874015748100 ) ;
#2670 = DIRECTION ( 'NONE',  ( 1.000000000000000000, -0.0000000000000000000, 0.0000000000000000000 ) ) ;
#2671 = ORIENTED_EDGE ( 'NONE', *, *, #7248, .F. ) ;
#2672 = LOCAL_TIME ( 0, 21, 42.00000000000000000, #5045 ) ;
#2673 = CARTESIAN_POINT ( 'NONE',  ( 0.5718503937030367000, 0.2287793731563805800, -0.05787401574803151300 ) ) ;
#2674 = DIRECTION ( 'NONE',  ( -0.1483404520011649700, -0.9889363530076594700, 0.0000000000000000000 ) ) ;
#2675 = AXIS2_PLACEMENT_3D ( 'NONE', #3906, #10214, #4797 ) ;
#2676 = LINE ( 'NONE', #3371, #10146 ) ;
#2677 = EDGE_LOOP ( 'NONE', ( #11287, #7195, #11171, #15 ) ) ;
#2678 = EDGE_CURVE ( 'NONE', #10051, #53, #6530, .T. ) ;
#2679 = EDGE_LOOP ( 'NONE', ( #615, #1398, #4787, #7302 ) ) ;
#2680 = DIRECTION ( 'NONE',  ( 0.2950730660855439000, -0.9554746912769988000, 0.0000000000000000000 ) ) ;
#2681 = CARTESIAN_POINT ( 'NONE',  ( 0.6200787401575034200, 0.01968503937007875700, -0.04212598425196851400 ) ) ;
#2682 = ADVANCED_FACE ( 'NONE', ( #11017 ), #11066, .F. ) ;
#2683 = CARTESIAN_POINT ( 'NONE',  ( 0.6702238798032181800, 0.2525113753601321800, -0.04212598425196852800 ) ) ;
#2684 = ORIENTED_EDGE ( 'NONE', *, *, #6636, .T. ) ;
#2686 = DIRECTION ( 'NONE',  ( 0.0000000000000000000, 0.0000000000000000000, -1.000000000000000000 ) ) ;
#2685 = FACE_OUTER_BOUND ( 'NONE', #3947, .T. ) ;
#2687 = VECTOR ( 'NONE', #1918, 39.37007874015748100 ) ;
#2688 = ORIENTED_EDGE ( 'NONE', *, *, #9940, .F. ) ;
#2689 = MANIFOLD_SOLID_BREP ( 'LPattern1[15]', #2894 ) ;
#2690 = CARTESIAN_POINT ( 'NONE',  ( 0.7000000000000005100, 0.3149606299212595600, -0.05787401574803152000 ) ) ;
#2691 = DIRECTION ( 'NONE',  ( 1.000000000000000000, 0.0000000000000000000, 0.0000000000000000000 ) ) ;
#2692 = ORIENTED_EDGE ( 'NONE', *, *, #2455, .T. ) ;
#2693 = EDGE_CURVE ( 'NONE', #5877, #6461, #1744, .T. ) ;
#2694 = LINE ( 'NONE', #11518, #236 ) ;
#2695 = DIRECTION ( 'NONE',  ( 0.0000000000000000000, 0.0000000000000000000, 1.000000000000000000 ) ) ;
#2696 = AXIS2_PLACEMENT_3D ( 'NONE', #2847, #3749, #10053 ) ;
#2697 = DIRECTION ( 'NONE',  ( 0.0000000000000000000, 1.000000000000000000, 0.0000000000000000000 ) ) ;
#2698 = DIRECTION ( 'NONE',  ( 0.2242946050387554200, -0.9745213851683853800, 0.0000000000000000000 ) ) ;
#2699 = VECTOR ( 'NONE', #8564, 39.37007874015748100 ) ;
#2700 = CARTESIAN_POINT ( 'NONE',  ( 0.2452755905511816400, -0.1011811023622053900, -0.04212598425196851400 ) ) ;
#2701 = ORIENTED_EDGE ( 'NONE', *, *, #11405, .F. ) ;
#2702 = ORIENTED_EDGE ( 'NONE', *, *, #8118, .T. ) ;
#2703 = CARTESIAN_POINT ( 'NONE',  ( -0.4999999999999996100, 0.01968503937007875700, -0.05787401574803151300 ) ) ;
#2704 = EDGE_CURVE ( 'NONE', #1805, #9126, #3858, .T. ) ;
#2705 = LINE ( 'NONE', #9722, #4802 ) ;
#2706 = CYLINDRICAL_SURFACE ( 'NONE', #4751, 0.08668467618110258000 ) ;
#2707 = EDGE_LOOP ( 'NONE', ( #10283, #1237, #6038, #1830 ) ) ;
#2708 = CARTESIAN_POINT ( 'NONE',  ( 0.04015748031496117800, 0.01968503937007875700, -0.02834645669291339200 ) ) ;
#2709 = EDGE_CURVE ( 'NONE', #5232, #1105, #1437, .T. ) ;
#2710 = EDGE_LOOP ( 'NONE', ( #10093, #4852, #430, #8062 ) ) ;
#2711 = AXIS2_PLACEMENT_3D ( 'NONE', #9312, #3907, #10217 ) ;
#2712 = DIRECTION ( 'NONE',  ( 0.0000000000000000000, 0.0000000000000000000, 1.000000000000000000 ) ) ;
#2713 = AXIS2_PLACEMENT_3D ( 'NONE', #6423, #999, #7351 ) ;
#2714 = DIRECTION ( 'NONE',  ( -1.000000000000000000, 0.0000000000000000000, 0.0000000000000000000 ) ) ;
#2715 = LINE ( 'NONE', #10922, #2422 ) ;
#2716 = VECTOR ( 'NONE', #9787, 39.37007874015748100 ) ;
#2717 = CARTESIAN_POINT ( 'NONE',  ( 0.2111870956299216900, 0.2432397985433058200, -0.05787401574803151300 ) ) ;
#2718 = VERTEX_POINT ( 'NONE', #5720 ) ;
#2719 = ORIENTED_EDGE ( 'NONE', *, *, #9114, .F. ) ;
#2720 = DIRECTION ( 'NONE',  ( 0.5144957554275254600, -0.6859943405700356100, -0.5144957554275270100 ) ) ;
#2721 = CARTESIAN_POINT ( 'NONE',  ( 0.5702238797967449400, 0.2525113753331351100, -0.04212598425196851400 ) ) ;
#2722 = ADVANCED_FACE ( 'NONE', ( #3577 ), #8116, .T. ) ;
#2723 = CARTESIAN_POINT ( 'NONE',  ( 0.6445558501164538900, 0.1112594900334891000, -0.04212598425196851400 ) ) ;
#2724 = EDGE_CURVE ( 'NONE', #7686, #2744, #8395, .T. ) ;
#2725 = LINE ( 'NONE', #9392, #5094 ) ;
#2726 = ORIENTED_EDGE ( 'NONE', *, *, #8972, .T. ) ;
#2727 = PLANE ( 'NONE',  #5728 ) ;
#2728 = FACE_OUTER_BOUND ( 'NONE', #11517, .T. ) ;
#2729 = EDGE_CURVE ( 'NONE', #7022, #550, #6243, .T. ) ;
#2730 = ORIENTED_EDGE ( 'NONE', *, *, #6708, .T. ) ;
#2731 = ORIENTED_EDGE ( 'NONE', *, *, #5825, .F. ) ;
#2732 = ORIENTED_EDGE ( 'NONE', *, *, #11104, .F. ) ;
#2733 = AXIS2_PLACEMENT_3D ( 'NONE', #8075, #2653, #8955 ) ;
#2734 = DIRECTION ( 'NONE',  ( 0.0000000000000000000, 1.000000000000000000, 0.0000000000000000000 ) ) ;
#2735 = VECTOR ( 'NONE', #10382, 39.37007874015748100 ) ;
#2736 = DIRECTION ( 'NONE',  ( -1.000000000000000000, -0.0000000000000000000, 0.0000000000000000000 ) ) ;
#2737 = LINE ( 'NONE', #3249, #282 ) ;
#2738 = ADVANCED_FACE ( 'NONE', ( #3299 ), #3069, .T. ) ;
#2739 = ORIENTED_EDGE ( 'NONE', *, *, #4301, .T. ) ;
#2740 = VECTOR ( 'NONE', #11138, 39.37007874015748100 ) ;
#2741 = VERTEX_POINT ( 'NONE', #292 ) ;
#2742 = ORIENTED_EDGE ( 'NONE', *, *, #7711, .T. ) ;
#2743 = DIRECTION ( 'NONE',  ( 1.000000000000000000, -0.0000000000000000000, 0.0000000000000000000 ) ) ;
#2744 = VERTEX_POINT ( 'NONE', #9417 ) ;
#2745 = EDGE_CURVE ( 'NONE', #2601, #11126, #860, .T. ) ;
#2746 = LINE ( 'NONE', #10662, #4845 ) ;
#2747 = DIRECTION ( 'NONE',  ( -0.04217878982152806900, 0.9991100788647822000, 0.0000000000000000000 ) ) ;
#2748 = FACE_OUTER_BOUND ( 'NONE', #8316, .T. ) ;
#2749 = EDGE_LOOP ( 'NONE', ( #802, #8056, #5885, #3791 ) ) ;
#2750 = PLANE ( 'NONE',  #89 ) ;
#2751 = FACE_OUTER_BOUND ( 'NONE', #5137, .T. ) ;
#2752 = VERTEX_POINT ( 'NONE', #8512 ) ;
#2753 = ORIENTED_EDGE ( 'NONE', *, *, #5524, .T. ) ;
#2754 = DIRECTION ( 'NONE',  ( 0.0000000000000000000, -1.000000000000000000, 0.0000000000000000000 ) ) ;
#2755 = DIRECTION ( 'NONE',  ( -1.000000000000000000, -0.0000000000000000000, 0.0000000000000000000 ) ) ;
#2756 = CARTESIAN_POINT ( 'NONE',  ( 0.6279685040944887900, 0.3346456692913383200, -0.01850393700787376200 ) ) ;
#2757 = VECTOR ( 'NONE', #7527, 39.37007874015748100 ) ;
#2758 = CARTESIAN_POINT ( 'NONE',  ( -0.4999999999999996100, 0.0000000000000000000, 2.667820306312757000E-019 ) ) ;
#2759 = CARTESIAN_POINT ( 'NONE',  ( 0.5279685040551187500, 0.3346456692924334500, -0.01850393700705241600 ) ) ;
#2760 = CARTESIAN_POINT ( 'NONE',  ( 0.4509842519782490400, -0.1259842519674359600, -0.05787401574803150600 ) ) ;
#2761 = EDGE_LOOP ( 'NONE', ( #4635, #2540, #378, #5199 ) ) ;
#2762 = ORIENTED_EDGE ( 'NONE', *, *, #9412, .T. ) ;
#2763 = EDGE_CURVE ( 'NONE', #1075, #9024, #5664, .T. ) ;
#2764 = LINE ( 'NONE', #7269, #9667 ) ;
#2765 = VERTEX_POINT ( 'NONE', #1301 ) ;
#2766 = ORIENTED_EDGE ( 'NONE', *, *, #3513, .T. ) ;
#2767 = AXIS2_PLACEMENT_3D ( 'NONE', #7009, #1584, #7922 ) ;
#2768 = LINE ( 'NONE', #10827, #9671 ) ;
#2769 = CARTESIAN_POINT ( 'NONE',  ( 0.3401574803149611200, 0.01968503937007875700, -0.04212598425196851400 ) ) ;
#2770 = VECTOR ( 'NONE', #592, 39.37007874015748100 ) ;
#2771 = DIRECTION ( 'NONE',  ( -0.9745213851683854900, -0.2242946050387554500, 0.0000000000000000000 ) ) ;
#2772 = DIRECTION ( 'NONE',  ( -1.000000000000000000, -0.0000000000000000000, 0.0000000000000000000 ) ) ;
#2773 = ORIENTED_EDGE ( 'NONE', *, *, #1693, .F. ) ;
#2774 = CARTESIAN_POINT ( 'NONE',  ( 0.3200787401574807800, 0.1339366992125986500, -0.05787401574803151300 ) ) ;
#2775 = VECTOR ( 'NONE', #1171, 39.37007874015748100 ) ;
#2776 = ORIENTED_EDGE ( 'NONE', *, *, #11480, .T. ) ;
#2777 = LINE ( 'NONE', #3964, #1198 ) ;
#2778 = VECTOR ( 'NONE', #5780, 39.37007874015748100 ) ;
#2779 = EDGE_CURVE ( 'NONE', #2304, #1541, #10208, .T. ) ;
#2780 = LINE ( 'NONE', #6484, #7593 ) ;
#2781 = AXIS2_PLACEMENT_3D ( 'NONE', #2708, #9018, #3612 ) ;
#2782 = DIRECTION ( 'NONE',  ( 0.0000000000000000000, -1.000000000000000000, -0.0000000000000000000 ) ) ;
#2783 = CARTESIAN_POINT ( 'NONE',  ( 0.6111870956299217900, 0.2432397985433058200, -0.05787401574803151300 ) ) ;
#2784 = VERTEX_POINT ( 'NONE', #9450 ) ;
#2785 = CARTESIAN_POINT ( 'NONE',  ( 0.4401574803149612100, 0.3149606299212595600, -0.05787401574803152000 ) ) ;
#2786 = VERTEX_POINT ( 'NONE', #3111 ) ;
#2787 = DIRECTION ( 'NONE',  ( 0.0000000000000000000, 0.0000000000000000000, 1.000000000000000000 ) ) ;
#2788 = VECTOR ( 'NONE', #1514, 39.37007874015748100 ) ;
#2789 = CARTESIAN_POINT ( 'NONE',  ( 0.3826771653543312700, 0.05244063622047148700, -0.04212598425196852100 ) ) ;
#2790 = LINE ( 'NONE', #1201, #5163 ) ;
#2791 = ORIENTED_EDGE ( 'NONE', *, *, #9562, .F. ) ;
#2792 = EDGE_CURVE ( 'NONE', #8135, #627, #7824, .T. ) ;
#2793 = CARTESIAN_POINT ( 'NONE',  ( 0.4568533023228351100, 0.2494168253937005800, -0.05787401574803151300 ) ) ;
#2794 = ORIENTED_EDGE ( 'NONE', *, *, #4711, .F. ) ;
#2795 = ADVANCED_FACE ( 'NONE', ( #5387 ), #6765, .F. ) ;
#2796 = CARTESIAN_POINT ( 'NONE',  ( 0.5283464566927375000, 0.3346456692915734700, -0.01850393700769740700 ) ) ;
#2797 = CARTESIAN_POINT ( 'NONE',  ( 0.3568533023228350800, 0.2494168253937005800, -0.04212598425196851400 ) ) ;
#2798 = LINE ( 'NONE', #6175, #653 ) ;
#2799 = EDGE_CURVE ( 'NONE', #11131, #53, #7542, .T. ) ;
#2800 = AXIS2_PLACEMENT_3D ( 'NONE', #9530, #10417, #5012 ) ;
#2801 = DIRECTION ( 'NONE',  ( 0.0000000000000000000, -1.000000000000000000, 0.0000000000000000000 ) ) ;
#2802 = ORIENTED_EDGE ( 'NONE', *, *, #8940, .T. ) ;
#2803 = LINE ( 'NONE', #3338, #5174 ) ;
#2804 = CARTESIAN_POINT ( 'NONE',  ( 0.5958661417783096500, 0.1473225259845757400, -0.04212598425196851400 ) ) ;
#2805 = ORIENTED_EDGE ( 'NONE', *, *, #10129, .F. ) ;
#2806 = LOCAL_TIME ( 0, 21, 42.00000000000000000, #5179 ) ;
#2807 = CARTESIAN_POINT ( 'NONE',  ( 0.6196850393700792400, 0.1027140031889747100, -0.05787401574803152000 ) ) ;
#2808 = FACE_OUTER_BOUND ( 'NONE', #6328, .T. ) ;
#2809 = PLANE ( 'NONE',  #9581 ) ;
#2811 = AXIS2_PLACEMENT_3D ( 'NONE', #1239, #1535, #10298 ) ;
#2810 = CARTESIAN_POINT ( 'NONE',  ( 0.02795275590551217500, 0.06031465196850320500, -0.05787401574803151300 ) ) ;
#2812 = ORIENTED_EDGE ( 'NONE', *, *, #10987, .F. ) ;
#2813 = ORIENTED_EDGE ( 'NONE', *, *, #6164, .T. ) ;
#2814 = CARTESIAN_POINT ( 'NONE',  ( 0.3305118110806713500, 0.2965351243980126600, -0.05787401574803151300 ) ) ;
#2815 = EDGE_CURVE ( 'NONE', #7800, #4775, #9923, .T. ) ;
#2816 = ORIENTED_EDGE ( 'NONE', *, *, #3601, .T. ) ;
#2817 = DIRECTION ( 'NONE',  ( 0.0000000000000000000, 0.0000000000000000000, 1.000000000000000000 ) ) ;
#2818 = VECTOR ( 'NONE', #7303, 39.37007874015748100 ) ;
#2819 = CARTESIAN_POINT ( 'NONE',  ( 0.1690944881892519100, -0.1259842519673083900, -0.04212598425196851400 ) ) ;
#2820 = VECTOR ( 'NONE', #7526, 39.37007874015748100 ) ;
#2821 = CARTESIAN_POINT ( 'NONE',  ( 0.3401574803149611200, 0.01968503937007875700, -0.04212598425196851400 ) ) ;
#2822 = DIRECTION ( 'NONE',  ( -0.1483404536231610600, 0.9889363527643599800, 0.0000000000000000000 ) ) ;
#2823 = EDGE_LOOP ( 'NONE', ( #6460, #5698, #11569, #8872 ) ) ;
#2824 = DIRECTION ( 'NONE',  ( 0.0000000000000000000, 1.000000000000000000, 0.0000000000000000000 ) ) ;
#2825 = VERTEX_POINT ( 'NONE', #1378 ) ;
#2826 = CARTESIAN_POINT ( 'NONE',  ( -0.4999999999999996100, 0.01968503937007875700, -0.02834645669291339200 ) ) ;
#2827 = AXIS2_PLACEMENT_3D ( 'NONE', #134, #1058, #7414 ) ;
#2828 = LINE ( 'NONE', #10027, #4923 ) ;
#2829 = LINE ( 'NONE', #590, #5203 ) ;
#2830 = EDGE_CURVE ( 'NONE', #2886, #4096, #9638, .T. ) ;
#2831 = VERTEX_POINT ( 'NONE', #6801 ) ;
#2832 = CARTESIAN_POINT ( 'NONE',  ( 0.5748031496062998600, 0.04456662047243921400, -0.05787401574803151300 ) ) ;
#2833 = PLANE ( 'NONE',  #1606 ) ;
#2834 = CARTESIAN_POINT ( 'NONE',  ( 0.4765748031572362700, 0.3149606299198861000, -0.03326771653897023900 ) ) ;
#2835 = CARTESIAN_POINT ( 'NONE',  ( 0.1795275590551181600, 0.3149606299212595600, -0.02834645669291339200 ) ) ;
#2836 = ORIENTED_EDGE ( 'NONE', *, *, #3601, .F. ) ;
#2837 = PLANE ( 'NONE',  #8321 ) ;
#2838 = LINE ( 'NONE', #11218, #7357 ) ;
#2839 = CARTESIAN_POINT ( 'NONE',  ( 0.1374015748425201900, 0.05244063622047148700, -0.05787401574803151300 ) ) ;
#2840 = VECTOR ( 'NONE', #8216, 39.37007874015748100 ) ;
#2841 = EDGE_LOOP ( 'NONE', ( #9744, #6300, #549, #3847 ) ) ;
#2842 = ORIENTED_EDGE ( 'NONE', *, *, #7451, .F. ) ;
#2843 = CARTESIAN_POINT ( 'NONE',  ( 0.4795275590551186800, 0.3149606299212595600, -0.04212598425196851400 ) ) ;
#2844 = CARTESIAN_POINT ( 'NONE',  ( 0.08267716535433117200, 0.05244063622047148700, -0.04212598425196852100 ) ) ;
#2845 = EDGE_CURVE ( 'NONE', #4602, #8135, #5107, .T. ) ;
#2846 = ORIENTED_EDGE ( 'NONE', *, *, #5947, .T. ) ;
#2847 = CARTESIAN_POINT ( 'NONE',  ( 0.2196850393700793500, 0.01968503937007875700, -0.04212598425196851400 ) ) ;
#2848 = VECTOR ( 'NONE', #5762, 39.37007874015748100 ) ;
#2849 = CARTESIAN_POINT ( 'NONE',  ( 0.4999999999956742400, 0.1339366992112627800, -0.08208661417322835100 ) ) ;
#2850 = FACE_BOUND ( 'NONE', #7363, .T. ) ;
#2851 = ORIENTED_EDGE ( 'NONE', *, *, #4694, .T. ) ;
#2852 = ADVANCED_FACE ( 'NONE', ( #2442 ), #10418, .T. ) ;
#2853 = DIRECTION ( 'NONE',  ( 0.0000000000000000000, 0.0000000000000000000, -1.000000000000000000 ) ) ;
#2854 = VERTEX_POINT ( 'NONE', #8625 ) ;
#2855 = CARTESIAN_POINT ( 'NONE',  ( 0.5452755905492693300, -0.1011811023363984900, -0.04212598425196851400 ) ) ;
#2856 = EDGE_CURVE ( 'NONE', #4589, #7641, #281, .T. ) ;
#2857 = CIRCLE ( 'NONE', #2459, 0.007874015748031449100 ) ;
#2858 = CARTESIAN_POINT ( 'NONE',  ( 0.6913385825590554500, 0.3346456691338576800, -0.01812598437007874300 ) ) ;
#2859 = EDGE_LOOP ( 'NONE', ( #983, #10463, #8925, #4814 ) ) ;
#2860 = EDGE_CURVE ( 'NONE', #4840, #7817, #9365, .T. ) ;
#2861 = VECTOR ( 'NONE', #4924, 39.37007874015748900 ) ;
#2862 = ORIENTED_EDGE ( 'NONE', *, *, #4524, .F. ) ;
#2863 = ORIENTED_EDGE ( 'NONE', *, *, #3115, .F. ) ;
#2864 = ORIENTED_EDGE ( 'NONE', *, *, #9905, .F. ) ;
#2865 = AXIS2_PLACEMENT_3D ( 'NONE', #1133, #4750, #5633 ) ;
#2866 = PLANE ( 'NONE',  #3170 ) ;
#2867 = EDGE_CURVE ( 'NONE', #573, #10060, #4832, .T. ) ;
#2868 = ORIENTED_EDGE ( 'NONE', *, *, #5278, .F. ) ;
#2869 = CARTESIAN_POINT ( 'NONE',  ( 0.04455585011664330700, 0.1112594900317886900, -0.05787401574803151300 ) ) ;
#2870 = LINE ( 'NONE', #10934, #6817 ) ;
#2871 = PLANE ( 'NONE',  #10910 ) ;
#2872 = EDGE_LOOP ( 'NONE', ( #7146, #11120, #10175, #10121 ) ) ;
#2873 = VECTOR ( 'NONE', #2506, 39.37007874015748100 ) ;
#2874 = ORIENTED_EDGE ( 'NONE', *, *, #1417, .F. ) ;
#2875 = VERTEX_POINT ( 'NONE', #539 ) ;
#2876 = ORIENTED_EDGE ( 'NONE', *, *, #5391, .T. ) ;
#2877 = DIRECTION ( 'NONE',  ( 0.04217878999398427100, 0.9991100788575016900, 0.0000000000000000000 ) ) ;
#2878 = VERTEX_POINT ( 'NONE', #8663 ) ;
#2879 = DIRECTION ( 'NONE',  ( -0.9991100788575018000, -0.04217878999398427800, 0.0000000000000000000 ) ) ;
#2880 = EDGE_CURVE ( 'NONE', #4676, #8024, #11418, .T. ) ;
#2881 = LINE ( 'NONE', #10036, #5253 ) ;
#2882 = CARTESIAN_POINT ( 'NONE',  ( 0.4000000000000003600, 0.06031465196850320500, -0.08208661417322835100 ) ) ;
#2883 = EDGE_CURVE ( 'NONE', #9219, #4926, #9077, .T. ) ;
#2884 = CIRCLE ( 'NONE', #6762, 0.01574803149606289800 ) ;
#2885 = CC_DESIGN_PERSON_AND_ORGANIZATION_ASSIGNMENT ( #7619, #8455, ( #1030 ) ) ;
#2886 = VERTEX_POINT ( 'NONE', #5050 ) ;
#2887 = VECTOR ( 'NONE', #8143, 39.37007874015748100 ) ;
#2888 = ORIENTED_EDGE ( 'NONE', *, *, #2704, .F. ) ;
#2889 = ORIENTED_EDGE ( 'NONE', *, *, #2918, .T. ) ;
#2890 = DIRECTION ( 'NONE',  ( 0.0000000000000000000, 0.0000000000000000000, 1.000000000000000000 ) ) ;
#2891 = DIRECTION ( 'NONE',  ( 0.03123475260614307400, -0.9995120760799406400, 0.0000000000000000000 ) ) ;
#2892 = CIRCLE ( 'NONE', #6286, 0.03976377952755894000 ) ;
#2893 = CARTESIAN_POINT ( 'NONE',  ( 0.2401574803149612300, 0.01968503937007875700, -0.02834645669291339200 ) ) ;
#2894 = CLOSED_SHELL ( 'NONE', ( #6584, #7003, #6257, #4203, #3493, #250, #3321, #6442, #3430, #6699, #6869, #266, #4952, #7609, #10808, #10645, #8493, #7944, #11083, #2138, #5312, #9468, #5594, #4856, #10253, #7551, #6138, #5737, #2266 ) ) ;
#2895 = ORIENTED_EDGE ( 'NONE', *, *, #3043, .F. ) ;
#2896 = AXIS2_PLACEMENT_3D ( 'NONE', #6491, #5985, #6262 ) ;
#2897 = PLANE ( 'NONE',  #4384 ) ;
#2899 = DIRECTION ( 'NONE',  ( 0.0000000000000000000, 1.000000000000000000, 0.0000000000000000000 ) ) ;
#2898 = FACE_OUTER_BOUND ( 'NONE', #11260, .T. ) ;
#2900 = ORIENTED_EDGE ( 'NONE', *, *, #10987, .T. ) ;
#2901 = ORIENTED_EDGE ( 'NONE', *, *, #6545, .F. ) ;
#2902 = CARTESIAN_POINT ( 'NONE',  ( 0.3795275590551186500, 0.3149606299212595600, -0.05787401574803152000 ) ) ;
#2903 = EDGE_CURVE ( 'NONE', #2618, #6408, #4282, .T. ) ;
#2904 = DIRECTION ( 'NONE',  ( 0.2950730660855439000, 0.9554746912769988000, 0.0000000000000000000 ) ) ;
#2905 = FACE_OUTER_BOUND ( 'NONE', #6520, .T. ) ;
#2906 = CARTESIAN_POINT ( 'NONE',  ( 0.2401574803149612300, 0.3149606299212595600, -0.04212598425196851400 ) ) ;
#2907 = ORIENTED_EDGE ( 'NONE', *, *, #7762, .T. ) ;
#2908 = ORIENTED_EDGE ( 'NONE', *, *, #10366, .F. ) ;
#2909 = VECTOR ( 'NONE', #3332, 39.37007874015748100 ) ;
#2910 = ORIENTED_EDGE ( 'NONE', *, *, #725, .F. ) ;
#2911 = ORIENTED_EDGE ( 'NONE', *, *, #5988, .T. ) ;
#2912 = CARTESIAN_POINT ( 'NONE',  ( 0.1000000000000005700, 0.3149606299212595600, -0.02834645669291339200 ) ) ;
#2913 = VECTOR ( 'NONE', #6926, 39.37007874015748900 ) ;
#2914 = ADVANCED_FACE ( 'NONE', ( #8801 ), #1587, .F. ) ;
#2915 = CARTESIAN_POINT ( 'NONE',  ( 0.2200787401574807700, 0.1339366992125986500, -0.05787401574803150600 ) ) ;
#2916 = DIRECTION ( 'NONE',  ( 0.9554746912769989100, -0.2950730660855439600, 0.0000000000000000000 ) ) ;
#2917 = CYLINDRICAL_SURFACE ( 'NONE', #9393, 0.03976377952755907200 ) ;
#2918 = EDGE_CURVE ( 'NONE', #4577, #10094, #1879, .T. ) ;
#2919 = EDGE_CURVE ( 'NONE', #9624, #6644, #3996, .T. ) ;
#2920 = ORIENTED_EDGE ( 'NONE', *, *, #2860, .T. ) ;
#2922 = VERTEX_POINT ( 'NONE', #9636 ) ;
#2921 = AXIS2_PLACEMENT_3D ( 'NONE', #10326, #5821, #6711 ) ;
#2923 = CARTESIAN_POINT ( 'NONE',  ( 0.5196850393700792600, 0.3149606299212595600, -0.05787401574803152000 ) ) ;
#2924 = ORIENTED_EDGE ( 'NONE', *, *, #8997, .T. ) ;
#2925 = CARTESIAN_POINT ( 'NONE',  ( 0.0000000000000000000, 0.0000000000000000000, 0.0000000000000000000 ) ) ;
#2926 = LINE ( 'NONE', #1807, #9840 ) ;
#2927 = DIRECTION ( 'NONE',  ( 0.9889363530076618100, -0.1483404520011492900, 0.0000000000000000000 ) ) ;
#2928 = CARTESIAN_POINT ( 'NONE',  ( 0.7196850393700799900, 5.799969401298636400E-013, -0.02125984253209723900 ) ) ;
#2929 = ADVANCED_FACE ( 'NONE', ( #6263 ), #11397, .F. ) ;
#2930 = CARTESIAN_POINT ( 'NONE',  ( 0.3242125984211952600, 0.1473225259866369800, -0.05787401574803151300 ) ) ;
#2931 = FACE_BOUND ( 'NONE', #1430, .T. ) ;
#2932 = DIRECTION ( 'NONE',  ( 1.000000000000000000, -0.0000000000000000000, 0.0000000000000000000 ) ) ;
#2933 = EDGE_CURVE ( 'NONE', #3799, #7425, #1450, .T. ) ;
#2934 = VERTEX_POINT ( 'NONE', #7883 ) ;
#2935 = ORIENTED_EDGE ( 'NONE', *, *, #10220, .T. ) ;
#2936 = DIRECTION ( 'NONE',  ( 0.0000000000000000000, 0.0000000000000000000, 1.000000000000000000 ) ) ;
#2937 = EDGE_CURVE ( 'NONE', #560, #8893, #8411, .T. ) ;
#2938 = LINE ( 'NONE', #6446, #7458 ) ;
#2939 = CARTESIAN_POINT ( 'NONE',  ( 0.3200787401574807800, 0.1339366992125987100, -0.04212598425196851400 ) ) ;
#2941 = DIRECTION ( 'NONE',  ( -1.000000000000000000, 0.0000000000000000000, 0.0000000000000000000 ) ) ;
#2940 = AXIS2_PLACEMENT_3D ( 'NONE', #11362, #1500, #7838 ) ;
#2942 = LINE ( 'NONE', #8959, #11621 ) ;
#2943 = VERTEX_POINT ( 'NONE', #10537 ) ;
#2944 = DIRECTION ( 'NONE',  ( -1.000000000000000000, 0.0000000000000000000, 0.0000000000000000000 ) ) ;
#2945 = LINE ( 'NONE', #11196, #508 ) ;
#2946 = ORIENTED_EDGE ( 'NONE', *, *, #1792, .F. ) ;
#2947 = VECTOR ( 'NONE', #2720, 39.37007874015748900 ) ;
#2948 = DIRECTION ( 'NONE',  ( 1.000000000000000000, 0.0000000000000000000, 0.0000000000000000000 ) ) ;
#2949 = EDGE_CURVE ( 'NONE', #5519, #2718, #3876, .T. ) ;
#2950 = DIRECTION ( 'NONE',  ( 0.0000000000000000000, 0.0000000000000000000, 1.000000000000000000 ) ) ;
#2951 = CARTESIAN_POINT ( 'NONE',  ( 0.05098425198104328300, -0.1259842519659370700, -0.05787401574803151300 ) ) ;
#2952 = DIRECTION ( 'NONE',  ( -0.0000000000000000000, -0.0000000000000000000, 1.000000000000000000 ) ) ;
#2953 = ORIENTED_EDGE ( 'NONE', *, *, #1957, .F. ) ;
#2954 = EDGE_CURVE ( 'NONE', #1738, #4020, #3591, .T. ) ;
#2955 = AXIS2_PLACEMENT_3D ( 'NONE', #9591, #4189, #10481 ) ;
#2956 = ORGANIZATION ( 'UNSPECIFIED', 'UNSPECIFIED', '' ) ;
#2957 = LINE ( 'NONE', #2418, #5325 ) ;
#2958 = CARTESIAN_POINT ( 'NONE',  ( 0.1452755905492692500, -0.1011811023193409700, -0.05787401574803151300 ) ) ;
#2959 = DIRECTION ( 'NONE',  ( -0.0000000000000000000, -0.0000000000000000000, 1.000000000000000000 ) ) ;
#2960 = EDGE_LOOP ( 'NONE', ( #3424, #6084, #6377, #11145 ) ) ;
#2961 = VERTEX_POINT ( 'NONE', #9678 ) ;
#2962 = APPLICATION_PROTOCOL_DEFINITION ( 'international standard', 'config_control_design', 1994, #8370 ) ;
#2963 = CARTESIAN_POINT ( 'NONE',  ( 0.6196850393700790200, 0.01968503937007875700, -0.04212598425196851400 ) ) ;
#2964 = ORIENTED_EDGE ( 'NONE', *, *, #10033, .T. ) ;
#2965 = DIRECTION ( 'NONE',  ( 0.0000000000000000000, 0.0000000000000000000, -1.000000000000000000 ) ) ;
#2966 = VECTOR ( 'NONE', #2490, 39.37007874015748900 ) ;
#2968 = AXIS2_PLACEMENT_3D ( 'NONE', #37, #7506, #4278 ) ;
#2967 = CARTESIAN_POINT ( 'NONE',  ( 0.5748031496145442600, 0.04456662047243921400, -0.04212598425196852800 ) ) ;
#2969 = VECTOR ( 'NONE', #3614, 39.37007874015748100 ) ;
#2970 = DIRECTION ( 'NONE',  ( 1.000000000000000000, 0.0000000000000000000, 0.0000000000000000000 ) ) ;
#2971 = VERTEX_POINT ( 'NONE', #2505 ) ;
#2972 = EDGE_CURVE ( 'NONE', #4527, #3314, #8130, .T. ) ;
#2973 = ADVANCED_FACE ( 'NONE', ( #10762 ), #9719, .F. ) ;
#2974 = CARTESIAN_POINT ( 'NONE',  ( 0.5795275590551185500, 0.01968503937007875700, -0.05787401574803152000 ) ) ;
#2975 = ORIENTED_EDGE ( 'NONE', *, *, #5343, .F. ) ;
#2976 = DIRECTION ( 'NONE',  ( 1.000000000000000000, 0.0000000000000000000, -0.0000000000000000000 ) ) ;
#2977 = DIRECTION ( 'NONE',  ( 1.000000000000000000, 0.0000000000000000000, 0.0000000000000000000 ) ) ;
#2978 = FACE_OUTER_BOUND ( 'NONE', #3275, .T. ) ;
#2979 = DIRECTION ( 'NONE',  ( 0.1483404520264597300, 0.9889363530038652900, 0.0000000000000000000 ) ) ;
#2980 = VECTOR ( 'NONE', #7586, 39.37007874015748100 ) ;
#2981 = CARTESIAN_POINT ( 'NONE',  ( 0.04015748031496117800, 0.01968503937007875700, -0.02834645669291339200 ) ) ;
#2982 = ORIENTED_EDGE ( 'NONE', *, *, #2136, .T. ) ;
#2983 = PLANE ( 'NONE',  #6167 ) ;
#2984 = ADVANCED_FACE ( 'NONE', ( #3312 ), #7966, .F. ) ;
#2985 = ORIENTED_EDGE ( 'NONE', *, *, #10132, .T. ) ;
#2986 = EDGE_CURVE ( 'NONE', #3061, #6121, #10875, .T. ) ;
#2987 = FACE_BOUND ( 'NONE', #11506, .T. ) ;
#2988 = CARTESIAN_POINT ( 'NONE',  ( 0.1000000000000003700, 0.06031465196850320500, -0.04212598425196852800 ) ) ;
#2989 = VECTOR ( 'NONE', #607, 39.37007874015748100 ) ;
#2990 = DIRECTION ( 'NONE',  ( 0.0000000000000000000, -0.6000000006400000300, -0.7999999995200000000 ) ) ;
#2991 = ORIENTED_EDGE ( 'NONE', *, *, #10841, .T. ) ;
#2992 = EDGE_LOOP ( 'NONE', ( #2731, #7535, #857, #5949 ) ) ;
#2993 = CARTESIAN_POINT ( 'NONE',  ( 0.4196850393702110700, 0.09221531551247090500, -0.05787401574803152000 ) ) ;
#2994 = DIRECTION ( 'NONE',  ( -5.876167051565095900E-011, 1.000000000000000000, 0.0000000000000000000 ) ) ;
#2995 = VECTOR ( 'NONE', #9101, 39.37007874015748100 ) ;
#2996 = SECURITY_CLASSIFICATION_LEVEL ( 'unclassified' ) ;
#2997 = LINE ( 'NONE', #5270, #9623 ) ;
#2998 = ORIENTED_EDGE ( 'NONE', *, *, #6730, .T. ) ;
#2999 = ORIENTED_EDGE ( 'NONE', *, *, #6564, .T. ) ;
#3000 = DIRECTION ( 'NONE',  ( 0.1483404520011492900, 0.9889363530076618100, 0.0000000000000000000 ) ) ;
#3001 = EDGE_CURVE ( 'NONE', #6735, #4407, #10493, .T. ) ;
#3002 = DIRECTION ( 'NONE',  ( -0.0000000000000000000, 1.000000000000000000, 0.0000000000000000000 ) ) ;
#3003 = ORIENTED_EDGE ( 'NONE', *, *, #10569, .T. ) ;
#3004 = CARTESIAN_POINT ( 'NONE',  ( 0.6765748031496069400, 0.3149606299212595600, -0.06673228346456691600 ) ) ;
#3005 = DIRECTION ( 'NONE',  ( 0.0000000000000000000, 0.0000000000000000000, 1.000000000000000000 ) ) ;
#3006 = LINE ( 'NONE', #7553, #9914 ) ;
#3007 = ORIENTED_EDGE ( 'NONE', *, *, #3655, .T. ) ;
#3008 = PLANE ( 'NONE',  #8036 ) ;
#3009 = VECTOR ( 'NONE', #8236, 39.37007874015748900 ) ;
#3010 = ORIENTED_EDGE ( 'NONE', *, *, #7323, .T. ) ;
#3011 = ORIENTED_EDGE ( 'NONE', *, *, #7796, .T. ) ;
#3012 = ORIENTED_EDGE ( 'NONE', *, *, #11269, .T. ) ;
#3013 = DIRECTION ( 'NONE',  ( 0.0000000000000000000, 0.0000000000000000000, -1.000000000000000000 ) ) ;
#3014 = DIRECTION ( 'NONE',  ( 0.0000000000000000000, 0.0000000000000000000, 1.000000000000000000 ) ) ;
#3015 = PLANE ( 'NONE',  #10268 ) ;
#3016 = ORIENTED_EDGE ( 'NONE', *, *, #1854, .F. ) ;
#3017 = VECTOR ( 'NONE', #11248, 39.37007874015748100 ) ;
#3018 = EDGE_CURVE ( 'NONE', #3972, #51, #7839, .T. ) ;
#3019 = VECTOR ( 'NONE', #6789, 39.37007874015748900 ) ;
#3020 = EDGE_LOOP ( 'NONE', ( #3584, #7470, #1933, #3740 ) ) ;
#3021 = AXIS2_PLACEMENT_3D ( 'NONE', #3760, #10065, #4649 ) ;
#3022 = CARTESIAN_POINT ( 'NONE',  ( 0.6200787401574808800, 0.06031465196850320500, -0.05787401574803151300 ) ) ;
#3023 = FACE_OUTER_BOUND ( 'NONE', #1568, .T. ) ;
#3024 = EDGE_CURVE ( 'NONE', #7232, #944, #3033, .T. ) ;
#3025 = ORIENTED_EDGE ( 'NONE', *, *, #1756, .F. ) ;
#3026 = ORIENTED_EDGE ( 'NONE', *, *, #7080, .T. ) ;
#3027 = AXIS2_PLACEMENT_3D ( 'NONE', #10950, #5558, #133 ) ;
#3028 = DIRECTION ( 'NONE',  ( 0.0000000000000000000, 0.0000000000000000000, -1.000000000000000000 ) ) ;
#3029 = DIRECTION ( 'NONE',  ( -0.0000000000000000000, -0.0000000000000000000, 1.000000000000000000 ) ) ;
#3030 = ADVANCED_FACE ( 'NONE', ( #5122 ), #3492, .F. ) ;
#3031 = CARTESIAN_POINT ( 'NONE',  ( 0.2196850393700793500, 0.01968503937007875700, -0.05787401574803152000 ) ) ;
#3032 = VECTOR ( 'NONE', #6082, 39.37007874015748100 ) ;
#3033 = LINE ( 'NONE', #6159, #7559 ) ;
#3034 = ORIENTED_EDGE ( 'NONE', *, *, #7343, .T. ) ;
#3035 = CARTESIAN_POINT ( 'NONE',  ( 0.2196850393702111700, 0.09221531551247040500, -0.05787401574803152000 ) ) ;
#3036 = VECTOR ( 'NONE', #10473, 39.37007874015748100 ) ;
#3037 = ORIENTED_EDGE ( 'NONE', *, *, #3041, .T. ) ;
#3038 = ORIENTED_EDGE ( 'NONE', *, *, #8555, .F. ) ;
#3039 = CARTESIAN_POINT ( 'NONE',  ( 0.2509842519685044300, -0.1259842519685042700, -0.05787401574803150600 ) ) ;
#3040 = CARTESIAN_POINT ( 'NONE',  ( 0.3279527559055122600, 0.06031465196850320500, -0.04212598425196852100 ) ) ;
#3041 = EDGE_CURVE ( 'NONE', #6224, #4096, #10223, .T. ) ;
#3042 = DATE_TIME_ROLE ( 'creation_date' ) ;
#3043 = EDGE_CURVE ( 'NONE', #6999, #4373, #295, .T. ) ;
#3044 = LINE ( 'NONE', #688, #7570 ) ;
#3045 = ADVANCED_FACE ( 'NONE', ( #2748 ), #8051, .F. ) ;
#3046 = ORIENTED_EDGE ( 'NONE', *, *, #1077, .T. ) ;
#3047 = ORIENTED_EDGE ( 'NONE', *, *, #1435, .F. ) ;
#3048 = DIRECTION ( 'NONE',  ( -1.000000000000000000, -2.576321994024951000E-015, 0.0000000000000000000 ) ) ;
#3049 = VECTOR ( 'NONE', #3636, 39.37007874015748100 ) ;
#3050 = ORIENTED_EDGE ( 'NONE', *, *, #6244, .T. ) ;
#3051 = ORIENTED_EDGE ( 'NONE', *, *, #5943, .T. ) ;
#3052 = DIRECTION ( 'NONE',  ( 0.0000000000000000000, 0.0000000000000000000, 1.000000000000000000 ) ) ;
#3053 = FACE_OUTER_BOUND ( 'NONE', #1164, .T. ) ;
#3054 = CARTESIAN_POINT ( 'NONE',  ( 0.1702238798032181000, 0.2525113753601327400, -0.04212598425196852800 ) ) ;
#3055 = FACE_OUTER_BOUND ( 'NONE', #10164, .T. ) ;
#3056 = AXIS2_PLACEMENT_3D ( 'NONE', #643, #2478, #8795 ) ;
#3057 = CARTESIAN_POINT ( 'NONE',  ( 0.4690944881890319300, -0.1259842519682651300, -0.05787401574803151300 ) ) ;
#3058 = VERTEX_POINT ( 'NONE', #4429 ) ;
#3059 = ORIENTED_EDGE ( 'NONE', *, *, #52, .F. ) ;
#3060 = EDGE_CURVE ( 'NONE', #951, #9999, #4846, .T. ) ;
#3061 = VERTEX_POINT ( 'NONE', #779 ) ;
#3062 = CARTESIAN_POINT ( 'NONE',  ( 0.2795275590944887900, -0.1259842519685042700, -0.05787401574803151300 ) ) ;
#3063 = FACE_OUTER_BOUND ( 'NONE', #5265, .T. ) ;
#3064 = DIRECTION ( 'NONE',  ( 0.0000000000000000000, -0.0000000000000000000, 1.000000000000000000 ) ) ;
#3065 = FACE_OUTER_BOUND ( 'NONE', #8173, .T. ) ;
#3066 = VECTOR ( 'NONE', #7541, 39.37007874015748100 ) ;
#3067 = ORIENTED_EDGE ( 'NONE', *, *, #4540, .F. ) ;
#3068 = CARTESIAN_POINT ( 'NONE',  ( 0.3921259842519689300, 0.05244063622047175800, -0.05787401574803151300 ) ) ;
#3069 = PLANE ( 'NONE',  #9471 ) ;
#3070 = ORIENTED_EDGE ( 'NONE', *, *, #5278, .T. ) ;
#3071 = CARTESIAN_POINT ( 'NONE',  ( 0.4795275590944886900, -0.1259842519668300800, -0.04212598425196851400 ) ) ;
#3072 = DIRECTION ( 'NONE',  ( -1.000000000000000000, 0.0000000000000000000, 0.0000000000000000000 ) ) ;
#3073 = CARTESIAN_POINT ( 'NONE',  ( 0.5242125984220000800, 0.1473225259860535300, -0.04212598425196851400 ) ) ;
#3074 = LINE ( 'NONE', #10512, #9978 ) ;
#3075 = EDGE_CURVE ( 'NONE', #3405, #8260, #9652, .T. ) ;
#3076 = LINE ( 'NONE', #7346, #920 ) ;
#3077 = AXIS2_PLACEMENT_3D ( 'NONE', #599, #6946, #1521 ) ;
#3078 = CARTESIAN_POINT ( 'NONE',  ( 0.6748031496158060100, -0.1011811022909666500, -0.05787401574803150600 ) ) ;
#3079 = CARTESIAN_POINT ( 'NONE',  ( 0.5826771653543313400, 0.05244063622047148700, -0.05787401574803151300 ) ) ;
#3080 = VERTEX_POINT ( 'NONE', #8084 ) ;
#3081 = CARTESIAN_POINT ( 'NONE',  ( 0.01968503937007930500, 0.1027140031889747100, -0.05787401574803152000 ) ) ;
#3082 = LINE ( 'NONE', #723, #10269 ) ;
#3083 = DIRECTION ( 'NONE',  ( -0.9991100788575018000, -0.04217878999398427800, 0.0000000000000000000 ) ) ;
#3084 = DIRECTION ( 'NONE',  ( 0.0000000000000000000, 0.0000000000000000000, -1.000000000000000000 ) ) ;
#3085 = CARTESIAN_POINT ( 'NONE',  ( 0.6921259842519690300, 0.05244063622047161900, -0.05787401574803151300 ) ) ;
#3086 = EDGE_LOOP ( 'NONE', ( #3016, #5370, #11130, #9229 ) ) ;
#3087 = EDGE_CURVE ( 'NONE', #8218, #9187, #4569, .T. ) ;
#3088 = LINE ( 'NONE', #776, #69 ) ;
#3089 = DIRECTION ( 'NONE',  ( -1.000000000000000000, 0.0000000000000000000, 0.0000000000000000000 ) ) ;
#3090 = ADVANCED_FACE ( 'NONE', ( #6982 ), #4467, .F. ) ;
#3091 = ORIENTED_EDGE ( 'NONE', *, *, #10799, .F. ) ;
#3092 = DIRECTION ( 'NONE',  ( -0.0000000000000000000, -0.0000000000000000000, -1.000000000000000000 ) ) ;
#3093 = EDGE_CURVE ( 'NONE', #9691, #901, #9, .T. ) ;
#3094 = AXIS2_PLACEMENT_3D ( 'NONE', #6131, #7061, #1646 ) ;
#3095 = CALENDAR_DATE ( 2016, 19, 8 ) ;
#3096 = DIRECTION ( 'NONE',  ( -0.9991100788575018000, -0.04217878999398427800, 0.0000000000000000000 ) ) ;
#3097 = LINE ( 'NONE', #9039, #3373 ) ;
#3098 = DIRECTION ( 'NONE',  ( 1.000000000000000000, -0.0000000000000000000, 0.0000000000000000000 ) ) ;
#3099 = EDGE_CURVE ( 'NONE', #944, #4511, #11434, .T. ) ;
#3100 = CARTESIAN_POINT ( 'NONE',  ( 0.1702238798032181000, 0.2525113753601327400, -0.05787401574803151300 ) ) ;
#3101 = ORIENTED_EDGE ( 'NONE', *, *, #168, .F. ) ;
#3102 = CARTESIAN_POINT ( 'NONE',  ( 0.1279527559055121900, 0.06031465196850320500, -0.05787401574803151300 ) ) ;
#3103 = VERTEX_POINT ( 'NONE', #9913 ) ;
#3104 = ORIENTED_EDGE ( 'NONE', *, *, #10392, .T. ) ;
#3105 = DIRECTION ( 'NONE',  ( 0.6000000000000002000, -0.7999999999999998200, 0.0000000000000000000 ) ) ;
#3106 = ADVANCED_FACE ( 'NONE', ( #1893 ), #5397, .T. ) ;
#3107 = LINE ( 'NONE', #8153, #5194 ) ;
#3108 = LINE ( 'NONE', #6600, #2820 ) ;
#3109 = EDGE_CURVE ( 'NONE', #4271, #4407, #8814, .T. ) ;
#3110 = EDGE_LOOP ( 'NONE', ( #5595, #324, #3417, #3712, #6809, #7231, #283, #8416 ) ) ;
#3111 = CARTESIAN_POINT ( 'NONE',  ( 0.1498548604404896800, 0.2525113748366334400, -0.05787401574803151300 ) ) ;
#3112 = DIRECTION ( 'NONE',  ( 0.0000000000000000000, -0.0000000000000000000, 1.000000000000000000 ) ) ;
#3113 = AXIS2_PLACEMENT_3D ( 'NONE', #4123, #1422, #7772 ) ;
#3114 = CARTESIAN_POINT ( 'NONE',  ( 0.3401574803149611200, 0.01968503937007875700, -0.04212598425196851400 ) ) ;
#3115 = EDGE_CURVE ( 'NONE', #7524, #7029, #11160, .T. ) ;
#3116 = APPROVAL ( #11037, 'UNSPECIFIED' ) ;
#3117 = ORIENTED_EDGE ( 'NONE', *, *, #9002, .F. ) ;
#3118 = VECTOR ( 'NONE', #933, 39.37007874015748100 ) ;
#3119 = CARTESIAN_POINT ( 'NONE',  ( 0.02007874015748072800, 0.06031465196850320500, -0.05787401574803151300 ) ) ;
#3120 = LINE ( 'NONE', #8713, #7638 ) ;
#3121 = ORIENTED_EDGE ( 'NONE', *, *, #925, .F. ) ;
#3122 = CARTESIAN_POINT ( 'NONE',  ( 0.4088916445275594900, 0.2432397985433058200, -0.05787401574803151300 ) ) ;
#3123 = ORIENTED_EDGE ( 'NONE', *, *, #3915, .F. ) ;
#3124 = CARTESIAN_POINT ( 'NONE',  ( 0.5718503937011967200, 0.2287793731563230700, -0.04212598425196851400 ) ) ;
#3125 = LINE ( 'NONE', #2314, #11521 ) ;
#3126 = CARTESIAN_POINT ( 'NONE',  ( 0.3702238797967448700, 0.2525113753331351100, -0.04212598425196851400 ) ) ;
#3127 = FACE_OUTER_BOUND ( 'NONE', #5185, .T. ) ;
#3128 = EDGE_CURVE ( 'NONE', #7631, #6497, #6686, .T. ) ;
#3129 = EDGE_LOOP ( 'NONE', ( #9870, #9950, #3037, #8199 ) ) ;
#3130 = DIRECTION ( 'NONE',  ( 1.000000000000000000, 0.0000000000000000000, -0.0000000000000000000 ) ) ;
#3131 = ORIENTED_EDGE ( 'NONE', *, *, #6103, .F. ) ;
#3132 = PLANE ( 'NONE',  #10648 ) ;
#3133 = DIRECTION ( 'NONE',  ( 1.000000000000000000, 0.0000000000000000000, -0.0000000000000000000 ) ) ;
#3134 = CARTESIAN_POINT ( 'NONE',  ( 0.5200787401575034400, 0.01968503937007875700, -0.04212598425196851400 ) ) ;
#3135 = ORIENTED_EDGE ( 'NONE', *, *, #3802, .F. ) ;
#3136 = VECTOR ( 'NONE', #11180, 39.37007874015748100 ) ;
#3137 = DIRECTION ( 'NONE',  ( -1.000000000000000000, 0.0000000000000000000, 0.0000000000000000000 ) ) ;
#3138 = LINE ( 'NONE', #7557, #704 ) ;
#3139 = ORIENTED_EDGE ( 'NONE', *, *, #3721, .T. ) ;
#3140 = CARTESIAN_POINT ( 'NONE',  ( 0.04527559055118158400, 0.04456662047243921400, -0.05787401574803151300 ) ) ;
#3141 = VERTEX_POINT ( 'NONE', #890 ) ;
#3142 = EDGE_CURVE ( 'NONE', #1387, #3485, #10888, .T. ) ;
#3143 = EDGE_CURVE ( 'NONE', #153, #4358, #6394, .T. ) ;
#3144 = CARTESIAN_POINT ( 'NONE',  ( 0.5200787401574809000, 0.1339366992125986500, -0.05787401574803151300 ) ) ;
#3145 = DIRECTION ( 'NONE',  ( 1.000000000000000000, 0.0000000000000000000, 0.0000000000000000000 ) ) ;
#3146 = FACE_OUTER_BOUND ( 'NONE', #2371, .T. ) ;
#3147 = ADVANCED_FACE ( 'NONE', ( #1305 ), #9045, .T. ) ;
#3148 = ORIENTED_EDGE ( 'NONE', *, *, #11427, .F. ) ;
#3149 = PLANE ( 'NONE',  #1384 ) ;
#3150 = VECTOR ( 'NONE', #2261, 39.37007874015748100 ) ;
#3151 = ORIENTED_EDGE ( 'NONE', *, *, #3311, .T. ) ;
#3152 = VERTEX_POINT ( 'NONE', #7318 ) ;
#3153 = ORIENTED_EDGE ( 'NONE', *, *, #543, .T. ) ;
#3154 = DIRECTION ( 'NONE',  ( -0.5144957554275285700, 0.6859943405700340600, -0.5144957554275259000 ) ) ;
#3155 = ORIENTED_EDGE ( 'NONE', *, *, #10267, .F. ) ;
#3156 = CARTESIAN_POINT ( 'NONE',  ( 0.4279685038976383500, 0.3346456692991144900, -0.08149606302256440200 ) ) ;
#3157 = VECTOR ( 'NONE', #10820, 39.37007874015748900 ) ;
#3158 = ORIENTED_EDGE ( 'NONE', *, *, #6074, .T. ) ;
#3159 = CARTESIAN_POINT ( 'NONE',  ( 0.1111870956299216600, 0.2432397985433058200, -0.04212598425196852800 ) ) ;
#3160 = EDGE_CURVE ( 'NONE', #3799, #9711, #1601, .T. ) ;
#3161 = VECTOR ( 'NONE', #3298, 39.37007874015748100 ) ;
#3162 = DIRECTION ( 'NONE',  ( -1.000000000000000000, 0.0000000000000000000, 0.0000000000000000000 ) ) ;
#3163 = VERTEX_POINT ( 'NONE', #966 ) ;
#3164 = EDGE_LOOP ( 'NONE', ( #7549, #3644, #2352, #5274 ) ) ;
#3165 = ORIENTED_EDGE ( 'NONE', *, *, #3511, .T. ) ;
#3166 = ADVANCED_FACE ( 'NONE', ( #10623 ), #8235, .F. ) ;
#3167 = CARTESIAN_POINT ( 'NONE',  ( 0.7196850393700792200, 0.01968503937007875700, -0.05787401574803152000 ) ) ;
#3168 = AXIS2_PLACEMENT_3D ( 'NONE', #2222, #8548, #3137 ) ;
#3169 = CARTESIAN_POINT ( 'NONE',  ( 0.3279685038582683100, 0.3346456694488173500, -0.01850393688976378900 ) ) ;
#3170 = AXIS2_PLACEMENT_3D ( 'NONE', #8282, #10946, #5549 ) ;
#3171 = CARTESIAN_POINT ( 'NONE',  ( 0.4200787401574810300, 0.1053386751217949600, -0.04212598425196851400 ) ) ;
#3172 = VECTOR ( 'NONE', #941, 39.37007874015748900 ) ;
#3173 = VECTOR ( 'NONE', #10064, 39.37007874015748100 ) ;
#3174 = VERTEX_POINT ( 'NONE', #6390 ) ;
#3175 = CARTESIAN_POINT ( 'NONE',  ( 0.1913385826771661900, 0.3346456692913382700, -0.08149606299212595900 ) ) ;
#3177 = CARTESIAN_POINT ( 'NONE',  ( 0.3895669291376264700, 0.2965351244314693400, -0.05787401574803151300 ) ) ;
#3176 = LINE ( 'NONE', #2756, #2887 ) ;
#3178 = DIRECTION ( 'NONE',  ( -0.0000000000000000000, -0.0000000000000000000, 1.000000000000000000 ) ) ;
#3179 = ORIENTED_EDGE ( 'NONE', *, *, #3060, .T. ) ;
#3180 = ORIENTED_EDGE ( 'NONE', *, *, #3705, .F. ) ;
#3181 = DIRECTION ( 'NONE',  ( 0.0000000000000000000, 0.0000000000000000000, 1.000000000000000000 ) ) ;
#3182 = DIRECTION ( 'NONE',  ( 0.0000000000000000000, 0.0000000000000000000, 1.000000000000000000 ) ) ;
#3183 = EDGE_CURVE ( 'NONE', #2744, #9633, #3723, .T. ) ;
#3184 = FACE_OUTER_BOUND ( 'NONE', #2614, .T. ) ;
#3185 = AXIS2_PLACEMENT_3D ( 'NONE', #1076, #7441, #2016 ) ;
#3186 = CARTESIAN_POINT ( 'NONE',  ( 0.4196850393700792300, 0.1027140031889745100, -0.05787401574803152000 ) ) ;
#3187 = EDGE_CURVE ( 'NONE', #6754, #8284, #8259, .T. ) ;
#3188 = ORIENTED_EDGE ( 'NONE', *, *, #11578, .F. ) ;
#3189 = ORIENTED_EDGE ( 'NONE', *, *, #2763, .T. ) ;
#3190 = LINE ( 'NONE', #8494, #161 ) ;
#3191 = ORIENTED_EDGE ( 'NONE', *, *, #11491, .T. ) ;
#3192 = ORIENTED_EDGE ( 'NONE', *, *, #3488, .F. ) ;
#3193 = DIRECTION ( 'NONE',  ( 0.0000000000000000000, 0.0000000000000000000, -1.000000000000000000 ) ) ;
#3194 = DIRECTION ( 'NONE',  ( 0.0000000000000000000, 0.7999999999999998200, -0.6000000000000002000 ) ) ;
#3195 = CARTESIAN_POINT ( 'NONE',  ( 0.4401574803149611600, 0.01968503937007875700, -0.07165354330708663400 ) ) ;
#3196 = PLANE ( 'NONE',  #2627 ) ;
#3198 = VECTOR ( 'NONE', #7151, 39.37007874015748100 ) ;
#3197 = DIRECTION ( 'NONE',  ( 0.0000000000000000000, -0.0000000000000000000, 1.000000000000000000 ) ) ;
#3199 = ORIENTED_EDGE ( 'NONE', *, *, #10782, .T. ) ;
#3200 = ORIENTED_EDGE ( 'NONE', *, *, #5307, .T. ) ;
#3201 = CARTESIAN_POINT ( 'NONE',  ( -0.4999999999999996100, 0.01968503937007875700, -0.02834645669291339200 ) ) ;
#3202 = CARTESIAN_POINT ( 'NONE',  ( 0.4196850393700792300, 0.3149606299212595600, -0.04212598425196851400 ) ) ;
#3203 = AXIS2_PLACEMENT_3D ( 'NONE', #9172, #9208, #9136 ) ;
#3204 = FACE_OUTER_BOUND ( 'NONE', #6372, .T. ) ;
#3205 = VERTEX_POINT ( 'NONE', #9162 ) ;
#3206 = ORIENTED_EDGE ( 'NONE', *, *, #8286, .T. ) ;
#3207 = CYLINDRICAL_SURFACE ( 'NONE', #4597, 0.03976377956692896800 ) ;
#3208 = EDGE_CURVE ( 'NONE', #9494, #10643, #5528, .T. ) ;
#3209 = VECTOR ( 'NONE', #1935, 39.37007874015748100 ) ;
#3210 = CARTESIAN_POINT ( 'NONE',  ( 0.7000000000000005100, 0.06031465196850320500, -0.04212598425196852100 ) ) ;
#3211 = ORIENTED_EDGE ( 'NONE', *, *, #5695, .F. ) ;
#3212 = VERTEX_POINT ( 'NONE', #88 ) ;
#3213 = DIRECTION ( 'NONE',  ( 1.000000000000000000, -0.0000000000000000000, 0.0000000000000000000 ) ) ;
#3214 = ORIENTED_EDGE ( 'NONE', *, *, #6406, .T. ) ;
#3215 = ADVANCED_FACE ( 'NONE', ( #740 ), #5543, .T. ) ;
#3216 = CARTESIAN_POINT ( 'NONE',  ( 0.4000000000000005200, 0.01968503937007875700, -0.04212598425196851400 ) ) ;
#3217 = LINE ( 'NONE', #861, #7734 ) ;
#3218 = DIRECTION ( 'NONE',  ( 0.0000000000000000000, 0.0000000000000000000, 1.000000000000000000 ) ) ;
#3219 = CARTESIAN_POINT ( 'NONE',  ( 0.6401574803149611100, 0.01968503937007875700, -0.02834645669291339200 ) ) ;
#3220 = DIRECTION ( 'NONE',  ( -1.000000000000000000, -0.0000000000000000000, 0.0000000000000000000 ) ) ;
#3221 = FACE_OUTER_BOUND ( 'NONE', #5924, .T. ) ;
#3222 = EDGE_CURVE ( 'NONE', #8241, #6723, #10068, .T. ) ;
#3223 = ORIENTED_EDGE ( 'NONE', *, *, #8404, .T. ) ;
#3224 = ORIENTED_EDGE ( 'NONE', *, *, #11378, .T. ) ;
#3225 = LINE ( 'NONE', #6409, #7743 ) ;
#3226 = ADVANCED_FACE ( 'NONE', ( #7690 ), #4647, .T. ) ;
#3227 = VECTOR ( 'NONE', #8941, 39.37007874015748100 ) ;
#3228 = DIRECTION ( 'NONE',  ( -1.000000000000000000, -0.0000000000000000000, 0.0000000000000000000 ) ) ;
#3229 = CARTESIAN_POINT ( 'NONE',  ( -0.03259880558287746300, 0.01968503937228146700, -0.07401574803136977400 ) ) ;
#3230 = DIRECTION ( 'NONE',  ( -0.9554746912769989100, -0.2950730660855439600, 0.0000000000000000000 ) ) ;
#3231 = VERTEX_POINT ( 'NONE', #1980 ) ;
#3232 = DIRECTION ( 'NONE',  ( 0.0000000000000000000, 0.0000000000000000000, -1.000000000000000000 ) ) ;
#3233 = DIRECTION ( 'NONE',  ( -0.0000000000000000000, -0.0000000000000000000, 1.000000000000000000 ) ) ;
#3234 = EDGE_CURVE ( 'NONE', #3163, #8305, #5257, .T. ) ;
#3235 = VECTOR ( 'NONE', #10288, 39.37007874015748900 ) ;
#3236 = AXIS2_PLACEMENT_3D ( 'NONE', #8667, #3266, #9568 ) ;
#3237 = ORIENTED_EDGE ( 'NONE', *, *, #1072, .F. ) ;
#3238 = CARTESIAN_POINT ( 'NONE',  ( 0.3445558501164538400, 0.1112594900334890800, -0.04212598425196851400 ) ) ;
#3239 = VECTOR ( 'NONE', #10163, 39.37007874015748100 ) ;
#3240 = VERTEX_POINT ( 'NONE', #7444 ) ;
#3241 = CARTESIAN_POINT ( 'NONE',  ( 0.4088916445275594900, 0.2432397985433058200, -0.04212598425196852800 ) ) ;
#3242 = CIRCLE ( 'NONE', #1082, 0.007874015748031449100 ) ;
#3243 = VERTEX_POINT ( 'NONE', #4692 ) ;
#3244 = ORIENTED_EDGE ( 'NONE', *, *, #7068, .T. ) ;
#3245 = DIRECTION ( 'NONE',  ( 0.0000000000000000000, -1.000000000000000000, 0.0000000000000000000 ) ) ;
#3246 = EDGE_CURVE ( 'NONE', #8120, #9119, #2884, .T. ) ;
#3247 = ORIENTED_EDGE ( 'NONE', *, *, #8182, .F. ) ;
#3248 = CARTESIAN_POINT ( 'NONE',  ( 0.5600393700787408300, 0.1141337039370070900, -0.04212598425196852800 ) ) ;
#3249 = CARTESIAN_POINT ( 'NONE',  ( 2.019685039370079100, 0.3346456692913383200, -0.09999999999999997800 ) ) ;
#3250 = CARTESIAN_POINT ( 'NONE',  ( 0.2374015748031499100, 0.05244063622047066800, -0.04212598425196851400 ) ) ;
#3251 = EDGE_CURVE ( 'NONE', #8673, #9750, #3442, .T. ) ;
#3253 = PLANE ( 'NONE',  #4000 ) ;
#3252 = AXIS2_PLACEMENT_3D ( 'NONE', #3353, #9648, #4247 ) ;
#3254 = VECTOR ( 'NONE', #5035, 39.37007874015748100 ) ;
#3255 = VECTOR ( 'NONE', #11635, 39.37007874015748900 ) ;
#3256 = EDGE_LOOP ( 'NONE', ( #8684, #2688, #8180, #4037 ) ) ;
#3257 = DIRECTION ( 'NONE',  ( 0.0000000000000000000, 0.0000000000000000000, 1.000000000000000000 ) ) ;
#3258 = ORIENTED_EDGE ( 'NONE', *, *, #11674, .T. ) ;
#3259 = LINE ( 'NONE', #10614, #10168 ) ;
#3260 = EDGE_CURVE ( 'NONE', #7722, #4261, #9796, .T. ) ;
#3261 = CARTESIAN_POINT ( 'NONE',  ( 0.4242125984211951900, 0.1473225259866370000, -0.05787401574803151300 ) ) ;
#3262 = LINE ( 'NONE', #1194, #3533 ) ;
#3263 = CARTESIAN_POINT ( 'NONE',  ( 0.5921259842519689400, 0.06031465196850320500, -0.04212598425196852800 ) ) ;
#3264 = ADVANCED_FACE ( 'NONE', ( #9511 ), #200, .F. ) ;
#3265 = CARTESIAN_POINT ( 'NONE',  ( 0.4000000000000005200, 0.01968503937007875700, -0.04212598425196851400 ) ) ;
#3266 = DIRECTION ( 'NONE',  ( 0.0000000000000000000, 0.0000000000000000000, 1.000000000000000000 ) ) ;
#3267 = EDGE_LOOP ( 'NONE', ( #6933, #11663, #9612, #242 ) ) ;
#3268 = EDGE_CURVE ( 'NONE', #3243, #7462, #7118, .T. ) ;
#3269 = ORIENTED_EDGE ( 'NONE', *, *, #2883, .T. ) ;
#3270 = DIRECTION ( 'NONE',  ( 1.000000000000000000, 0.0000000000000000000, 0.0000000000000000000 ) ) ;
#3271 = LINE ( 'NONE', #6035, #830 ) ;
#3272 = CARTESIAN_POINT ( 'NONE',  ( 0.5401574803149611400, 0.01968503937007875700, -0.04212598425196851400 ) ) ;
#3273 = LINE ( 'NONE', #557, #547 ) ;
#3274 = ORIENTED_EDGE ( 'NONE', *, *, #3856, .T. ) ;
#3275 = EDGE_LOOP ( 'NONE', ( #3707, #3989, #8797, #4272 ) ) ;
#3276 = DIRECTION ( 'NONE',  ( 0.0000000000000000000, -1.000000000000000000, -0.0000000000000000000 ) ) ;
#3277 = ADVANCED_FACE ( 'NONE', ( #4978 ), #9228, .F. ) ;
#3278 = PLANE ( 'NONE',  #9961 ) ;
#3279 = CARTESIAN_POINT ( 'NONE',  ( 0.1921259842519688900, 0.06031465196850320500, -0.05787401574803151300 ) ) ;
#3280 = DIRECTION ( 'NONE',  ( 0.0000000000000000000, 0.0000000000000000000, -1.000000000000000000 ) ) ;
#3281 = EDGE_CURVE ( 'NONE', #5669, #5359, #11564, .T. ) ;
#3282 = CIRCLE ( 'NONE', #2236, 0.007874015748031449100 ) ;
#3283 = ORIENTED_EDGE ( 'NONE', *, *, #8054, .F. ) ;
#3284 = CARTESIAN_POINT ( 'NONE',  ( 0.6913385826771658600, 0.3346456692913383200, -0.08149606299212604200 ) ) ;
#3285 = VECTOR ( 'NONE', #6877, 39.37007874015748100 ) ;
#3286 = ORIENTED_EDGE ( 'NONE', *, *, #7099, .F. ) ;
#3287 = ORIENTED_EDGE ( 'NONE', *, *, #9714, .T. ) ;
#3288 = CARTESIAN_POINT ( 'NONE',  ( -0.4999999999999996100, 0.01968503937007875700, -0.05787401574803152000 ) ) ;
#3289 = CARTESIAN_POINT ( 'NONE',  ( 0.3795275590551186500, 0.3149606299212595600, -0.05787401574803152000 ) ) ;
#3290 = CIRCLE ( 'NONE', #5083, 0.03976377952755921100 ) ;
#3291 = ORIENTED_EDGE ( 'NONE', *, *, #10315, .T. ) ;
#3292 = CIRCLE ( 'NONE', #562, 0.007874015748031449100 ) ;
#3293 = VERTEX_POINT ( 'NONE', #2106 ) ;
#3294 = ORIENTED_EDGE ( 'NONE', *, *, #10042, .F. ) ;
#3295 = ORIENTED_EDGE ( 'NONE', *, *, #6924, .F. ) ;
#3296 = EDGE_CURVE ( 'NONE', #10037, #2354, #7986, .T. ) ;
#3297 = AXIS2_PLACEMENT_3D ( 'NONE', #7508, #2094, #8423 ) ;
#3298 = DIRECTION ( 'NONE',  ( 0.0000000000000000000, -1.000000000000000000, -0.0000000000000000000 ) ) ;
#3299 = FACE_OUTER_BOUND ( 'NONE', #1986, .T. ) ;
#3300 = CARTESIAN_POINT ( 'NONE',  ( 0.1401574803149614700, 0.3149606299212595600, -0.02834645669291339200 ) ) ;
#3301 = LINE ( 'NONE', #400, #10479 ) ;
#3302 = DIRECTION ( 'NONE',  ( 0.2242946047231186300, -0.9745213852410319300, 0.0000000000000000000 ) ) ;
#3303 = VERTEX_POINT ( 'NONE', #5660 ) ;
#3304 = VECTOR ( 'NONE', #3893, 39.37007874015748100 ) ;
#3305 = EDGE_LOOP ( 'NONE', ( #7422, #5272, #7703, #3189 ) ) ;
#3306 = ORIENTED_EDGE ( 'NONE', *, *, #9642, .T. ) ;
#3307 = CARTESIAN_POINT ( 'NONE',  ( 0.3452755905511815700, -0.1259842519685042700, -0.04212598425196851400 ) ) ;
#3308 = EDGE_CURVE ( 'NONE', #2300, #10893, #2027, .T. ) ;
#3309 = DIRECTION ( 'NONE',  ( -1.000000000000000000, 0.0000000000000000000, 0.0000000000000000000 ) ) ;
#3310 = VECTOR ( 'NONE', #5142, 39.37007874015748100 ) ;
#3311 = EDGE_CURVE ( 'NONE', #4342, #28, #2313, .T. ) ;
#3312 = FACE_OUTER_BOUND ( 'NONE', #9869, .T. ) ;
#3313 = ORIENTED_EDGE ( 'NONE', *, *, #3909, .F. ) ;
#3314 = VERTEX_POINT ( 'NONE', #1213 ) ;
#3315 = CARTESIAN_POINT ( 'NONE',  ( 0.1826771653543312100, 0.04456662047243921400, -0.04212598425196851400 ) ) ;
#3316 = CIRCLE ( 'NONE', #9359, 0.007874015748031449100 ) ;
#3317 = VERTEX_POINT ( 'NONE', #8468 ) ;
#3318 = ORIENTED_EDGE ( 'NONE', *, *, #4754, .F. ) ;
#3319 = AXIS2_PLACEMENT_3D ( 'NONE', #960, #7311, #1902 ) ;
#3320 = DIRECTION ( 'NONE',  ( 0.0000000000000000000, 0.0000000000000000000, 1.000000000000000000 ) ) ;
#3321 = ADVANCED_FACE ( 'NONE', ( #6534 ), #11018, .T. ) ;
#3322 = DIRECTION ( 'NONE',  ( 1.000000000000000000, 0.0000000000000000000, 0.0000000000000000000 ) ) ;
#3323 = VECTOR ( 'NONE', #654, 39.37007874015748100 ) ;
#3324 = DIRECTION ( 'NONE',  ( 0.03123475221706891600, 0.9995120760920992400, 0.0000000000000000000 ) ) ;
#3325 = CARTESIAN_POINT ( 'NONE',  ( 0.6200787401574808800, 0.1339366992125986500, -0.05787401574803151300 ) ) ;
#3326 = DIRECTION ( 'NONE',  ( 1.000000000000000000, 0.0000000000000000000, 0.0000000000000000000 ) ) ;
#3327 = EDGE_LOOP ( 'NONE', ( #1259, #3677, #10843, #1552 ) ) ;
#3328 = ORIENTED_EDGE ( 'NONE', *, *, #691, .T. ) ;
#3329 = CIRCLE ( 'NONE', #4136, 0.08668467618110251000 ) ;
#3330 = VERTEX_POINT ( 'NONE', #4850 ) ;
#3331 = ORIENTED_EDGE ( 'NONE', *, *, #4834, .T. ) ;
#3332 = DIRECTION ( 'NONE',  ( -0.0000000000000000000, -0.0000000000000000000, -1.000000000000000000 ) ) ;
#3333 = EDGE_CURVE ( 'NONE', #4146, #6066, #4420, .T. ) ;
#3334 = VECTOR ( 'NONE', #9912, 39.37007874015748100 ) ;
#3335 = AXIS2_PLACEMENT_3D ( 'NONE', #9143, #3744, #10043 ) ;
#3336 = EDGE_CURVE ( 'NONE', #550, #4325, #8945, .T. ) ;
#3337 = AXIS2_PLACEMENT_3D ( 'NONE', #6302, #875, #7224 ) ;
#3339 = ADVANCED_FACE ( 'NONE', ( #1439 ), #11089, .F. ) ;
#3338 = CARTESIAN_POINT ( 'NONE',  ( 0.4200787401574810300, 0.01968503937007875700, -0.04212598425196851400 ) ) ;
#3340 = LINE ( 'NONE', #804, #619 ) ;
#3341 = ORIENTED_EDGE ( 'NONE', *, *, #11573, .T. ) ;
#3342 = ORIENTED_EDGE ( 'NONE', *, *, #9477, .T. ) ;
#3343 = DIRECTION ( 'NONE',  ( -1.000000000000000000, -0.0000000000000000000, -0.0000000000000000000 ) ) ;
#3344 = DIRECTION ( 'NONE',  ( 1.000000000000000000, 0.0000000000000000000, -0.0000000000000000000 ) ) ;
#3345 = ORIENTED_EDGE ( 'NONE', *, *, #646, .F. ) ;
#3346 = PLANE ( 'NONE',  #6230 ) ;
#3347 = LINE ( 'NONE', #2077, #7870 ) ;
#3348 = CARTESIAN_POINT ( 'NONE',  ( 0.07185039370328985500, 0.2287793731482758200, -0.05787401574803151300 ) ) ;
#3349 = LINE ( 'NONE', #5704, #5714 ) ;
#3350 = CIRCLE ( 'NONE', #5353, 0.01574803149606289800 ) ;
#3351 = CARTESIAN_POINT ( 'NONE',  ( 0.1196850393700793400, 0.01968503937007875700, -0.05787401574803152000 ) ) ;
#3352 = AXIS2_PLACEMENT_3D ( 'NONE', #6414, #6166, #6141 ) ;
#3353 = CARTESIAN_POINT ( 'NONE',  ( 0.4921259842519688000, 0.06031465196850320500, -0.05787401574803151300 ) ) ;
#3354 = ORIENTED_EDGE ( 'NONE', *, *, #895, .T. ) ;
#3355 = CARTESIAN_POINT ( 'NONE',  ( 0.3999999999956742000, 0.1339366992112627800, -0.05787401574803151300 ) ) ;
#3356 = EDGE_CURVE ( 'NONE', #154, #4775, #3862, .T. ) ;
#3357 = ORIENTED_EDGE ( 'NONE', *, *, #1643, .F. ) ;
#3358 = VECTOR ( 'NONE', #1423, 39.37007874015748100 ) ;
#3359 = DIRECTION ( 'NONE',  ( 1.000000000000000000, -0.0000000000000000000, 0.0000000000000000000 ) ) ;
#3360 = VECTOR ( 'NONE', #9815, 39.37007874015748100 ) ;
#3361 = CARTESIAN_POINT ( 'NONE',  ( 0.2305118110806713100, 0.2965351243980126600, -0.05787401574803151300 ) ) ;
#3362 = ORIENTED_EDGE ( 'NONE', *, *, #8269, .F. ) ;
#3363 = DIRECTION ( 'NONE',  ( -1.000000000000000000, 3.435095992033280000E-015, 0.0000000000000000000 ) ) ;
#3364 = LINE ( 'NONE', #1563, #3643 ) ;
#3365 = CARTESIAN_POINT ( 'NONE',  ( 0.2913385826679103000, 0.3346456692921208100, -0.01850393700039462300 ) ) ;
#3366 = DIRECTION ( 'NONE',  ( 0.0000000000000000000, 0.0000000000000000000, 1.000000000000000000 ) ) ;
#3367 = VERTEX_POINT ( 'NONE', #362 ) ;
#3368 = EDGE_CURVE ( 'NONE', #2886, #5260, #5957, .T. ) ;
#3369 = CIRCLE ( 'NONE', #10279, 0.03976377952755907200 ) ;
#3370 = ORIENTED_EDGE ( 'NONE', *, *, #9308, .F. ) ;
#3371 = CARTESIAN_POINT ( 'NONE',  ( 0.4795275590944886900, 0.05244063622047148700, -0.04212598425196851400 ) ) ;
#3372 = APPROVAL_DATE_TIME ( #5745, #10349 ) ;
#3373 = VECTOR ( 'NONE', #9946, 39.37007874015748100 ) ;
#3374 = EDGE_LOOP ( 'NONE', ( #10578, #2392, #186, #9186 ) ) ;
#3375 = DIRECTION ( 'NONE',  ( 0.0000000000000000000, 0.0000000000000000000, -1.000000000000000000 ) ) ;
#3376 = ADVANCED_FACE ( 'NONE', ( #10750 ), #2218, .F. ) ;
#3377 = DIRECTION ( 'NONE',  ( -0.0000000000000000000, -0.0000000000000000000, 1.000000000000000000 ) ) ;
#3378 = ORIENTED_EDGE ( 'NONE', *, *, #4379, .T. ) ;
#3379 = CARTESIAN_POINT ( 'NONE',  ( 0.5196850393700792600, 0.1027140031889746500, -0.05787401574803151300 ) ) ;
#3380 = ORIENTED_EDGE ( 'NONE', *, *, #4962, .F. ) ;
#3381 = EDGE_CURVE ( 'NONE', #2033, #10928, #8397, .T. ) ;
#3382 = VECTOR ( 'NONE', #4457, 39.37007874015748100 ) ;
#3383 = DIRECTION ( 'NONE',  ( 0.0000000000000000000, -0.0000000000000000000, -1.000000000000000000 ) ) ;
#3384 = DIRECTION ( 'NONE',  ( -5.876167051565095900E-011, 1.000000000000000000, 0.0000000000000000000 ) ) ;
#3385 = LINE ( 'NONE', #10154, #10564 ) ;
#3386 = CARTESIAN_POINT ( 'NONE',  ( 0.6242125984225604900, 0.1473225259865794900, -0.05787401574803150600 ) ) ;
#3387 = ORIENTED_EDGE ( 'NONE', *, *, #7554, .F. ) ;
#3388 = CARTESIAN_POINT ( 'NONE',  ( 0.4200787401574807600, -0.1259842519685042700, -0.04212598425196851400 ) ) ;
#3389 = ADVANCED_FACE ( 'NONE', ( #1746 ), #862, .F. ) ;
#3390 = ORIENTED_EDGE ( 'NONE', *, *, #4398, .T. ) ;
#3391 = CARTESIAN_POINT ( 'NONE',  ( 0.1088916445275594100, 0.2617829512992116400, -0.05787401574803151300 ) ) ;
#3392 = LINE ( 'NONE', #9993, #3118 ) ;
#3393 = DIRECTION ( 'NONE',  ( -1.000000000000000000, -0.0000000000000000000, 0.0000000000000000000 ) ) ;
#3394 = LINE ( 'NONE', #9571, #3673 ) ;
#3395 = DIRECTION ( 'NONE',  ( 1.000000000000000000, 0.0000000000000000000, -0.0000000000000000000 ) ) ;
#3396 = EDGE_CURVE ( 'NONE', #334, #9998, #3301, .T. ) ;
#3397 = EDGE_LOOP ( 'NONE', ( #163, #6868, #2924, #10460, #2046, #7707, #5834, #1343, #7299, #1508, #5320, #10205, #5529, #2109, #3516, #7565, #2935, #2045, #9862, #10058, #589, #3010, #3378, #10765, #10628, #6907, #9135 ) ) ;
#3398 = AXIS2_PLACEMENT_3D ( 'NONE', #2413, #8731, #3326 ) ;
#3399 = EDGE_CURVE ( 'NONE', #1997, #573, #8119, .T. ) ;
#3400 = EDGE_LOOP ( 'NONE', ( #8842, #4666, #7259, #9911 ) ) ;
#3401 = FACE_OUTER_BOUND ( 'NONE', #11194, .T. ) ;
#3402 = CIRCLE ( 'NONE', #10784, 0.007874015748031449100 ) ;
#3403 = VERTEX_POINT ( 'NONE', #9473 ) ;
#3404 = CARTESIAN_POINT ( 'NONE',  ( 0.5200787401574809000, 0.06031465196850320500, -0.04212598425196852100 ) ) ;
#3405 = VERTEX_POINT ( 'NONE', #3177 ) ;
#3406 = DIRECTION ( 'NONE',  ( 0.0000000000000000000, -0.0000000000000000000, 1.000000000000000000 ) ) ;
#3407 = ORIENTED_EDGE ( 'NONE', *, *, #515, .T. ) ;
#3408 = AXIS2_PLACEMENT_3D ( 'NONE', #1187, #1148, #905 ) ;
#3409 = DIRECTION ( 'NONE',  ( -0.0000000000000000000, 1.000000000000000000, 0.0000000000000000000 ) ) ;
#3410 = CYLINDRICAL_SURFACE ( 'NONE', #8886, 0.09219577657480328100 ) ;
#3411 = DIRECTION ( 'NONE',  ( 0.0000000000000000000, 1.000000000000000000, 0.0000000000000000000 ) ) ;
#3412 = CARTESIAN_POINT ( 'NONE',  ( 0.5200787401536305400, 0.01968503937007875700, -0.05787401574803152000 ) ) ;
#3413 = VECTOR ( 'NONE', #6627, 39.37007874015748100 ) ;
#3414 = EDGE_CURVE ( 'NONE', #9265, #9205, #5665, .T. ) ;
#3415 = VERTEX_POINT ( 'NONE', #6750 ) ;
#3416 = CARTESIAN_POINT ( 'NONE',  ( 0.5999999999956742200, 0.1339366992112626400, -0.05787401574803150600 ) ) ;
#3417 = ORIENTED_EDGE ( 'NONE', *, *, #8775, .F. ) ;
#3418 = DIRECTION ( 'NONE',  ( 0.0000000000000000000, 0.0000000000000000000, -1.000000000000000000 ) ) ;
#3419 = CIRCLE ( 'NONE', #1232, 0.03976377952755907200 ) ;
#3420 = VERTEX_POINT ( 'NONE', #444 ) ;
#3421 = CARTESIAN_POINT ( 'NONE',  ( 0.02795275590551217500, 0.05244063622047148700, -0.05787401574803151300 ) ) ;
#3422 = VECTOR ( 'NONE', #7637, 39.37007874015748100 ) ;
#3423 = EDGE_LOOP ( 'NONE', ( #11330, #2900, #9173, #11226 ) ) ;
#3424 = ORIENTED_EDGE ( 'NONE', *, *, #4656, .F. ) ;
#3425 = VERTEX_POINT ( 'NONE', #1365 ) ;
#3426 = CARTESIAN_POINT ( 'NONE',  ( 0.4196850393700792800, 0.09221531551193581900, -0.05787401574803152000 ) ) ;
#3428 = AXIS2_PLACEMENT_3D ( 'NONE', #7494, #2078, #8406 ) ;
#3427 = CARTESIAN_POINT ( 'NONE',  ( 0.2765748031429105500, 0.3149606299223782200, -0.06673228346473249200 ) ) ;
#3429 = EDGE_CURVE ( 'NONE', #5917, #1004, #7827, .T. ) ;
#3430 = ADVANCED_FACE ( 'NONE', ( #584 ), #8611, .F. ) ;
#3431 = CARTESIAN_POINT ( 'NONE',  ( 0.2000000000000005900, 0.3149606299212595600, -0.04212598425196851400 ) ) ;
#3432 = FACE_OUTER_BOUND ( 'NONE', #8288, .T. ) ;
#3433 = ORIENTED_EDGE ( 'NONE', *, *, #9510, .F. ) ;
#3434 = DIRECTION ( 'NONE',  ( 0.0000000000000000000, -1.000000000000000000, -0.0000000000000000000 ) ) ;
#3435 = LINE ( 'NONE', #9609, #3161 ) ;
#3436 = CARTESIAN_POINT ( 'NONE',  ( 0.1196850393700793400, 0.1027140031889746500, -0.04212598425196851400 ) ) ;
#3437 = ORIENTED_EDGE ( 'NONE', *, *, #11483, .T. ) ;
#3438 = ORIENTED_EDGE ( 'NONE', *, *, #7520, .F. ) ;
#3439 = VERTEX_POINT ( 'NONE', #3219 ) ;
#3440 = CARTESIAN_POINT ( 'NONE',  ( 0.07185039370078769000, 0.2287793732283450500, -0.05787401574803151300 ) ) ;
#3441 = VECTOR ( 'NONE', #4552, 39.37007874015748900 ) ;
#3442 = LINE ( 'NONE', #9244, #7405 ) ;
#3443 = ADVANCED_FACE ( 'NONE', ( #10211 ), #1400, .F. ) ;
#3444 = ORIENTED_EDGE ( 'NONE', *, *, #8170, .F. ) ;
#3445 = EDGE_CURVE ( 'NONE', #5531, #6842, #5110, .T. ) ;
#3446 = VECTOR ( 'NONE', #10772, 39.37007874015748900 ) ;
#3447 = VERTEX_POINT ( 'NONE', #5898 ) ;
#3448 = ORIENTED_EDGE ( 'NONE', *, *, #5537, .F. ) ;
#3449 = DIRECTION ( 'NONE',  ( 1.000000000000000000, 5.876167051565095900E-011, -0.0000000000000000000 ) ) ;
#3450 = CARTESIAN_POINT ( 'NONE',  ( 0.6795275590944887000, -0.1259842519668301400, -0.04212598425196851400 ) ) ;
#3451 = DIRECTION ( 'NONE',  ( 0.0000000000000000000, 0.0000000000000000000, 1.000000000000000000 ) ) ;
#3452 = CARTESIAN_POINT ( 'NONE',  ( 0.2242125984211952600, 0.1473225259866370000, -0.05787401574803151300 ) ) ;
#3454 = LINE ( 'NONE', #9345, #5535 ) ;
#3453 = CARTESIAN_POINT ( 'NONE',  ( 0.6795275590551186400, 0.3149606299212595600, -0.04212598425196851400 ) ) ;
#3455 = ORIENTED_EDGE ( 'NONE', *, *, #994, .T. ) ;
#3456 = ORIENTED_EDGE ( 'NONE', *, *, #5206, .F. ) ;
#3457 = DIRECTION ( 'NONE',  ( -0.0000000000000000000, 0.0000000000000000000, 1.000000000000000000 ) ) ;
#3458 = CARTESIAN_POINT ( 'NONE',  ( 0.2200787401574807700, 0.08959064362204710600, -0.04212598425196851400 ) ) ;
#3459 = EDGE_CURVE ( 'NONE', #1528, #3799, #2737, .T. ) ;
#3460 = LINE ( 'NONE', #2093, #753 ) ;
#3461 = VERTEX_POINT ( 'NONE', #10439 ) ;
#3462 = ORIENTED_EDGE ( 'NONE', *, *, #11207, .F. ) ;
#3463 = EDGE_CURVE ( 'NONE', #6332, #7267, #7546, .T. ) ;
#3464 = DIRECTION ( 'NONE',  ( 0.0000000000000000000, 1.000000000000000000, 0.0000000000000000000 ) ) ;
#3465 = DIRECTION ( 'NONE',  ( -1.000000000000000000, -0.0000000000000000000, -0.0000000000000000000 ) ) ;
#3466 = LINE ( 'NONE', #8039, #1031 ) ;
#3467 = AXIS2_PLACEMENT_3D ( 'NONE', #11068, #2117, #8449 ) ;
#3468 = DIRECTION ( 'NONE',  ( -0.0000000000000000000, -0.0000000000000000000, -1.000000000000000000 ) ) ;
#3469 = EDGE_CURVE ( 'NONE', #7866, #4827, #5389, .T. ) ;
#3470 = AXIS2_PLACEMENT_3D ( 'NONE', #2650, #8952, #3541 ) ;
#3471 = EDGE_LOOP ( 'NONE', ( #6896, #10659, #8278, #3121 ) ) ;
#3472 = ORIENTED_EDGE ( 'NONE', *, *, #9165, .F. ) ;
#3473 = DIRECTION ( 'NONE',  ( 0.9889363527142632800, 0.1483404539571395500, -0.0000000000000000000 ) ) ;
#3474 = VECTOR ( 'NONE', #8654, 39.37007874015748100 ) ;
#3475 = ORIENTED_EDGE ( 'NONE', *, *, #7760, .T. ) ;
#3476 = CARTESIAN_POINT ( 'NONE',  ( 0.3196850393700790800, 0.1027140031889749600, -0.05787401574803152000 ) ) ;
#3477 = FACE_OUTER_BOUND ( 'NONE', #5111, .T. ) ;
#3478 = DIRECTION ( 'NONE',  ( 0.2242946044126387400, -0.9745213853124915500, 0.0000000000000000000 ) ) ;
#3479 = CARTESIAN_POINT ( 'NONE',  ( 0.2401574803149612300, 0.01968503937007875700, -0.07165354330708663400 ) ) ;
#3480 = LINE ( 'NONE', #2075, #8019 ) ;
#3481 = DIRECTION ( 'NONE',  ( 0.2242946050387554200, 0.9745213851683853800, 0.0000000000000000000 ) ) ;
#3482 = VERTEX_POINT ( 'NONE', #5073 ) ;
#3483 = ORIENTED_EDGE ( 'NONE', *, *, #8725, .T. ) ;
#3484 = EDGE_CURVE ( 'NONE', #10097, #7719, #9366, .T. ) ;
#3485 = VERTEX_POINT ( 'NONE', #7790 ) ;
#3486 = DIRECTION ( 'NONE',  ( -1.000000000000000000, 6.870191984066560000E-015, 0.0000000000000000000 ) ) ;
#3487 = VECTOR ( 'NONE', #5329, 39.37007874015748900 ) ;
#3488 = EDGE_CURVE ( 'NONE', #4020, #5508, #2444, .T. ) ;
#3489 = CC_DESIGN_DATE_AND_TIME_ASSIGNMENT ( #9713, #3042, ( #1030 ) ) ;
#3490 = VECTOR ( 'NONE', #7138, 39.37007874015748100 ) ;
#3491 = DIRECTION ( 'NONE',  ( -1.000000000000000000, 1.717547996016640000E-015, 0.0000000000000000000 ) ) ;
#3492 = PLANE ( 'NONE',  #8811 ) ;
#3493 = ADVANCED_FACE ( 'NONE', ( #11695 ), #6674, .F. ) ;
#3494 = DIRECTION ( 'NONE',  ( 0.0000000000000000000, 0.0000000000000000000, -1.000000000000000000 ) ) ;
#3495 = ORIENTED_EDGE ( 'NONE', *, *, #8923, .F. ) ;
#3496 = DIRECTION ( 'NONE',  ( -1.000000000000000000, 0.0000000000000000000, 0.0000000000000000000 ) ) ;
#3497 = VERTEX_POINT ( 'NONE', #4227 ) ;
#3498 = LINE ( 'NONE', #3698, #8038 ) ;
#3499 = LINE ( 'NONE', #6129, #8043 ) ;
#3500 = EDGE_CURVE ( 'NONE', #7857, #6408, #4553, .T. ) ;
#3501 = VERTEX_POINT ( 'NONE', #11387 ) ;
#3502 = ADVANCED_FACE ( 'NONE', ( #11421 ), #773, .F. ) ;
#3503 = DIRECTION ( 'NONE',  ( 0.0000000000000000000, 0.0000000000000000000, 1.000000000000000000 ) ) ;
#3504 = DIRECTION ( 'NONE',  ( 0.0000000000000000000, 0.0000000000000000000, 1.000000000000000000 ) ) ;
#3505 = FACE_OUTER_BOUND ( 'NONE', #4918, .T. ) ;
#3506 = ORIENTED_EDGE ( 'NONE', *, *, #7099, .T. ) ;
#3507 = LINE ( 'NONE', #7089, #3239 ) ;
#3508 = DIRECTION ( 'NONE',  ( 0.0000000000000000000, 0.0000000000000000000, -1.000000000000000000 ) ) ;
#3509 = VERTEX_POINT ( 'NONE', #6021 ) ;
#3510 = PLANE ( 'NONE',  #3932 ) ;
#3511 = EDGE_CURVE ( 'NONE', #1368, #10094, #9640, .T. ) ;
#3512 = LINE ( 'NONE', #2348, #5889 ) ;
#3513 = EDGE_CURVE ( 'NONE', #6644, #10823, #9080, .T. ) ;
#3514 = DIRECTION ( 'NONE',  ( 1.000000000000000000, 0.0000000000000000000, 0.0000000000000000000 ) ) ;
#3515 = VERTEX_POINT ( 'NONE', #11586 ) ;
#3516 = ORIENTED_EDGE ( 'NONE', *, *, #7420, .T. ) ;
#3517 = DIRECTION ( 'NONE',  ( 0.0000000000000000000, 0.0000000000000000000, -1.000000000000000000 ) ) ;
#3518 = ORIENTED_EDGE ( 'NONE', *, *, #5842, .F. ) ;
#3519 = CIRCLE ( 'NONE', #4155, 0.01574803149606289800 ) ;
#3520 = DIRECTION ( 'NONE',  ( -0.0000000000000000000, 0.0000000000000000000, 1.000000000000000000 ) ) ;
#3521 = LINE ( 'NONE', #5323, #1974 ) ;
#3522 = EDGE_CURVE ( 'NONE', #8653, #11154, #6383, .T. ) ;
#3523 = DIRECTION ( 'NONE',  ( 0.0000000000000000000, 1.000000000000000000, 0.0000000000000000000 ) ) ;
#3524 = DIRECTION ( 'NONE',  ( -0.5144957554275260100, -0.6859943405700347200, -0.5144957554275276800 ) ) ;
#3525 = ORIENTED_EDGE ( 'NONE', *, *, #6425, .F. ) ;
#3526 = DIRECTION ( 'NONE',  ( -0.04217878995898835500, -0.9991100788589790700, 0.0000000000000000000 ) ) ;
#3527 = EDGE_CURVE ( 'NONE', #10248, #5971, #3998, .T. ) ;
#3528 = AXIS2_PLACEMENT_3D ( 'NONE', #6221, #7155, #1742 ) ;
#3529 = ORIENTED_EDGE ( 'NONE', *, *, #5343, .T. ) ;
#3530 = DIRECTION ( 'NONE',  ( 0.0000000000000000000, -0.7999999999999998200, -0.6000000000000002000 ) ) ;
#3531 = CYLINDRICAL_SURFACE ( 'NONE', #6004, 0.03976377952755907200 ) ;
#3532 = AXIS2_PLACEMENT_3D ( 'NONE', #6154, #739, #7077 ) ;
#3533 = VECTOR ( 'NONE', #2994, 39.37007874015748100 ) ;
#3534 = EDGE_LOOP ( 'NONE', ( #9257, #7409, #2812, #7452 ) ) ;
#3535 = VERTEX_POINT ( 'NONE', #9868 ) ;
#3536 = DIRECTION ( 'NONE',  ( -0.0000000000000000000, -0.0000000000000000000, 1.000000000000000000 ) ) ;
#3537 = PLANE ( 'NONE',  #7285 ) ;
#3538 = DIRECTION ( 'NONE',  ( 0.0000000000000000000, 1.000000000000000000, -0.0000000000000000000 ) ) ;
#3539 = CARTESIAN_POINT ( 'NONE',  ( 0.1196850393702200100, 0.01968503937007875700, -0.05787401574803152000 ) ) ;
#3540 = ORIENTED_EDGE ( 'NONE', *, *, #9147, .T. ) ;
#3541 = DIRECTION ( 'NONE',  ( 0.03123475200308707700, 0.9995120760987861200, 0.0000000000000000000 ) ) ;
#3542 = VECTOR ( 'NONE', #10502, 39.37007874015748100 ) ;
#3543 = ADVANCED_FACE ( 'NONE', ( #6093 ), #3555, .F. ) ;
#3544 = DIRECTION ( 'NONE',  ( 0.0000000000000000000, 0.0000000000000000000, 1.000000000000000000 ) ) ;
#3545 = EDGE_CURVE ( 'NONE', #10812, #4715, #1290, .T. ) ;
#3546 = VECTOR ( 'NONE', #5978, 39.37007874015748100 ) ;
#3547 = ORIENTED_EDGE ( 'NONE', *, *, #6619, .T. ) ;
#3548 = AXIS2_PLACEMENT_3D ( 'NONE', #5934, #1438, #7786 ) ;
#3549 = ORIENTED_EDGE ( 'NONE', *, *, #8885, .T. ) ;
#3550 = DIRECTION ( 'NONE',  ( 0.0000000000000000000, -1.000000000000000000, -0.0000000000000000000 ) ) ;
#3551 = DIRECTION ( 'NONE',  ( 0.0000000000000000000, 0.0000000000000000000, 1.000000000000000000 ) ) ;
#3552 = EDGE_CURVE ( 'NONE', #11091, #2343, #10877, .T. ) ;
#3553 = AXIS2_PLACEMENT_3D ( 'NONE', #442, #6788, #1363 ) ;
#3554 = CARTESIAN_POINT ( 'NONE',  ( 0.04015748031496117800, 0.01968503937007875700, -0.02598425196850394400 ) ) ;
#3555 = PLANE ( 'NONE',  #8966 ) ;
#3556 = FACE_OUTER_BOUND ( 'NONE', #3706, .T. ) ;
#3557 = ORIENTED_EDGE ( 'NONE', *, *, #8961, .T. ) ;
#3558 = CARTESIAN_POINT ( 'NONE',  ( 0.6568533023228351200, 0.2494168253937005800, -0.04212598425196852800 ) ) ;
#3559 = LINE ( 'NONE', #9743, #8646 ) ;
#3560 = ORIENTED_EDGE ( 'NONE', *, *, #203, .T. ) ;
#3561 = ORIENTED_EDGE ( 'NONE', *, *, #4208, .T. ) ;
#3562 = ADVANCED_FACE ( 'NONE', ( #8247 ), #9006, .F. ) ;
#3563 = ORIENTED_EDGE ( 'NONE', *, *, #3639, .T. ) ;
#3564 = DIRECTION ( 'NONE',  ( 0.6000000000000002000, -0.7999999999999998200, 0.0000000000000000000 ) ) ;
#3565 = DIRECTION ( 'NONE',  ( -0.0000000000000000000, -0.0000000000000000000, 1.000000000000000000 ) ) ;
#3566 = EDGE_CURVE ( 'NONE', #6999, #4012, #5805, .T. ) ;
#3567 = LINE ( 'NONE', #9274, #1425 ) ;
#3568 = CARTESIAN_POINT ( 'NONE',  ( 0.3000000000000002100, 0.3149606299212595600, -0.05787401574803152000 ) ) ;
#3569 = ORIENTED_EDGE ( 'NONE', *, *, #3699, .F. ) ;
#3570 = DIRECTION ( 'NONE',  ( -0.0000000000000000000, -0.0000000000000000000, -1.000000000000000000 ) ) ;
#3571 = CIRCLE ( 'NONE', #1810, 0.007874015748031449100 ) ;
#3572 = ORIENTED_EDGE ( 'NONE', *, *, #3024, .F. ) ;
#3573 = EDGE_LOOP ( 'NONE', ( #4262, #8229, #7571, #9384, #7397, #3244, #5987, #10228, #6337, #10673, #10374, #10184, #8504, #9138, #3139, #6675, #1609, #11555, #5052, #309, #9942, #5466, #9852, #471, #4806, #9475, #8307 ) ) ;
#3574 = ORIENTED_EDGE ( 'NONE', *, *, #7538, .F. ) ;
#3575 = CARTESIAN_POINT ( 'NONE',  ( 0.2452755905492692300, -0.1011811023193409700, -0.05787401574803151300 ) ) ;
#3576 = VERTEX_POINT ( 'NONE', #1824 ) ;
#3577 = FACE_OUTER_BOUND ( 'NONE', #7740, .T. ) ;
#3578 = CARTESIAN_POINT ( 'NONE',  ( 0.07480314960629971800, -0.1011811023622053900, -0.05787401574803151300 ) ) ;
#3579 = VECTOR ( 'NONE', #1288, 39.37007874015748100 ) ;
#3580 = DIRECTION ( 'NONE',  ( 0.2242946050387554200, 0.9745213851683853800, 0.0000000000000000000 ) ) ;
#3581 = ORIENTED_EDGE ( 'NONE', *, *, #1397, .T. ) ;
#3582 = CARTESIAN_POINT ( 'NONE',  ( 0.2000000000000003200, 0.06031465196850320500, -0.08208661417322835100 ) ) ;
#3583 = LINE ( 'NONE', #210, #11298 ) ;
#3584 = ORIENTED_EDGE ( 'NONE', *, *, #4609, .F. ) ;
#3585 = ORIENTED_EDGE ( 'NONE', *, *, #150, .T. ) ;
#3586 = EDGE_CURVE ( 'NONE', #9070, #11131, #10613, .T. ) ;
#3587 = ORIENTED_EDGE ( 'NONE', *, *, #5263, .F. ) ;
#3588 = CARTESIAN_POINT ( 'NONE',  ( 0.1445558501166430700, 0.1112594900317893800, -0.05787401574803151300 ) ) ;
#3589 = LINE ( 'NONE', #594, #10760 ) ;
#3590 = CARTESIAN_POINT ( 'NONE',  ( 0.07022387980321807800, 0.2525113753601316300, -0.05787401574803151300 ) ) ;
#3591 = LINE ( 'NONE', #666, #1163 ) ;
#3592 = ORIENTED_EDGE ( 'NONE', *, *, #5219, .T. ) ;
#3593 = ORIENTED_EDGE ( 'NONE', *, *, #4035, .T. ) ;
#3594 = LINE ( 'NONE', #10395, #5683 ) ;
#3595 = ORIENTED_EDGE ( 'NONE', *, *, #8170, .T. ) ;
#3596 = VERTEX_POINT ( 'NONE', #8114 ) ;
#3597 = CARTESIAN_POINT ( 'NONE',  ( 0.2795275590944887900, -0.1259842519685042700, -0.04212598425196851400 ) ) ;
#3598 = CARTESIAN_POINT ( 'NONE',  ( 0.2600393700787407300, 0.1141337039370070900, -0.05787401574803151300 ) ) ;
#3599 = PLANE ( 'NONE',  #237 ) ;
#3600 = VECTOR ( 'NONE', #2613, 39.37007874015748100 ) ;
#3601 = EDGE_CURVE ( 'NONE', #3405, #3163, #5515, .T. ) ;
#3602 = ORIENTED_EDGE ( 'NONE', *, *, #9289, .T. ) ;
#3604 = VERTEX_POINT ( 'NONE', #7227 ) ;
#3603 = AXIS2_PLACEMENT_3D ( 'NONE', #507, #6850, #1420 ) ;
#3605 = DIRECTION ( 'NONE',  ( -0.0000000000000000000, -0.0000000000000000000, -1.000000000000000000 ) ) ;
#3606 = LINE ( 'NONE', #770, #1181 ) ;
#3607 = ORIENTED_EDGE ( 'NONE', *, *, #4114, .F. ) ;
#3608 = VERTEX_POINT ( 'NONE', #3638 ) ;
#3609 = ADVANCED_FACE ( 'NONE', ( #3432 ), #6346, .F. ) ;
#3610 = DIRECTION ( 'NONE',  ( 0.0000000000000000000, 0.0000000000000000000, -1.000000000000000000 ) ) ;
#3611 = LINE ( 'NONE', #5284, #1184 ) ;
#3612 = DIRECTION ( 'NONE',  ( 1.000000000000000000, 0.0000000000000000000, -0.0000000000000000000 ) ) ;
#3613 = VECTOR ( 'NONE', #6640, 39.37007874015748900 ) ;
#3614 = DIRECTION ( 'NONE',  ( -0.0000000000000000000, -0.0000000000000000000, -1.000000000000000000 ) ) ;
#3615 = ORIENTED_EDGE ( 'NONE', *, *, #9952, .T. ) ;
#3616 = VERTEX_POINT ( 'NONE', #4531 ) ;
#3617 = DIRECTION ( 'NONE',  ( 0.0000000000000000000, -0.0000000000000000000, 1.000000000000000000 ) ) ;
#3618 = VERTEX_POINT ( 'NONE', #9076 ) ;
#3619 = EDGE_CURVE ( 'NONE', #10953, #11174, #7680, .T. ) ;
#3621 = DIRECTION ( 'NONE',  ( 1.000000000000000000, -0.0000000000000000000, 0.0000000000000000000 ) ) ;
#3620 = FACE_OUTER_BOUND ( 'NONE', #1221, .T. ) ;
#3622 = DIRECTION ( 'NONE',  ( 1.000000000000000000, 0.0000000000000000000, 0.0000000000000000000 ) ) ;
#3623 = ADVANCED_FACE ( 'NONE', ( #10056 ), #425, .T. ) ;
#3624 = CARTESIAN_POINT ( 'NONE',  ( 0.2795275591743967000, 0.2885954232650427300, -0.04212598425196852800 ) ) ;
#3625 = AXIS2_PLACEMENT_3D ( 'NONE', #10905, #90, #6428 ) ;
#3626 = LINE ( 'NONE', #2065, #3905 ) ;
#3627 = DIRECTION ( 'NONE',  ( -0.0000000000000000000, -0.0000000000000000000, -1.000000000000000000 ) ) ;
#3628 = EDGE_CURVE ( 'NONE', #3938, #2765, #7969, .T. ) ;
#3629 = AXIS2_PLACEMENT_3D ( 'NONE', #6440, #10919, #8292 ) ;
#3630 = VECTOR ( 'NONE', #7788, 39.37007874015748100 ) ;
#3631 = ORIENTED_EDGE ( 'NONE', *, *, #270, .T. ) ;
#3632 = DIRECTION ( 'NONE',  ( 0.03123475221706860700, 0.9995120760920992400, 0.0000000000000000000 ) ) ;
#3633 = ORIENTED_EDGE ( 'NONE', *, *, #3445, .F. ) ;
#3634 = CARTESIAN_POINT ( 'NONE',  ( 0.2482283464474976900, 0.2287793732319348100, -0.04212598425196852800 ) ) ;
#3635 = LINE ( 'NONE', #3238, #3358 ) ;
#3636 = DIRECTION ( 'NONE',  ( -1.000000000000000000, -0.0000000000000000000, 0.0000000000000000000 ) ) ;
#3637 = LINE ( 'NONE', #9903, #3360 ) ;
#3639 = EDGE_CURVE ( 'NONE', #6798, #5023, #726, .T. ) ;
#3638 = CARTESIAN_POINT ( 'NONE',  ( 0.7196850393700799900, 0.01968503937007875700, -0.02598425196890588600 ) ) ;
#3640 = ORIENTED_EDGE ( 'NONE', *, *, #7050, .F. ) ;
#3641 = CARTESIAN_POINT ( 'NONE',  ( 0.3690944881890624300, -0.1259842519683448400, -0.05787401574803150600 ) ) ;
#3642 = EDGE_CURVE ( 'NONE', #1919, #2961, #1000, .T. ) ;
#3643 = VECTOR ( 'NONE', #3393, 39.37007874015748100 ) ;
#3644 = ORIENTED_EDGE ( 'NONE', *, *, #9477, .F. ) ;
#3645 = DIRECTION ( 'NONE',  ( -0.0000000000000000000, -0.0000000000000000000, -1.000000000000000000 ) ) ;
#3646 = DIRECTION ( 'NONE',  ( -0.0000000000000000000, -0.0000000000000000000, -1.000000000000000000 ) ) ;
#3647 = CARTESIAN_POINT ( 'NONE',  ( 0.4196850393700792800, 0.01968503937007875700, -0.05787401574803152000 ) ) ;
#3648 = LINE ( 'NONE', #5324, #10275 ) ;
#3649 = DIRECTION ( 'NONE',  ( -1.000000000000000000, 0.0000000000000000000, -0.0000000000000000000 ) ) ;
#3650 = ORIENTED_EDGE ( 'NONE', *, *, #8710, .T. ) ;
#3651 = APPROVAL_PERSON_ORGANIZATION ( #6029, #10349, #4794 ) ;
#3652 = CARTESIAN_POINT ( 'NONE',  ( 0.6452755905492693100, -0.1011811023363984600, -0.04212598425196851400 ) ) ;
#3653 = VECTOR ( 'NONE', #6225, 39.37007874015748100 ) ;
#3654 = EDGE_LOOP ( 'NONE', ( #8597, #8445, #4582, #11660, #7345, #1345, #970, #141 ) ) ;
#3655 = EDGE_CURVE ( 'NONE', #9763, #8680, #7392, .T. ) ;
#3656 = ORIENTED_EDGE ( 'NONE', *, *, #2049, .T. ) ;
#3657 = DIRECTION ( 'NONE',  ( 0.0000000000000000000, 1.000000000000000000, 0.0000000000000000000 ) ) ;
#3658 = DIRECTION ( 'NONE',  ( 1.000000000000000000, 0.0000000000000000000, 0.0000000000000000000 ) ) ;
#3659 = CARTESIAN_POINT ( 'NONE',  ( 0.4200787401574807000, 0.06031465196850320500, -0.05787401574803151300 ) ) ;
#3660 = ORIENTED_EDGE ( 'NONE', *, *, #10033, .F. ) ;
#3661 = CARTESIAN_POINT ( 'NONE',  ( 0.5279527559055122700, 0.06031465196850320500, -0.05787401574803151300 ) ) ;
#3663 = PLANE ( 'NONE',  #6472 ) ;
#3662 = FACE_OUTER_BOUND ( 'NONE', #2591, .T. ) ;
#3664 = LINE ( 'NONE', #10112, #5755 ) ;
#3665 = CARTESIAN_POINT ( 'NONE',  ( 0.2374015748425202200, 0.05244063622047148700, -0.05787401574803151300 ) ) ;
#3666 = ORIENTED_EDGE ( 'NONE', *, *, #6273, .T. ) ;
#3667 = CARTESIAN_POINT ( 'NONE',  ( 0.5795275590551185500, 0.01968503937007875700, -0.05787401574803152000 ) ) ;
#3668 = ORIENTED_EDGE ( 'NONE', *, *, #10655, .F. ) ;
#3669 = EDGE_CURVE ( 'NONE', #1881, #2786, #2585, .T. ) ;
#3670 = VECTOR ( 'NONE', #11670, 39.37007874015748100 ) ;
#3671 = CARTESIAN_POINT ( 'NONE',  ( 0.2958661417915767800, 0.1473225259818981600, -0.05787401574803151300 ) ) ;
#3672 = AXIS2_PLACEMENT_3D ( 'NONE', #3391, #9696, #4299 ) ;
#3673 = VECTOR ( 'NONE', #4169, 39.37007874015748100 ) ;
#3674 = DIRECTION ( 'NONE',  ( 0.0000000000000000000, 0.0000000000000000000, 1.000000000000000000 ) ) ;
#3675 = EDGE_LOOP ( 'NONE', ( #10852, #4254, #5106, #6826 ) ) ;
#3676 = ADVANCED_FACE ( 'NONE', ( #9498 ), #8266, .F. ) ;
#3677 = ORIENTED_EDGE ( 'NONE', *, *, #101, .F. ) ;
#3678 = CARTESIAN_POINT ( 'NONE',  ( 0.4401574803149612100, 0.3149606299212595600, -0.04212598425196851400 ) ) ;
#3679 = EDGE_CURVE ( 'NONE', #541, #1671, #2299, .T. ) ;
#3680 = DIRECTION ( 'NONE',  ( 1.000000000000000000, 0.0000000000000000000, 0.0000000000000000000 ) ) ;
#3681 = VECTOR ( 'NONE', #1991, 39.37007874015748900 ) ;
#3682 = DIRECTION ( 'NONE',  ( 0.0000000000000000000, 0.0000000000000000000, -1.000000000000000000 ) ) ;
#3683 = VECTOR ( 'NONE', #5337, 39.37007874015748100 ) ;
#3684 = ORIENTED_EDGE ( 'NONE', *, *, #9873, .T. ) ;
#3685 = EDGE_CURVE ( 'NONE', #3482, #9512, #2870, .T. ) ;
#3686 = ORIENTED_EDGE ( 'NONE', *, *, #5523, .F. ) ;
#3687 = DIRECTION ( 'NONE',  ( 0.0000000000000000000, 0.0000000000000000000, 1.000000000000000000 ) ) ;
#3688 = EDGE_CURVE ( 'NONE', #7800, #2765, #11551, .T. ) ;
#3689 = AXIS2_PLACEMENT_3D ( 'NONE', #1325, #5813, #10316 ) ;
#3690 = VERTEX_POINT ( 'NONE', #7390 ) ;
#3691 = CIRCLE ( 'NONE', #7697, 0.007874015748031449100 ) ;
#3692 = CARTESIAN_POINT ( 'NONE',  ( 0.3568533023228350800, 0.2494168253937005800, -0.04212598425196852800 ) ) ;
#3693 = VECTOR ( 'NONE', #1162, 39.37007874015748100 ) ;
#3694 = DIRECTION ( 'NONE',  ( 1.000000000000000000, 0.0000000000000000000, 0.0000000000000000000 ) ) ;
#3695 = ORIENTED_EDGE ( 'NONE', *, *, #1877, .T. ) ;
#3696 = CARTESIAN_POINT ( 'NONE',  ( 0.5895669291338586600, 0.2965351244488186300, -0.05787401574803151300 ) ) ;
#3697 = DIRECTION ( 'NONE',  ( 1.000000000000000000, 0.0000000000000000000, 0.0000000000000000000 ) ) ;
#3698 = CARTESIAN_POINT ( 'NONE',  ( 0.6795275590551186400, 0.3149606299212595600, -0.07165354330708663400 ) ) ;
#3699 = EDGE_CURVE ( 'NONE', #6647, #9763, #9213, .T. ) ;
#3700 = LINE ( 'NONE', #5973, #1280 ) ;
#3701 = ORIENTED_EDGE ( 'NONE', *, *, #2867, .F. ) ;
#3702 = DIRECTION ( 'NONE',  ( 0.0000000000000000000, 1.000000000000000000, 0.0000000000000000000 ) ) ;
#3703 = LINE ( 'NONE', #10263, #1871 ) ;
#3704 = CARTESIAN_POINT ( 'NONE',  ( 0.3200787401574807800, 0.06031465196850320500, -0.05787401574803151300 ) ) ;
#3705 = EDGE_CURVE ( 'NONE', #7907, #8022, #11283, .T. ) ;
#3706 = EDGE_LOOP ( 'NONE', ( #426, #5247, #727, #3433 ) ) ;
#3707 = ORIENTED_EDGE ( 'NONE', *, *, #8365, .T. ) ;
#3708 = ORIENTED_EDGE ( 'NONE', *, *, #6017, .T. ) ;
#3709 = CC_DESIGN_APPROVAL ( #3116, ( #2501 ) ) ;
#3710 = DIRECTION ( 'NONE',  ( 1.000000000000000000, 0.0000000000000000000, -0.0000000000000000000 ) ) ;
#3711 = DIRECTION ( 'NONE',  ( -1.000000000000000000, 0.0000000000000000000, 0.0000000000000000000 ) ) ;
#3712 = ORIENTED_EDGE ( 'NONE', *, *, #10499, .F. ) ;
#3713 = VECTOR ( 'NONE', #2697, 39.37007874015748100 ) ;
#3714 = ORIENTED_EDGE ( 'NONE', *, *, #9196, .T. ) ;
#3715 = DIRECTION ( 'NONE',  ( 0.0000000000000000000, 0.0000000000000000000, 1.000000000000000000 ) ) ;
#3716 = LINE ( 'NONE', #11292, #4288 ) ;
#3717 = ORIENTED_EDGE ( 'NONE', *, *, #11123, .F. ) ;
#3718 = ORIENTED_EDGE ( 'NONE', *, *, #8900, .T. ) ;
#3719 = AXIS2_PLACEMENT_3D ( 'NONE', #1222, #8323, #1424 ) ;
#3720 = CARTESIAN_POINT ( 'NONE',  ( 0.3200787401574807800, 0.06031465196850320500, -0.05787401574803151300 ) ) ;
#3721 = EDGE_CURVE ( 'NONE', #4308, #10643, #4411, .T. ) ;
#3722 = LINE ( 'NONE', #10839, #3441 ) ;
#3723 = LINE ( 'NONE', #5501, #5816 ) ;
#3724 = ORIENTED_EDGE ( 'NONE', *, *, #10484, .T. ) ;
#3725 = CARTESIAN_POINT ( 'NONE',  ( 0.6000000000000003100, 0.3149606299212595600, -0.02834645669291339200 ) ) ;
#3726 = LINE ( 'NONE', #792, #10627 ) ;
#3727 = ORIENTED_EDGE ( 'NONE', *, *, #11207, .T. ) ;
#3728 = ORIENTED_EDGE ( 'NONE', *, *, #7154, .T. ) ;
#3729 = CARTESIAN_POINT ( 'NONE',  ( 0.5196850393701243400, 0.01968503937007875700, -0.05787401574803152000 ) ) ;
#3730 = DIRECTION ( 'NONE',  ( 0.0000000000000000000, 0.0000000000000000000, 1.000000000000000000 ) ) ;
#3731 = ADVANCED_FACE ( 'NONE', ( #8655 ), #2011, .F. ) ;
#3732 = PLANE ( 'NONE',  #9732 ) ;
#3733 = VECTOR ( 'NONE', #1203, 39.37007874015748100 ) ;
#3734 = CARTESIAN_POINT ( 'NONE',  ( 0.2283464567331100500, 0.3346456692902368700, -0.01812598409448818900 ) ) ;
#3735 = ORIENTED_EDGE ( 'NONE', *, *, #5092, .F. ) ;
#3736 = ORIENTED_EDGE ( 'NONE', *, *, #4854, .T. ) ;
#3737 = EDGE_CURVE ( 'NONE', #3367, #5260, #1732, .T. ) ;
#3738 = EDGE_CURVE ( 'NONE', #8241, #10051, #3844, .T. ) ;
#3739 = VECTOR ( 'NONE', #2009, 39.37007874015748100 ) ;
#3740 = ORIENTED_EDGE ( 'NONE', *, *, #10113, .F. ) ;
#3741 = ORIENTED_EDGE ( 'NONE', *, *, #9079, .T. ) ;
#3742 = AXIS2_PLACEMENT_3D ( 'NONE', #10863, #5465, #49 ) ;
#3743 = CARTESIAN_POINT ( 'NONE',  ( 0.5401574803149610200, 0.01968503937007875700, -0.02598425196850394400 ) ) ;
#3744 = DIRECTION ( 'NONE',  ( 0.0000000000000000000, 0.0000000000000000000, 1.000000000000000000 ) ) ;
#3745 = DIRECTION ( 'NONE',  ( 0.0000000000000000000, 0.0000000000000000000, 1.000000000000000000 ) ) ;
#3746 = FACE_OUTER_BOUND ( 'NONE', #3573, .T. ) ;
#3747 = CARTESIAN_POINT ( 'NONE',  ( 0.01968503937007930500, 0.3149606299212595600, -0.04212598425196851400 ) ) ;
#3748 = ORIENTED_EDGE ( 'NONE', *, *, #8979, .F. ) ;
#3749 = DIRECTION ( 'NONE',  ( 0.0000000000000000000, 0.0000000000000000000, 1.000000000000000000 ) ) ;
#3750 = FACE_OUTER_BOUND ( 'NONE', #8353, .T. ) ;
#3751 = ORIENTED_EDGE ( 'NONE', *, *, #2933, .F. ) ;
#3752 = DIRECTION ( 'NONE',  ( 1.000000000000000000, 5.876167051565095900E-011, -0.0000000000000000000 ) ) ;
#3753 = CIRCLE ( 'NONE', #2188, 0.03976377956692910000 ) ;
#3754 = CARTESIAN_POINT ( 'NONE',  ( 0.1999999999956741700, 0.1339366992112627800, -0.05787401574803151300 ) ) ;
#3755 = EDGE_CURVE ( 'NONE', #2275, #1594, #6235, .T. ) ;
#3756 = FACE_OUTER_BOUND ( 'NONE', #10724, .T. ) ;
#3757 = DIRECTION ( 'NONE',  ( 0.0000000000000000000, 0.0000000000000000000, 1.000000000000000000 ) ) ;
#3758 = CARTESIAN_POINT ( 'NONE',  ( 0.2718503937007877300, 0.2287793732283450500, -0.05787401574803151300 ) ) ;
#3760 = CARTESIAN_POINT ( 'NONE',  ( 0.09212598425196885700, 0.06031465196850320500, -0.05787401574803151300 ) ) ;
#3759 = AXIS2_PLACEMENT_3D ( 'NONE', #5713, #284, #6635 ) ;
#3761 = ORIENTED_EDGE ( 'NONE', *, *, #217, .T. ) ;
#3762 = VERTEX_POINT ( 'NONE', #2967 ) ;
#3763 = DIRECTION ( 'NONE',  ( 0.6000000000000002000, 0.7999999999999998200, 0.0000000000000000000 ) ) ;
#3764 = LINE ( 'NONE', #8064, #6433 ) ;
#3765 = CARTESIAN_POINT ( 'NONE',  ( 0.6921259842519690300, 0.06031465196850320500, -0.04212598425196852800 ) ) ;
#3766 = VECTOR ( 'NONE', #2006, 39.37007874015748100 ) ;
#3767 = ORIENTED_EDGE ( 'NONE', *, *, #5118, .F. ) ;
#3768 = DIRECTION ( 'NONE',  ( 0.2950730660855439000, 0.9554746912769988000, 0.0000000000000000000 ) ) ;
#3769 = EDGE_CURVE ( 'NONE', #6066, #51, #1132, .T. ) ;
#3770 = CARTESIAN_POINT ( 'NONE',  ( 0.1200787401574807500, 0.1339366992125986500, -0.05787401574803150600 ) ) ;
#3771 = ORIENTED_EDGE ( 'NONE', *, *, #1009, .T. ) ;
#3772 = DIRECTION ( 'NONE',  ( 0.0000000000000000000, 0.0000000000000000000, -1.000000000000000000 ) ) ;
#3773 = AXIS2_PLACEMENT_3D ( 'NONE', #119, #3792, #10101 ) ;
#3774 = CARTESIAN_POINT ( 'NONE',  ( 0.07185039370228886400, 0.2287793731508399000, -0.04212598425196852800 ) ) ;
#3775 = LINE ( 'NONE', #5447, #784 ) ;
#3776 = EDGE_CURVE ( 'NONE', #357, #7502, #3567, .T. ) ;
#3777 = AXIS2_PLACEMENT_3D ( 'NONE', #3826, #10145, #4734 ) ;
#3778 = CYLINDRICAL_SURFACE ( 'NONE', #7658, 0.08668467618110251000 ) ;
#3779 = CARTESIAN_POINT ( 'NONE',  ( 0.1401574803149614700, 0.3149606299212595600, -0.04212598425196851400 ) ) ;
#3780 = EDGE_LOOP ( 'NONE', ( #263, #2719, #561, #2999 ) ) ;
#3781 = DIRECTION ( 'NONE',  ( 0.0000000000000000000, 0.0000000000000000000, 1.000000000000000000 ) ) ;
#3782 = CARTESIAN_POINT ( 'NONE',  ( 0.3431102362598428800, 0.3149606299212595600, -0.01812598413385827300 ) ) ;
#3783 = VECTOR ( 'NONE', #229, 39.37007874015748100 ) ;
#3784 = CARTESIAN_POINT ( 'NONE',  ( 0.5200787401574809000, 0.08959064358267715400, -0.05787401574803152000 ) ) ;
#3785 = CARTESIAN_POINT ( 'NONE',  ( 0.6279685040944887900, 0.3346456692913384300, -0.08149606299212607000 ) ) ;
#3786 = ORIENTED_EDGE ( 'NONE', *, *, #391, .F. ) ;
#3787 = ORIENTED_EDGE ( 'NONE', *, *, #940, .F. ) ;
#3788 = CARTESIAN_POINT ( 'NONE',  ( 0.07552289010187218700, 0.1112594903586044800, -0.05787401574803151300 ) ) ;
#3789 = EDGE_CURVE ( 'NONE', #11000, #4325, #8381, .T. ) ;
#3790 = ADVANCED_FACE ( 'NONE', ( #5650 ), #7813, .T. ) ;
#3791 = ORIENTED_EDGE ( 'NONE', *, *, #6492, .F. ) ;
#3792 = DIRECTION ( 'NONE',  ( 0.0000000000000000000, 0.0000000000000000000, -1.000000000000000000 ) ) ;
#3793 = CARTESIAN_POINT ( 'NONE',  ( 0.1000000000000005700, 0.01968503937007875700, -0.04212598425196851400 ) ) ;
#3794 = FACE_OUTER_BOUND ( 'NONE', #8333, .T. ) ;
#3795 = DIRECTION ( 'NONE',  ( 0.0000000000000000000, -0.2333729524565293400, 0.9723873019850283200 ) ) ;
#3796 = CARTESIAN_POINT ( 'NONE',  ( 0.1279527559055121900, 0.05244063622047148700, -0.05787401574803151300 ) ) ;
#3797 = ORIENTED_EDGE ( 'NONE', *, *, #11006, .T. ) ;
#3798 = EDGE_LOOP ( 'NONE', ( #353, #10247, #2332, #5903 ) ) ;
#3799 = VERTEX_POINT ( 'NONE', #10218 ) ;
#3800 = LINE ( 'NONE', #6832, #10155 ) ;
#3801 = LINE ( 'NONE', #7132, #10700 ) ;
#3802 = EDGE_CURVE ( 'NONE', #5669, #2601, #8103, .T. ) ;
#3803 = DIRECTION ( 'NONE',  ( -0.0000000000000000000, -0.0000000000000000000, -1.000000000000000000 ) ) ;
#3804 = ORIENTED_EDGE ( 'NONE', *, *, #5121, .F. ) ;
#3805 = CARTESIAN_POINT ( 'NONE',  ( 0.7000000000000005100, 0.01968503937007875700, -0.04212598425196851400 ) ) ;
#3806 = DIRECTION ( 'NONE',  ( 0.0000000000000000000, 0.0000000000000000000, -1.000000000000000000 ) ) ;
#3807 = CARTESIAN_POINT ( 'NONE',  ( 0.5196850393700792600, 0.1027140031889746500, -0.04212598425196851400 ) ) ;
#3808 = CARTESIAN_POINT ( 'NONE',  ( 0.6452755905511814400, 0.04456662047243921400, -0.04212598425196851400 ) ) ;
#3809 = ORIENTED_EDGE ( 'NONE', *, *, #10392, .F. ) ;
#3810 = FACE_OUTER_BOUND ( 'NONE', #8421, .T. ) ;
#3811 = DIRECTION ( 'NONE',  ( -0.0000000000000000000, -0.0000000000000000000, -1.000000000000000000 ) ) ;
#3812 = VECTOR ( 'NONE', #9266, 39.37007874015748900 ) ;
#3813 = VERTEX_POINT ( 'NONE', #268 ) ;
#3814 = ORIENTED_EDGE ( 'NONE', *, *, #641, .T. ) ;
#3815 =( NAMED_UNIT ( * ) PLANE_ANGLE_UNIT ( ) SI_UNIT ( $, .RADIAN. ) );
#3816 = DIRECTION ( 'NONE',  ( 0.0000000000000000000, 0.0000000000000000000, 1.000000000000000000 ) ) ;
#3817 = CARTESIAN_POINT ( 'NONE',  ( 0.02007874015748072800, 0.1339366992125986500, -0.05787401574803151300 ) ) ;
#3818 = EDGE_CURVE ( 'NONE', #844, #183, #3290, .T. ) ;
#3819 = CARTESIAN_POINT ( 'NONE',  ( 0.1921259842519688900, 0.05244063622047161900, -0.04212598425196852800 ) ) ;
#3820 = VERTEX_POINT ( 'NONE', #11045 ) ;
#3821 = DIRECTION ( 'NONE',  ( -0.5144957554302368500, 0.6859943405687343200, -0.5144957554265507900 ) ) ;
#3822 = FACE_OUTER_BOUND ( 'NONE', #4380, .T. ) ;
#3823 = FACE_BOUND ( 'NONE', #2677, .T. ) ;
#3824 = VERTEX_POINT ( 'NONE', #5694 ) ;
#3825 = EDGE_LOOP ( 'NONE', ( #4972, #1436, #290, #7388 ) ) ;
#3826 = CARTESIAN_POINT ( 'NONE',  ( 0.4600393700787407400, 0.1141337039370070900, -0.04212598425196852800 ) ) ;
#3827 = CARTESIAN_POINT ( 'NONE',  ( 0.1600393700787406700, 0.1141337039370070900, -0.05787401574803151300 ) ) ;
#3828 = FACE_OUTER_BOUND ( 'NONE', #7650, .T. ) ;
#3829 = ORIENTED_EDGE ( 'NONE', *, *, #565, .T. ) ;
#3830 = EDGE_CURVE ( 'NONE', #11108, #10037, #3006, .T. ) ;
#3831 = VECTOR ( 'NONE', #11356, 39.37007874015748100 ) ;
#3832 = ORIENTED_EDGE ( 'NONE', *, *, #3642, .F. ) ;
#3833 = ORIENTED_EDGE ( 'NONE', *, *, #872, .T. ) ;
#3834 = AXIS2_PLACEMENT_3D ( 'NONE', #1670, #8015, #2582 ) ;
#3835 = DIRECTION ( 'NONE',  ( 0.0000000000000000000, -0.0000000000000000000, 1.000000000000000000 ) ) ;
#3836 = EDGE_CURVE ( 'NONE', #6515, #9750, #851, .T. ) ;
#3837 = AXIS2_PLACEMENT_3D ( 'NONE', #546, #1473, #3309 ) ;
#3838 = ORIENTED_EDGE ( 'NONE', *, *, #9132, .T. ) ;
#3839 = DIRECTION ( 'NONE',  ( 0.0000000000000000000, 1.000000000000000000, 0.0000000000000000000 ) ) ;
#3840 = CARTESIAN_POINT ( 'NONE',  ( 0.1196850393703684800, 0.01968503937007875700, -0.04212598425196851400 ) ) ;
#3841 = DIRECTION ( 'NONE',  ( -1.000000000000000000, -0.0000000000000000000, 0.0000000000000000000 ) ) ;
#3842 = DIRECTION ( 'NONE',  ( 0.0000000000000000000, -0.6000000000000002000, -0.7999999999999998200 ) ) ;
#3843 = CARTESIAN_POINT ( 'NONE',  ( 0.04527559055118158400, -0.1011811023622053900, -0.05787401574803150600 ) ) ;
#3844 = LINE ( 'NONE', #7433, #10736 ) ;
#3845 = ADVANCED_FACE ( 'NONE', ( #7529 ), #271, .T. ) ;
#3846 = DIRECTION ( 'NONE',  ( 0.0000000000000000000, 0.0000000000000000000, 1.000000000000000000 ) ) ;
#3847 = ORIENTED_EDGE ( 'NONE', *, *, #11523, .F. ) ;
#3848 = CARTESIAN_POINT ( 'NONE',  ( 0.3921259842519689300, 0.05244063622047148700, -0.05787401574803151300 ) ) ;
#3849 = CIRCLE ( 'NONE', #11060, 0.08668467618110258000 ) ;
#3850 = VERTEX_POINT ( 'NONE', #3085 ) ;
#3851 = ORIENTED_EDGE ( 'NONE', *, *, #1077, .F. ) ;
#3852 = ORIENTED_EDGE ( 'NONE', *, *, #9959, .F. ) ;
#3853 = DIRECTION ( 'NONE',  ( -0.0000000000000000000, -1.000000000000000000, -0.0000000000000000000 ) ) ;
#3854 = DIRECTION ( 'NONE',  ( 0.0000000000000000000, 0.0000000000000000000, -1.000000000000000000 ) ) ;
#3855 = CARTESIAN_POINT ( 'NONE',  ( 0.01968503937032016500, 0.09221531551205589000, -0.05787401574803152000 ) ) ;
#3856 = EDGE_CURVE ( 'NONE', #1850, #5797, #2725, .T. ) ;
#3857 = ORIENTED_EDGE ( 'NONE', *, *, #8908, .F. ) ;
#3858 = LINE ( 'NONE', #7528, #10748 ) ;
#3859 = PERSON_AND_ORGANIZATION_ROLE ( 'design_owner' ) ;
#3860 = CARTESIAN_POINT ( 'NONE',  ( 0.1196850393700793400, 0.1027140031889747100, -0.05787401574803152000 ) ) ;
#3861 = EDGE_CURVE ( 'NONE', #3425, #879, #569, .T. ) ;
#3862 = LINE ( 'NONE', #4886, #6247 ) ;
#3863 = ORIENTED_EDGE ( 'NONE', *, *, #10484, .F. ) ;
#3864 = LINE ( 'NONE', #6443, #1442 ) ;
#3865 = CARTESIAN_POINT ( 'NONE',  ( 0.2111870956299216900, 0.2432397985433058200, -0.04212598425196852800 ) ) ;
#3866 = VERTEX_POINT ( 'NONE', #5773 ) ;
#3867 = ORIENTED_EDGE ( 'NONE', *, *, #6002, .T. ) ;
#3868 = ADVANCED_FACE ( 'NONE', ( #4822 ), #1277, .F. ) ;
#3869 = DIRECTION ( 'NONE',  ( -0.0000000000000000000, 1.000000000000000000, 0.0000000000000000000 ) ) ;
#3870 = DIRECTION ( 'NONE',  ( 1.000000000000000000, 0.0000000000000000000, -0.0000000000000000000 ) ) ;
#3871 = ORIENTED_EDGE ( 'NONE', *, *, #1013, .F. ) ;
#3872 = DIRECTION ( 'NONE',  ( 0.04217878999398427100, 0.9991100788575016900, 0.0000000000000000000 ) ) ;
#3873 = CARTESIAN_POINT ( 'NONE',  ( 0.6795275590551186400, 0.3149606299212595600, -0.05787401574803152000 ) ) ;
#3874 = LINE ( 'NONE', #518, #1448 ) ;
#3875 = DIRECTION ( 'NONE',  ( 0.0000000000000000000, 0.0000000000000000000, -1.000000000000000000 ) ) ;
#3876 = CIRCLE ( 'NONE', #2767, 0.007874015748031449100 ) ;
#3877 = ORIENTED_EDGE ( 'NONE', *, *, #8692, .T. ) ;
#3878 = ORIENTED_EDGE ( 'NONE', *, *, #4035, .F. ) ;
#3879 = LINE ( 'NONE', #4095, #6267 ) ;
#3880 = ORIENTED_EDGE ( 'NONE', *, *, #2258, .F. ) ;
#3881 = ORIENTED_EDGE ( 'NONE', *, *, #9412, .F. ) ;
#3882 = DIRECTION ( 'NONE',  ( 0.0000000000000000000, 0.0000000000000000000, -1.000000000000000000 ) ) ;
#3883 = EDGE_CURVE ( 'NONE', #9040, #6890, #9629, .T. ) ;
#3884 = CARTESIAN_POINT ( 'NONE',  ( 0.2452755905511816400, 0.04456662047243921400, -0.04212598425196851400 ) ) ;
#3885 = LINE ( 'NONE', #4263, #8419 ) ;
#3886 = ORIENTED_EDGE ( 'NONE', *, *, #9303, .F. ) ;
#3887 = VERTEX_POINT ( 'NONE', #4915 ) ;
#3888 = LINE ( 'NONE', #7113, #8425 ) ;
#3889 = ORIENTED_EDGE ( 'NONE', *, *, #6356, .F. ) ;
#3890 = ORIENTED_EDGE ( 'NONE', *, *, #9254, .F. ) ;
#3891 = VECTOR ( 'NONE', #1753, 39.37007874015748100 ) ;
#3892 = DIRECTION ( 'NONE',  ( 0.0000000000000000000, 1.000000000000000000, -0.0000000000000000000 ) ) ;
#3893 = DIRECTION ( 'NONE',  ( 0.2242946044126360200, -0.9745213853124923300, 0.0000000000000000000 ) ) ;
#3894 = VECTOR ( 'NONE', #10887, 39.37007874015748900 ) ;
#3895 = CARTESIAN_POINT ( 'NONE',  ( 0.1200787401574807500, -0.1259842519685042700, -0.04212598425196851400 ) ) ;
#3896 = EDGE_CURVE ( 'NONE', #2831, #348, #11685, .T. ) ;
#3897 = ORIENTED_EDGE ( 'NONE', *, *, #5316, .F. ) ;
#3899 = ORIENTED_EDGE ( 'NONE', *, *, #10499, .T. ) ;
#3898 = AXIS2_PLACEMENT_3D ( 'NONE', #1070, #2932, #9234 ) ;
#3900 = CARTESIAN_POINT ( 'NONE',  ( 0.5958661417322838000, 0.1473225259842513800, -0.05787401574803151300 ) ) ;
#3901 = ORIENTED_EDGE ( 'NONE', *, *, #3721, .F. ) ;
#3902 = DATE_TIME_ROLE ( 'classification_date' ) ;
#3903 = VECTOR ( 'NONE', #1057, 39.37007874015748900 ) ;
#3904 = CARTESIAN_POINT ( 'NONE',  ( 0.2401574803149612300, 0.01968503937007875700, -0.04212598425196851400 ) ) ;
#3905 = VECTOR ( 'NONE', #8389, 39.37007874015748100 ) ;
#3906 = CARTESIAN_POINT ( 'NONE',  ( 0.6200787401574808800, 0.1339366992125986500, -0.05787401574803151300 ) ) ;
#3907 = DIRECTION ( 'NONE',  ( 0.0000000000000000000, 1.000000000000000000, 0.0000000000000000000 ) ) ;
#3908 = VECTOR ( 'NONE', #7995, 39.37007874015748100 ) ;
#3909 = EDGE_CURVE ( 'NONE', #11377, #9689, #9350, .T. ) ;
#3910 = VERTEX_POINT ( 'NONE', #390 ) ;
#3911 = CARTESIAN_POINT ( 'NONE',  ( 0.4431102362600866700, 0.3149606299218702400, -0.03326771653940236600 ) ) ;
#3912 = VERTEX_POINT ( 'NONE', #1320 ) ;
#3913 = ADVANCED_FACE ( 'NONE', ( #6661 ), #2246, .F. ) ;
#3914 = DIRECTION ( 'NONE',  ( 0.0000000000000000000, -0.6000000000000002000, 0.7999999999999998200 ) ) ;
#3915 = EDGE_CURVE ( 'NONE', #5950, #3405, #2429, .T. ) ;
#3916 = FACE_OUTER_BOUND ( 'NONE', #10868, .T. ) ;
#3917 = CARTESIAN_POINT ( 'NONE',  ( 0.1200787401574807500, 0.1339366992125986500, -0.05787401574803151300 ) ) ;
#3918 = CARTESIAN_POINT ( 'NONE',  ( 0.3000000000000002100, 0.01968503937007875700, -0.05787401574803152000 ) ) ;
#3919 = LINE ( 'NONE', #8793, #6885 ) ;
#3920 = PLANE ( 'NONE',  #709 ) ;
#3921 = ORIENTED_EDGE ( 'NONE', *, *, #3414, .T. ) ;
#3922 = VECTOR ( 'NONE', #554, 39.37007874015748100 ) ;
#3923 = ADVANCED_FACE ( 'NONE', ( #11407 ), #11230, .F. ) ;
#3924 = EDGE_LOOP ( 'NONE', ( #2671, #2486, #708, #1728 ) ) ;
#3925 = FACE_OUTER_BOUND ( 'NONE', #6680, .T. ) ;
#3926 = EDGE_CURVE ( 'NONE', #9976, #1976, #11136, .T. ) ;
#3927 = DIRECTION ( 'NONE',  ( 1.000000000000000000, 0.0000000000000000000, 0.0000000000000000000 ) ) ;
#3928 = CARTESIAN_POINT ( 'NONE',  ( 0.5401574803149610200, 0.01968503937007875700, -0.02598425196850394400 ) ) ;
#3929 = AXIS2_PLACEMENT_3D ( 'NONE', #7300, #4600, #10884 ) ;
#3930 = VERTEX_POINT ( 'NONE', #3210 ) ;
#3931 = EDGE_CURVE ( 'NONE', #53, #6723, #6371, .T. ) ;
#3932 = AXIS2_PLACEMENT_3D ( 'NONE', #11617, #1781, #8105 ) ;
#3934 = DIRECTION ( 'NONE',  ( -0.0000000000000000000, -0.0000000000000000000, 1.000000000000000000 ) ) ;
#3933 = COORDINATED_UNIVERSAL_TIME_OFFSET ( 8, 0, .BEHIND. ) ;
#3935 = LINE ( 'NONE', #4419, #10818 ) ;
#3936 = DIRECTION ( 'NONE',  ( 1.000000000000000000, 0.0000000000000000000, 0.0000000000000000000 ) ) ;
#3937 = EDGE_LOOP ( 'NONE', ( #5004, #7695, #938, #3495 ) ) ;
#3938 = VERTEX_POINT ( 'NONE', #10397 ) ;
#3939 = APPROVAL_ROLE ( '' ) ;
#3940 = ORIENTED_EDGE ( 'NONE', *, *, #9617, .T. ) ;
#3941 = DIRECTION ( 'NONE',  ( -1.000000000000000000, -0.0000000000000000000, 0.0000000000000000000 ) ) ;
#3942 = LINE ( 'NONE', #8037, #8745 ) ;
#3944 = AXIS2_PLACEMENT_3D ( 'NONE', #3040, #2959, #2714 ) ;
#3943 = CARTESIAN_POINT ( 'NONE',  ( 0.4795275590944886900, 0.05244063622047148700, -0.04212598425196851400 ) ) ;
#3945 = LINE ( 'NONE', #3725, #1533 ) ;
#3946 = CARTESIAN_POINT ( 'NONE',  ( 0.02007874015699979600, 0.1053386751185870400, -0.05787401574803151300 ) ) ;
#3947 = EDGE_LOOP ( 'NONE', ( #6976, #9632, #5458, #767 ) ) ;
#3949 = EDGE_CURVE ( 'NONE', #8089, #4173, #8791, .T. ) ;
#3948 = DIRECTION ( 'NONE',  ( 0.0000000000000000000, -1.000000000000000000, -0.0000000000000000000 ) ) ;
#3950 = CARTESIAN_POINT ( 'NONE',  ( 0.1401574803149614700, 0.01968503937007875700, -0.02834645669291339200 ) ) ;
#3951 = ORIENTED_EDGE ( 'NONE', *, *, #4113, .F. ) ;
#3952 = PLANE ( 'NONE',  #11579 ) ;
#3953 = LINE ( 'NONE', #9915, #10835 ) ;
#3954 = DIRECTION ( 'NONE',  ( 0.0000000000000000000, -0.0000000000000000000, -1.000000000000000000 ) ) ;
#3955 = CYLINDRICAL_SURFACE ( 'NONE', #1268, 0.007874015748031449100 ) ;
#3956 = DIRECTION ( 'NONE',  ( 1.000000000000000000, 0.0000000000000000000, -0.0000000000000000000 ) ) ;
#3957 = VERTEX_POINT ( 'NONE', #2329 ) ;
#3958 = CARTESIAN_POINT ( 'NONE',  ( -0.4999999999999996100, 0.01968503937007875700, -0.05787401574803152000 ) ) ;
#3959 = VERTEX_POINT ( 'NONE', #7746 ) ;
#3960 = EDGE_CURVE ( 'NONE', #9024, #3866, #8513, .T. ) ;
#3961 = VECTOR ( 'NONE', #3768, 39.37007874015748900 ) ;
#3962 = AXIS2_PLACEMENT_3D ( 'NONE', #580, #8705, #11368 ) ;
#3963 = DIRECTION ( 'NONE',  ( 0.03123475200308707700, 0.9995120760987861200, 0.0000000000000000000 ) ) ;
#3964 = CARTESIAN_POINT ( 'NONE',  ( 0.07952755905511869900, 0.01968503937007875700, -0.04212598425196851400 ) ) ;
#3965 = CIRCLE ( 'NONE', #7184, 0.03976377952755894700 ) ;
#3966 = DIRECTION ( 'NONE',  ( -1.000000000000000000, -0.0000000000000000000, 0.0000000000000000000 ) ) ;
#3967 = EDGE_LOOP ( 'NONE', ( #10629, #3728, #8545, #6399, #4303, #6692, #9094, #2180, #4573, #6988, #16, #2753, #5405, #883, #10769, #3881, #6269, #8685, #4161, #6551, #4439, #6845, #7136, #9528, #2619, #7426, #8279 ) ) ;
#3968 = ADVANCED_FACE ( 'NONE', ( #1575 ), #4990, .F. ) ;
#3969 = CARTESIAN_POINT ( 'NONE',  ( 0.02007874015555585800, 0.08959064362157685700, -0.05787401574803151300 ) ) ;
#3970 = PLANE ( 'NONE',  #10677 ) ;
#3971 = ORIENTED_EDGE ( 'NONE', *, *, #4151, .F. ) ;
#3972 = VERTEX_POINT ( 'NONE', #4137 ) ;
#3973 = CIRCLE ( 'NONE', #6457, 0.03976377952755907200 ) ;
#3974 = LINE ( 'NONE', #4770, #3413 ) ;
#3975 = ORIENTED_EDGE ( 'NONE', *, *, #2815, .F. ) ;
#3976 = ORIENTED_EDGE ( 'NONE', *, *, #4509, .T. ) ;
#3977 = EDGE_CURVE ( 'NONE', #78, #8351, #6077, .T. ) ;
#3978 = CARTESIAN_POINT ( 'NONE',  ( 0.4913385827165360200, 0.3346456693307086600, -0.01812598421259843000 ) ) ;
#3979 = ADVANCED_FACE ( 'NONE', ( #10603 ), #5795, .T. ) ;
#3980 = DIRECTION ( 'NONE',  ( -1.000000000000000000, 0.0000000000000000000, 0.0000000000000000000 ) ) ;
#3981 = AXIS2_PLACEMENT_3D ( 'NONE', #10801, #9050, #3649 ) ;
#3982 = DIRECTION ( 'NONE',  ( 1.000000000000000000, 0.0000000000000000000, -0.0000000000000000000 ) ) ;
#3983 = CARTESIAN_POINT ( 'NONE',  ( 0.02796850405511822800, 0.3346456692913383200, -0.08149606299212601400 ) ) ;
#3984 = VECTOR ( 'NONE', #11265, 39.37007874015748100 ) ;
#3985 = ORIENTED_EDGE ( 'NONE', *, *, #877, .F. ) ;
#3986 = CARTESIAN_POINT ( 'NONE',  ( 0.5000000000000005600, 0.3149606299212595600, -0.02834645669291339200 ) ) ;
#3987 = FACE_OUTER_BOUND ( 'NONE', #3534, .T. ) ;
#3988 = ORIENTED_EDGE ( 'NONE', *, *, #7760, .F. ) ;
#3989 = ORIENTED_EDGE ( 'NONE', *, *, #4768, .T. ) ;
#3990 = ORIENTED_EDGE ( 'NONE', *, *, #3246, .F. ) ;
#3991 = CARTESIAN_POINT ( 'NONE',  ( 0.5401574803149611400, 0.01968503937007875700, -0.05787401574803152000 ) ) ;
#3992 = CARTESIAN_POINT ( 'NONE',  ( 0.2279685038188983800, 0.3346456692910284600, -0.08149606299189360300 ) ) ;
#3993 = PLANE ( 'NONE',  #943 ) ;
#3994 = ORIENTED_EDGE ( 'NONE', *, *, #1572, .F. ) ;
#3996 = LINE ( 'NONE', #10500, #8525 ) ;
#3995 = DIRECTION ( 'NONE',  ( -1.000000000000000000, 0.0000000000000000000, 0.0000000000000000000 ) ) ;
#3997 = EDGE_CURVE ( 'NONE', #7664, #2718, #3700, .T. ) ;
#3998 = LINE ( 'NONE', #6222, #8526 ) ;
#3999 = ORIENTED_EDGE ( 'NONE', *, *, #3836, .F. ) ;
#4000 = AXIS2_PLACEMENT_3D ( 'NONE', #8651, #11317, #5940 ) ;
#4001 = LINE ( 'NONE', #8590, #10617 ) ;
#4002 = EDGE_CURVE ( 'NONE', #10874, #5381, #1867, .T. ) ;
#4003 = EDGE_LOOP ( 'NONE', ( #7515, #700, #8863, #705 ) ) ;
#4004 = ORIENTED_EDGE ( 'NONE', *, *, #457, .T. ) ;
#4005 = AXIS2_PLACEMENT_3D ( 'NONE', #1628, #7965, #2542 ) ;
#4006 = DIRECTION ( 'NONE',  ( 1.000000000000000000, 0.0000000000000000000, -0.0000000000000000000 ) ) ;
#4007 = VECTOR ( 'NONE', #5330, 39.37007874015748100 ) ;
#4008 = VECTOR ( 'NONE', #3646, 39.37007874015748100 ) ;
#4009 = ORIENTED_EDGE ( 'NONE', *, *, #4243, .T. ) ;
#4010 = LINE ( 'NONE', #2560, #1607 ) ;
#4011 = VERTEX_POINT ( 'NONE', #7821 ) ;
#4012 = VERTEX_POINT ( 'NONE', #10474 ) ;
#4013 = DIRECTION ( 'NONE',  ( 0.0000000000000000000, 0.0000000000000000000, -1.000000000000000000 ) ) ;
#4014 = DIRECTION ( 'NONE',  ( 0.0000000000000000000, -1.000000000000000000, -0.0000000000000000000 ) ) ;
#4015 = EDGE_CURVE ( 'NONE', #9265, #9825, #3419, .T. ) ;
#4016 = LINE ( 'NONE', #8420, #6119 ) ;
#4017 = DIRECTION ( 'NONE',  ( 1.000000000000000000, 0.0000000000000000000, 0.0000000000000000000 ) ) ;
#4018 = DIRECTION ( 'NONE',  ( 0.1483404542351665100, -0.9889363526725591900, 0.0000000000000000000 ) ) ;
#4019 = EDGE_LOOP ( 'NONE', ( #5744, #10549, #3650, #8464 ) ) ;
#4020 = VERTEX_POINT ( 'NONE', #1482 ) ;
#4021 = CARTESIAN_POINT ( 'NONE',  ( 0.04527559055118158400, 0.04456662047243921400, -0.04212598425196851400 ) ) ;
#4022 = FACE_OUTER_BOUND ( 'NONE', #11318, .T. ) ;
#4023 = VERTEX_POINT ( 'NONE', #2403 ) ;
#4024 = ORIENTED_EDGE ( 'NONE', *, *, #10943, .F. ) ;
#4025 = DIRECTION ( 'NONE',  ( -0.0000000000000000000, 1.000000000000000000, 0.0000000000000000000 ) ) ;
#4026 = VECTOR ( 'NONE', #10940, 39.37007874015748900 ) ;
#4027 = ADVANCED_FACE ( 'NONE', ( #10317 ), #8721, .F. ) ;
#4028 = CARTESIAN_POINT ( 'NONE',  ( 0.03740157480314992800, 0.05244063622047107800, -0.05787401574803151300 ) ) ;
#4029 = CIRCLE ( 'NONE', #9159, 0.007874015748031449100 ) ;
#4030 = AXIS2_PLACEMENT_3D ( 'NONE', #1993, #3806, #10119 ) ;
#4031 = DIRECTION ( 'NONE',  ( 1.000000000000000000, 0.0000000000000000000, -0.0000000000000000000 ) ) ;
#4032 = CARTESIAN_POINT ( 'NONE',  ( -0.4999999999999996100, 0.0000000000000000000, -0.02125984253451389900 ) ) ;
#4033 = CARTESIAN_POINT ( 'NONE',  ( 0.3305118110727774900, 0.2965351244027641400, -0.04212598425196851400 ) ) ;
#4034 = ORIENTED_EDGE ( 'NONE', *, *, #11483, .F. ) ;
#4035 = EDGE_CURVE ( 'NONE', #4104, #1004, #8237, .T. ) ;
#4036 = CIRCLE ( 'NONE', #6780, 0.03976377956692910000 ) ;
#4037 = ORIENTED_EDGE ( 'NONE', *, *, #10462, .F. ) ;
#4038 = PLANE ( 'NONE',  #4950 ) ;
#4039 = LINE ( 'NONE', #2308, #8567 ) ;
#4040 = ADVANCED_FACE ( 'NONE', ( #3146 ), #5231, .F. ) ;
#4041 = LINE ( 'NONE', #2515, #1041 ) ;
#4042 = ORIENTED_EDGE ( 'NONE', *, *, #764, .T. ) ;
#4043 = ORIENTED_EDGE ( 'NONE', *, *, #11639, .F. ) ;
#4044 = CARTESIAN_POINT ( 'NONE',  ( 5.463695987328526400E-016, 0.01968503937119528100, -0.04212598425196851400 ) ) ;
#4045 = ORIENTED_EDGE ( 'NONE', *, *, #5429, .T. ) ;
#4046 = CARTESIAN_POINT ( 'NONE',  ( 0.3795275590551186500, 0.01968503937007875700, -0.05787401574803152000 ) ) ;
#4047 = CARTESIAN_POINT ( 'NONE',  ( 0.3401574803149611200, 0.01968503937007875700, -0.02834645669291339200 ) ) ;
#4048 = FACE_OUTER_BOUND ( 'NONE', #9317, .T. ) ;
#4049 = CARTESIAN_POINT ( 'NONE',  ( 0.2509842519782491400, -0.1259842519674359300, -0.05787401574803150600 ) ) ;
#4050 = EDGE_CURVE ( 'NONE', #9119, #2193, #10044, .T. ) ;
#4051 = FACE_OUTER_BOUND ( 'NONE', #7756, .T. ) ;
#4052 = AXIS2_PLACEMENT_3D ( 'NONE', #2797, #945, #3697 ) ;
#4053 = VERTEX_POINT ( 'NONE', #9655 ) ;
#4054 = ORIENTED_EDGE ( 'NONE', *, *, #7640, .F. ) ;
#4055 = CARTESIAN_POINT ( 'NONE',  ( 0.4445558501181106100, 0.1112594900787393400, -0.05787401574803151300 ) ) ;
#4056 = LINE ( 'NONE', #9932, #6165 ) ;
#4057 = CARTESIAN_POINT ( 'NONE',  ( 0.5826771653543313400, 0.04456662047243921400, -0.05787401574803151300 ) ) ;
#4058 = CARTESIAN_POINT ( 'NONE',  ( 0.5401574803149611400, 0.01968503937007875700, -0.02834645669291339200 ) ) ;
#4059 = DIRECTION ( 'NONE',  ( 0.0000000000000000000, -0.7999999999999998200, -0.6000000000000002000 ) ) ;
#4060 = LINE ( 'NONE', #1631, #1948 ) ;
#4061 = CARTESIAN_POINT ( 'NONE',  ( 0.4755228901018724300, 0.1112594903586049500, -0.05787401574803151300 ) ) ;
#4062 = ORIENTED_EDGE ( 'NONE', *, *, #3931, .F. ) ;
#4063 = DIRECTION ( 'NONE',  ( 0.6000000000000002000, 0.7999999999999998200, 0.0000000000000000000 ) ) ;
#4064 = EDGE_CURVE ( 'NONE', #10588, #6388, #7667, .T. ) ;
#4065 = AXIS2_PLACEMENT_3D ( 'NONE', #1226, #7579, #2154 ) ;
#4066 = COORDINATED_UNIVERSAL_TIME_OFFSET ( 8, 0, .BEHIND. ) ;
#4067 = DIRECTION ( 'NONE',  ( -0.5144957554275293400, -0.6859943405700336100, 0.5144957554275257900 ) ) ;
#4068 = CIRCLE ( 'NONE', #8758, 0.007874015748031449100 ) ;
#4069 = CARTESIAN_POINT ( 'NONE',  ( 0.4895669291338587400, 0.2965351244488186300, -0.05787401574803151300 ) ) ;
#4070 = CARTESIAN_POINT ( 'NONE',  ( 0.5795275590944887200, 0.05244063622047148700, -0.04212598425196851400 ) ) ;
#4071 = EDGE_CURVE ( 'NONE', #3509, #173, #712, .T. ) ;
#4073 = CARTESIAN_POINT ( 'NONE',  ( 0.6401574803149611100, 0.01968503937007875700, -0.07165354330708663400 ) ) ;
#4072 = AXIS2_PLACEMENT_3D ( 'NONE', #11684, #6334, #910 ) ;
#4074 = ORIENTED_EDGE ( 'NONE', *, *, #5892, .T. ) ;
#4075 = CARTESIAN_POINT ( 'NONE',  ( 0.3200787401574807800, 0.1339366992125986500, -0.05787401574803150600 ) ) ;
#4076 = ORIENTED_EDGE ( 'NONE', *, *, #10890, .F. ) ;
#4077 = ORIENTED_EDGE ( 'NONE', *, *, #3414, .F. ) ;
#4078 = DIRECTION ( 'NONE',  ( -0.5144957554163786000, -0.6859943405551710600, -0.5144957554584935800 ) ) ;
#4079 = VECTOR ( 'NONE', #10087, 39.37007874015748100 ) ;
#4080 = VECTOR ( 'NONE', #4078, 39.37007874015748100 ) ;
#4081 = EDGE_CURVE ( 'NONE', #1976, #1994, #2857, .T. ) ;
#4082 = EDGE_LOOP ( 'NONE', ( #743, #1234, #3767, #10510 ) ) ;
#4083 = ADVANCED_FACE ( 'NONE', ( #7379 ), #6088, .T. ) ;
#4084 = EDGE_LOOP ( 'NONE', ( #144, #3857, #9934, #9921 ) ) ;
#4085 = DIRECTION ( 'NONE',  ( 1.000000000000000000, -0.0000000000000000000, 0.0000000000000000000 ) ) ;
#4086 = EDGE_CURVE ( 'NONE', #10866, #2343, #123, .T. ) ;
#4087 = PRODUCT_DEFINITION_FORMATION_WITH_SPECIFIED_SOURCE ( 'ANY', '', #8396, .NOT_KNOWN. ) ;
#4088 = VERTEX_POINT ( 'NONE', #9734 ) ;
#4089 = VECTOR ( 'NONE', #4067, 39.37007874015748900 ) ;
#4090 = DIRECTION ( 'NONE',  ( 0.0000000000000000000, 0.0000000000000000000, 1.000000000000000000 ) ) ;
#4091 = LINE ( 'NONE', #10657, #8615 ) ;
#4092 = EDGE_LOOP ( 'NONE', ( #9033, #4062, #5847, #8363 ) ) ;
#4093 = CARTESIAN_POINT ( 'NONE',  ( 0.6895669291405923700, 0.2965351244331185200, -0.05787401574803151300 ) ) ;
#4094 = ADVANCED_FACE ( 'NONE', ( #413, #4670 ), #4339, .T. ) ;
#4095 = CARTESIAN_POINT ( 'NONE',  ( 0.4718503937030367700, 0.2287793731563805800, -0.05787401574803151300 ) ) ;
#4096 = VERTEX_POINT ( 'NONE', #3427 ) ;
#4098 = AXIS2_PLACEMENT_3D ( 'NONE', #4458, #5269, #5191 ) ;
#4097 = DIRECTION ( 'NONE',  ( 0.0000000000000000000, 0.0000000000000000000, -1.000000000000000000 ) ) ;
#4099 = LINE ( 'NONE', #6893, #11245 ) ;
#4100 = VECTOR ( 'NONE', #7427, 39.37007874015748900 ) ;
#4101 = EDGE_CURVE ( 'NONE', #2741, #4012, #2574, .T. ) ;
#4102 = ORIENTED_EDGE ( 'NONE', *, *, #2305, .T. ) ;
#4103 = DIRECTION ( 'NONE',  ( -0.0000000000000000000, -0.0000000000000000000, -1.000000000000000000 ) ) ;
#4104 = VERTEX_POINT ( 'NONE', #8869 ) ;
#4105 = CARTESIAN_POINT ( 'NONE',  ( 0.1795275590551181600, 0.01968503937007875700, -0.04212598425196851400 ) ) ;
#4106 = ORIENTED_EDGE ( 'NONE', *, *, #11143, .T. ) ;
#4107 = LINE ( 'NONE', #8782, #1114 ) ;
#4108 = CARTESIAN_POINT ( 'NONE',  ( 0.3000000000000002100, 0.3149606299212595600, -0.02834645669291339200 ) ) ;
#4109 = FACE_BOUND ( 'NONE', #8732, .T. ) ;
#4110 = ORIENTED_EDGE ( 'NONE', *, *, #3755, .F. ) ;
#4111 = CARTESIAN_POINT ( 'NONE',  ( 0.1921259842519688900, 0.06031465196850320500, -0.04212598425196852800 ) ) ;
#4112 = ORIENTED_EDGE ( 'NONE', *, *, #3459, .F. ) ;
#4113 = EDGE_CURVE ( 'NONE', #4358, #8626, #2291, .T. ) ;
#4114 = EDGE_CURVE ( 'NONE', #951, #11131, #7091, .T. ) ;
#4115 = AXIS2_PLACEMENT_3D ( 'NONE', #10405, #4997, #11275 ) ;
#4116 = DIRECTION ( 'NONE',  ( -1.000000000000000000, -0.0000000000000000000, -0.0000000000000000000 ) ) ;
#4117 = LINE ( 'NONE', #1727, #6509 ) ;
#4118 = ORIENTED_EDGE ( 'NONE', *, *, #9426, .F. ) ;
#4119 = LINE ( 'NONE', #7792, #8922 ) ;
#4120 = ORIENTED_EDGE ( 'NONE', *, *, #846, .T. ) ;
#4121 = ORIENTED_EDGE ( 'NONE', *, *, #1009, .F. ) ;
#4122 = CARTESIAN_POINT ( 'NONE',  ( 0.2374015748031499100, 0.05244063622047107800, -0.05787401574803151300 ) ) ;
#4123 = CARTESIAN_POINT ( 'NONE',  ( 0.2196850393700793500, 0.01968503937007875700, -0.05787401574803152000 ) ) ;
#4124 = EDGE_CURVE ( 'NONE', #3447, #10364, #9201, .T. ) ;
#4125 = ORIENTED_EDGE ( 'NONE', *, *, #9210, .F. ) ;
#4126 = VECTOR ( 'NONE', #3821, 39.37007874015748900 ) ;
#4127 = ORIENTED_EDGE ( 'NONE', *, *, #5863, .F. ) ;
#4128 = CARTESIAN_POINT ( 'NONE',  ( 0.5401574803149611400, 0.01968503937007875700, -0.07165354330708663400 ) ) ;
#4129 = EDGE_CURVE ( 'NONE', #9252, #11361, #2000, .T. ) ;
#4130 = LINE ( 'NONE', #9803, #6522 ) ;
#4131 = DIRECTION ( 'NONE',  ( 1.000000000000000000, 0.0000000000000000000, 0.0000000000000000000 ) ) ;
#4132 = ORIENTED_EDGE ( 'NONE', *, *, #6400, .F. ) ;
#4133 = ORIENTED_EDGE ( 'NONE', *, *, #2323, .T. ) ;
#4134 = ORIENTED_EDGE ( 'NONE', *, *, #5556, .F. ) ;
#4135 = CARTESIAN_POINT ( 'NONE',  ( 0.4690944881889768700, -0.1259842519685042700, -0.05787401574803151300 ) ) ;
#4136 = AXIS2_PLACEMENT_3D ( 'NONE', #8112, #2695, #9004 ) ;
#4137 = CARTESIAN_POINT ( 'NONE',  ( 0.04015748031496117800, 0.3149606299212595600, -0.04212598425196851400 ) ) ;
#4138 = CARTESIAN_POINT ( 'NONE',  ( 0.7088916445275595900, 0.2617829512992116400, -0.04212598425196852800 ) ) ;
#4139 = ADVANCED_FACE ( 'NONE', ( #8919 ), #1719, .T. ) ;
#4140 = VECTOR ( 'NONE', #3892, 39.37007874015748100 ) ;
#4141 = CARTESIAN_POINT ( 'NONE',  ( 0.6401574803149611100, 0.3149606299212595600, -0.04212598425196851400 ) ) ;
#4142 = VECTOR ( 'NONE', #6670, 39.37007874015748100 ) ;
#4143 = EDGE_LOOP ( 'NONE', ( #10107, #7447, #8644, #3345 ) ) ;
#4144 = DIRECTION ( 'NONE',  ( 1.000000000000000000, 0.0000000000000000000, 0.0000000000000000000 ) ) ;
#4145 = CIRCLE ( 'NONE', #10325, 0.007874015748031449100 ) ;
#4146 = VERTEX_POINT ( 'NONE', #7142 ) ;
#4147 = ORIENTED_EDGE ( 'NONE', *, *, #4869, .T. ) ;
#4148 = CARTESIAN_POINT ( 'NONE',  ( 0.3374015748031499200, 0.04456662047243921400, -0.05787401574803151300 ) ) ;
#4149 = ORIENTED_EDGE ( 'NONE', *, *, #4081, .T. ) ;
#4150 = DIRECTION ( 'NONE',  ( 0.0000000000000000000, 0.0000000000000000000, 1.000000000000000000 ) ) ;
#4151 = EDGE_CURVE ( 'NONE', #11035, #6227, #4117, .T. ) ;
#4152 = VECTOR ( 'NONE', #11302, 39.37007874015748100 ) ;
#4153 = DIRECTION ( 'NONE',  ( 0.2242946050387554200, 0.9745213851683853800, 0.0000000000000000000 ) ) ;
#4154 = EDGE_CURVE ( 'NONE', #9436, #4722, #11267, .T. ) ;
#4155 = AXIS2_PLACEMENT_3D ( 'NONE', #3248, #9555, #4144 ) ;
#4156 = ADVANCED_FACE ( 'NONE', ( #3828 ), #2646, .F. ) ;
#4157 = EDGE_LOOP ( 'NONE', ( #4964, #7393, #3158, #5517 ) ) ;
#4158 = ORIENTED_EDGE ( 'NONE', *, *, #5338, .T. ) ;
#4159 = VECTOR ( 'NONE', #1316, 39.37007874015748100 ) ;
#4160 = VERTEX_POINT ( 'NONE', #10732 ) ;
#4161 = ORIENTED_EDGE ( 'NONE', *, *, #8213, .T. ) ;
#4162 = DIRECTION ( 'NONE',  ( 0.0000000000000000000, 0.0000000000000000000, 1.000000000000000000 ) ) ;
#4163 = DIRECTION ( 'NONE',  ( -1.000000000000000000, 0.0000000000000000000, 0.0000000000000000000 ) ) ;
#4164 = CARTESIAN_POINT ( 'NONE',  ( -0.4999999999999996100, 0.01968503937007875700, -0.02598425196850394400 ) ) ;
#4165 = VECTOR ( 'NONE', #536, 39.37007874015748100 ) ;
#4166 = DIRECTION ( 'NONE',  ( 0.0000000000000000000, 0.0000000000000000000, 1.000000000000000000 ) ) ;
#4167 = ORIENTED_EDGE ( 'NONE', *, *, #5413, .F. ) ;
#4168 = EDGE_LOOP ( 'NONE', ( #484, #4937, #7818, #2435, #8924, #6700, #3462, #10215 ) ) ;
#4169 = DIRECTION ( 'NONE',  ( 0.0000000000000000000, 0.0000000000000000000, 1.000000000000000000 ) ) ;
#4170 = CARTESIAN_POINT ( 'NONE',  ( 0.4374015748425201200, 0.05244063622047148700, -0.05787401574803151300 ) ) ;
#4171 = AXIS2_PLACEMENT_3D ( 'NONE', #7512, #7394, #7340 ) ;
#4172 = LINE ( 'NONE', #1784, #5416 ) ;
#4173 = VERTEX_POINT ( 'NONE', #828 ) ;
#4174 = ORIENTED_EDGE ( 'NONE', *, *, #5589, .T. ) ;
#4175 = LINE ( 'NONE', #10649, #11323 ) ;
#4176 = EDGE_CURVE ( 'NONE', #2961, #891, #6223, .T. ) ;
#4177 = DIRECTION ( 'NONE',  ( 1.000000000000000000, 0.0000000000000000000, 0.0000000000000000000 ) ) ;
#4178 = DIRECTION ( 'NONE',  ( 1.000000000000000000, 0.0000000000000000000, -0.0000000000000000000 ) ) ;
#4179 = DIRECTION ( 'NONE',  ( 0.0000000000000000000, -0.7999999999999998200, -0.6000000000000002000 ) ) ;
#4180 = LINE ( 'NONE', #918, #1783 ) ;
#4181 = CARTESIAN_POINT ( 'NONE',  ( 0.5000000000000005600, 0.01968503937007875700, -0.04212598425196851400 ) ) ;
#4182 = ORIENTED_EDGE ( 'NONE', *, *, #5053, .F. ) ;
#4183 = ORIENTED_EDGE ( 'NONE', *, *, #8652, .T. ) ;
#4184 = CARTESIAN_POINT ( 'NONE',  ( 0.2999999999985584800, 0.1339366992019231900, -0.04212598425196851400 ) ) ;
#4185 = ORIENTED_EDGE ( 'NONE', *, *, #3737, .F. ) ;
#4186 = DIRECTION ( 'NONE',  ( -0.0000000000000000000, 0.0000000000000000000, -1.000000000000000000 ) ) ;
#4187 = VECTOR ( 'NONE', #4748, 39.37007874015748100 ) ;
#4188 = DIRECTION ( 'NONE',  ( 0.0000000000000000000, 1.000000000000000000, 0.0000000000000000000 ) ) ;
#4189 = DIRECTION ( 'NONE',  ( -0.0000000000000000000, -0.0000000000000000000, 1.000000000000000000 ) ) ;
#4190 = DIRECTION ( 'NONE',  ( -1.000000000000000000, -0.0000000000000000000, 0.0000000000000000000 ) ) ;
#4191 = DIRECTION ( 'NONE',  ( 0.0000000000000000000, 0.0000000000000000000, -1.000000000000000000 ) ) ;
#4192 = LINE ( 'NONE', #8058, #8443 ) ;
#4193 = EDGE_CURVE ( 'NONE', #6497, #8680, #10996, .T. ) ;
#4194 = PLANE ( 'NONE',  #9198 ) ;
#4195 = ORIENTED_EDGE ( 'NONE', *, *, #7205, .F. ) ;
#4196 = ORIENTED_EDGE ( 'NONE', *, *, #7483, .F. ) ;
#4197 = DIRECTION ( 'NONE',  ( 0.0000000000000000000, 0.0000000000000000000, 1.000000000000000000 ) ) ;
#4198 = CIRCLE ( 'NONE', #11278, 0.007874015748031449100 ) ;
#4199 = PLANE ( 'NONE',  #958 ) ;
#4200 = LINE ( 'NONE', #8139, #5030 ) ;
#4201 = DIRECTION ( 'NONE',  ( 0.0000000000000000000, 0.0000000000000000000, 1.000000000000000000 ) ) ;
#4202 = CARTESIAN_POINT ( 'NONE',  ( 0.6242125984224026200, 0.1473225259857622300, -0.04212598425196851400 ) ) ;
#4203 = ADVANCED_FACE ( 'NONE', ( #6802 ), #9895, .F. ) ;
#4204 = PLANE ( 'NONE',  #11273 ) ;
#4205 = VERTEX_POINT ( 'NONE', #4481 ) ;
#4206 = CARTESIAN_POINT ( 'NONE',  ( 0.04015748031496117800, 0.01968503937007875700, -0.07165354330708663400 ) ) ;
#4207 = CARTESIAN_POINT ( 'NONE',  ( 0.04015748031121030300, 0.2890203332169817800, -0.05787401574803151300 ) ) ;
#4208 = EDGE_CURVE ( 'NONE', #11698, #840, #5932, .T. ) ;
#4209 = VECTOR ( 'NONE', #1486, 39.37007874015748100 ) ;
#4210 = CARTESIAN_POINT ( 'NONE',  ( 0.04015748031151755700, 0.2890203332166549900, -0.05787401574803151300 ) ) ;
#4211 = EDGE_LOOP ( 'NONE', ( #1934, #10587, #5520, #1740 ) ) ;
#4212 = DIRECTION ( 'NONE',  ( 0.0000000000000000000, 0.0000000000000000000, 1.000000000000000000 ) ) ;
#4213 = LINE ( 'NONE', #377, #6317 ) ;
#4214 = ORIENTED_EDGE ( 'NONE', *, *, #895, .F. ) ;
#4215 = CARTESIAN_POINT ( 'NONE',  ( 0.3690944881892520000, -0.1259842519673084500, -0.04212598425196851400 ) ) ;
#4216 = ADVANCED_FACE ( 'NONE', ( #3556 ), #4519, .F. ) ;
#4217 = DATE_AND_TIME ( #6610, #9020 ) ;
#4218 = DIRECTION ( 'NONE',  ( 0.0000000000000000000, 0.0000000000000000000, 1.000000000000000000 ) ) ;
#4219 = FACE_OUTER_BOUND ( 'NONE', #1395, .T. ) ;
#4220 = CARTESIAN_POINT ( 'NONE',  ( 0.7196850393700799900, 0.0000000000000000000, -0.09999999999999997800 ) ) ;
#4221 = EDGE_LOOP ( 'NONE', ( #434, #10329, #11280, #11547 ) ) ;
#4222 = ORIENTED_EDGE ( 'NONE', *, *, #9378, .T. ) ;
#4223 = CARTESIAN_POINT ( 'NONE',  ( 0.5568533023228350300, 0.2494168253937005800, -0.04212598425196851400 ) ) ;
#4224 = EDGE_CURVE ( 'NONE', #11638, #7776, #1413, .T. ) ;
#4225 = ORIENTED_EDGE ( 'NONE', *, *, #4903, .T. ) ;
#4226 = CARTESIAN_POINT ( 'NONE',  ( 0.5431102362204729400, 0.3149606299212595600, -0.01812598437007874300 ) ) ;
#4227 = CARTESIAN_POINT ( 'NONE',  ( 0.6895669291405923700, 0.2965351244331185200, -0.04212598425196852100 ) ) ;
#4228 = EDGE_CURVE ( 'NONE', #366, #11583, #8368, .T. ) ;
#4230 = DIRECTION ( 'NONE',  ( -1.000000000000000000, 0.0000000000000000000, 0.0000000000000000000 ) ) ;
#4229 = AXIS2_PLACEMENT_3D ( 'NONE', #10118, #4704, #10988 ) ;
#4231 = LINE ( 'NONE', #11499, #11097 ) ;
#4232 = CYLINDRICAL_SURFACE ( 'NONE', #1947, 0.01574803149606289800 ) ;
#4233 = DIRECTION ( 'NONE',  ( -0.0000000000000000000, -0.0000000000000000000, 1.000000000000000000 ) ) ;
#4234 = ORIENTED_EDGE ( 'NONE', *, *, #6214, .T. ) ;
#4235 = ORIENTED_EDGE ( 'NONE', *, *, #11420, .T. ) ;
#4236 = LINE ( 'NONE', #7169, #11105 ) ;
#4237 = EDGE_CURVE ( 'NONE', #6617, #7355, #8090, .T. ) ;
#4238 = VECTOR ( 'NONE', #11221, 39.37007874015748100 ) ;
#4239 = DIRECTION ( 'NONE',  ( 0.2242946044126464800, -0.9745213853124897700, 0.0000000000000000000 ) ) ;
#4240 = CARTESIAN_POINT ( 'NONE',  ( 0.01118709562992162500, 0.2432397985433058200, -0.04212598425196852800 ) ) ;
#4241 = CARTESIAN_POINT ( 'NONE',  ( 0.4200787401574810300, 0.08959064362204703600, -0.04212598425196851400 ) ) ;
#4242 = EDGE_LOOP ( 'NONE', ( #1465, #5976, #8806, #11507 ) ) ;
#4243 = EDGE_CURVE ( 'NONE', #10991, #7524, #3282, .T. ) ;
#4244 = ORIENTED_EDGE ( 'NONE', *, *, #3075, .T. ) ;
#4245 = DIRECTION ( 'NONE',  ( -0.7999999995200000000, -0.6000000006400000300, 0.0000000000000000000 ) ) ;
#4246 = VECTOR ( 'NONE', #2547, 39.37007874015748900 ) ;
#4247 = DIRECTION ( 'NONE',  ( -1.000000000000000000, 0.0000000000000000000, 0.0000000000000000000 ) ) ;
#4248 = LINE ( 'NONE', #6139, #6355 ) ;
#4249 = ORIENTED_EDGE ( 'NONE', *, *, #436, .T. ) ;
#4250 = VERTEX_POINT ( 'NONE', #8145 ) ;
#4251 = CARTESIAN_POINT ( 'NONE',  ( 0.5196850393701718500, 0.01968503937007875700, -0.04212598425196851400 ) ) ;
#4253 = AXIS2_PLACEMENT_3D ( 'NONE', #8835, #6130, #716 ) ;
#4252 = DIRECTION ( 'NONE',  ( 0.0000000000000000000, 0.0000000000000000000, -1.000000000000000000 ) ) ;
#4254 = ORIENTED_EDGE ( 'NONE', *, *, #11661, .T. ) ;
#4255 = CARTESIAN_POINT ( 'NONE',  ( 0.6401574803149611100, 0.01968503937007875700, -0.05787401574803152000 ) ) ;
#4256 = EDGE_CURVE ( 'NONE', #10181, #2590, #5364, .T. ) ;
#4257 = FACE_OUTER_BOUND ( 'NONE', #9334, .T. ) ;
#4258 = ADVANCED_FACE ( 'NONE', ( #7804 ), #7521, .T. ) ;
#4259 = CARTESIAN_POINT ( 'NONE',  ( 0.04527559054926921100, -0.1011811023340690700, -0.05787401574803150600 ) ) ;
#4260 = VECTOR ( 'NONE', #4730, 39.37007874015748100 ) ;
#4261 = VERTEX_POINT ( 'NONE', #10880 ) ;
#4262 = ORIENTED_EDGE ( 'NONE', *, *, #5907, .T. ) ;
#4263 = CARTESIAN_POINT ( 'NONE',  ( 0.1765748031496071600, 0.3149606299212593400, -0.01812598437007874300 ) ) ;
#4264 = CARTESIAN_POINT ( 'NONE',  ( 0.3913385826771658700, 0.3346456692913383200, -0.08149606299212601400 ) ) ;
#4265 = CARTESIAN_POINT ( 'NONE',  ( 0.08956692914059211100, 0.2965351244331185800, -0.04212598425196852800 ) ) ;
#4266 = DIRECTION ( 'NONE',  ( 1.000000000000000000, 0.0000000000000000000, -0.0000000000000000000 ) ) ;
#4267 = VECTOR ( 'NONE', #8682, 39.37007874015748900 ) ;
#4268 = ORIENTED_EDGE ( 'NONE', *, *, #2584, .F. ) ;
#4269 = DIRECTION ( 'NONE',  ( 1.000000000000000000, 0.0000000000000000000, -0.0000000000000000000 ) ) ;
#4270 = LINE ( 'NONE', #5661, #2157 ) ;
#4271 = VERTEX_POINT ( 'NONE', #6405 ) ;
#4272 = ORIENTED_EDGE ( 'NONE', *, *, #3115, .T. ) ;
#4273 = ORIENTED_EDGE ( 'NONE', *, *, #4064, .T. ) ;
#4275 = ADVANCED_FACE ( 'NONE', ( #5638 ), #10003, .F. ) ;
#4274 = DIRECTION ( 'NONE',  ( 1.000000000000000000, 0.0000000000000000000, 0.0000000000000000000 ) ) ;
#4276 = EDGE_CURVE ( 'NONE', #5260, #5146, #5086, .T. ) ;
#4277 = AXIS2_PLACEMENT_3D ( 'NONE', #3315, #4252, #2438 ) ;
#4278 = DIRECTION ( 'NONE',  ( 0.0000000000000000000, 0.0000000000000000000, -1.000000000000000000 ) ) ;
#4279 = CARTESIAN_POINT ( 'NONE',  ( 0.6958661417716761600, 0.1473225259859144700, -0.04212598425196851400 ) ) ;
#4280 = DIRECTION ( 'NONE',  ( 1.000000000000000000, 0.0000000000000000000, 0.0000000000000000000 ) ) ;
#4281 = ORIENTED_EDGE ( 'NONE', *, *, #4896, .T. ) ;
#4282 = LINE ( 'NONE', #4202, #4550 ) ;
#4283 = DIRECTION ( 'NONE',  ( 0.0000000000000000000, 1.000000000000000000, 0.0000000000000000000 ) ) ;
#4284 = VECTOR ( 'NONE', #1492, 39.37007874015748100 ) ;
#4285 = DIRECTION ( 'NONE',  ( -1.000000000000000000, 0.0000000000000000000, 0.0000000000000000000 ) ) ;
#4286 = VERTEX_POINT ( 'NONE', #9139 ) ;
#4287 = DIRECTION ( 'NONE',  ( 0.0000000000000000000, 0.0000000000000000000, 1.000000000000000000 ) ) ;
#4288 = VECTOR ( 'NONE', #5914, 39.37007874015748100 ) ;
#4289 = VERTEX_POINT ( 'NONE', #4628 ) ;
#4290 = ORIENTED_EDGE ( 'NONE', *, *, #8584, .F. ) ;
#4291 = CARTESIAN_POINT ( 'NONE',  ( 0.3702238798032181400, 0.2525113753601321800, -0.04212598425196852800 ) ) ;
#4292 = EDGE_CURVE ( 'NONE', #10962, #7062, #555, .T. ) ;
#4293 = FACE_OUTER_BOUND ( 'NONE', #10821, .T. ) ;
#4294 = EDGE_CURVE ( 'NONE', #10598, #10917, #10188, .T. ) ;
#4295 = PLANE ( 'NONE',  #9457 ) ;
#4296 = CARTESIAN_POINT ( 'NONE',  ( 0.2755228901018722500, 0.1112594903586044300, -0.05787401574803151300 ) ) ;
#4297 = VECTOR ( 'NONE', #9014, 39.37007874015748100 ) ;
#4298 = ORIENTED_EDGE ( 'NONE', *, *, #7395, .T. ) ;
#4299 = DIRECTION ( 'NONE',  ( -1.000000000000000000, 1.803425395817465900E-014, 0.0000000000000000000 ) ) ;
#4300 = FACE_OUTER_BOUND ( 'NONE', #4168, .T. ) ;
#4301 = EDGE_CURVE ( 'NONE', #9470, #3762, #2715, .T. ) ;
#4302 = ORIENTED_EDGE ( 'NONE', *, *, #3566, .T. ) ;
#4303 = ORIENTED_EDGE ( 'NONE', *, *, #3513, .F. ) ;
#4304 = AXIS2_PLACEMENT_3D ( 'NONE', #5857, #435, #6783 ) ;
#4305 = FACE_OUTER_BOUND ( 'NONE', #9918, .T. ) ;
#4306 = PLANE ( 'NONE',  #10787 ) ;
#4307 = DIRECTION ( 'NONE',  ( 0.0000000000000000000, 0.0000000000000000000, -1.000000000000000000 ) ) ;
#4308 = VERTEX_POINT ( 'NONE', #3774 ) ;
#4309 = ORIENTED_EDGE ( 'NONE', *, *, #6689, .T. ) ;
#4310 = LINE ( 'NONE', #111, #1619 ) ;
#4311 = ORIENTED_EDGE ( 'NONE', *, *, #8521, .F. ) ;
#4312 = VERTEX_POINT ( 'NONE', #1019 ) ;
#4313 = CARTESIAN_POINT ( 'NONE',  ( 0.6482283464474978300, 0.2287793732319345600, -0.04212598425196852100 ) ) ;
#4314 = EDGE_CURVE ( 'NONE', #4579, #7758, #9339, .T. ) ;
#4315 = CYLINDRICAL_SURFACE ( 'NONE', #1964, 0.03976377952755907200 ) ;
#4316 = AXIS2_PLACEMENT_3D ( 'NONE', #5057, #11338, #3270 ) ;
#4317 = CARTESIAN_POINT ( 'NONE',  ( 0.1196850393700793400, 0.3149606299212595600, -0.05787401574803152000 ) ) ;
#4318 = EDGE_CURVE ( 'NONE', #9028, #8284, #7228, .T. ) ;
#4319 = CC_DESIGN_PERSON_AND_ORGANIZATION_ASSIGNMENT ( #4771, #222, ( #2501 ) ) ;
#4320 = CYLINDRICAL_SURFACE ( 'NONE', #9767, 0.01574803149606289800 ) ;
#4321 = VERTEX_POINT ( 'NONE', #4665 ) ;
#4322 = CARTESIAN_POINT ( 'NONE',  ( 0.09999999999855825600, 0.1339366992019235300, -0.04212598425196851400 ) ) ;
#4324 = DIRECTION ( 'NONE',  ( -1.000000000000000000, 0.0000000000000000000, 0.0000000000000000000 ) ) ;
#4323 = LINE ( 'NONE', #7639, #8565 ) ;
#4325 = VERTEX_POINT ( 'NONE', #6479 ) ;
#4326 = ADVANCED_FACE ( 'NONE', ( #9053 ), #7418, .F. ) ;
#4327 = LINE ( 'NONE', #8587, #8845 ) ;
#4328 = VECTOR ( 'NONE', #5921, 39.37007874015748100 ) ;
#4329 = DIRECTION ( 'NONE',  ( -1.000000000000000000, 0.0000000000000000000, 0.0000000000000000000 ) ) ;
#4330 = AXIS2_PLACEMENT_3D ( 'NONE', #6169, #6722, #6776 ) ;
#4331 = ORIENTED_EDGE ( 'NONE', *, *, #8600, .T. ) ;
#4332 = EDGE_CURVE ( 'NONE', #5303, #1125, #4809, .T. ) ;
#4333 = ORIENTED_EDGE ( 'NONE', *, *, #9729, .T. ) ;
#4334 = CARTESIAN_POINT ( 'NONE',  ( 0.5795275590944887200, -0.1259842519668301100, -0.04212598425196851400 ) ) ;
#4335 = LINE ( 'NONE', #4371, #8854 ) ;
#4336 = CARTESIAN_POINT ( 'NONE',  ( 0.4374015748031501200, 0.04456662047243921400, -0.05787401574803151300 ) ) ;
#4337 = ADVANCED_FACE ( 'NONE', ( #4532 ), #179, .F. ) ;
#4338 = DIRECTION ( 'NONE',  ( -0.0000000000000000000, -0.0000000000000000000, -1.000000000000000000 ) ) ;
#4339 = PLANE ( 'NONE',  #7308 ) ;
#4340 = LINE ( 'NONE', #6439, #11204 ) ;
#4341 = DIRECTION ( 'NONE',  ( 0.0000000000000000000, 0.0000000000000000000, -1.000000000000000000 ) ) ;
#4342 = VERTEX_POINT ( 'NONE', #5479 ) ;
#4343 = DIRECTION ( 'NONE',  ( -1.000000000000000000, -0.0000000000000000000, 0.0000000000000000000 ) ) ;
#4344 = ORIENTED_EDGE ( 'NONE', *, *, #5017, .F. ) ;
#4345 = CARTESIAN_POINT ( 'NONE',  ( 0.5374015748031500900, 0.05244063622047114000, -0.04212598425196852800 ) ) ;
#4346 = VECTOR ( 'NONE', #8148, 39.37007874015748100 ) ;
#4347 = DIRECTION ( 'NONE',  ( -5.876167051565095900E-011, 1.000000000000000000, 0.0000000000000000000 ) ) ;
#4348 = EDGE_CURVE ( 'NONE', #3485, #11366, #11398, .T. ) ;
#4349 = EDGE_CURVE ( 'NONE', #2315, #1688, #1859, .T. ) ;
#4350 = DIRECTION ( 'NONE',  ( 0.03123475300211145000, -0.9995120760675665400, 0.0000000000000000000 ) ) ;
#4351 = LINE ( 'NONE', #10501, #6447 ) ;
#4352 = VERTEX_POINT ( 'NONE', #8362 ) ;
#4353 = LOCAL_TIME ( 0, 21, 42.00000000000000000, #6747 ) ;
#4354 = FACE_OUTER_BOUND ( 'NONE', #7798, .T. ) ;
#4355 = ORIENTED_EDGE ( 'NONE', *, *, #1314, .F. ) ;
#4356 = DIRECTION ( 'NONE',  ( -0.0000000000000000000, -0.0000000000000000000, 1.000000000000000000 ) ) ;
#4357 = CARTESIAN_POINT ( 'NONE',  ( 0.2445558501166962600, 0.1112594900334818200, -0.05787401574803151300 ) ) ;
#4358 = VERTEX_POINT ( 'NONE', #10162 ) ;
#4359 = DIRECTION ( 'NONE',  ( -1.000000000000000000, -0.0000000000000000000, 0.0000000000000000000 ) ) ;
#4360 = DIRECTION ( 'NONE',  ( -1.000000000000000000, -0.0000000000000000000, 0.0000000000000000000 ) ) ;
#4361 = ORIENTED_EDGE ( 'NONE', *, *, #2883, .F. ) ;
#4362 = EDGE_CURVE ( 'NONE', #298, #10372, #8780, .T. ) ;
#4363 = AXIS2_PLACEMENT_3D ( 'NONE', #8580, #3182, #9479 ) ;
#4364 = FACE_OUTER_BOUND ( 'NONE', #5801, .T. ) ;
#4365 = DIRECTION ( 'NONE',  ( 0.0000000000000000000, 0.7999999999999998200, -0.6000000000000002000 ) ) ;
#4366 = DIRECTION ( 'NONE',  ( 0.0000000000000000000, 1.000000000000000000, 0.0000000000000000000 ) ) ;
#4367 = LINE ( 'NONE', #9482, #4080 ) ;
#4368 = AXIS2_PLACEMENT_3D ( 'NONE', #6434, #1987, #8318 ) ;
#4369 = EDGE_LOOP ( 'NONE', ( #4683, #8664, #2012, #8800 ) ) ;
#4370 = ORIENTED_EDGE ( 'NONE', *, *, #10546, .T. ) ;
#4371 = CARTESIAN_POINT ( 'NONE',  ( 0.09586614177167616900, 0.1473225259859144700, -0.04212598425196851400 ) ) ;
#4372 = DIRECTION ( 'NONE',  ( 0.6000000000000002000, 0.7999999999999998200, 0.0000000000000000000 ) ) ;
#4373 = VERTEX_POINT ( 'NONE', #6570 ) ;
#4374 = DIRECTION ( 'NONE',  ( 0.0000000000000000000, -1.000000000000000000, -0.0000000000000000000 ) ) ;
#4375 = LINE ( 'NONE', #2981, #451 ) ;
#4376 = LINE ( 'NONE', #2511, #9170 ) ;
#4377 = ADVANCED_FACE ( 'NONE', ( #4257 ), #6067, .F. ) ;
#4378 = PLANE ( 'NONE',  #8999 ) ;
#4379 = EDGE_CURVE ( 'NONE', #4890, #11174, #10855, .T. ) ;
#4380 = EDGE_LOOP ( 'NONE', ( #4583, #6254, #10406, #638 ) ) ;
#4381 = CARTESIAN_POINT ( 'NONE',  ( 0.1795275590551181600, 0.3149606299212595600, -0.07165354330708663400 ) ) ;
#4382 = DIRECTION ( 'NONE',  ( 1.000000000000000000, 5.876167051565095900E-011, -0.0000000000000000000 ) ) ;
#4383 = EDGE_CURVE ( 'NONE', #7502, #4527, #8506, .T. ) ;
#4384 = AXIS2_PLACEMENT_3D ( 'NONE', #10974, #6506, #1079 ) ;
#4385 = ORIENTED_EDGE ( 'NONE', *, *, #9218, .F. ) ;
#4386 = LINE ( 'NONE', #1381, #1981 ) ;
#4387 = CARTESIAN_POINT ( 'NONE',  ( 0.04985486044014923000, 0.2525113748430195500, -0.04212598425196851400 ) ) ;
#4388 = VECTOR ( 'NONE', #7378, 39.37007874015748100 ) ;
#4389 = EDGE_LOOP ( 'NONE', ( #6717, #7374, #7555, #8098 ) ) ;
#4390 = DIRECTION ( 'NONE',  ( 0.6000000000000002000, -0.7999999999999998200, 0.0000000000000000000 ) ) ;
#4391 = ORIENTED_EDGE ( 'NONE', *, *, #7730, .F. ) ;
#4392 = ADVANCED_FACE ( 'NONE', ( #10595 ), #3410, .T. ) ;
#4393 = VERTEX_POINT ( 'NONE', #2119 ) ;
#4394 = DIRECTION ( 'NONE',  ( 0.7999999999999998200, -0.6000000000000002000, 0.0000000000000000000 ) ) ;
#4395 = VECTOR ( 'NONE', #9533, 39.37007874015748100 ) ;
#4396 = CARTESIAN_POINT ( 'NONE',  ( 0.04527559055118158400, -0.1011811023622053900, -0.05787401574803151300 ) ) ;
#4397 = VECTOR ( 'NONE', #6829, 39.37007874015748100 ) ;
#4398 = EDGE_CURVE ( 'NONE', #4325, #10049, #3973, .T. ) ;
#4399 = ORIENTED_EDGE ( 'NONE', *, *, #9378, .F. ) ;
#4400 = DIRECTION ( 'NONE',  ( 0.0000000000000000000, 1.000000000000000000, 0.0000000000000000000 ) ) ;
#4401 = ORIENTED_EDGE ( 'NONE', *, *, #10993, .T. ) ;
#4402 = VECTOR ( 'NONE', #760, 39.37007874015748100 ) ;
#4403 = ORIENTED_EDGE ( 'NONE', *, *, #4818, .T. ) ;
#4404 = DIRECTION ( 'NONE',  ( 0.9554746912769989100, -0.2950730660855439600, 0.0000000000000000000 ) ) ;
#4405 = CIRCLE ( 'NONE', #1570, 0.007874015748031584400 ) ;
#4406 = VERTEX_POINT ( 'NONE', #8450 ) ;
#4407 = VERTEX_POINT ( 'NONE', #10243 ) ;
#4408 = CARTESIAN_POINT ( 'NONE',  ( 0.2200787401574807700, 0.06031465196850320500, -0.05787401574803151300 ) ) ;
#4409 = DIRECTION ( 'NONE',  ( 1.000000000000000000, 0.0000000000000000000, 0.0000000000000000000 ) ) ;
#4410 = EDGE_CURVE ( 'NONE', #4775, #6890, #3691, .T. ) ;
#4411 = LINE ( 'NONE', #10095, #11007 ) ;
#4412 = ORIENTED_EDGE ( 'NONE', *, *, #5082, .F. ) ;
#4413 = LINE ( 'NONE', #4357, #4687 ) ;
#4414 = ORIENTED_EDGE ( 'NONE', *, *, #6794, .T. ) ;
#4415 = EDGE_LOOP ( 'NONE', ( #8354, #10984, #1701, #8909 ) ) ;
#4416 = ORIENTED_EDGE ( 'NONE', *, *, #5620, .T. ) ;
#4417 = ORIENTED_EDGE ( 'NONE', *, *, #9285, .T. ) ;
#4418 = VECTOR ( 'NONE', #8358, 39.37007874015748100 ) ;
#4419 = CARTESIAN_POINT ( 'NONE',  ( 0.6445558501166963600, 0.1112594900334815300, -0.05787401574803151300 ) ) ;
#4420 = LINE ( 'NONE', #10262, #8668 ) ;
#4421 = ORIENTED_EDGE ( 'NONE', *, *, #2799, .F. ) ;
#4422 = EDGE_CURVE ( 'NONE', #5877, #159, #8226, .T. ) ;
#4423 = VECTOR ( 'NONE', #63, 39.37007874015748100 ) ;
#4424 = ORIENTED_EDGE ( 'NONE', *, *, #5859, .F. ) ;
#4425 = ORIENTED_EDGE ( 'NONE', *, *, #7717, .T. ) ;
#4426 = AXIS2_PLACEMENT_3D ( 'NONE', #5998, #582, #6931 ) ;
#4427 = DIRECTION ( 'NONE',  ( -0.9554746912769989100, -0.2950730660855439600, 0.0000000000000000000 ) ) ;
#4428 = CARTESIAN_POINT ( 'NONE',  ( 0.6431102362204729200, 0.3149606299212595600, -0.01812598440944882300 ) ) ;
#4429 = CARTESIAN_POINT ( 'NONE',  ( 0.5452755905511815800, 0.04456662047243921400, -0.05787401574803151300 ) ) ;
#4430 = ADVANCED_FACE ( 'NONE', ( #7943 ), #3970, .F. ) ;
#4431 = DIRECTION ( 'NONE',  ( -0.0000000000000000000, -0.0000000000000000000, 1.000000000000000000 ) ) ;
#4433 = FACE_OUTER_BOUND ( 'NONE', #1408, .T. ) ;
#4432 = CARTESIAN_POINT ( 'NONE',  ( 0.4000000000000005200, 0.3149606299212595600, -0.05787401574803152000 ) ) ;
#4434 = DIRECTION ( 'NONE',  ( -0.0000000000000000000, -0.0000000000000000000, -1.000000000000000000 ) ) ;
#4435 = ORIENTED_EDGE ( 'NONE', *, *, #2949, .F. ) ;
#4436 = VERTEX_POINT ( 'NONE', #9377 ) ;
#4437 = LINE ( 'NONE', #7626, #2044 ) ;
#4438 = ORIENTED_EDGE ( 'NONE', *, *, #8961, .F. ) ;
#4439 = ORIENTED_EDGE ( 'NONE', *, *, #3960, .F. ) ;
#4440 = EDGE_CURVE ( 'NONE', #2752, #5414, #5494, .T. ) ;
#4441 = CARTESIAN_POINT ( 'NONE',  ( 0.5305118110727774500, 0.2965351244027643100, -0.04212598425196851400 ) ) ;
#4442 = DIRECTION ( 'NONE',  ( 0.0000000000000000000, 0.0000000000000000000, 1.000000000000000000 ) ) ;
#4443 = ADVANCED_FACE ( 'NONE', ( #10031 ), #5220, .T. ) ;
#4444 = CARTESIAN_POINT ( 'NONE',  ( 0.3452755905511815100, 0.04456662047243921400, -0.04212598425196851400 ) ) ;
#4445 = LINE ( 'NONE', #4070, #2052 ) ;
#4446 = AXIS2_PLACEMENT_3D ( 'NONE', #667, #8859, #3451 ) ;
#4447 = DIRECTION ( 'NONE',  ( 0.0000000000000000000, 1.000000000000000000, 0.0000000000000000000 ) ) ;
#4448 = EDGE_CURVE ( 'NONE', #6515, #6998, #977, .T. ) ;
#4449 = ORIENTED_EDGE ( 'NONE', *, *, #5468, .F. ) ;
#4450 = ORIENTED_EDGE ( 'NONE', *, *, #5524, .F. ) ;
#4451 = CARTESIAN_POINT ( 'NONE',  ( 0.6795275590551186400, 0.01968503937007875700, -0.02598425196850394400 ) ) ;
#4452 = VECTOR ( 'NONE', #4266, 39.37007874015748100 ) ;
#4453 = ORIENTED_EDGE ( 'NONE', *, *, #658, .F. ) ;
#4454 = ORIENTED_EDGE ( 'NONE', *, *, #10743, .F. ) ;
#4455 = CARTESIAN_POINT ( 'NONE',  ( 0.7196850393700799900, -0.1259883101458695600, -0.09999999999999997800 ) ) ;
#4456 = LINE ( 'NONE', #10572, #2062 ) ;
#4457 = DIRECTION ( 'NONE',  ( 1.000000000000000000, -0.0000000000000000000, 0.0000000000000000000 ) ) ;
#4458 = CARTESIAN_POINT ( 'NONE',  ( 0.02007874015748100200, -0.1574803149606300600, -0.04212598425196851400 ) ) ;
#4459 = CYLINDRICAL_SURFACE ( 'NONE', #47, 0.09219577657480328100 ) ;
#4460 = VERTEX_POINT ( 'NONE', #3114 ) ;
#4461 = EDGE_CURVE ( 'NONE', #8860, #2934, #405, .T. ) ;
#4462 = ORIENTED_EDGE ( 'NONE', *, *, #6619, .F. ) ;
#4463 = DIRECTION ( 'NONE',  ( 1.000000000000000000, 0.0000000000000000000, 0.0000000000000000000 ) ) ;
#4464 = VECTOR ( 'NONE', #978, 39.37007874015748100 ) ;
#4465 = EDGE_CURVE ( 'NONE', #879, #8621, #7659, .T. ) ;
#4466 = VECTOR ( 'NONE', #2320, 39.37007874015748100 ) ;
#4467 = PLANE ( 'NONE',  #70 ) ;
#4468 = DIRECTION ( 'NONE',  ( 0.0000000000000000000, 0.0000000000000000000, 1.000000000000000000 ) ) ;
#4469 = ORIENTED_EDGE ( 'NONE', *, *, #3143, .F. ) ;
#4470 = ORIENTED_EDGE ( 'NONE', *, *, #3246, .T. ) ;
#4471 = PLANE ( 'NONE',  #1551 ) ;
#4472 = VECTOR ( 'NONE', #7497, 39.37007874015748100 ) ;
#4473 = DIRECTION ( 'NONE',  ( -0.0000000000000000000, -0.0000000000000000000, -1.000000000000000000 ) ) ;
#4474 = AXIS2_PLACEMENT_3D ( 'NONE', #2167, #3083, #9388 ) ;
#4475 = LINE ( 'NONE', #9054, #9005 ) ;
#4476 = EDGE_CURVE ( 'NONE', #11366, #6007, #702, .T. ) ;
#4477 = ORIENTED_EDGE ( 'NONE', *, *, #9445, .F. ) ;
#4478 = CARTESIAN_POINT ( 'NONE',  ( 0.3958661417322839600, 0.1473225259842513800, -0.05787401574803151300 ) ) ;
#4479 = DIRECTION ( 'NONE',  ( 0.0000000000000000000, 0.0000000000000000000, 1.000000000000000000 ) ) ;
#4480 = CARTESIAN_POINT ( 'NONE',  ( 0.2999999999985583600, 0.1339366992019236100, -0.04212598425196851400 ) ) ;
#4481 = CARTESIAN_POINT ( 'NONE',  ( 0.4374015748031501200, 0.05244063622047114000, -0.05787401574803151300 ) ) ;
#4482 = FACE_OUTER_BOUND ( 'NONE', #2015, .T. ) ;
#4483 = CARTESIAN_POINT ( 'NONE',  ( 0.3718503937007878700, 0.2287793732283450500, -0.05787401574803151300 ) ) ;
#4484 = ORIENTED_EDGE ( 'NONE', *, *, #4811, .T. ) ;
#4485 = ADVANCED_FACE ( 'NONE', ( #7368 ), #3149, .F. ) ;
#4486 = VECTOR ( 'NONE', #38, 39.37007874015748100 ) ;
#4487 = CARTESIAN_POINT ( 'NONE',  ( 0.4826771653543312500, 0.04456662047243921400, -0.04212598425196852800 ) ) ;
#4488 = ORIENTED_EDGE ( 'NONE', *, *, #8704, .F. ) ;
#4489 = CARTESIAN_POINT ( 'NONE',  ( 0.2921259842519689000, 0.05244063622047148700, -0.05787401574803151300 ) ) ;
#4490 = DIRECTION ( 'NONE',  ( 1.000000000000000000, 0.0000000000000000000, -0.0000000000000000000 ) ) ;
#4491 = PERSON_AND_ORGANIZATION ( #4812, #2956 ) ;
#4492 = EDGE_CURVE ( 'NONE', #10363, #11686, #115, .T. ) ;
#4493 = CYLINDRICAL_SURFACE ( 'NONE', #4736, 0.007874015748031449100 ) ;
#4494 = CARTESIAN_POINT ( 'NONE',  ( 0.5702238798032182000, 0.2525113753601321800, -0.04212598425196852800 ) ) ;
#4495 = AXIS2_PLACEMENT_3D ( 'NONE', #6659, #1243, #7594 ) ;
#4496 = DIRECTION ( 'NONE',  ( 1.000000000000000000, 0.0000000000000000000, 0.0000000000000000000 ) ) ;
#4497 = EDGE_LOOP ( 'NONE', ( #91, #4758, #5003, #11396 ) ) ;
#4498 = VERTEX_POINT ( 'NONE', #9452 ) ;
#4499 = ADVANCED_FACE ( 'NONE', ( #4943 ), #3196, .F. ) ;
#4500 = ORIENTED_EDGE ( 'NONE', *, *, #7337, .F. ) ;
#4501 = LINE ( 'NONE', #2530, #2112 ) ;
#4502 = CARTESIAN_POINT ( 'NONE',  ( 0.3401574803149611200, 0.3149606299212595600, -0.04212598425196851400 ) ) ;
#4503 = LINE ( 'NONE', #2826, #11098 ) ;
#4504 = EDGE_CURVE ( 'NONE', #441, #5656, #4659, .T. ) ;
#4505 = CARTESIAN_POINT ( 'NONE',  ( 0.3000000000000003200, 0.06031465196850320500, -0.08208661417322835100 ) ) ;
#4506 = EDGE_LOOP ( 'NONE', ( #8551, #4572, #4634, #9284 ) ) ;
#4507 = CARTESIAN_POINT ( 'NONE',  ( 0.2452755905511816400, 0.04456662047243921400, -0.04212598425196852100 ) ) ;
#4508 = CARTESIAN_POINT ( 'NONE',  ( 0.5600393700787408300, 0.1141337039370070900, -0.05787401574803151300 ) ) ;
#4509 = EDGE_CURVE ( 'NONE', #10670, #10609, #9478, .T. ) ;
#4510 = AXIS2_PLACEMENT_3D ( 'NONE', #11111, #5738, #306 ) ;
#4511 = VERTEX_POINT ( 'NONE', #7733 ) ;
#4512 = DIRECTION ( 'NONE',  ( 0.0000000000000000000, 0.0000000000000000000, 1.000000000000000000 ) ) ;
#4513 = LINE ( 'NONE', #8933, #4789 ) ;
#4514 = CARTESIAN_POINT ( 'NONE',  ( 0.07952755905511869900, 0.01968503937007875700, -0.04212598425196851400 ) ) ;
#4515 = LINE ( 'NONE', #2237, #2699 ) ;
#4516 = ORIENTED_EDGE ( 'NONE', *, *, #925, .T. ) ;
#4517 = DIRECTION ( 'NONE',  ( 0.0000000000000000000, 0.0000000000000000000, 1.000000000000000000 ) ) ;
#4518 = CARTESIAN_POINT ( 'NONE',  ( 0.5482283464474978500, 0.2287793732319345900, -0.04212598425196851400 ) ) ;
#4519 = PLANE ( 'NONE',  #1626 ) ;
#4520 = ORIENTED_EDGE ( 'NONE', *, *, #1297, .T. ) ;
#4521 = DIRECTION ( 'NONE',  ( 0.0000000000000000000, -1.000000000000000000, -0.0000000000000000000 ) ) ;
#4522 = VECTOR ( 'NONE', #4359, 39.37007874015748100 ) ;
#4523 = CARTESIAN_POINT ( 'NONE',  ( 0.6795275590551186400, 0.01968503937007875700, -0.02834645669291339200 ) ) ;
#4524 = EDGE_CURVE ( 'NONE', #5891, #1671, #11531, .T. ) ;
#4525 = VECTOR ( 'NONE', #11461, 39.37007874015748100 ) ;
#4526 = ORIENTED_EDGE ( 'NONE', *, *, #6425, .T. ) ;
#4527 = VERTEX_POINT ( 'NONE', #8592 ) ;
#4528 = CARTESIAN_POINT ( 'NONE',  ( 0.09212598425196885700, 0.05244063622047161900, -0.05787401574803151300 ) ) ;
#4529 = EDGE_CURVE ( 'NONE', #11584, #10060, #6792, .T. ) ;
#4530 = DIRECTION ( 'NONE',  ( 0.0000000000000000000, 0.0000000000000000000, 1.000000000000000000 ) ) ;
#4531 = CARTESIAN_POINT ( 'NONE',  ( 0.6795275590551186400, 0.3149606299212595600, -0.04212598425196851400 ) ) ;
#4532 = FACE_OUTER_BOUND ( 'NONE', #9770, .T. ) ;
#4533 = CARTESIAN_POINT ( 'NONE',  ( 0.2795275590551185000, 0.3149606299212595600, -0.05787401574803152000 ) ) ;
#4534 = FACE_OUTER_BOUND ( 'NONE', #9440, .T. ) ;
#4535 = ORIENTED_EDGE ( 'NONE', *, *, #8505, .T. ) ;
#4536 = ORIENTED_EDGE ( 'NONE', *, *, #7080, .F. ) ;
#4537 = AXIS2_PLACEMENT_3D ( 'NONE', #5884, #5672, #5613 ) ;
#4538 = DIRECTION ( 'NONE',  ( -1.000000000000000000, 0.0000000000000000000, 0.0000000000000000000 ) ) ;
#4539 = DIRECTION ( 'NONE',  ( 0.0000000000000000000, 0.0000000000000000000, 1.000000000000000000 ) ) ;
#4540 = EDGE_CURVE ( 'NONE', #8089, #11048, #1990, .T. ) ;
#4541 = VECTOR ( 'NONE', #4097, 39.37007874015748100 ) ;
#4542 = VERTEX_POINT ( 'NONE', #5915 ) ;
#4543 = CARTESIAN_POINT ( 'NONE',  ( 0.04015748031496117800, 0.3149606299212595600, -0.05787401574803152000 ) ) ;
#4544 = LINE ( 'NONE', #1122, #9355 ) ;
#4545 = EDGE_LOOP ( 'NONE', ( #5075, #544, #829, #1112 ) ) ;
#4546 = VERTEX_POINT ( 'NONE', #7768 ) ;
#4547 = ORIENTED_EDGE ( 'NONE', *, *, #3260, .T. ) ;
#4548 = DIRECTION ( 'NONE',  ( -0.9995120760675666500, -0.03123475300211145400, 0.0000000000000000000 ) ) ;
#4549 = CARTESIAN_POINT ( 'NONE',  ( 0.08956692914059209700, 0.2965351244331185800, -0.05787401574803151300 ) ) ;
#4550 = VECTOR ( 'NONE', #5085, 39.37007874015747400 ) ;
#4551 = DIRECTION ( 'NONE',  ( 0.0000000000000000000, 0.0000000000000000000, -1.000000000000000000 ) ) ;
#4552 = DIRECTION ( 'NONE',  ( 0.1483404520012043000, 0.9889363530076534800, 0.0000000000000000000 ) ) ;
#4553 = LINE ( 'NONE', #3325, #4284 ) ;
#4554 = ADVANCED_FACE ( 'NONE', ( #2281 ), #1704, .T. ) ;
#4555 = CARTESIAN_POINT ( 'NONE',  ( 0.3958661417716761200, 0.1473225259859145300, -0.04212598425196851400 ) ) ;
#4556 = ORIENTED_EDGE ( 'NONE', *, *, #1176, .F. ) ;
#4557 = DIRECTION ( 'NONE',  ( -1.000000000000000000, 0.0000000000000000000, 0.0000000000000000000 ) ) ;
#4558 = VECTOR ( 'NONE', #376, 39.37007874015748100 ) ;
#4559 = ORIENTED_EDGE ( 'NONE', *, *, #469, .T. ) ;
#4560 = ORIENTED_EDGE ( 'NONE', *, *, #8960, .F. ) ;
#4561 = DIRECTION ( 'NONE',  ( 0.0000000000000000000, -1.000000000000000000, -0.0000000000000000000 ) ) ;
#4562 = EDGE_CURVE ( 'NONE', #3866, #2875, #11258, .T. ) ;
#4563 = AXIS2_PLACEMENT_3D ( 'NONE', #6928, #6033, #626 ) ;
#4564 = DIRECTION ( 'NONE',  ( -0.0000000000000000000, -0.0000000000000000000, 1.000000000000000000 ) ) ;
#4565 = VECTOR ( 'NONE', #1678, 39.37007874015748100 ) ;
#4566 = PLANE ( 'NONE',  #6351 ) ;
#4567 = DIRECTION ( 'NONE',  ( 0.9991100788575018000, -0.04217878999398427800, 0.0000000000000000000 ) ) ;
#4568 = CARTESIAN_POINT ( 'NONE',  ( 0.05095087515748057000, 0.2432397985433058200, -0.05787401574803151300 ) ) ;
#4569 = LINE ( 'NONE', #2665, #2174 ) ;
#4570 = EDGE_LOOP ( 'NONE', ( #10915, #6419, #8839, #9116 ) ) ;
#4571 = LINE ( 'NONE', #3426, #9092 ) ;
#4572 = ORIENTED_EDGE ( 'NONE', *, *, #5338, .F. ) ;
#4573 = ORIENTED_EDGE ( 'NONE', *, *, #9790, .T. ) ;
#4574 = DIRECTION ( 'NONE',  ( -1.000000000000000000, 0.0000000000000000000, 0.0000000000000000000 ) ) ;
#4575 = VECTOR ( 'NONE', #5573, 39.37007874015748100 ) ;
#4576 = EDGE_CURVE ( 'NONE', #7914, #3690, #8910, .T. ) ;
#4577 = VERTEX_POINT ( 'NONE', #2390 ) ;
#4579 = VERTEX_POINT ( 'NONE', #3300 ) ;
#4578 = AXIS2_PLACEMENT_3D ( 'NONE', #54, #6392, #971 ) ;
#4580 = CARTESIAN_POINT ( 'NONE',  ( 0.3401574803149611200, 0.01968503937007875700, -0.02598425196850394400 ) ) ;
#4581 = LINE ( 'NONE', #4606, #9106 ) ;
#4582 = ORIENTED_EDGE ( 'NONE', *, *, #10761, .F. ) ;
#4583 = ORIENTED_EDGE ( 'NONE', *, *, #6508, .F. ) ;
#4584 = CARTESIAN_POINT ( 'NONE',  ( 0.5795275591743965800, 0.2885954232650423400, -0.05787401574803151300 ) ) ;
#4585 = FACE_OUTER_BOUND ( 'NONE', #3798, .T. ) ;
#4586 = FACE_OUTER_BOUND ( 'NONE', #5125, .T. ) ;
#4587 = ORIENTED_EDGE ( 'NONE', *, *, #7413, .T. ) ;
#4588 = CIRCLE ( 'NONE', #2550, 0.03976377956692896800 ) ;
#4589 = VERTEX_POINT ( 'NONE', #7806 ) ;
#4590 = EDGE_CURVE ( 'NONE', #8263, #9304, #6215, .T. ) ;
#4592 = DIRECTION ( 'NONE',  ( 1.000000000000000000, 0.0000000000000000000, 0.0000000000000000000 ) ) ;
#4591 = LINE ( 'NONE', #3144, #1923 ) ;
#4593 = DIRECTION ( 'NONE',  ( -0.0000000000000000000, -0.0000000000000000000, 1.000000000000000000 ) ) ;
#4594 = DIRECTION ( 'NONE',  ( -0.04217878982152534900, 0.9991100788647823100, 0.0000000000000000000 ) ) ;
#4595 = AXIS2_PLACEMENT_3D ( 'NONE', #8765, #3366, #9664 ) ;
#4596 = EDGE_CURVE ( 'NONE', #8726, #11452, #10985, .T. ) ;
#4597 = AXIS2_PLACEMENT_3D ( 'NONE', #6887, #4162, #5951 ) ;
#4598 = LINE ( 'NONE', #6076, #2210 ) ;
#4599 = ORIENTED_EDGE ( 'NONE', *, *, #4919, .T. ) ;
#4600 = DIRECTION ( 'NONE',  ( -1.000000000000000000, 0.0000000000000000000, 0.0000000000000000000 ) ) ;
#4601 = CARTESIAN_POINT ( 'NONE',  ( 0.1196850393700793400, 0.01968503937007875700, -0.04212598425196851400 ) ) ;
#4602 = VERTEX_POINT ( 'NONE', #2424 ) ;
#4603 = DIRECTION ( 'NONE',  ( 0.04217878999398427100, 0.9991100788575016900, 0.0000000000000000000 ) ) ;
#4604 = VECTOR ( 'NONE', #1596, 39.37007874015748100 ) ;
#4605 = CARTESIAN_POINT ( 'NONE',  ( 0.6401574803112103400, 0.2890203332169820600, -0.05787401574803151300 ) ) ;
#4606 = CARTESIAN_POINT ( 'NONE',  ( 0.2196850393704075900, 0.01968503937007875700, -0.02598425196850394400 ) ) ;
#4607 = FACE_OUTER_BOUND ( 'NONE', #7560, .T. ) ;
#4608 = VERTEX_POINT ( 'NONE', #7848 ) ;
#4609 = EDGE_CURVE ( 'NONE', #5508, #9506, #5920, .T. ) ;
#4610 = ORIENTED_EDGE ( 'NONE', *, *, #9597, .F. ) ;
#4611 = ADVANCED_FACE ( 'NONE', ( #3822 ), #3346, .F. ) ;
#4612 = LINE ( 'NONE', #5335, #9427 ) ;
#4613 = CARTESIAN_POINT ( 'NONE',  ( 0.02796850405511822800, 0.3346456691338576800, -0.01850393712598425600 ) ) ;
#4614 = DIRECTION ( 'NONE',  ( 0.0000000000000000000, 0.0000000000000000000, 1.000000000000000000 ) ) ;
#4615 = DIRECTION ( 'NONE',  ( 0.0000000000000000000, 0.0000000000000000000, 1.000000000000000000 ) ) ;
#4616 = FACE_OUTER_BOUND ( 'NONE', #7681, .T. ) ;
#4617 = PLANE ( 'NONE',  #7017 ) ;
#4618 = VERTEX_POINT ( 'NONE', #4241 ) ;
#4619 = APPROVAL_DATE_TIME ( #7041, #4678 ) ;
#4620 = VECTOR ( 'NONE', #8268, 39.37007874015748100 ) ;
#4621 = EDGE_LOOP ( 'NONE', ( #6959, #1295, #8796, #4623 ) ) ;
#4622 = EDGE_CURVE ( 'NONE', #3813, #3205, #10718, .T. ) ;
#4623 = ORIENTED_EDGE ( 'NONE', *, *, #6485, .T. ) ;
#4624 = CARTESIAN_POINT ( 'NONE',  ( 0.1196850393700793400, 0.1027140031889747100, -0.05787401574803152000 ) ) ;
#4625 = CARTESIAN_POINT ( 'NONE',  ( 0.6913385826771658600, 0.3346456692913383200, -0.08149606299212601400 ) ) ;
#4626 = CARTESIAN_POINT ( 'NONE',  ( 5.463695987328526400E-016, 0.01968503937007875700, -0.04212598425196851400 ) ) ;
#4627 = VERTEX_POINT ( 'NONE', #1547 ) ;
#4628 = CARTESIAN_POINT ( 'NONE',  ( 0.04822834643394189500, 0.2287793731972109200, -0.05787401574803151300 ) ) ;
#4630 = CARTESIAN_POINT ( 'NONE',  ( 0.5111870956299217100, 0.2432397985433058200, -0.05787401574803151300 ) ) ;
#4629 = LINE ( 'NONE', #7262, #2245 ) ;
#4631 = LINE ( 'NONE', #3958, #8878 ) ;
#4632 = PLANE ( 'NONE',  #5724 ) ;
#4633 = DIRECTION ( 'NONE',  ( 0.0000000000000000000, -0.0000000000000000000, 1.000000000000000000 ) ) ;
#4634 = ORIENTED_EDGE ( 'NONE', *, *, #4314, .F. ) ;
#4635 = ORIENTED_EDGE ( 'NONE', *, *, #3336, .F. ) ;
#4636 = PLANE ( 'NONE',  #6191 ) ;
#4637 = EDGE_CURVE ( 'NONE', #153, #4608, #4107, .T. ) ;
#4638 = LINE ( 'NONE', #10108, #2259 ) ;
#4639 = AXIS2_PLACEMENT_3D ( 'NONE', #64, #7333, #1927 ) ;
#4640 = CARTESIAN_POINT ( 'NONE',  ( 0.01968503937007930500, 0.01968503937007875700, -0.05787401574803152000 ) ) ;
#4641 = VECTOR ( 'NONE', #11406, 39.37007874015748100 ) ;
#4642 = CARTESIAN_POINT ( 'NONE',  ( 0.6401574803149611100, 0.3149606299212595600, -0.07165354330708663400 ) ) ;
#4643 = EDGE_LOOP ( 'NONE', ( #2076, #2473, #2701, #10292 ) ) ;
#4644 = CARTESIAN_POINT ( 'NONE',  ( 0.2568533023228350400, 0.2494168253937005800, -0.05787401574803151300 ) ) ;
#4645 = ORIENTED_EDGE ( 'NONE', *, *, #2363, .F. ) ;
#4646 = CARTESIAN_POINT ( 'NONE',  ( 0.4279527559055122900, 0.05244063622047148700, -0.04212598425196851400 ) ) ;
#4647 = PLANE ( 'NONE',  #7377 ) ;
#4648 = VECTOR ( 'NONE', #1306, 39.37007874015748100 ) ;
#4649 = DIRECTION ( 'NONE',  ( -1.000000000000000000, 0.0000000000000000000, 0.0000000000000000000 ) ) ;
#4650 = LINE ( 'NONE', #2839, #9185 ) ;
#4651 = VERTEX_POINT ( 'NONE', #10577 ) ;
#4652 = CARTESIAN_POINT ( 'NONE',  ( 0.5200787401569997300, 0.1053386751185869200, -0.05787401574803151300 ) ) ;
#4653 = EDGE_CURVE ( 'NONE', #1105, #9901, #3271, .T. ) ;
#4654 = ORIENTED_EDGE ( 'NONE', *, *, #1072, .T. ) ;
#4655 = DIRECTION ( 'NONE',  ( -1.000000000000000000, 0.0000000000000000000, 0.0000000000000000000 ) ) ;
#4656 = EDGE_CURVE ( 'NONE', #3293, #9931, #5627, .T. ) ;
#4657 = AXIS2_PLACEMENT_3D ( 'NONE', #4483, #7216, #1815 ) ;
#4658 = ORIENTED_EDGE ( 'NONE', *, *, #2729, .T. ) ;
#4659 = LINE ( 'NONE', #4977, #7084 ) ;
#4660 = CARTESIAN_POINT ( 'NONE',  ( 0.4401574803149611600, 0.3149606299212595600, -0.04212598425196851400 ) ) ;
#4661 = LINE ( 'NONE', #8576, #116 ) ;
#4662 = CARTESIAN_POINT ( 'NONE',  ( 0.6242125984220002800, 0.1473225259860537800, -0.04212598425196851400 ) ) ;
#4663 = EDGE_LOOP ( 'NONE', ( #103, #2836, #3123, #5480 ) ) ;
#4664 = ADVANCED_FACE ( 'NONE', ( #10178, #7794, #8085, #5354, #2987, #545, #9899, #7509 ), #5167, .F. ) ;
#4665 = CARTESIAN_POINT ( 'NONE',  ( 0.3279527559055122600, 0.05244063622047148700, -0.04212598425196851400 ) ) ;
#4666 = ORIENTED_EDGE ( 'NONE', *, *, #3688, .F. ) ;
#4667 = DIRECTION ( 'NONE',  ( 1.000000000000000000, 0.0000000000000000000, 0.0000000000000000000 ) ) ;
#4668 = DIRECTION ( 'NONE',  ( -0.0000000000000000000, -1.000000000000000000, 0.0000000000000000000 ) ) ;
#4669 = EDGE_CURVE ( 'NONE', #9356, #5294, #244, .T. ) ;
#4670 = FACE_BOUND ( 'NONE', #3423, .T. ) ;
#4671 = ORIENTED_EDGE ( 'NONE', *, *, #11645, .T. ) ;
#4672 = CARTESIAN_POINT ( 'NONE',  ( 0.5895669291376264300, 0.2965351244314692900, -0.05787401574803151300 ) ) ;
#4673 = LINE ( 'NONE', #9521, #9204 ) ;
#4674 = PLANE ( 'NONE',  #6505 ) ;
#4675 = EDGE_CURVE ( 'NONE', #9436, #944, #2705, .T. ) ;
#4676 = VERTEX_POINT ( 'NONE', #10612 ) ;
#4677 = ORIENTED_EDGE ( 'NONE', *, *, #10252, .T. ) ;
#4678 = APPROVAL ( #9340, 'UNSPECIFIED' ) ;
#4679 = DIRECTION ( 'NONE',  ( 1.000000000000000000, 0.0000000000000000000, 0.0000000000000000000 ) ) ;
#4680 = PLANE ( 'NONE',  #233 ) ;
#4681 = DIRECTION ( 'NONE',  ( 0.04217878999398427100, 0.9991100788575016900, 0.0000000000000000000 ) ) ;
#4682 = CARTESIAN_POINT ( 'NONE',  ( 0.2482283464339419500, 0.2287793731972109500, -0.05787401574803151300 ) ) ;
#4683 = ORIENTED_EDGE ( 'NONE', *, *, #1625, .T. ) ;
#4684 = CARTESIAN_POINT ( 'NONE',  ( 0.3431102362598428800, 0.3149606299212595600, -0.06673228346456693000 ) ) ;
#4685 = VECTOR ( 'NONE', #9152, 39.37007874015748100 ) ;
#4686 = ORIENTED_EDGE ( 'NONE', *, *, #4747, .F. ) ;
#4687 = VECTOR ( 'NONE', #9761, 39.37007874015748100 ) ;
#4688 = ORIENTED_EDGE ( 'NONE', *, *, #3368, .F. ) ;
#4689 = ORIENTED_EDGE ( 'NONE', *, *, #10478, .F. ) ;
#4690 = ORIENTED_EDGE ( 'NONE', *, *, #10742, .F. ) ;
#4691 = DIRECTION ( 'NONE',  ( 0.0000000000000000000, 1.000000000000000000, 0.0000000000000000000 ) ) ;
#4692 = CARTESIAN_POINT ( 'NONE',  ( 0.5000000000000004400, 0.06031465196850320500, -0.04212598425196852800 ) ) ;
#4693 = ORIENTED_EDGE ( 'NONE', *, *, #6743, .F. ) ;
#4694 = EDGE_CURVE ( 'NONE', #891, #3972, #7218, .T. ) ;
#4696 = VECTOR ( 'NONE', #6518, 39.37007874015748100 ) ;
#4695 = PLANE ( 'NONE',  #9431 ) ;
#4697 = VECTOR ( 'NONE', #7564, 39.37007874015748100 ) ;
#4698 = ORIENTED_EDGE ( 'NONE', *, *, #11505, .F. ) ;
#4699 = DIRECTION ( 'NONE',  ( 1.000000000000000000, 0.0000000000000000000, -0.0000000000000000000 ) ) ;
#4700 = VECTOR ( 'NONE', #4594, 39.37007874015748900 ) ;
#4701 = ORIENTED_EDGE ( 'NONE', *, *, #836, .F. ) ;
#4702 = VERTEX_POINT ( 'NONE', #8861 ) ;
#4703 = DIRECTION ( 'NONE',  ( 0.0000000000000000000, -1.000000000000000000, 0.0000000000000000000 ) ) ;
#4704 = DIRECTION ( 'NONE',  ( 0.0000000000000000000, 0.0000000000000000000, -1.000000000000000000 ) ) ;
#4705 = CARTESIAN_POINT ( 'NONE',  ( 0.09586614177830975200, 0.1473225259845757100, -0.04212598425196851400 ) ) ;
#4706 = CARTESIAN_POINT ( 'NONE',  ( 0.7196850393700799900, 0.0000000000000000000, -0.02125984251968503900 ) ) ;
#4707 = LINE ( 'NONE', #476, #6839 ) ;
#4708 = ORIENTED_EDGE ( 'NONE', *, *, #11578, .T. ) ;
#4709 = VERTEX_POINT ( 'NONE', #6117 ) ;
#4710 = PLANE ( 'NONE',  #9520 ) ;
#4711 = EDGE_CURVE ( 'NONE', #4053, #8241, #2415, .T. ) ;
#4712 = EDGE_CURVE ( 'NONE', #6647, #298, #6936, .T. ) ;
#4713 = LINE ( 'NONE', #10314, #4159 ) ;
#4714 = ORIENTED_EDGE ( 'NONE', *, *, #10007, .T. ) ;
#4715 = VERTEX_POINT ( 'NONE', #746 ) ;
#4716 = AXIS2_PLACEMENT_3D ( 'NONE', #5037, #11315, #5939 ) ;
#4717 = PLANE ( 'NONE',  #6960 ) ;
#4718 = DIRECTION ( 'NONE',  ( 0.0000000000000000000, -0.0000000000000000000, 1.000000000000000000 ) ) ;
#4719 = VECTOR ( 'NONE', #456, 39.37007874015748900 ) ;
#4720 = CARTESIAN_POINT ( 'NONE',  ( 0.2795275590551185000, 0.01968503937007875700, -0.02834645669291339200 ) ) ;
#4721 = CARTESIAN_POINT ( 'NONE',  ( -0.4999999999999996100, 0.0000000000000000000, 2.667820306312757000E-019 ) ) ;
#4722 = VERTEX_POINT ( 'NONE', #6161 ) ;
#4723 = EDGE_CURVE ( 'NONE', #5361, #9998, #6641, .T. ) ;
#4724 = CYLINDRICAL_SURFACE ( 'NONE', #10396, 0.007874015748031449100 ) ;
#4725 = ORIENTED_EDGE ( 'NONE', *, *, #4314, .T. ) ;
#4726 = ORIENTED_EDGE ( 'NONE', *, *, #1369, .F. ) ;
#4727 = CARTESIAN_POINT ( 'NONE',  ( 0.2242125984251973600, 0.1473225259842513800, -0.05787401574803151300 ) ) ;
#4728 = LINE ( 'NONE', #4279, #10100 ) ;
#4729 = ADVANCED_FACE ( 'NONE', ( #9046 ), #8892, .F. ) ;
#4730 = DIRECTION ( 'NONE',  ( -0.0000000000000000000, 1.000000000000000000, 0.0000000000000000000 ) ) ;
#4731 = EDGE_CURVE ( 'NONE', #9633, #2922, #2133, .T. ) ;
#4732 = FACE_OUTER_BOUND ( 'NONE', #11139, .T. ) ;
#4733 = AXIS2_PLACEMENT_3D ( 'NONE', #9835, #10744, #5347 ) ;
#4734 = DIRECTION ( 'NONE',  ( 1.000000000000000000, 0.0000000000000000000, 0.0000000000000000000 ) ) ;
#4735 = DIRECTION ( 'NONE',  ( 1.000000000000000000, 0.0000000000000000000, 0.0000000000000000000 ) ) ;
#4737 = DIRECTION ( 'NONE',  ( 0.0000000000000000000, 0.0000000000000000000, 1.000000000000000000 ) ) ;
#4736 = AXIS2_PLACEMENT_3D ( 'NONE', #1577, #6062, #7915 ) ;
#4738 = VERTEX_POINT ( 'NONE', #10683 ) ;
#4739 = ORIENTED_EDGE ( 'NONE', *, *, #7679, .T. ) ;
#4740 = ORIENTED_EDGE ( 'NONE', *, *, #8115, .F. ) ;
#4741 = DIRECTION ( 'NONE',  ( -0.0000000000000000000, -0.0000000000000000000, 1.000000000000000000 ) ) ;
#4742 = CIRCLE ( 'NONE', #566, 0.08668467618110251000 ) ;
#4743 = ADVANCED_FACE ( 'NONE', ( #11115 ), #7127, .T. ) ;
#4744 = LINE ( 'NONE', #5091, #9842 ) ;
#4745 = CARTESIAN_POINT ( 'NONE',  ( 0.6200787401574809900, 0.1053386751217956200, -0.05787401574803152000 ) ) ;
#4746 = VERTEX_POINT ( 'NONE', #782 ) ;
#4747 = EDGE_CURVE ( 'NONE', #6538, #6647, #1847, .T. ) ;
#4748 = DIRECTION ( 'NONE',  ( -0.0000000000000000000, -1.000000000000000000, -0.0000000000000000000 ) ) ;
#4749 = ORIENTED_EDGE ( 'NONE', *, *, #6022, .F. ) ;
#4750 = DIRECTION ( 'NONE',  ( 0.0000000000000000000, 0.0000000000000000000, 1.000000000000000000 ) ) ;
#4751 = AXIS2_PLACEMENT_3D ( 'NONE', #4223, #11385, #3322 ) ;
#4752 = DIRECTION ( 'NONE',  ( -1.000000000000000000, -0.0000000000000000000, 0.0000000000000000000 ) ) ;
#4753 = LINE ( 'NONE', #6526, #11345 ) ;
#4754 = EDGE_CURVE ( 'NONE', #3938, #3912, #8768, .T. ) ;
#4755 = AXIS2_PLACEMENT_3D ( 'NONE', #5862, #3218, #2296 ) ;
#4756 = FACE_OUTER_BOUND ( 'NONE', #7092, .T. ) ;
#4757 = CARTESIAN_POINT ( 'NONE',  ( 0.1401574803149614700, 0.3149606299212595600, -0.04212598425196851400 ) ) ;
#4758 = ORIENTED_EDGE ( 'NONE', *, *, #203, .F. ) ;
#4759 = APPLICATION_PROTOCOL_DEFINITION ( 'international standard', 'config_control_design', 1994, #10172 ) ;
#4760 = PLANE ( 'NONE',  #5292 ) ;
#4761 = CIRCLE ( 'NONE', #4888, 0.03976377952755907200 ) ;
#4762 = DIRECTION ( 'NONE',  ( 1.000000000000000000, 0.0000000000000000000, 0.0000000000000000000 ) ) ;
#4763 = CARTESIAN_POINT ( 'NONE',  ( 0.3895669291405922100, 0.2965351244331184700, -0.04212598425196852800 ) ) ;
#4764 = AXIS2_PLACEMENT_3D ( 'NONE', #8192, #8060, #7980 ) ;
#4765 = EDGE_LOOP ( 'NONE', ( #5772, #9277, #10447, #7105 ) ) ;
#4766 = LINE ( 'NONE', #4868, #8733 ) ;
#4767 = PLANE ( 'NONE',  #11124 ) ;
#4768 = EDGE_CURVE ( 'NONE', #10470, #9718, #6353, .T. ) ;
#4769 = ORIENTED_EDGE ( 'NONE', *, *, #4465, .T. ) ;
#4770 = CARTESIAN_POINT ( 'NONE',  ( 0.6000000000000004200, 0.3149606299212595600, -0.05787401574803152000 ) ) ;
#4771 = PERSON_AND_ORGANIZATION ( #4812, #2956 ) ;
#4772 = FACE_OUTER_BOUND ( 'NONE', #8472, .T. ) ;
#4773 = DIRECTION ( 'NONE',  ( -0.0000000000000000000, -0.0000000000000000000, -1.000000000000000000 ) ) ;
#4774 = EDGE_LOOP ( 'NONE', ( #192, #5136, #5621, #3951, #2214, #10848, #4118, #11557 ) ) ;
#4775 = VERTEX_POINT ( 'NONE', #6476 ) ;
#4776 = ORIENTED_EDGE ( 'NONE', *, *, #8244, .T. ) ;
#4777 = DIRECTION ( 'NONE',  ( 0.0000000000000000000, -0.6000000000000002000, -0.7999999999999998200 ) ) ;
#4778 = VECTOR ( 'NONE', #3324, 39.37007874015748100 ) ;
#4779 = LINE ( 'NONE', #9052, #11649 ) ;
#4780 = EDGE_CURVE ( 'NONE', #10643, #10181, #10845, .T. ) ;
#4781 = DIRECTION ( 'NONE',  ( -1.000000000000000000, 0.0000000000000000000, 0.0000000000000000000 ) ) ;
#4782 = ORIENTED_EDGE ( 'NONE', *, *, #5187, .T. ) ;
#4783 = CARTESIAN_POINT ( 'NONE',  ( 0.1748031496145441300, 0.04456662047243921400, -0.04212598425196852800 ) ) ;
#4784 = ADVANCED_FACE ( 'NONE', ( #6058, #1554 ), #7412, .T. ) ;
#4785 = CARTESIAN_POINT ( 'NONE',  ( 0.6200787401574809900, 0.01968503937007875700, -0.05787401574803152000 ) ) ;
#4786 = CARTESIAN_POINT ( 'NONE',  ( 0.3242125984224024600, 0.1473225259857622000, -0.04212598425196851400 ) ) ;
#4787 = ORIENTED_EDGE ( 'NONE', *, *, #9896, .T. ) ;
#4788 = DIRECTION ( 'NONE',  ( 0.0000000000000000000, -1.000000000000000000, -0.0000000000000000000 ) ) ;
#4789 = VECTOR ( 'NONE', #3526, 39.37007874015748900 ) ;
#4790 = DIRECTION ( 'NONE',  ( -0.0000000000000000000, -0.0000000000000000000, 1.000000000000000000 ) ) ;
#4791 = DIRECTION ( 'NONE',  ( 1.000000000000000000, 0.0000000000000000000, 0.0000000000000000000 ) ) ;
#4792 = LINE ( 'NONE', #6694, #11658 ) ;
#4793 = EDGE_LOOP ( 'NONE', ( #4298, #5126, #4132, #6909 ) ) ;
#4794 = APPROVAL_ROLE ( '' ) ;
#4795 = DIRECTION ( 'NONE',  ( 0.0000000000000000000, 0.0000000000000000000, -1.000000000000000000 ) ) ;
#4796 = EDGE_CURVE ( 'NONE', #5146, #8005, #10584, .T. ) ;
#4797 = DIRECTION ( 'NONE',  ( 0.2950730660855439000, 0.9554746912769988000, 0.0000000000000000000 ) ) ;
#4798 = ADVANCED_FACE ( 'NONE', ( #3401 ), #10302, .T. ) ;
#4799 = CARTESIAN_POINT ( 'NONE',  ( 0.3509842519782490600, -0.1259842519674359600, -0.05787401574803150600 ) ) ;
#4800 = AXIS2_PLACEMENT_3D ( 'NONE', #11296, #10461, #5054 ) ;
#4801 = ORIENTED_EDGE ( 'NONE', *, *, #9308, .T. ) ;
#4802 = VECTOR ( 'NONE', #5204, 39.37007874015748100 ) ;
#4803 = LINE ( 'NONE', #6991, #9900 ) ;
#4804 = ORIENTED_EDGE ( 'NONE', *, *, #5859, .T. ) ;
#4805 = DIRECTION ( 'NONE',  ( -1.000000000000000000, -0.0000000000000000000, -0.0000000000000000000 ) ) ;
#4806 = ORIENTED_EDGE ( 'NONE', *, *, #1663, .T. ) ;
#4807 = PLANE ( 'NONE',  #9222 ) ;
#4808 = CARTESIAN_POINT ( 'NONE',  ( 0.4200787401574809800, -0.1574803149606300600, -0.04212598425196851400 ) ) ;
#4809 = LINE ( 'NONE', #3808, #2144 ) ;
#4810 = DIRECTION ( 'NONE',  ( 0.0000000000000000000, -0.0000000000000000000, -1.000000000000000000 ) ) ;
#4811 = EDGE_CURVE ( 'NONE', #627, #3608, #1261, .T. ) ;
#4812 = PERSON ( 'UNSPECIFIED', 'UNSPECIFIED', 'UNSPECIFIED', ('UNSPECIFIED'), ('UNSPECIFIED'), ('UNSPECIFIED') ) ;
#4813 = LINE ( 'NONE', #1040, #6653 ) ;
#4814 = ORIENTED_EDGE ( 'NONE', *, *, #7360, .F. ) ;
#4815 = ORIENTED_EDGE ( 'NONE', *, *, #777, .F. ) ;
#4816 = AXIS2_PLACEMENT_3D ( 'NONE', #2023, #8348, #2941 ) ;
#4817 = PLANE ( 'NONE',  #8021 ) ;
#4818 = EDGE_CURVE ( 'NONE', #7123, #11583, #8214, .T. ) ;
#4819 = AXIS2_PLACEMENT_3D ( 'NONE', #8356, #2950, #9260 ) ;
#4820 = CARTESIAN_POINT ( 'NONE',  ( 0.09133858266996292000, 0.3346456692917117400, -0.08149606299240602600 ) ) ;
#4821 = DIRECTION ( 'NONE',  ( 0.0000000000000000000, 1.000000000000000000, 0.0000000000000000000 ) ) ;
#4822 = FACE_OUTER_BOUND ( 'NONE', #3110, .T. ) ;
#4823 = ORIENTED_EDGE ( 'NONE', *, *, #1253, .F. ) ;
#4824 = CARTESIAN_POINT ( 'NONE',  ( 0.4111870956299216200, 0.2617829512992116400, -0.05787401574803151300 ) ) ;
#4825 = LINE ( 'NONE', #3796, #2431 ) ;
#4826 = EDGE_LOOP ( 'NONE', ( #4076, #3331, #9231, #4074 ) ) ;
#4827 = VERTEX_POINT ( 'NONE', #5628 ) ;
#4828 = ORIENTED_EDGE ( 'NONE', *, *, #3669, .F. ) ;
#4829 = DIRECTION ( 'NONE',  ( 0.0000000000000000000, 0.0000000000000000000, -1.000000000000000000 ) ) ;
#4830 = CARTESIAN_POINT ( 'NONE',  ( 0.3279527559055122600, 0.06031465196850320500, -0.05787401574803151300 ) ) ;
#4831 = EDGE_CURVE ( 'NONE', #9028, #5457, #692, .T. ) ;
#4832 = LINE ( 'NONE', #11332, #2162 ) ;
#4833 = PERSON_AND_ORGANIZATION_ROLE ( 'design_supplier' ) ;
#4834 = EDGE_CURVE ( 'NONE', #3957, #8022, #967, .T. ) ;
#4835 = VECTOR ( 'NONE', #8691, 39.37007874015748100 ) ;
#4836 = ORIENTED_EDGE ( 'NONE', *, *, #7235, .F. ) ;
#4837 = CARTESIAN_POINT ( 'NONE',  ( 0.5826771653543313400, 0.04456662047243921400, -0.04212598425196852800 ) ) ;
#4838 = VECTOR ( 'NONE', #8483, 39.37007874015748100 ) ;
#4839 = CARTESIAN_POINT ( 'NONE',  ( 0.5374015748031500900, 0.04456662047243921400, -0.04212598425196852800 ) ) ;
#4840 = VERTEX_POINT ( 'NONE', #4049 ) ;
#4841 = ORIENTED_EDGE ( 'NONE', *, *, #6712, .F. ) ;
#4842 = DIRECTION ( 'NONE',  ( 0.03123475300211145000, -0.9995120760675665400, 0.0000000000000000000 ) ) ;
#4843 = ORIENTED_EDGE ( 'NONE', *, *, #8101, .T. ) ;
#4844 = ADVANCED_FACE ( 'NONE', ( #5210 ), #9746, .F. ) ;
#4845 = VECTOR ( 'NONE', #3465, 39.37007874015748100 ) ;
#4846 = LINE ( 'NONE', #11594, #9379 ) ;
#4847 = ORIENTED_EDGE ( 'NONE', *, *, #4256, .F. ) ;
#4848 = AXIS2_PLACEMENT_3D ( 'NONE', #7177, #1767, #8096 ) ;
#4850 = CARTESIAN_POINT ( 'NONE',  ( 0.4718503937032900700, 0.2287793731482753200, -0.05787401574803151300 ) ) ;
#4849 = LINE ( 'NONE', #1561, #6986 ) ;
#4851 = VERTEX_POINT ( 'NONE', #5840 ) ;
#4852 = ORIENTED_EDGE ( 'NONE', *, *, #2954, .T. ) ;
#4853 = DIRECTION ( 'NONE',  ( -0.0000000000000000000, -0.0000000000000000000, 1.000000000000000000 ) ) ;
#4854 = EDGE_CURVE ( 'NONE', #11253, #3866, #2838, .T. ) ;
#4855 = LINE ( 'NONE', #8215, #2466 ) ;
#4856 = ADVANCED_FACE ( 'NONE', ( #7647 ), #6769, .F. ) ;
#4857 = ORIENTED_EDGE ( 'NONE', *, *, #10971, .T. ) ;
#4858 = ORIENTED_EDGE ( 'NONE', *, *, #5743, .F. ) ;
#4859 = VECTOR ( 'NONE', #7348, 39.37007874015748900 ) ;
#4860 = ORIENTED_EDGE ( 'NONE', *, *, #4637, .T. ) ;
#4861 = ORIENTED_EDGE ( 'NONE', *, *, #11657, .F. ) ;
#4863 = PLANE ( 'NONE',  #10272 ) ;
#4862 = CYLINDRICAL_SURFACE ( 'NONE', #1339, 0.03976377952755921100 ) ;
#4864 = CARTESIAN_POINT ( 'NONE',  ( 0.3452755905511815100, -0.1011811023622053900, -0.05787401574803151300 ) ) ;
#4865 = CARTESIAN_POINT ( 'NONE',  ( 0.4279685038976383500, 0.3149606299224489400, -0.03326771653946223500 ) ) ;
#4866 = DIRECTION ( 'NONE',  ( -0.9554746912769989100, -0.2950730660855439600, 0.0000000000000000000 ) ) ;
#4867 = VECTOR ( 'NONE', #410, 39.37007874015748100 ) ;
#4868 = CARTESIAN_POINT ( 'NONE',  ( 0.1958661417716761900, 0.1473225259859144700, -0.04212598425196851400 ) ) ;
#4869 = EDGE_CURVE ( 'NONE', #11350, #3515, #4932, .T. ) ;
#4870 = ORIENTED_EDGE ( 'NONE', *, *, #4071, .F. ) ;
#4871 = CARTESIAN_POINT ( 'NONE',  ( 0.2795275590551185000, 0.01968503937007875700, -0.04212598425196851400 ) ) ;
#4872 = DIRECTION ( 'NONE',  ( 0.0000000000000000000, 0.0000000000000000000, 1.000000000000000000 ) ) ;
#4873 = CIRCLE ( 'NONE', #1318, 0.007874015748031449100 ) ;
#4874 = ORIENTED_EDGE ( 'NONE', *, *, #11405, .T. ) ;
#4875 = CARTESIAN_POINT ( 'NONE',  ( 0.3088916445275594600, 0.2432397985433058200, -0.04212598425196851400 ) ) ;
#4876 = FACE_OUTER_BOUND ( 'NONE', #8032, .T. ) ;
#4877 = DIRECTION ( 'NONE',  ( 0.0000000000000000000, 0.0000000000000000000, 1.000000000000000000 ) ) ;
#4878 = VECTOR ( 'NONE', #6339, 39.37007874015748100 ) ;
#4879 = EDGE_CURVE ( 'NONE', #4746, #7719, #2553, .T. ) ;
#4880 = ORIENTED_EDGE ( 'NONE', *, *, #9017, .T. ) ;
#4881 = CARTESIAN_POINT ( 'NONE',  ( 0.4305118110727774200, 0.2965351244027641400, -0.04212598425196851400 ) ) ;
#4882 = ORIENTED_EDGE ( 'NONE', *, *, #3463, .T. ) ;
#4883 = EDGE_CURVE ( 'NONE', #5971, #3957, #105, .T. ) ;
#4884 = FACE_OUTER_BOUND ( 'NONE', #220, .T. ) ;
#4885 = AXIS2_PLACEMENT_3D ( 'NONE', #8904, #3503, #9818 ) ;
#4886 = CARTESIAN_POINT ( 'NONE',  ( 0.07952755909448872000, 0.05244063622047148700, -0.04212598425196851400 ) ) ;
#4887 = EDGE_CURVE ( 'NONE', #10511, #3762, #3125, .T. ) ;
#4888 = AXIS2_PLACEMENT_3D ( 'NONE', #4138, #10434, #5031 ) ;
#4889 = LINE ( 'NONE', #5116, #7307 ) ;
#4890 = VERTEX_POINT ( 'NONE', #8630 ) ;
#4891 = EDGE_LOOP ( 'NONE', ( #1457, #9083, #7315, #9964 ) ) ;
#4892 = CARTESIAN_POINT ( 'NONE',  ( 0.4765748031557124900, 0.3149606299193535300, -0.06673228346381079900 ) ) ;
#4893 = LINE ( 'NONE', #797, #926 ) ;
#4894 = VERTEX_POINT ( 'NONE', #4122 ) ;
#4895 = CIRCLE ( 'NONE', #1582, 0.007874015748031449100 ) ;
#4896 = EDGE_CURVE ( 'NONE', #7988, #9799, #4386, .T. ) ;
#4897 = CARTESIAN_POINT ( 'NONE',  ( 0.1718503937030363400, 0.2287793731563803900, -0.05787401574803151300 ) ) ;
#4898 = ADVANCED_FACE ( 'NONE', ( #6782 ), #10421, .F. ) ;
#4899 = PLANE ( 'NONE',  #5861 ) ;
#4900 = AXIS2_PLACEMENT_3D ( 'NONE', #9647, #4245, #10544 ) ;
#4901 = ORIENTED_EDGE ( 'NONE', *, *, #7273, .T. ) ;
#4902 = CARTESIAN_POINT ( 'NONE',  ( 0.5445558501181107000, 0.1112594900787393400, -0.05787401574803151300 ) ) ;
#4903 = EDGE_CURVE ( 'NONE', #9649, #754, #9182, .T. ) ;
#4904 = CC_DESIGN_DATE_AND_TIME_ASSIGNMENT ( #6903, #6581, ( #2501 ) ) ;
#4905 = APPROVAL_PERSON_ORGANIZATION ( #7325, #4678, #3939 ) ;
#4906 = LINE ( 'NONE', #8227, #76 ) ;
#4907 = ORIENTED_EDGE ( 'NONE', *, *, #10675, .F. ) ;
#4908 = ORIENTED_EDGE ( 'NONE', *, *, #7255, .F. ) ;
#4909 = EDGE_LOOP ( 'NONE', ( #1724, #4121, #11272, #2005 ) ) ;
#4910 = DIRECTION ( 'NONE',  ( 0.0000000000000000000, -0.0000000000000000000, 1.000000000000000000 ) ) ;
#4911 = CARTESIAN_POINT ( 'NONE',  ( 0.1755228900811402500, 0.1112594902469204200, -0.04212598425196852800 ) ) ;
#4912 = ADVANCED_FACE ( 'NONE', ( #8896 ), #9569, .F. ) ;
#4913 = PLANE ( 'NONE',  #6321 ) ;
#4914 = LINE ( 'NONE', #2882, #4079 ) ;
#4915 = CARTESIAN_POINT ( 'NONE',  ( 0.4200787401574807600, 0.06031465196850320500, -0.05787401574803151300 ) ) ;
#4916 = VECTOR ( 'NONE', #11095, 39.37007874015748100 ) ;
#4917 = CARTESIAN_POINT ( 'NONE',  ( 0.6452755905492690800, -0.1011811023340692300, -0.05787401574803150600 ) ) ;
#4918 = EDGE_LOOP ( 'NONE', ( #8250, #10615, #1147, #5567 ) ) ;
#4919 = EDGE_CURVE ( 'NONE', #4702, #2088, #4099, .T. ) ;
#4920 = PLANE ( 'NONE',  #11575 ) ;
#4921 = VERTEX_POINT ( 'NONE', #5958 ) ;
#4922 = CARTESIAN_POINT ( 'NONE',  ( 0.05779000448818905800, 0.2475998051574795600, -0.05787401574803151300 ) ) ;
#4923 = VECTOR ( 'NONE', #124, 39.37007874015748100 ) ;
#4924 = DIRECTION ( 'NONE',  ( -0.04217878995898857000, -0.9991100788589790700, 0.0000000000000000000 ) ) ;
#4925 = VECTOR ( 'NONE', #8746, 39.37007874015748100 ) ;
#4926 = VERTEX_POINT ( 'NONE', #542 ) ;
#4927 = CARTESIAN_POINT ( 'NONE',  ( 0.09212598425196885700, 0.06031465196850320500, -0.04212598425196852800 ) ) ;
#4928 = DIRECTION ( 'NONE',  ( -1.000000000000000000, -0.0000000000000000000, 0.0000000000000000000 ) ) ;
#4929 = ORIENTED_EDGE ( 'NONE', *, *, #4967, .F. ) ;
#4930 = EDGE_CURVE ( 'NONE', #11595, #9721, #10975, .T. ) ;
#4931 = EDGE_CURVE ( 'NONE', #10313, #7988, #6482, .T. ) ;
#4932 = LINE ( 'NONE', #10387, #392 ) ;
#4933 = AXIS2_PLACEMENT_3D ( 'NONE', #2821, #10022, #4614 ) ;
#4934 = DIRECTION ( 'NONE',  ( -0.0000000000000000000, -0.0000000000000000000, 1.000000000000000000 ) ) ;
#4935 = VECTOR ( 'NONE', #1886, 39.37007874015748100 ) ;
#4936 = CARTESIAN_POINT ( 'NONE',  ( 0.2088916445275591500, 0.2617829512992116400, -0.05787401574803151300 ) ) ;
#4937 = ORIENTED_EDGE ( 'NONE', *, *, #10076, .T. ) ;
#4938 = CARTESIAN_POINT ( 'NONE',  ( 0.4401574803149612100, 0.3149606299212595600, -0.07165354330708663400 ) ) ;
#4939 = DIRECTION ( 'NONE',  ( 0.0000000000000000000, 0.0000000000000000000, 1.000000000000000000 ) ) ;
#4940 = ORIENTED_EDGE ( 'NONE', *, *, #4461, .F. ) ;
#4941 = ORIENTED_EDGE ( 'NONE', *, *, #9601, .T. ) ;
#4942 = CARTESIAN_POINT ( 'NONE',  ( 0.5283464566928257600, 0.3346456692914559500, -0.08149606299221419400 ) ) ;
#4943 = FACE_OUTER_BOUND ( 'NONE', #10658, .T. ) ;
#4944 = LINE ( 'NONE', #10319, #7086 ) ;
#4945 = CLOSED_SHELL ( 'NONE', ( #2502, #1665, #4743, #10414, #7488, #4027, #10472, #8431, #758, #10057, #3845, #8761, #2014, #2852, #4377, #5651, #10797, #4443, #2080, #8248, #2973, #8081, #686, #4611, #7472, #10401, #195, #9176, #10681 ) ) ;
#4946 = EDGE_CURVE ( 'NONE', #8263, #8575, #1694, .T. ) ;
#4947 = EDGE_LOOP ( 'NONE', ( #598, #11170, #10914, #1020, #5010, #7999, #7877, #2813, #3595, #10800, #8716, #11343, #6881, #11616, #1059, #7525, #5972, #11581, #160, #454, #3456, #4858, #7729, #2651, #1352, #922, #7100 ) ) ;
#4948 = DIRECTION ( 'NONE',  ( -1.000000000000000000, 0.0000000000000000000, 0.0000000000000000000 ) ) ;
#4949 = PLANE ( 'NONE',  #7561 ) ;
#4950 = AXIS2_PLACEMENT_3D ( 'NONE', #10330, #11205, #5826 ) ;
#4951 = VECTOR ( 'NONE', #5216, 39.37007874015748900 ) ;
#4952 = ADVANCED_FACE ( 'NONE', ( #3810 ), #3531, .T. ) ;
#4953 = ORIENTED_EDGE ( 'NONE', *, *, #962, .T. ) ;
#4954 = DIRECTION ( 'NONE',  ( 0.2242946050387554200, 0.9745213851683853800, 0.0000000000000000000 ) ) ;
#4955 = LINE ( 'NONE', #10328, #2577 ) ;
#4956 = EDGE_LOOP ( 'NONE', ( #10879, #8398, #5708, #8131 ) ) ;
#4957 = ORIENTED_EDGE ( 'NONE', *, *, #7953, .F. ) ;
#4958 = DIRECTION ( 'NONE',  ( 0.0000000000000000000, 0.0000000000000000000, 1.000000000000000000 ) ) ;
#4959 = CARTESIAN_POINT ( 'NONE',  ( 0.4795275590551187400, 0.01968503937007875700, -0.04212598425196851400 ) ) ;
#4960 = PLANE ( 'NONE',  #2184 ) ;
#4961 = CARTESIAN_POINT ( 'NONE',  ( 0.1600393700787406700, 0.1141337039370070900, -0.04212598425196852800 ) ) ;
#4962 = EDGE_CURVE ( 'NONE', #3608, #2033, #8347, .T. ) ;
#4963 = VECTOR ( 'NONE', #1901, 39.37007874015748100 ) ;
#4964 = ORIENTED_EDGE ( 'NONE', *, *, #2471, .F. ) ;
#4965 = DIRECTION ( 'NONE',  ( 0.2242946047231138800, -0.9745213852410330400, 0.0000000000000000000 ) ) ;
#4966 = CYLINDRICAL_SURFACE ( 'NONE', #1399, 0.03976377952755907200 ) ;
#4967 = EDGE_CURVE ( 'NONE', #10229, #357, #10706, .T. ) ;
#4968 = EDGE_LOOP ( 'NONE', ( #8008, #3472, #5844, #6135 ) ) ;
#4969 = ORIENTED_EDGE ( 'NONE', *, *, #96, .F. ) ;
#4970 = ORIENTED_EDGE ( 'NONE', *, *, #6527, .F. ) ;
#4971 = ADVANCED_FACE ( 'NONE', ( #1101 ), #8743, .F. ) ;
#4972 = ORIENTED_EDGE ( 'NONE', *, *, #10020, .F. ) ;
#4973 = PLANE ( 'NONE',  #1573 ) ;
#4974 = CARTESIAN_POINT ( 'NONE',  ( 0.4401574803149611600, 0.3149606299212595600, -0.05787401574803152000 ) ) ;
#4975 = CARTESIAN_POINT ( 'NONE',  ( 0.2826771653543312400, 0.04456662047243921400, -0.05787401574803151300 ) ) ;
#4976 = VECTOR ( 'NONE', #7371, 39.37007874015748900 ) ;
#4977 = CARTESIAN_POINT ( 'NONE',  ( 0.02834645669273750500, 0.3346456692915734700, -0.01850393700769740700 ) ) ;
#4978 = FACE_OUTER_BOUND ( 'NONE', #10486, .T. ) ;
#4979 = DIRECTION ( 'NONE',  ( -0.0000000000000000000, 0.0000000000000000000, -1.000000000000000000 ) ) ;
#4980 = ORIENTED_EDGE ( 'NONE', *, *, #4529, .T. ) ;
#4981 = FACE_OUTER_BOUND ( 'NONE', #2068, .T. ) ;
#4982 = ORIENTED_EDGE ( 'NONE', *, *, #9561, .T. ) ;
#4983 = CLOSED_SHELL ( 'NONE', ( #2423, #5777, #136, #9372, #2196, #4275, #6682, #4216, #3968, #9531, #10182, #11325, #863, #4083, #4844, #3215, #1225, #4258, #11041, #11250, #2252, #5027, #9237, #1240, #6626, #2559, #5243, #9603, #5371 ) ) ;
#4984 = CARTESIAN_POINT ( 'NONE',  ( 0.5088916445275595300, 0.2432397985433058200, -0.04212598425196851400 ) ) ;
#4985 = AXIS2_PLACEMENT_3D ( 'NONE', #3081, #8767, #9853 ) ;
#4986 = EDGE_CURVE ( 'NONE', #372, #10049, #5909, .T. ) ;
#4987 = LINE ( 'NONE', #5850, #7129 ) ;
#4988 = VERTEX_POINT ( 'NONE', #3379 ) ;
#4989 = VERTEX_POINT ( 'NONE', #3348 ) ;
#4990 = PLANE ( 'NONE',  #623 ) ;
#4991 = FACE_OUTER_BOUND ( 'NONE', #8693, .T. ) ;
#4992 = ORIENTED_EDGE ( 'NONE', *, *, #7644, .T. ) ;
#4993 = VERTEX_POINT ( 'NONE', #10580 ) ;
#4994 = PLANE ( 'NONE',  #2347 ) ;
#4995 = VECTOR ( 'NONE', #5642, 39.37007874015748100 ) ;
#4996 = CARTESIAN_POINT ( 'NONE',  ( 0.1242125984224024400, 0.1473225259857622300, -0.04212598425196851400 ) ) ;
#4997 = DIRECTION ( 'NONE',  ( 0.9554746912769989100, -0.2950730660855439600, 0.0000000000000000000 ) ) ;
#4998 = DIRECTION ( 'NONE',  ( 0.0000000000000000000, -0.0000000000000000000, -1.000000000000000000 ) ) ;
#4999 = EDGE_LOOP ( 'NONE', ( #367, #5189, #7624, #5459 ) ) ;
#5000 = ORIENTED_EDGE ( 'NONE', *, *, #2792, .T. ) ;
#5001 = EDGE_CURVE ( 'NONE', #6362, #9370, #5616, .T. ) ;
#5002 = FACE_OUTER_BOUND ( 'NONE', #2454, .T. ) ;
#5003 = ORIENTED_EDGE ( 'NONE', *, *, #3459, .T. ) ;
#5004 = ORIENTED_EDGE ( 'NONE', *, *, #8410, .F. ) ;
#5005 = DIRECTION ( 'NONE',  ( 0.0000000000000000000, -1.000000000000000000, 0.0000000000000000000 ) ) ;
#5006 = LINE ( 'NONE', #6968, #9543 ) ;
#5007 = DIRECTION ( 'NONE',  ( -1.000000000000000000, 0.0000000000000000000, 0.0000000000000000000 ) ) ;
#5008 = DIRECTION ( 'NONE',  ( 0.0000000000000000000, 0.0000000000000000000, -1.000000000000000000 ) ) ;
#5009 = LINE ( 'NONE', #9814, #2637 ) ;
#5010 = ORIENTED_EDGE ( 'NONE', *, *, #8366, .F. ) ;
#5011 = VERTEX_POINT ( 'NONE', #9684 ) ;
#5012 = DIRECTION ( 'NONE',  ( 0.04217878999398427100, -0.9991100788575016900, 0.0000000000000000000 ) ) ;
#5013 = ORIENTED_EDGE ( 'NONE', *, *, #7183, .F. ) ;
#5014 = ADVANCED_FACE ( 'NONE', ( #8077 ), #5346, .T. ) ;
#5015 = LINE ( 'NONE', #9967, #486 ) ;
#5016 = DIRECTION ( 'NONE',  ( 0.0000000000000000000, 0.0000000000000000000, 1.000000000000000000 ) ) ;
#5017 = EDGE_CURVE ( 'NONE', #560, #9721, #3259, .T. ) ;
#5018 = VECTOR ( 'NONE', #6449, 39.37007874015748100 ) ;
#5019 = AXIS2_PLACEMENT_3D ( 'NONE', #2356, #3232, #10456 ) ;
#5020 = PLANE ( 'NONE',  #3113 ) ;
#5021 = DIRECTION ( 'NONE',  ( 0.0000000000000000000, 0.0000000000000000000, -1.000000000000000000 ) ) ;
#5022 = ORIENTED_EDGE ( 'NONE', *, *, #11188, .F. ) ;
#5023 = VERTEX_POINT ( 'NONE', #11478 ) ;
#5024 = CARTESIAN_POINT ( 'NONE',  ( 0.4445558501166963500, 0.1112594900334815300, -0.05787401574803151300 ) ) ;
#5025 = LINE ( 'NONE', #10126, #2365 ) ;
#5026 = DIRECTION ( 'NONE',  ( 0.2950730660855439000, -0.9554746912769988000, 0.0000000000000000000 ) ) ;
#5027 = ADVANCED_FACE ( 'NONE', ( #2978 ), #6118, .T. ) ;
#5028 = DIRECTION ( 'NONE',  ( 0.2242946050387554200, 0.9745213851683853800, 0.0000000000000000000 ) ) ;
#5029 = DIRECTION ( 'NONE',  ( 0.0000000000000000000, 0.0000000000000000000, 1.000000000000000000 ) ) ;
#5030 = VECTOR ( 'NONE', #8092, 39.37007874015748100 ) ;
#5031 = DIRECTION ( 'NONE',  ( -1.000000000000000000, 1.803425395817472200E-014, 0.0000000000000000000 ) ) ;
#5032 = ORIENTED_EDGE ( 'NONE', *, *, #11444, .F. ) ;
#5033 = EDGE_CURVE ( 'NONE', #1496, #7722, #7782, .T. ) ;
#5034 = DIRECTION ( 'NONE',  ( 1.000000000000000000, 0.0000000000000000000, 0.0000000000000000000 ) ) ;
#5035 = DIRECTION ( 'NONE',  ( 1.000000000000000000, 0.0000000000000000000, -0.0000000000000000000 ) ) ;
#5036 = CYLINDRICAL_SURFACE ( 'NONE', #3689, 0.03976377952755907200 ) ;
#5037 = CARTESIAN_POINT ( 'NONE',  ( 0.1111870956299216600, 0.2617829512992116400, -0.05787401574803151300 ) ) ;
#5038 = EDGE_CURVE ( 'NONE', #4738, #3616, #9885, .T. ) ;
#5040 = DIRECTION ( 'NONE',  ( -1.000000000000000000, 0.0000000000000000000, 0.0000000000000000000 ) ) ;
#5039 = AXIS2_PLACEMENT_3D ( 'NONE', #8749, #591, #5093 ) ;
#5041 = VERTEX_POINT ( 'NONE', #3416 ) ;
#5042 = CARTESIAN_POINT ( 'NONE',  ( 0.2200787401574807700, 0.06031465196850320500, -0.04212598425196851400 ) ) ;
#5043 = VECTOR ( 'NONE', #1484, 39.37007874015748100 ) ;
#5044 = ORIENTED_EDGE ( 'NONE', *, *, #10890, .T. ) ;
#5045 = COORDINATED_UNIVERSAL_TIME_OFFSET ( 8, 0, .BEHIND. ) ;
#5046 = VECTOR ( 'NONE', #7879, 39.37007874015748100 ) ;
#5047 = EDGE_CURVE ( 'NONE', #5710, #10893, #537, .T. ) ;
#5048 = ORIENTED_EDGE ( 'NONE', *, *, #9354, .T. ) ;
#5049 = DIRECTION ( 'NONE',  ( 0.0000000000000000000, 0.0000000000000000000, 1.000000000000000000 ) ) ;
#5050 = CARTESIAN_POINT ( 'NONE',  ( 0.2913385826693799000, 0.3346456692917205200, -0.08149606299220024700 ) ) ;
#5051 = CARTESIAN_POINT ( 'NONE',  ( 0.2826771653543312400, 0.05244063622047148700, -0.05787401574803151300 ) ) ;
#5052 = ORIENTED_EDGE ( 'NONE', *, *, #6853, .T. ) ;
#5053 = EDGE_CURVE ( 'NONE', #6723, #11261, #2694, .T. ) ;
#5054 = DIRECTION ( 'NONE',  ( 0.0000000000000000000, 0.0000000000000000000, -1.000000000000000000 ) ) ;
#5055 = ORIENTED_EDGE ( 'NONE', *, *, #7887, .F. ) ;
#5056 = CIRCLE ( 'NONE', #7189, 0.03976377952755907200 ) ;
#5057 = CARTESIAN_POINT ( 'NONE',  ( 0.1111870956299216600, 0.2432397985433058200, -0.04212598425196851400 ) ) ;
#5058 = CYLINDRICAL_SURFACE ( 'NONE', #11193, 0.09219577657480328100 ) ;
#5059 = DIRECTION ( 'NONE',  ( -1.000000000000000000, 0.0000000000000000000, 0.0000000000000000000 ) ) ;
#5060 = EDGE_LOOP ( 'NONE', ( #1443, #3237, #5160, #8830 ) ) ;
#5061 = CARTESIAN_POINT ( 'NONE',  ( 0.6795275590551186400, 0.01968503937007875700, -0.02598425196850394400 ) ) ;
#5062 = ORIENTED_EDGE ( 'NONE', *, *, #11023, .F. ) ;
#5063 = AXIS2_PLACEMENT_3D ( 'NONE', #3122, #9428, #4017 ) ;
#5064 = VECTOR ( 'NONE', #4360, 39.37007874015748100 ) ;
#5065 = CARTESIAN_POINT ( 'NONE',  ( 0.1999999999956738300, 0.1339366992112626400, -0.05787401574803151300 ) ) ;
#5066 = VECTOR ( 'NONE', #8488, 39.37007874015748100 ) ;
#5067 = EDGE_CURVE ( 'NONE', #6007, #5693, #7207, .T. ) ;
#5068 = ADVANCED_FACE ( 'NONE', ( #9323 ), #2586, .F. ) ;
#5069 = CARTESIAN_POINT ( 'NONE',  ( 0.4913385826874680500, 0.3346456692967903500, -0.08149606302082131000 ) ) ;
#5070 = ORIENTED_EDGE ( 'NONE', *, *, #5169, .T. ) ;
#5071 = CARTESIAN_POINT ( 'NONE',  ( 0.1283464566929136700, 0.3346456692913382700, -0.01812598440944882300 ) ) ;
#5072 = DIRECTION ( 'NONE',  ( -1.000000000000000000, -0.0000000000000000000, 0.0000000000000000000 ) ) ;
#5073 = CARTESIAN_POINT ( 'NONE',  ( 0.4283464567062017500, 0.3346456692952144400, -0.08149606301981117400 ) ) ;
#5074 = CARTESIAN_POINT ( 'NONE',  ( 0.4795275590551186800, 0.01968503937007875700, -0.04212598425196851400 ) ) ;
#5075 = ORIENTED_EDGE ( 'NONE', *, *, #1703, .F. ) ;
#5076 = VECTOR ( 'NONE', #4283, 39.37007874015748100 ) ;
#5077 = DIRECTION ( 'NONE',  ( -1.000000000000000000, 0.0000000000000000000, -0.0000000000000000000 ) ) ;
#5078 = LINE ( 'NONE', #8762, #2989 ) ;
#5079 = EDGE_LOOP ( 'NONE', ( #174, #2633, #7437, #2911 ) ) ;
#5080 = EDGE_LOOP ( 'NONE', ( #6542, #2295, #5089, #1639 ) ) ;
#5081 = ADVANCED_FACE ( 'NONE', ( #11654 ), #6199, .T. ) ;
#5082 = EDGE_CURVE ( 'NONE', #8680, #298, #4513, .T. ) ;
#5083 = AXIS2_PLACEMENT_3D ( 'NONE', #2131, #8460, #3048 ) ;
#5084 = CARTESIAN_POINT ( 'NONE',  ( 0.02421259842256037700, 0.1473225259865793800, -0.05787401574803150600 ) ) ;
#5085 = DIRECTION ( 'NONE',  ( -0.2950730661818215500, -0.9554746912472661400, 0.0000000000000000000 ) ) ;
#5086 = LINE ( 'NONE', #3734, #9906 ) ;
#5087 = DIRECTION ( 'NONE',  ( 0.0000000000000000000, 0.0000000000000000000, -1.000000000000000000 ) ) ;
#5088 = FACE_OUTER_BOUND ( 'NONE', #9927, .T. ) ;
#5089 = ORIENTED_EDGE ( 'NONE', *, *, #5682, .T. ) ;
#5090 = VERTEX_POINT ( 'NONE', #2636 ) ;
#5091 = CARTESIAN_POINT ( 'NONE',  ( 0.6196850393704073100, 0.01968503937007875700, -0.02598425196850394400 ) ) ;
#5092 = EDGE_CURVE ( 'NONE', #9750, #9689, #11383, .T. ) ;
#5093 = DIRECTION ( 'NONE',  ( -1.000000000000000000, 0.0000000000000000000, 0.0000000000000000000 ) ) ;
#5094 = VECTOR ( 'NONE', #10286, 39.37007874015748100 ) ;
#5095 = ORIENTED_EDGE ( 'NONE', *, *, #10315, .F. ) ;
#5096 = EDGE_CURVE ( 'NONE', #11373, #9711, #2123, .T. ) ;
#5097 = VECTOR ( 'NONE', #2822, 39.37007874015748900 ) ;
#5098 = CARTESIAN_POINT ( 'NONE',  ( 0.1895669291376263500, 0.2965351244314696200, -0.05787401574803151300 ) ) ;
#5099 = ORIENTED_EDGE ( 'NONE', *, *, #10443, .F. ) ;
#5100 = ORIENTED_EDGE ( 'NONE', *, *, #5033, .T. ) ;
#5101 = VERTEX_POINT ( 'NONE', #818 ) ;
#5102 = PLANE ( 'NONE',  #11 ) ;
#5103 = DIRECTION ( 'NONE',  ( -0.0000000000000000000, -0.0000000000000000000, 1.000000000000000000 ) ) ;
#5104 = AXIS2_PLACEMENT_3D ( 'NONE', #2849, #3752, #10054 ) ;
#5105 = CARTESIAN_POINT ( 'NONE',  ( 0.5755228901018723000, 0.1112594903586043200, -0.05787401574803151300 ) ) ;
#5106 = ORIENTED_EDGE ( 'NONE', *, *, #10725, .F. ) ;
#5107 = LINE ( 'NONE', #3229, #10476 ) ;
#5108 = CARTESIAN_POINT ( 'NONE',  ( 0.01118709562992162500, 0.2432397985433058200, -0.04212598425196851400 ) ) ;
#5109 = DIRECTION ( 'NONE',  ( -0.5144957554302369600, 0.6859943405687339800, -0.5144957554265513500 ) ) ;
#5110 = CIRCLE ( 'NONE', #4716, 0.03976377952755894700 ) ;
#5111 = EDGE_LOOP ( 'NONE', ( #9590, #223, #526, #5332 ) ) ;
#5112 = DIRECTION ( 'NONE',  ( 0.6000000000000002000, -0.7999999999999998200, 0.0000000000000000000 ) ) ;
#5113 = VECTOR ( 'NONE', #9333, 39.37007874015748100 ) ;
#5114 = CLOSED_SHELL ( 'NONE', ( #207, #5905, #6516, #3609, #7165, #1725, #9712, #745, #9841, #7219, #11417, #11369, #9653, #8070, #3543, #375, #316, #10969, #1110, #7896, #9419, #1586, #1778, #628, #7120, #4337, #504, #10523, #4094, #10001, #7778, #10453, #5478, #4784, #924, #699, #331, #3339, #6331, #10242, #1525, #10136, #11263, #8883, #5534, #7709, #9826, #10860, #576, #8142, #7530, #6929, #6315, #452, #9777, #7353, #1346, #11532, #6638, #3090, #1791, #1160, #556, #11650, #5851, #7060, #9121, #6744, #8874, #3923, #6883, #6990, #6567, #1461, #4485, #3166, #5198, #6384, #7651, #11475, #9311, #519, #3562, #2929, #5953, #9879, #7666, #11435, #3676, #8535, #5184, #2984, #1409, #812, #1093, #4971, #10734, #4912, #5143, #8190, #7600, #2487, #3868, #9545, #2623, #10122, #7765, #3443, #11156, #10533, #5431, #9351, #3376, #5605, #6823, #3502, #8308, #2310, #5302, #2795, #11379, #7233, #3030, #8662, #10983, #7726, #5258, #2666, #8589, #2609, #2149, #4898, #9009, #3913, #7823, #8946, #9484, #6156, #81, #9429, #8014, #11096, #2382, #10575, #9296, #8707, #8125, #6502, #2545, #5722, #7884, #2036, #3226, #11546, #4664, #6803, #6086 ) ) ;
#5115 = VERTEX_POINT ( 'NONE', #4432 ) ;
#5116 = CARTESIAN_POINT ( 'NONE',  ( 0.4279685038976383500, 0.3346456692884840500, -0.01850393699032962900 ) ) ;
#5117 = DIRECTION ( 'NONE',  ( 0.0000000000000000000, -0.0000000000000000000, 1.000000000000000000 ) ) ;
#5118 = EDGE_CURVE ( 'NONE', #6238, #4676, #4236, .T. ) ;
#5119 = FACE_OUTER_BOUND ( 'NONE', #1137, .T. ) ;
#5120 = CARTESIAN_POINT ( 'NONE',  ( 0.5895669291405922800, 0.2965351244331184700, -0.04212598425196852100 ) ) ;
#5121 = EDGE_CURVE ( 'NONE', #718, #5381, #1836, .T. ) ;
#5122 = FACE_OUTER_BOUND ( 'NONE', #11411, .T. ) ;
#5123 = ORIENTED_EDGE ( 'NONE', *, *, #7935, .T. ) ;
#5124 = VECTOR ( 'NONE', #2437, 39.37007874015748100 ) ;
#5125 = EDGE_LOOP ( 'NONE', ( #8827, #6701, #9104, #11448 ) ) ;
#5126 = ORIENTED_EDGE ( 'NONE', *, *, #2026, .F. ) ;
#5127 = DIRECTION ( 'NONE',  ( -0.0000000000000000000, 0.0000000000000000000, 1.000000000000000000 ) ) ;
#5128 = ADVANCED_FACE ( 'NONE', ( #6344 ), #4471, .T. ) ;
#5129 = DIRECTION ( 'NONE',  ( 1.000000000000000000, 0.0000000000000000000, 0.0000000000000000000 ) ) ;
#5130 = DIRECTION ( 'NONE',  ( 0.0000000000000000000, 1.000000000000000000, 0.0000000000000000000 ) ) ;
#5132 = LINE ( 'NONE', #8730, #10231 ) ;
#5131 = CARTESIAN_POINT ( 'NONE',  ( 0.1000000000000005700, 0.01968503937007875700, -0.04212598425196851400 ) ) ;
#5133 = ORIENTED_EDGE ( 'NONE', *, *, #3087, .T. ) ;
#5134 = ORIENTED_EDGE ( 'NONE', *, *, #5067, .F. ) ;
#5135 = LINE ( 'NONE', #3671, #2472 ) ;
#5136 = ORIENTED_EDGE ( 'NONE', *, *, #1942, .F. ) ;
#5137 = EDGE_LOOP ( 'NONE', ( #5382, #3295, #5657, #1139 ) ) ;
#5138 = CARTESIAN_POINT ( 'NONE',  ( 0.5401574803149610200, 0.01968503937007875700, -0.05787401574803151300 ) ) ;
#5139 = DIRECTION ( 'NONE',  ( 0.0000000000000000000, 0.0000000000000000000, 1.000000000000000000 ) ) ;
#5140 = LINE ( 'NONE', #1864, #31 ) ;
#5141 = EDGE_CURVE ( 'NONE', #9406, #11530, #7498, .T. ) ;
#5142 = DIRECTION ( 'NONE',  ( 0.0000000000000000000, 0.0000000000000000000, 1.000000000000000000 ) ) ;
#5143 = ADVANCED_FACE ( 'NONE', ( #8487 ), #1801, .F. ) ;
#5144 = VECTOR ( 'NONE', #11426, 39.37007874015748100 ) ;
#5145 = DIRECTION ( 'NONE',  ( 0.0000000000000000000, 0.0000000000000000000, 1.000000000000000000 ) ) ;
#5146 = VERTEX_POINT ( 'NONE', #8128 ) ;
#5147 = VERTEX_POINT ( 'NONE', #4507 ) ;
#5148 = CARTESIAN_POINT ( 'NONE',  ( 0.3748031496062996800, 0.04456662047243921400, -0.05787401574803151300 ) ) ;
#5149 = LINE ( 'NONE', #11057, #2775 ) ;
#5150 = ORIENTED_EDGE ( 'NONE', *, *, #5682, .F. ) ;
#5151 = CARTESIAN_POINT ( 'NONE',  ( 0.3279527559055122600, 0.05244063622047148700, -0.05787401574803151300 ) ) ;
#5152 = PLANE ( 'NONE',  #5341 ) ;
#5153 = VECTOR ( 'NONE', #291, 39.37007874015748100 ) ;
#5154 = CIRCLE ( 'NONE', #1741, 0.03976377956692910000 ) ;
#5155 = CARTESIAN_POINT ( 'NONE',  ( 0.3000000000000002100, 0.01968503937007875700, -0.05787401574803152000 ) ) ;
#5156 = CARTESIAN_POINT ( 'NONE',  ( 0.1795275590551181600, 0.01968503937007875700, -0.02834645669291339200 ) ) ;
#5157 = CIRCLE ( 'NONE', #11375, 0.007874015748031449100 ) ;
#5158 = EDGE_CURVE ( 'NONE', #3813, #8913, #3953, .T. ) ;
#5159 = DIRECTION ( 'NONE',  ( -0.1483404542820228600, 0.9889363526655308200, 0.0000000000000000000 ) ) ;
#5160 = ORIENTED_EDGE ( 'NONE', *, *, #1638, .T. ) ;
#5161 = ORIENTED_EDGE ( 'NONE', *, *, #1930, .T. ) ;
#5162 = CYLINDRICAL_SURFACE ( 'NONE', #3837, 0.007874015748031449100 ) ;
#5163 = VECTOR ( 'NONE', #1313, 39.37007874015748100 ) ;
#5164 = CARTESIAN_POINT ( 'NONE',  ( 0.5000000000000005600, 0.01968503937007875700, -0.05787401574803152000 ) ) ;
#5165 = PLANE ( 'NONE',  #2645 ) ;
#5166 = ORIENTED_EDGE ( 'NONE', *, *, #7796, .F. ) ;
#5167 = PLANE ( 'NONE',  #7468 ) ;
#5168 = CARTESIAN_POINT ( 'NONE',  ( 0.6279527559055123600, 0.06031465196850320500, -0.05787401574803151300 ) ) ;
#5169 = EDGE_CURVE ( 'NONE', #4608, #1380, #6049, .T. ) ;
#5170 = CIRCLE ( 'NONE', #11492, 0.007874015748031449100 ) ;
#5171 = AXIS2_PLACEMENT_3D ( 'NONE', #8201, #2787, #9087 ) ;
#5172 = CARTESIAN_POINT ( 'NONE',  ( 0.6111870956299217900, 0.2432397985433058200, -0.04212598425196852800 ) ) ;
#5173 = ORIENTED_EDGE ( 'NONE', *, *, #11548, .F. ) ;
#5174 = VECTOR ( 'NONE', #4014, 39.37007874015748100 ) ;
#5175 = ORIENTED_EDGE ( 'NONE', *, *, #4151, .T. ) ;
#5176 = CARTESIAN_POINT ( 'NONE',  ( 6.829619984160658000E-017, 0.0000000000000000000, -0.02125984251968503900 ) ) ;
#5177 = CARTESIAN_POINT ( 'NONE',  ( 0.6795275590551186400, 0.01968503937007875700, -0.07165354330708663400 ) ) ;
#5178 = DIRECTION ( 'NONE',  ( -0.0000000000000000000, 0.0000000000000000000, -1.000000000000000000 ) ) ;
#5179 = COORDINATED_UNIVERSAL_TIME_OFFSET ( 8, 0, .BEHIND. ) ;
#5180 = CARTESIAN_POINT ( 'NONE',  ( 0.2445558501181105700, 0.1112594900787393400, -0.05787401574803151300 ) ) ;
#5181 = FACE_OUTER_BOUND ( 'NONE', #11080, .T. ) ;
#5182 = DIRECTION ( 'NONE',  ( 0.0000000000000000000, 0.0000000000000000000, -1.000000000000000000 ) ) ;
#5183 = ORIENTED_EDGE ( 'NONE', *, *, #10709, .T. ) ;
#5184 = ADVANCED_FACE ( 'NONE', ( #10571 ), #8169, .F. ) ;
#5185 = EDGE_LOOP ( 'NONE', ( #7934, #11556, #10471, #2578 ) ) ;
#5186 = CARTESIAN_POINT ( 'NONE',  ( 0.2431102362596198100, 0.3149606299197328400, -0.03326771652771715000 ) ) ;
#5187 = EDGE_CURVE ( 'NONE', #6113, #11035, #5764, .T. ) ;
#5188 = AXIS2_PLACEMENT_3D ( 'NONE', #611, #6956, #1530 ) ;
#5189 = ORIENTED_EDGE ( 'NONE', *, *, #9147, .F. ) ;
#5190 = DIRECTION ( 'NONE',  ( 0.0000000000000000000, 0.0000000000000000000, 1.000000000000000000 ) ) ;
#5191 = DIRECTION ( 'NONE',  ( 0.0000000000000000000, 0.0000000000000000000, -1.000000000000000000 ) ) ;
#5192 = EDGE_CURVE ( 'NONE', #4321, #9931, #1542, .T. ) ;
#5193 = AXIS2_PLACEMENT_3D ( 'NONE', #2386, #4201, #7803 ) ;
#5194 = VECTOR ( 'NONE', #9034, 39.37007874015748100 ) ;
#5195 = VECTOR ( 'NONE', #1175, 39.37007874015748100 ) ;
#5196 = VERTEX_POINT ( 'NONE', #10832 ) ;
#5197 = DIRECTION ( 'NONE',  ( 0.0000000000000000000, 1.000000000000000000, 0.0000000000000000000 ) ) ;
#5198 = ADVANCED_FACE ( 'NONE', ( #8204 ), #1868, .F. ) ;
#5199 = ORIENTED_EDGE ( 'NONE', *, *, #3789, .T. ) ;
#5200 = VECTOR ( 'NONE', #1050, 39.37007874015748100 ) ;
#5201 = AXIS2_PLACEMENT_3D ( 'NONE', #10386, #9065, #10394 ) ;
#5202 = DIRECTION ( 'NONE',  ( -1.000000000000000000, -0.0000000000000000000, 0.0000000000000000000 ) ) ;
#5203 = VECTOR ( 'NONE', #1512, 39.37007874015748100 ) ;
#5204 = DIRECTION ( 'NONE',  ( 0.0000000000000000000, -0.0000000000000000000, 1.000000000000000000 ) ) ;
#5205 = EDGE_LOOP ( 'NONE', ( #11439, #140, #7767, #7854 ) ) ;
#5206 = EDGE_CURVE ( 'NONE', #901, #10866, #7919, .T. ) ;
#5207 = DIRECTION ( 'NONE',  ( 0.0000000000000000000, 0.0000000000000000000, 1.000000000000000000 ) ) ;
#5208 = ORIENTED_EDGE ( 'NONE', *, *, #8040, .F. ) ;
#5209 = CARTESIAN_POINT ( 'NONE',  ( 0.5509508751574807600, 0.2432397985433058200, -0.04212598425196852800 ) ) ;
#5210 = FACE_OUTER_BOUND ( 'NONE', #7204, .T. ) ;
#5211 = VECTOR ( 'NONE', #1848, 39.37007874015748100 ) ;
#5212 = ORIENTED_EDGE ( 'NONE', *, *, #9373, .T. ) ;
#5213 = ORIENTED_EDGE ( 'NONE', *, *, #6313, .T. ) ;
#5214 = DIRECTION ( 'NONE',  ( 1.000000000000000000, 0.0000000000000000000, -0.0000000000000000000 ) ) ;
#5215 = DIRECTION ( 'NONE',  ( -1.000000000000000000, 0.0000000000000000000, 0.0000000000000000000 ) ) ;
#5216 = DIRECTION ( 'NONE',  ( 0.03123475300211145000, -0.9995120760675665400, 0.0000000000000000000 ) ) ;
#5217 = ORIENTED_EDGE ( 'NONE', *, *, #9683, .F. ) ;
#5218 = CARTESIAN_POINT ( 'NONE',  ( 0.6690944881890318300, -0.1259842519682651000, -0.04212598425196851400 ) ) ;
#5219 = EDGE_CURVE ( 'NONE', #3972, #5891, #3392, .T. ) ;
#5220 = CYLINDRICAL_SURFACE ( 'NONE', #156, 0.08668467618110251000 ) ;
#5221 = DIRECTION ( 'NONE',  ( 0.0000000000000000000, 0.0000000000000000000, -1.000000000000000000 ) ) ;
#5222 = FACE_OUTER_BOUND ( 'NONE', #10997, .T. ) ;
#5223 = EDGE_LOOP ( 'NONE', ( #8004, #7352, #10002, #4185 ) ) ;
#5224 = CARTESIAN_POINT ( 'NONE',  ( 0.3279685038582683100, 0.3346456692913381500, -0.01850393700787320700 ) ) ;
#5225 = VERTEX_POINT ( 'NONE', #5467 ) ;
#5226 = DIRECTION ( 'NONE',  ( 0.0000000000000000000, -1.000000000000000000, -0.0000000000000000000 ) ) ;
#5227 = ORIENTED_EDGE ( 'NONE', *, *, #3222, .F. ) ;
#5228 = DIRECTION ( 'NONE',  ( -1.000000000000000000, 0.0000000000000000000, 0.0000000000000000000 ) ) ;
#5229 = DIRECTION ( 'NONE',  ( -0.0000000000000000000, 1.000000000000000000, 0.0000000000000000000 ) ) ;
#5230 = CARTESIAN_POINT ( 'NONE',  ( 0.3000000000000003200, 0.3149606299212595600, -0.02834645669291339200 ) ) ;
#5231 = CYLINDRICAL_SURFACE ( 'NONE', #4277, 0.007874015748031449100 ) ;
#5232 = VERTEX_POINT ( 'NONE', #7321 ) ;
#5233 = CARTESIAN_POINT ( 'NONE',  ( 0.03051181107671685800, 0.2965351244002115700, -0.04212598425196852800 ) ) ;
#5234 = DIRECTION ( 'NONE',  ( 0.0000000000000000000, 0.0000000000000000000, 1.000000000000000000 ) ) ;
#5235 = LINE ( 'NONE', #403, #9772 ) ;
#5236 = ORIENTED_EDGE ( 'NONE', *, *, #7360, .T. ) ;
#5237 = ORIENTED_EDGE ( 'NONE', *, *, #4243, .F. ) ;
#5238 = ORIENTED_EDGE ( 'NONE', *, *, #7625, .T. ) ;
#5239 = EDGE_CURVE ( 'NONE', #4053, #11261, #683, .T. ) ;
#5240 = ORIENTED_EDGE ( 'NONE', *, *, #4883, .T. ) ;
#5241 = CARTESIAN_POINT ( 'NONE',  ( 4.553079989440438700E-017, 6.479715786972160400E-013, -0.02125984253296550600 ) ) ;
#5242 = CARTESIAN_POINT ( 'NONE',  ( 0.04015748031496117800, 0.01968503937007875700, -0.04212598425196851400 ) ) ;
#5243 = ADVANCED_FACE ( 'NONE', ( #10294 ), #4617, .T. ) ;
#5244 = CARTESIAN_POINT ( 'NONE',  ( 0.3200787401574807800, 0.06031465196850320500, -0.05787401574803151300 ) ) ;
#5245 = CARTESIAN_POINT ( 'NONE',  ( 0.3196850393700790300, 0.1027140031889739600, -0.04212598425196851400 ) ) ;
#5246 = VECTOR ( 'NONE', #8186, 39.37007874015748100 ) ;
#5247 = ORIENTED_EDGE ( 'NONE', *, *, #5785, .F. ) ;
#5248 = FACE_OUTER_BOUND ( 'NONE', #11696, .T. ) ;
#5249 = VERTEX_POINT ( 'NONE', #9128 ) ;
#5250 = EDGE_LOOP ( 'NONE', ( #5933, #4416, #7671, #3787 ) ) ;
#5251 = ORIENTED_EDGE ( 'NONE', *, *, #7153, .F. ) ;
#5252 = CARTESIAN_POINT ( 'NONE',  ( 0.1921259842519688900, 0.05244063622047148700, -0.05787401574803151300 ) ) ;
#5253 = VECTOR ( 'NONE', #4593, 39.37007874015748100 ) ;
#5254 = EDGE_CURVE ( 'NONE', #11604, #5232, #10013, .T. ) ;
#5255 = CARTESIAN_POINT ( 'NONE',  ( 0.3921259842519689300, 0.06031465196850320500, -0.05787401574803151300 ) ) ;
#5256 = CARTESIAN_POINT ( 'NONE',  ( 0.6401574803149611100, 0.01968503937007875700, -0.07165354330708663400 ) ) ;
#5257 = LINE ( 'NONE', #1044, #440 ) ;
#5258 = ADVANCED_FACE ( 'NONE', ( #7636 ), #7362, .F. ) ;
#5259 = DIRECTION ( 'NONE',  ( -0.0000000000000000000, -0.0000000000000000000, 1.000000000000000000 ) ) ;
#5260 = VERTEX_POINT ( 'NONE', #8280 ) ;
#5261 = AXIS2_PLACEMENT_3D ( 'NONE', #6683, #1267, #5761 ) ;
#5262 = LINE ( 'NONE', #906, #9798 ) ;
#5263 = EDGE_CURVE ( 'NONE', #3103, #5041, #2828, .T. ) ;
#5264 = ORIENTED_EDGE ( 'NONE', *, *, #9460, .T. ) ;
#5265 = EDGE_LOOP ( 'NONE', ( #277, #2732, #9920, #3012 ) ) ;
#5266 = DIRECTION ( 'NONE',  ( -0.0000000000000000000, -0.0000000000000000000, -1.000000000000000000 ) ) ;
#5267 = VECTOR ( 'NONE', #9501, 39.37007874015748100 ) ;
#5268 = CARTESIAN_POINT ( 'NONE',  ( 0.6718503937007880300, 0.2287793732283450500, -0.05787401574803151300 ) ) ;
#5269 = DIRECTION ( 'NONE',  ( 1.000000000000000000, -0.0000000000000000000, 0.0000000000000000000 ) ) ;
#5270 = CARTESIAN_POINT ( 'NONE',  ( 0.4498548604401493800, 0.2525113748430195500, -0.04212598425196851400 ) ) ;
#5271 = CLOSED_SHELL ( 'NONE', ( #1540, #5893, #7963, #4499, #6028, #5970, #5014, #2682, #2092, #11662, #3623, #1357, #9637, #9892, #1602, #11486, #9760, #1478, #10194, #7102, #6757, #6068, #8482, #8994, #7047, #4729, #1178, #8442, #7840 ) ) ;
#5272 = ORIENTED_EDGE ( 'NONE', *, *, #5442, .F. ) ;
#5273 = FACE_OUTER_BOUND ( 'NONE', #4570, .T. ) ;
#5274 = ORIENTED_EDGE ( 'NONE', *, *, #3183, .F. ) ;
#5275 = ORIENTED_EDGE ( 'NONE', *, *, #3566, .F. ) ;
#5276 = EDGE_CURVE ( 'NONE', #8005, #6224, #9736, .T. ) ;
#5277 = CARTESIAN_POINT ( 'NONE',  ( 0.4748031496227885200, -0.1259842519685042700, -0.04212598425196851400 ) ) ;
#5278 = EDGE_CURVE ( 'NONE', #3912, #10812, #7347, .T. ) ;
#5279 = CC_DESIGN_APPROVAL ( #4678, ( #4087 ) ) ;
#5280 = CYLINDRICAL_SURFACE ( 'NONE', #2288, 0.007874015748031449100 ) ;
#5281 = ORIENTED_EDGE ( 'NONE', *, *, #2565, .T. ) ;
#5282 = VERTEX_POINT ( 'NONE', #8315 ) ;
#5283 = DIRECTION ( 'NONE',  ( 1.000000000000000000, 0.0000000000000000000, 0.0000000000000000000 ) ) ;
#5284 = CARTESIAN_POINT ( 'NONE',  ( 0.5242125984211953900, 0.1473225259866369500, -0.05787401574803151300 ) ) ;
#5285 = LINE ( 'NONE', #11358, #2909 ) ;
#5286 = ORIENTED_EDGE ( 'NONE', *, *, #1338, .T. ) ;
#5287 = ORIENTED_EDGE ( 'NONE', *, *, #6603, .T. ) ;
#5288 = CYLINDRICAL_SURFACE ( 'NONE', #5193, 0.01574803149606289800 ) ;
#5289 = CARTESIAN_POINT ( 'NONE',  ( 0.5690944881889767900, -0.1259842519685042700, -0.05787401574803151300 ) ) ;
#5290 = LINE ( 'NONE', #2758, #9833 ) ;
#5291 = PLANE ( 'NONE',  #9751 ) ;
#5292 = AXIS2_PLACEMENT_3D ( 'NONE', #5074, #5489, #4490 ) ;
#5293 = ORIENTED_EDGE ( 'NONE', *, *, #7486, .T. ) ;
#5294 = VERTEX_POINT ( 'NONE', #4652 ) ;
#5295 = EDGE_CURVE ( 'NONE', #7524, #9718, #4638, .T. ) ;
#5296 = ORIENTED_EDGE ( 'NONE', *, *, #7036, .F. ) ;
#5297 = LINE ( 'NONE', #5366, #775 ) ;
#5298 = DIRECTION ( 'NONE',  ( 0.0000000000000000000, 0.0000000000000000000, 1.000000000000000000 ) ) ;
#5299 = CARTESIAN_POINT ( 'NONE',  ( 0.5279527559055122700, 0.06031465196850320500, -0.04212598425196852100 ) ) ;
#5300 = CYLINDRICAL_SURFACE ( 'NONE', #6587, 0.03976377952755894000 ) ;
#5301 = DIRECTION ( 'NONE',  ( 1.000000000000000000, -0.0000000000000000000, 0.0000000000000000000 ) ) ;
#5302 = ADVANCED_FACE ( 'NONE', ( #2541 ), #4695, .F. ) ;
#5303 = VERTEX_POINT ( 'NONE', #5583 ) ;
#5304 = ORIENTED_EDGE ( 'NONE', *, *, #6017, .F. ) ;
#5305 = LINE ( 'NONE', #9141, #9849 ) ;
#5306 = DIRECTION ( 'NONE',  ( 0.2950730660855439000, -0.9554746912769988000, 0.0000000000000000000 ) ) ;
#5307 = EDGE_CURVE ( 'NONE', #1688, #9779, #9169, .T. ) ;
#5308 = EDGE_CURVE ( 'NONE', #10181, #2402, #11512, .T. ) ;
#5309 = LINE ( 'NONE', #5757, #7460 ) ;
#5310 = AXIS2_PLACEMENT_3D ( 'NONE', #488, #7755, #2338 ) ;
#5311 = VERTEX_POINT ( 'NONE', #9248 ) ;
#5312 = ADVANCED_FACE ( 'NONE', ( #7065 ), #6553, .F. ) ;
#5313 = LINE ( 'NONE', #8573, #206 ) ;
#5314 = EDGE_LOOP ( 'NONE', ( #6189, #10383, #10026, #8937 ) ) ;
#5315 = DIRECTION ( 'NONE',  ( 0.0000000000000000000, 0.0000000000000000000, -1.000000000000000000 ) ) ;
#5316 = EDGE_CURVE ( 'NONE', #4498, #5147, #11239, .T. ) ;
#5317 = DIRECTION ( 'NONE',  ( 1.000000000000000000, -0.0000000000000000000, 0.0000000000000000000 ) ) ;
#5318 = LINE ( 'NONE', #1771, #5043 ) ;
#5319 = CARTESIAN_POINT ( 'NONE',  ( 5.463695987328526400E-016, 0.0000000000000000000, -0.09999999999999997800 ) ) ;
#5320 = ORIENTED_EDGE ( 'NONE', *, *, #6469, .T. ) ;
#5321 = EDGE_CURVE ( 'NONE', #891, #8744, #4375, .T. ) ;
#5322 = SHAPE_DEFINITION_REPRESENTATION ( #6152, #6810 ) ;
#5323 = CARTESIAN_POINT ( 'NONE',  ( 0.4826771653543312500, 0.05244063622047148700, -0.05787401574803151300 ) ) ;
#5324 = CARTESIAN_POINT ( 'NONE',  ( 0.5196850393700792600, 0.3149606299212595600, -0.04212598425196851400 ) ) ;
#5325 = VECTOR ( 'NONE', #1449, 39.37007874015748100 ) ;
#5326 = AXIS2_PLACEMENT_3D ( 'NONE', #7002, #5197, #11470 ) ;
#5327 = ORIENTED_EDGE ( 'NONE', *, *, #1262, .F. ) ;
#5328 = VERTEX_POINT ( 'NONE', #240 ) ;
#5329 = DIRECTION ( 'NONE',  ( -0.04217878995898812600, -0.9991100788589790700, 0.0000000000000000000 ) ) ;
#5330 = DIRECTION ( 'NONE',  ( -0.0000000000000000000, -0.0000000000000000000, -1.000000000000000000 ) ) ;
#5331 = CARTESIAN_POINT ( 'NONE',  ( 0.1401574803149614700, 0.01968503937007875700, -0.05787401574803152000 ) ) ;
#5332 = ORIENTED_EDGE ( 'NONE', *, *, #11143, .F. ) ;
#5333 = CARTESIAN_POINT ( 'NONE',  ( 0.1200787401574807500, 0.06031465196850320500, -0.05787401574803151300 ) ) ;
#5335 = CARTESIAN_POINT ( 'NONE',  ( 0.3196850393700790800, 0.01968503937007875700, -0.05787401574803152000 ) ) ;
#5334 = FACE_OUTER_BOUND ( 'NONE', #10224, .T. ) ;
#5336 = VECTOR ( 'NONE', #12, 39.37007874015748100 ) ;
#5337 = DIRECTION ( 'NONE',  ( 0.0000000000000000000, -1.000000000000000000, 0.0000000000000000000 ) ) ;
#5338 = EDGE_CURVE ( 'NONE', #7758, #7496, #5149, .T. ) ;
#5339 = ORIENTED_EDGE ( 'NONE', *, *, #2306, .T. ) ;
#5340 = CARTESIAN_POINT ( 'NONE',  ( 0.7196850393700799900, 0.3346456692913383200, -0.1438258204644608000 ) ) ;
#5341 = AXIS2_PLACEMENT_3D ( 'NONE', #1527, #11419, #6052 ) ;
#5342 = CARTESIAN_POINT ( 'NONE',  ( 0.5401574803149611400, 0.01968503937007875700, -0.05787401574803152000 ) ) ;
#5343 = EDGE_CURVE ( 'NONE', #2527, #3887, #9808, .T. ) ;
#5344 = ORIENTED_EDGE ( 'NONE', *, *, #2085, .F. ) ;
#5345 = CARTESIAN_POINT ( 'NONE',  ( 0.09212598425196885700, 0.06031465196850320500, -0.05787401574803151300 ) ) ;
#5346 = CYLINDRICAL_SURFACE ( 'NONE', #9042, 0.007874015748031449100 ) ;
#5347 = DIRECTION ( 'NONE',  ( 0.0000000000000000000, -0.0000000000000000000, -1.000000000000000000 ) ) ;
#5348 = DIRECTION ( 'NONE',  ( 0.1483404520011492900, 0.9889363530076618100, 0.0000000000000000000 ) ) ;
#5349 = FACE_OUTER_BOUND ( 'NONE', #6311, .T. ) ;
#5350 = DIRECTION ( 'NONE',  ( 0.0000000000000000000, 0.0000000000000000000, 1.000000000000000000 ) ) ;
#5351 = VERTEX_POINT ( 'NONE', #8439 ) ;
#5352 = ORIENTED_EDGE ( 'NONE', *, *, #6492, .T. ) ;
#5353 = AXIS2_PLACEMENT_3D ( 'NONE', #7514, #7499, #7490 ) ;
#5354 = FACE_BOUND ( 'NONE', #10557, .T. ) ;
#5355 = ADVANCED_FACE ( 'NONE', ( #7289 ), #3920, .T. ) ;
#5356 = DIRECTION ( 'NONE',  ( 0.0000000000000000000, -1.000000000000000000, -0.0000000000000000000 ) ) ;
#5357 = FACE_OUTER_BOUND ( 'NONE', #4999, .T. ) ;
#5358 = EDGE_CURVE ( 'NONE', #8022, #7020, #2485, .T. ) ;
#5359 = VERTEX_POINT ( 'NONE', #5711 ) ;
#5360 = DIRECTION ( 'NONE',  ( -0.9745213851683854900, -0.2242946050387554500, 0.0000000000000000000 ) ) ;
#5361 = VERTEX_POINT ( 'NONE', #280 ) ;
#5362 = CARTESIAN_POINT ( 'NONE',  ( -0.4999999999999996100, 0.01968503937007875700, -0.04212598425196851400 ) ) ;
#5363 = DIRECTION ( 'NONE',  ( 1.000000000000000000, 0.0000000000000000000, -0.0000000000000000000 ) ) ;
#5364 = LINE ( 'NONE', #5445, #2995 ) ;
#5365 = DIRECTION ( 'NONE',  ( 0.0000000000000000000, -0.0000000000000000000, -1.000000000000000000 ) ) ;
#5366 = CARTESIAN_POINT ( 'NONE',  ( 0.02007874015363071300, 0.01968503937007875700, -0.05787401574803152000 ) ) ;
#5367 = FACE_OUTER_BOUND ( 'NONE', #1642, .T. ) ;
#5368 = CARTESIAN_POINT ( 'NONE',  ( 0.3498548604404900200, 0.2525113748366328300, -0.05787401574803151300 ) ) ;
#5369 = VERTEX_POINT ( 'NONE', #7569 ) ;
#5370 = ORIENTED_EDGE ( 'NONE', *, *, #2693, .F. ) ;
#5371 = ADVANCED_FACE ( 'NONE', ( #42 ), #8471, .F. ) ;
#5372 = PLANE ( 'NONE',  #7324 ) ;
#5373 = CARTESIAN_POINT ( 'NONE',  ( 0.2111870956299216900, 0.2617829512992116400, -0.04212598425196852800 ) ) ;
#5374 = EDGE_CURVE ( 'NONE', #6121, #10823, #9405, .T. ) ;
#5375 = DIRECTION ( 'NONE',  ( -1.000000000000000000, 0.0000000000000000000, 0.0000000000000000000 ) ) ;
#5376 = VECTOR ( 'NONE', #11079, 39.37007874015748100 ) ;
#5377 = ORIENTED_EDGE ( 'NONE', *, *, #2704, .T. ) ;
#5378 = CARTESIAN_POINT ( 'NONE',  ( -0.4999999999999996100, 0.01968503937007875700, -0.05787401574803152000 ) ) ;
#5379 = CIRCLE ( 'NONE', #3021, 0.007874015748031449100 ) ;
#5380 = VERTEX_POINT ( 'NONE', #11128 ) ;
#5381 = VERTEX_POINT ( 'NONE', #6672 ) ;
#5382 = ORIENTED_EDGE ( 'NONE', *, *, #7538, .T. ) ;
#5383 = DIRECTION ( 'NONE',  ( -0.5144957554275245700, 0.6859943405700359400, -0.5144957554275274600 ) ) ;
#5384 = ORIENTED_EDGE ( 'NONE', *, *, #6336, .F. ) ;
#5385 = DIRECTION ( 'NONE',  ( 0.0000000000000000000, 1.000000000000000000, 0.0000000000000000000 ) ) ;
#5386 = DIRECTION ( 'NONE',  ( -1.000000000000000000, 0.0000000000000000000, -0.0000000000000000000 ) ) ;
#5387 = FACE_OUTER_BOUND ( 'NONE', #8784, .T. ) ;
#5388 = DIRECTION ( 'NONE',  ( 0.0000000000000000000, 0.0000000000000000000, -1.000000000000000000 ) ) ;
#5389 = LINE ( 'NONE', #3288, #7251 ) ;
#5390 = EDGE_LOOP ( 'NONE', ( #11482, #2231, #4901, #7322 ) ) ;
#5391 = EDGE_CURVE ( 'NONE', #11108, #6056, #4873, .T. ) ;
#5392 = VECTOR ( 'NONE', #1188, 39.37007874015748100 ) ;
#5393 = ORIENTED_EDGE ( 'NONE', *, *, #6022, .T. ) ;
#5394 = ORIENTED_EDGE ( 'NONE', *, *, #777, .T. ) ;
#5395 = AXIS2_PLACEMENT_3D ( 'NONE', #11404, #6037, #632 ) ;
#5396 = PLANE ( 'NONE',  #102 ) ;
#5397 = PLANE ( 'NONE',  #1299 ) ;
#5398 = CARTESIAN_POINT ( 'NONE',  ( 0.6826771653543313200, 0.04456662047243921400, -0.04212598425196851400 ) ) ;
#5399 = CYLINDRICAL_SURFACE ( 'NONE', #3056, 0.03976377952755907200 ) ;
#5400 = VECTOR ( 'NONE', #1630, 39.37007874015748100 ) ;
#5401 = VERTEX_POINT ( 'NONE', #10265 ) ;
#5402 = DIRECTION ( 'NONE',  ( 1.000000000000000000, 0.0000000000000000000, 0.0000000000000000000 ) ) ;
#5403 = LINE ( 'NONE', #645, #2456 ) ;
#5404 = ORIENTED_EDGE ( 'NONE', *, *, #10908, .F. ) ;
#5405 = ORIENTED_EDGE ( 'NONE', *, *, #2536, .T. ) ;
#5406 = DIRECTION ( 'NONE',  ( 0.0000000000000000000, 0.0000000000000000000, 1.000000000000000000 ) ) ;
#5407 = EDGE_CURVE ( 'NONE', #7279, #2971, #4588, .T. ) ;
#5408 = CARTESIAN_POINT ( 'NONE',  ( 0.01118709562992162500, 0.2432397985433058200, -0.04212598425196851400 ) ) ;
#5409 = DIRECTION ( 'NONE',  ( -0.0000000000000000000, -1.000000000000000000, -0.0000000000000000000 ) ) ;
#5410 = CYLINDRICAL_SURFACE ( 'NONE', #8344, 0.03976377952755907200 ) ;
#5411 = AXIS2_PLACEMENT_3D ( 'NONE', #5547, #6466, #1045 ) ;
#5412 = DIRECTION ( 'NONE',  ( 0.0000000000000000000, 0.0000000000000000000, -1.000000000000000000 ) ) ;
#5413 = EDGE_CURVE ( 'NONE', #3058, #7123, #323, .T. ) ;
#5414 = VERTEX_POINT ( 'NONE', #8507 ) ;
#5415 = ORIENTED_EDGE ( 'NONE', *, *, #824, .F. ) ;
#5416 = VECTOR ( 'NONE', #6270, 39.37007874015748100 ) ;
#5417 = ORIENTED_EDGE ( 'NONE', *, *, #8034, .F. ) ;
#5418 = ORIENTED_EDGE ( 'NONE', *, *, #5374, .T. ) ;
#5419 = DIRECTION ( 'NONE',  ( 0.0000000000000000000, 0.0000000000000000000, -1.000000000000000000 ) ) ;
#5420 = VECTOR ( 'NONE', #7200, 39.37007874015748100 ) ;
#5421 = PLANE ( 'NONE',  #6967 ) ;
#5422 = LINE ( 'NONE', #548, #2770 ) ;
#5423 = DIRECTION ( 'NONE',  ( -1.000000000000000000, 0.0000000000000000000, 0.0000000000000000000 ) ) ;
#5424 = EDGE_LOOP ( 'NONE', ( #1661, #8866, #1950, #6745 ) ) ;
#5425 = ORIENTED_EDGE ( 'NONE', *, *, #2377, .T. ) ;
#5426 = ORIENTED_EDGE ( 'NONE', *, *, #6179, .F. ) ;
#5427 = PLANE ( 'NONE',  #2107 ) ;
#5428 = VECTOR ( 'NONE', #11100, 39.37007874015748900 ) ;
#5429 = EDGE_CURVE ( 'NONE', #495, #5645, #11459, .T. ) ;
#5431 = ADVANCED_FACE ( 'NONE', ( #2203 ), #4038, .F. ) ;
#5430 = DIRECTION ( 'NONE',  ( 0.0000000000000000000, -0.0000000000000000000, -1.000000000000000000 ) ) ;
#5432 = CIRCLE ( 'NONE', #8620, 0.01574803149606289800 ) ;
#5433 = CIRCLE ( 'NONE', #10219, 0.03976377952755907200 ) ;
#5434 = DIRECTION ( 'NONE',  ( 0.0000000000000000000, -0.0000000000000000000, 1.000000000000000000 ) ) ;
#5435 = DIRECTION ( 'NONE',  ( -1.000000000000000000, 0.0000000000000000000, 0.0000000000000000000 ) ) ;
#5436 = ORIENTED_EDGE ( 'NONE', *, *, #3949, .T. ) ;
#5437 = ORIENTED_EDGE ( 'NONE', *, *, #10837, .T. ) ;
#5438 = CARTESIAN_POINT ( 'NONE',  ( 0.3401574803149611200, 0.3149606299212595600, -0.04212598425196851400 ) ) ;
#5439 = LINE ( 'NONE', #5963, #642 ) ;
#5440 = AXIS2_PLACEMENT_3D ( 'NONE', #8867, #9773, #4372 ) ;
#5441 = VECTOR ( 'NONE', #4910, 39.37007874015748100 ) ;
#5442 = EDGE_CURVE ( 'NONE', #5351, #6358, #9118, .T. ) ;
#5443 = ORIENTED_EDGE ( 'NONE', *, *, #8900, .F. ) ;
#5444 = CARTESIAN_POINT ( 'NONE',  ( 0.02795275590551217500, 0.06031465196850320500, -0.05787401574803151300 ) ) ;
#5445 = CARTESIAN_POINT ( 'NONE',  ( 0.04455585011669622300, 0.1112594900334818200, -0.05787401574803151300 ) ) ;
#5446 = LINE ( 'NONE', #1610, #9986 ) ;
#5447 = CARTESIAN_POINT ( 'NONE',  ( 0.2690944881890317600, -0.1259842519682651000, -0.05787401574803151300 ) ) ;
#5448 = ORIENTED_EDGE ( 'NONE', *, *, #5308, .F. ) ;
#5449 = VECTOR ( 'NONE', #5430, 39.37007874015748100 ) ;
#5450 = CARTESIAN_POINT ( 'NONE',  ( 0.1958661417783097700, 0.1473225259845757100, -0.04212598425196851400 ) ) ;
#5451 = EDGE_LOOP ( 'NONE', ( #10324, #993, #1286, #3708 ) ) ;
#5452 = PLANE ( 'NONE',  #4098 ) ;
#5453 = LOCAL_TIME ( 0, 21, 42.00000000000000000, #7898 ) ;
#5454 = EDGE_CURVE ( 'NONE', #2193, #11350, #11185, .T. ) ;
#5455 = LINE ( 'NONE', #7229, #937 ) ;
#5456 = DIRECTION ( 'NONE',  ( 0.9995120760987861200, -0.03123475200308707700, 0.0000000000000000000 ) ) ;
#5457 = VERTEX_POINT ( 'NONE', #2263 ) ;
#5458 = ORIENTED_EDGE ( 'NONE', *, *, #1977, .T. ) ;
#5459 = ORIENTED_EDGE ( 'NONE', *, *, #7050, .T. ) ;
#5460 = DIRECTION ( 'NONE',  ( -0.0000000000000000000, -0.0000000000000000000, -1.000000000000000000 ) ) ;
#5461 = LINE ( 'NONE', #5378, #10004 ) ;
#5462 = DIRECTION ( 'NONE',  ( 1.000000000000000000, 0.0000000000000000000, -0.0000000000000000000 ) ) ;
#5463 = LINE ( 'NONE', #7485, #10006 ) ;
#5464 = EDGE_CURVE ( 'NONE', #10953, #3596, #1921, .T. ) ;
#5465 = DIRECTION ( 'NONE',  ( 0.9745213851683854900, -0.2242946050387554500, 0.0000000000000000000 ) ) ;
#5466 = ORIENTED_EDGE ( 'NONE', *, *, #2496, .T. ) ;
#5467 = CARTESIAN_POINT ( 'NONE',  ( 0.4795275590551187400, 0.3149606299212595600, -0.02834645669291339200 ) ) ;
#5468 = EDGE_CURVE ( 'NONE', #7123, #11468, #8841, .T. ) ;
#5469 = ORIENTED_EDGE ( 'NONE', *, *, #11363, .F. ) ;
#5470 = EDGE_CURVE ( 'NONE', #9984, #9470, #4323, .T. ) ;
#5471 = VECTOR ( 'NONE', #2824, 39.37007874015748100 ) ;
#5472 = AXIS2_PLACEMENT_3D ( 'NONE', #10594, #5182, #11457 ) ;
#5473 = CARTESIAN_POINT ( 'NONE',  ( 0.5445558501165396200, 0.1112594900323481100, -0.04212598425196852800 ) ) ;
#5474 = LINE ( 'NONE', #1467, #5767 ) ;
#5475 = EDGE_LOOP ( 'NONE', ( #5227, #2794, #10312, #4182 ) ) ;
#5476 = CARTESIAN_POINT ( 'NONE',  ( 0.1401574803149614700, 0.3149606299212595600, -0.05787401574803152000 ) ) ;
#5477 = DIRECTION ( 'NONE',  ( 0.0000000000000000000, 0.0000000000000000000, 1.000000000000000000 ) ) ;
#5478 = ADVANCED_FACE ( 'NONE', ( #3750, #10916 ), #9522, .T. ) ;
#5479 = CARTESIAN_POINT ( 'NONE',  ( 0.2196850393703138100, 0.01968503937007875700, -0.05787401574803151300 ) ) ;
#5480 = ORIENTED_EDGE ( 'NONE', *, *, #6469, .F. ) ;
#5481 = VECTOR ( 'NONE', #3841, 39.37007874015748100 ) ;
#5482 = DIRECTION ( 'NONE',  ( 0.0000000000000000000, 0.0000000000000000000, 1.000000000000000000 ) ) ;
#5483 = EDGE_CURVE ( 'NONE', #4722, #7722, #1332, .T. ) ;
#5484 = LINE ( 'NONE', #9935, #5211 ) ;
#5485 = ORIENTED_EDGE ( 'NONE', *, *, #8492, .T. ) ;
#5486 = AXIS2_PLACEMENT_3D ( 'NONE', #11558, #6201, #785 ) ;
#5487 = EDGE_LOOP ( 'NONE', ( #7865, #8554, #1153, #2663 ) ) ;
#5488 = CARTESIAN_POINT ( 'NONE',  ( 0.01968503937007930500, 0.1027140031889747100, -0.05787401574803152000 ) ) ;
#5489 = DIRECTION ( 'NONE',  ( 0.0000000000000000000, 0.0000000000000000000, 1.000000000000000000 ) ) ;
#5490 = EDGE_CURVE ( 'NONE', #7721, #9782, #4036, .T. ) ;
#5491 = PRODUCT_DEFINITION_FORMATION_WITH_SPECIFIED_SOURCE ( 'ANY', '', #7723, .NOT_KNOWN. ) ;
#5492 = CARTESIAN_POINT ( 'NONE',  ( 0.4895669291405921900, 0.2965351244331184700, -0.05787401574803151300 ) ) ;
#5493 = ORIENTED_EDGE ( 'NONE', *, *, #10220, .F. ) ;
#5494 = LINE ( 'NONE', #6685, #5783 ) ;
#5495 = CARTESIAN_POINT ( 'NONE',  ( 0.5748031496172922900, -0.1011811023110971000, -0.04212598425196851400 ) ) ;
#5496 = VECTOR ( 'NONE', #6663, 39.37007874015748100 ) ;
#5497 = ORIENTED_EDGE ( 'NONE', *, *, #8093, .F. ) ;
#5498 = CARTESIAN_POINT ( 'NONE',  ( 0.3401574803149611200, 0.01968503937007875700, -0.02834645669291339200 ) ) ;
#5499 = ORIENTED_EDGE ( 'NONE', *, *, #3527, .T. ) ;
#5500 = DIRECTION ( 'NONE',  ( 0.0000000000000000000, -0.6000000000000002000, 0.7999999999999998200 ) ) ;
#5501 = CARTESIAN_POINT ( 'NONE',  ( 0.6401574803149611100, 0.01968503937007875700, -0.02598425196850394400 ) ) ;
#5502 = PLANE ( 'NONE',  #3625 ) ;
#5503 = EDGE_CURVE ( 'NONE', #10558, #2088, #8287, .T. ) ;
#5504 = VECTOR ( 'NONE', #4218, 39.37007874015748100 ) ;
#5505 = DIRECTION ( 'NONE',  ( 0.2242946050387554200, 0.9745213851683853800, 0.0000000000000000000 ) ) ;
#5506 = ORIENTED_EDGE ( 'NONE', *, *, #7337, .T. ) ;
#5507 = FACE_OUTER_BOUND ( 'NONE', #3397, .T. ) ;
#5508 = VERTEX_POINT ( 'NONE', #5942 ) ;
#5509 = ORIENTED_EDGE ( 'NONE', *, *, #1401, .T. ) ;
#5510 = ORIENTED_EDGE ( 'NONE', *, *, #3208, .F. ) ;
#5511 = ORIENTED_EDGE ( 'NONE', *, *, #8179, .T. ) ;
#5512 = DIRECTION ( 'NONE',  ( -1.000000000000000000, 0.0000000000000000000, 0.0000000000000000000 ) ) ;
#5513 = DIRECTION ( 'NONE',  ( 0.9889363530076618100, -0.1483404520011492900, 0.0000000000000000000 ) ) ;
#5514 = CARTESIAN_POINT ( 'NONE',  ( 0.5921259842519689400, 0.05244063622047161900, -0.05787401574803151300 ) ) ;
#5515 = LINE ( 'NONE', #9945, #3157 ) ;
#5516 = DIRECTION ( 'NONE',  ( 0.0000000000000000000, 0.0000000000000000000, -1.000000000000000000 ) ) ;
#5517 = ORIENTED_EDGE ( 'NONE', *, *, #9517, .T. ) ;
#5518 = VECTOR ( 'NONE', #5954, 39.37007874015748100 ) ;
#5519 = VERTEX_POINT ( 'NONE', #5042 ) ;
#5520 = ORIENTED_EDGE ( 'NONE', *, *, #7375, .T. ) ;
#5521 = ORIENTED_EDGE ( 'NONE', *, *, #11614, .F. ) ;
#5522 = DIRECTION ( 'NONE',  ( 1.000000000000000000, 0.0000000000000000000, 0.0000000000000000000 ) ) ;
#5523 = EDGE_CURVE ( 'NONE', #8150, #8913, #5846, .T. ) ;
#5524 = EDGE_CURVE ( 'NONE', #7857, #10304, #1035, .T. ) ;
#5525 = DIRECTION ( 'NONE',  ( -1.000000000000000000, -0.0000000000000000000, 0.0000000000000000000 ) ) ;
#5526 = FACE_OUTER_BOUND ( 'NONE', #7611, .T. ) ;
#5527 = CARTESIAN_POINT ( 'NONE',  ( 0.3200787401574810000, 0.08959064362204623200, -0.05787401574803152000 ) ) ;
#5528 = LINE ( 'NONE', #1946, #3173 ) ;
#5529 = ORIENTED_EDGE ( 'NONE', *, *, #9529, .T. ) ;
#5530 = FACE_OUTER_BOUND ( 'NONE', #6459, .T. ) ;
#5531 = VERTEX_POINT ( 'NONE', #2378 ) ;
#5532 = ORIENTED_EDGE ( 'NONE', *, *, #4524, .T. ) ;
#5533 = PLANE ( 'NONE',  #6325 ) ;
#5534 = ADVANCED_FACE ( 'NONE', ( #3204 ), #4194, .F. ) ;
#5535 = VECTOR ( 'NONE', #2128, 39.37007874015748100 ) ;
#5536 = DIRECTION ( 'NONE',  ( 1.000000000000000000, 0.0000000000000000000, 0.0000000000000000000 ) ) ;
#5537 = EDGE_CURVE ( 'NONE', #8901, #10097, #10096, .T. ) ;
#5538 = ORIENTED_EDGE ( 'NONE', *, *, #11211, .F. ) ;
#5540 = ORIENTED_EDGE ( 'NONE', *, *, #4854, .F. ) ;
#5539 = AXIS2_PLACEMENT_3D ( 'NONE', #4961, #11242, #5867 ) ;
#5541 = CARTESIAN_POINT ( 'NONE',  ( 0.1196850393700793400, 0.3149606299212595600, -0.05787401574803152000 ) ) ;
#5543 = PLANE ( 'NONE',  #6150 ) ;
#5542 = VECTOR ( 'NONE', #1111, 39.37007874015748900 ) ;
#5544 = VERTEX_POINT ( 'NONE', #7836 ) ;
#5545 = ORIENTED_EDGE ( 'NONE', *, *, #846, .F. ) ;
#5547 = CARTESIAN_POINT ( 'NONE',  ( 0.1196850393700793400, 0.1027140031889747100, -0.05787401574803152000 ) ) ;
#5546 = AXIS2_PLACEMENT_3D ( 'NONE', #9250, #6555, #2944 ) ;
#5548 = VECTOR ( 'NONE', #6375, 39.37007874015748100 ) ;
#5549 = DIRECTION ( 'NONE',  ( -1.000000000000000000, 0.0000000000000000000, -0.0000000000000000000 ) ) ;
#5550 = ORIENTED_EDGE ( 'NONE', *, *, #10967, .T. ) ;
#5551 = ORIENTED_EDGE ( 'NONE', *, *, #5842, .T. ) ;
#5552 = VECTOR ( 'NONE', #8698, 39.37007874015748900 ) ;
#5553 = VERTEX_POINT ( 'NONE', #568 ) ;
#5554 = ORIENTED_EDGE ( 'NONE', *, *, #7679, .F. ) ;
#5555 = DIRECTION ( 'NONE',  ( 0.0000000000000000000, 0.0000000000000000000, 1.000000000000000000 ) ) ;
#5556 = EDGE_CURVE ( 'NONE', #67, #972, #5285, .T. ) ;
#5558 = DIRECTION ( 'NONE',  ( 0.0000000000000000000, 0.0000000000000000000, 1.000000000000000000 ) ) ;
#5557 = LINE ( 'NONE', #1459, #5848 ) ;
#5559 = DIRECTION ( 'NONE',  ( 0.0000000000000000000, 1.000000000000000000, 0.0000000000000000000 ) ) ;
#5560 = CARTESIAN_POINT ( 'NONE',  ( 0.6748031496062997200, -0.1011811023622053900, -0.05787401574803151300 ) ) ;
#5561 = AXIS2_PLACEMENT_3D ( 'NONE', #2893, #2936, #9239 ) ;
#5562 = CARTESIAN_POINT ( 'NONE',  ( 0.06909448818903168900, -0.1259842519682651000, -0.04212598425196851400 ) ) ;
#5563 = EDGE_CURVE ( 'NONE', #3616, #10116, #8010, .T. ) ;
#5564 = AXIS2_PLACEMENT_3D ( 'NONE', #6596, #1166, #7517 ) ;
#5565 = FACE_OUTER_BOUND ( 'NONE', #1331, .T. ) ;
#5566 = CARTESIAN_POINT ( 'NONE',  ( 0.5498548604404900300, 0.2525113748366326600, -0.05787401574803151300 ) ) ;
#5567 = ORIENTED_EDGE ( 'NONE', *, *, #10696, .T. ) ;
#5568 = ORIENTED_EDGE ( 'NONE', *, *, #2441, .T. ) ;
#5569 = CARTESIAN_POINT ( 'NONE',  ( 0.04015748031151758500, 0.2890203332166549300, -0.04212598425196852800 ) ) ;
#5570 = ORIENTED_EDGE ( 'NONE', *, *, #8317, .F. ) ;
#5571 = CARTESIAN_POINT ( 'NONE',  ( 0.1401574803112100300, 0.2890203332169820600, -0.05787401574803151300 ) ) ;
#5572 = FACE_OUTER_BOUND ( 'NONE', #1083, .T. ) ;
#5573 = DIRECTION ( 'NONE',  ( -0.0000000000000000000, 0.0000000000000000000, -1.000000000000000000 ) ) ;
#5574 = DIRECTION ( 'NONE',  ( -0.1483404520011492900, 0.9889363530076618100, 0.0000000000000000000 ) ) ;
#5575 = VECTOR ( 'NONE', #6815, 39.37007874015748100 ) ;
#5576 = AXIS2_PLACEMENT_3D ( 'NONE', #4837, #4795, #4781 ) ;
#5577 = ORIENTED_EDGE ( 'NONE', *, *, #4669, .F. ) ;
#5578 = CARTESIAN_POINT ( 'NONE',  ( 0.3999999999956742000, 0.1339366992112627800, -0.05787401574803150600 ) ) ;
#5579 = EDGE_CURVE ( 'NONE', #11261, #5249, #765, .T. ) ;
#5580 = ORIENTED_EDGE ( 'NONE', *, *, #2880, .T. ) ;
#5581 = CIRCLE ( 'NONE', #5864, 0.03976377952755907200 ) ;
#5582 = FACE_OUTER_BOUND ( 'NONE', #6412, .T. ) ;
#5583 = CARTESIAN_POINT ( 'NONE',  ( 0.6452755905511814400, 0.04456662047243921400, -0.05787401574803151300 ) ) ;
#5584 = ORIENTED_EDGE ( 'NONE', *, *, #795, .T. ) ;
#5585 = CARTESIAN_POINT ( 'NONE',  ( 0.4000000000000005200, 0.3149606299212595600, -0.04212598425196851400 ) ) ;
#5586 = FACE_OUTER_BOUND ( 'NONE', #9449, .T. ) ;
#5587 = CARTESIAN_POINT ( 'NONE',  ( 0.4921259842519688000, 0.05244063622047161900, -0.04212598425196852800 ) ) ;
#5588 = EDGE_LOOP ( 'NONE', ( #3341, #8831, #8401, #10139, #2495, #8553, #6053, #2684, #9838, #2555, #3011, #11691 ) ) ;
#5589 = EDGE_CURVE ( 'NONE', #6625, #9370, #9823, .T. ) ;
#5590 = LINE ( 'NONE', #7281, #10140 ) ;
#5591 = CARTESIAN_POINT ( 'NONE',  ( 0.2283464567330365800, 0.3346456692897225000, -0.01850393699924338100 ) ) ;
#5592 = PLANE ( 'NONE',  #6637 ) ;
#5593 = CARTESIAN_POINT ( 'NONE',  ( 0.5200787401574960000, 0.08959064361310129000, -0.04212598425196851400 ) ) ;
#5594 = ADVANCED_FACE ( 'NONE', ( #5002 ), #4724, .T. ) ;
#5595 = ORIENTED_EDGE ( 'NONE', *, *, #289, .F. ) ;
#5596 = DIRECTION ( 'NONE',  ( 0.0000000000000000000, 0.0000000000000000000, 1.000000000000000000 ) ) ;
#5597 = CARTESIAN_POINT ( 'NONE',  ( 0.07952755905511869900, 0.01968503937007875700, -0.05787401574803152000 ) ) ;
#5598 = FACE_OUTER_BOUND ( 'NONE', #10028, .T. ) ;
#5599 = ORIENTED_EDGE ( 'NONE', *, *, #1230, .F. ) ;
#5600 = ORIENTED_EDGE ( 'NONE', *, *, #8619, .T. ) ;
#5601 = VERTEX_POINT ( 'NONE', #2451 ) ;
#5602 = CARTESIAN_POINT ( 'NONE',  ( 0.5000000000000004400, 0.3149606299212595600, -0.04212598425196851400 ) ) ;
#5603 = EDGE_CURVE ( 'NONE', #10363, #2275, #470, .T. ) ;
#5604 = DIRECTION ( 'NONE',  ( 1.000000000000000000, 0.0000000000000000000, -0.0000000000000000000 ) ) ;
#5605 = ADVANCED_FACE ( 'NONE', ( #172 ), #10565, .F. ) ;
#5606 = CARTESIAN_POINT ( 'NONE',  ( 0.4242125984224024400, 0.1473225259857624300, -0.04212598425196851400 ) ) ;
#5607 = LINE ( 'NONE', #8649, #3254 ) ;
#5608 = DIRECTION ( 'NONE',  ( 0.0000000000000000000, -0.0000000000000000000, 1.000000000000000000 ) ) ;
#5609 = LINE ( 'NONE', #3575, #3255 ) ;
#5610 = DIRECTION ( 'NONE',  ( -0.0000000000000000000, -0.0000000000000000000, 1.000000000000000000 ) ) ;
#5611 = ORIENTED_EDGE ( 'NONE', *, *, #9336, .F. ) ;
#5612 = CARTESIAN_POINT ( 'NONE',  ( 0.6795275590551186400, 0.01968503937007875700, -0.07165354330708663400 ) ) ;
#5613 = DIRECTION ( 'NONE',  ( 0.2242946050387554200, 0.9745213851683853800, 0.0000000000000000000 ) ) ;
#5614 = ORIENTED_EDGE ( 'NONE', *, *, #1737, .T. ) ;
#5615 = DIRECTION ( 'NONE',  ( 0.0000000000000000000, 0.0000000000000000000, 1.000000000000000000 ) ) ;
#5616 = CIRCLE ( 'NONE', #6621, 0.007874015748031449100 ) ;
#5617 = DIRECTION ( 'NONE',  ( -1.000000000000000000, 0.0000000000000000000, 0.0000000000000000000 ) ) ;
#5618 = DIRECTION ( 'NONE',  ( 0.0000000000000000000, 0.0000000000000000000, -1.000000000000000000 ) ) ;
#5619 = FACE_OUTER_BOUND ( 'NONE', #8701, .T. ) ;
#5620 = EDGE_CURVE ( 'NONE', #10695, #10607, #11593, .T. ) ;
#5621 = ORIENTED_EDGE ( 'NONE', *, *, #962, .F. ) ;
#5622 = AXIS2_PLACEMENT_3D ( 'NONE', #1706, #8052, #2634 ) ;
#5623 = CARTESIAN_POINT ( 'NONE',  ( 0.3509842519685044700, -0.1259842519685042700, -0.05787401574803150600 ) ) ;
#5624 = EDGE_CURVE ( 'NONE', #5952, #8224, #9255, .T. ) ;
#5625 = AXIS2_PLACEMENT_3D ( 'NONE', #6978, #7890, #2475 ) ;
#5626 = ORIENTED_EDGE ( 'NONE', *, *, #10930, .T. ) ;
#5627 = LINE ( 'NONE', #6070, #8355 ) ;
#5628 = CARTESIAN_POINT ( 'NONE',  ( 0.6795275590551186400, 0.01968503937007875700, -0.05787401574803152000 ) ) ;
#5629 = CARTESIAN_POINT ( 'NONE',  ( 0.2088916445275591500, 0.2432397985433058200, -0.04212598425196851400 ) ) ;
#5630 = VECTOR ( 'NONE', #2407, 39.37007874015748100 ) ;
#5631 = PLANE ( 'NONE',  #5818 ) ;
#5632 = VERTEX_POINT ( 'NONE', #4313 ) ;
#5633 = DIRECTION ( 'NONE',  ( 1.000000000000000000, 0.0000000000000000000, 0.0000000000000000000 ) ) ;
#5634 = CARTESIAN_POINT ( 'NONE',  ( 0.2242125984224024900, 0.1473225259857622300, -0.04212598425196851400 ) ) ;
#5635 = EDGE_LOOP ( 'NONE', ( #7974, #8369, #1414, #1720 ) ) ;
#5636 = CARTESIAN_POINT ( 'NONE',  ( -0.4999999999999996100, 0.01968503937007875700, -0.04212598425196851400 ) ) ;
#5637 = EDGE_CURVE ( 'NONE', #9797, #441, #11320, .T. ) ;
#5638 = FACE_OUTER_BOUND ( 'NONE', #9058, .T. ) ;
#5639 = ORIENTED_EDGE ( 'NONE', *, *, #1176, .T. ) ;
#5640 = APPROVAL_ROLE ( '' ) ;
#5641 = CIRCLE ( 'NONE', #7032, 0.007874015748031584400 ) ;
#5642 = DIRECTION ( 'NONE',  ( 0.0000000000000000000, -0.0000000000000000000, 1.000000000000000000 ) ) ;
#5643 = EDGE_CURVE ( 'NONE', #11584, #1997, #2058, .T. ) ;
#5644 = ORIENTED_EDGE ( 'NONE', *, *, #9561, .F. ) ;
#5645 = VERTEX_POINT ( 'NONE', #1622 ) ;
#5646 = DIRECTION ( 'NONE',  ( 0.0000000000000000000, 0.0000000000000000000, -1.000000000000000000 ) ) ;
#5647 = VERTEX_POINT ( 'NONE', #2537 ) ;
#5648 = CARTESIAN_POINT ( 'NONE',  ( 0.2795275590551185000, 0.01968503937007875700, -0.04212598425196851400 ) ) ;
#5649 = CARTESIAN_POINT ( 'NONE',  ( 0.4913385826872136400, 0.3346456692916571800, -0.01850393698766892800 ) ) ;
#5650 = FACE_OUTER_BOUND ( 'NONE', #4545, .T. ) ;
#5651 = ADVANCED_FACE ( 'NONE', ( #6559 ), #8851, .T. ) ;
#5652 = EDGE_LOOP ( 'NONE', ( #3155, #10338, #5511, #1142 ) ) ;
#5653 = CARTESIAN_POINT ( 'NONE',  ( 0.1690944881890317200, -0.1259842519682651000, -0.04212598425196851400 ) ) ;
#5654 = VECTOR ( 'NONE', #9015, 39.37007874015748100 ) ;
#5655 = ORIENTED_EDGE ( 'NONE', *, *, #3099, .T. ) ;
#5656 = VERTEX_POINT ( 'NONE', #11466 ) ;
#5657 = ORIENTED_EDGE ( 'NONE', *, *, #11692, .T. ) ;
#5658 = AXIS2_PLACEMENT_3D ( 'NONE', #3978, #5770, #351 ) ;
#5659 = CARTESIAN_POINT ( 'NONE',  ( 0.3196850393703136200, 0.01968503937007875700, -0.05787401574803151300 ) ) ;
#5660 = CARTESIAN_POINT ( 'NONE',  ( 0.3283464567322838500, 0.3346456692913382100, -0.01850393700787315900 ) ) ;
#5661 = CARTESIAN_POINT ( 'NONE',  ( 0.1196850393711874900, 0.09221531551209047300, -0.05787401574803152000 ) ) ;
#5662 = EDGE_CURVE ( 'NONE', #11530, #9108, #7145, .T. ) ;
#5664 = CIRCLE ( 'NONE', #10071, 0.08668467618110251000 ) ;
#5663 = CARTESIAN_POINT ( 'NONE',  ( 0.5509842519685045300, -0.1259842519685042700, -0.04212598425196851400 ) ) ;
#5665 = LINE ( 'NONE', #4069, #3019 ) ;
#5666 = VERTEX_POINT ( 'NONE', #6148 ) ;
#5667 = CARTESIAN_POINT ( 'NONE',  ( 0.5509508751574807600, 0.2432397985433058200, -0.05787401574803151300 ) ) ;
#5668 = CYLINDRICAL_SURFACE ( 'NONE', #2865, 0.03976377952755907200 ) ;
#5669 = VERTEX_POINT ( 'NONE', #7952 ) ;
#5670 = ORIENTED_EDGE ( 'NONE', *, *, #4675, .T. ) ;
#5671 = ADVANCED_FACE ( 'NONE', ( #1775 ), #8006, .T. ) ;
#5672 = DIRECTION ( 'NONE',  ( 0.9745213851683854900, -0.2242946050387554500, 0.0000000000000000000 ) ) ;
#5673 = CARTESIAN_POINT ( 'NONE',  ( 0.1795275590551181600, 0.01968503937007875700, -0.05787401574803152000 ) ) ;
#5674 = CARTESIAN_POINT ( 'NONE',  ( 0.6200787401574808800, 0.06031465196850320500, -0.05787401574803151300 ) ) ;
#5675 = DIRECTION ( 'NONE',  ( 0.0000000000000000000, 1.000000000000000000, 0.0000000000000000000 ) ) ;
#5676 = FACE_OUTER_BOUND ( 'NONE', #1895, .T. ) ;
#5677 = CARTESIAN_POINT ( 'NONE',  ( 0.2577900044881893900, 0.2475998051574795600, -0.04212598425196851400 ) ) ;
#5678 = VECTOR ( 'NONE', #10610, 39.37007874015748100 ) ;
#5679 = ORIENTED_EDGE ( 'NONE', *, *, #3251, .T. ) ;
#5680 = ORIENTED_EDGE ( 'NONE', *, *, #8286, .F. ) ;
#5681 = DIRECTION ( 'NONE',  ( -1.000000000000000000, 0.0000000000000000000, 0.0000000000000000000 ) ) ;
#5682 = EDGE_CURVE ( 'NONE', #7361, #1911, #11046, .T. ) ;
#5683 = VECTOR ( 'NONE', #2367, 39.37007874015748100 ) ;
#5684 = ORIENTED_EDGE ( 'NONE', *, *, #5662, .T. ) ;
#5685 = VERTEX_POINT ( 'NONE', #6186 ) ;
#5686 = AXIS2_PLACEMENT_3D ( 'NONE', #1157, #8378, #226 ) ;
#5687 = MECHANICAL_CONTEXT ( 'NONE', #7463, 'mechanical' ) ;
#5688 = CARTESIAN_POINT ( 'NONE',  ( 0.3431102362598428800, 0.3149606299212593900, -0.03326771653543242300 ) ) ;
#5689 = VECTOR ( 'NONE', #7860, 39.37007874015748100 ) ;
#5690 = DIRECTION ( 'NONE',  ( -1.000000000000000000, -0.0000000000000000000, 0.0000000000000000000 ) ) ;
#5691 = CARTESIAN_POINT ( 'NONE',  ( 0.2000000000000005900, 0.01968503937007875700, -0.04212598425196851400 ) ) ;
#5692 = ORIENTED_EDGE ( 'NONE', *, *, #565, .F. ) ;
#5693 = VERTEX_POINT ( 'NONE', #11504 ) ;
#5694 = CARTESIAN_POINT ( 'NONE',  ( 0.4999999999956742400, 0.1339366992112627800, -0.05787401574803150600 ) ) ;
#5695 = EDGE_CURVE ( 'NONE', #5779, #11377, #1470, .T. ) ;
#5696 = LINE ( 'NONE', #11620, #10236 ) ;
#5697 = ORIENTED_EDGE ( 'NONE', *, *, #3688, .T. ) ;
#5698 = ORIENTED_EDGE ( 'NONE', *, *, #2608, .T. ) ;
#5699 = VECTOR ( 'NONE', #2664, 39.37007874015748100 ) ;
#5700 = CARTESIAN_POINT ( 'NONE',  ( 0.6242125984211954700, 0.1473225259866370900, -0.05787401574803151300 ) ) ;
#5701 = EDGE_CURVE ( 'NONE', #1594, #11686, #3888, .T. ) ;
#5702 = LINE ( 'NONE', #2843, #7863 ) ;
#5703 = AXIS2_PLACEMENT_3D ( 'NONE', #1241, #3084, #3980 ) ;
#5704 = CARTESIAN_POINT ( 'NONE',  ( 0.5509508751574807600, 0.2432397985433058200, -0.04212598425196851400 ) ) ;
#5705 = CARTESIAN_POINT ( 'NONE',  ( 0.4279527559055122900, 0.06031465196850320500, -0.05787401574803151300 ) ) ;
#5707 = DIRECTION ( 'NONE',  ( 0.0000000000000000000, 0.0000000000000000000, -1.000000000000000000 ) ) ;
#5706 = AXIS2_PLACEMENT_3D ( 'NONE', #157, #6499, #1074 ) ;
#5708 = ORIENTED_EDGE ( 'NONE', *, *, #5316, .T. ) ;
#5709 = ORIENTED_EDGE ( 'NONE', *, *, #8790, .F. ) ;
#5710 = VERTEX_POINT ( 'NONE', #10707 ) ;
#5711 = CARTESIAN_POINT ( 'NONE',  ( 0.3509508751574808000, 0.2432397985433058200, -0.04212598425196852800 ) ) ;
#5712 = VECTOR ( 'NONE', #1185, 39.37007874015748100 ) ;
#5713 = CARTESIAN_POINT ( 'NONE',  ( 0.1577900044881893600, 0.2475998051574795600, -0.05787401574803151300 ) ) ;
#5714 = VECTOR ( 'NONE', #9321, 39.37007874015748100 ) ;
#5715 = CARTESIAN_POINT ( 'NONE',  ( 0.5445558501166963800, 0.1112594900334815300, -0.05787401574803151300 ) ) ;
#5716 = CIRCLE ( 'NONE', #7810, 0.09219577657480328100 ) ;
#5717 = EDGE_LOOP ( 'NONE', ( #11310, #4559, #5173, #8437 ) ) ;
#5718 = EDGE_CURVE ( 'NONE', #8860, #5115, #3606, .T. ) ;
#5719 = CARTESIAN_POINT ( 'NONE',  ( 0.2921259842519689000, 0.05244063622047161900, -0.05787401574803151300 ) ) ;
#5720 = CARTESIAN_POINT ( 'NONE',  ( 0.2279527559055122300, 0.05244063622047148700, -0.04212598425196851400 ) ) ;
#5721 = ORIENTED_EDGE ( 'NONE', *, *, #3830, .T. ) ;
#5722 = ADVANCED_FACE ( 'NONE', ( #10778 ), #806, .T. ) ;
#5723 = PLANE ( 'NONE',  #4065 ) ;
#5724 = AXIS2_PLACEMENT_3D ( 'NONE', #8297, #2879, #9184 ) ;
#5725 = DIRECTION ( 'NONE',  ( -1.000000000000000000, -1.030528797609984000E-014, 0.0000000000000000000 ) ) ;
#5726 = CIRCLE ( 'NONE', #3252, 0.007874015748031449100 ) ;
#5727 = EDGE_CURVE ( 'NONE', #8726, #3509, #8149, .T. ) ;
#5728 = AXIS2_PLACEMENT_3D ( 'NONE', #11687, #6340, #916 ) ;
#5729 = DIRECTION ( 'NONE',  ( -1.000000000000000000, 0.0000000000000000000, 0.0000000000000000000 ) ) ;
#5730 = CIRCLE ( 'NONE', #5576, 0.007874015748031449100 ) ;
#5731 = DIRECTION ( 'NONE',  ( -0.0000000000000000000, 0.0000000000000000000, -1.000000000000000000 ) ) ;
#5732 = ORIENTED_EDGE ( 'NONE', *, *, #7661, .F. ) ;
#5733 = PERSON_AND_ORGANIZATION_ROLE ( 'classification_officer' ) ;
#5734 = CARTESIAN_POINT ( 'NONE',  ( -0.4999999999999996100, 0.01968503937007875700, -0.05787401574803151300 ) ) ;
#5735 = CIRCLE ( 'NONE', #5472, 0.007874015748031449100 ) ;
#5736 = DIRECTION ( 'NONE',  ( -1.000000000000000000, 0.0000000000000000000, 0.0000000000000000000 ) ) ;
#5737 = ADVANCED_FACE ( 'NONE', ( #10509 ), #8965, .T. ) ;
#5738 = DIRECTION ( 'NONE',  ( -1.000000000000000000, 0.0000000000000000000, 0.0000000000000000000 ) ) ;
#5739 = AXIS2_PLACEMENT_3D ( 'NONE', #4875, #4872, #4791 ) ;
#5740 = EDGE_LOOP ( 'NONE', ( #2028, #2458, #9784, #5600 ) ) ;
#5741 = LINE ( 'NONE', #1468, #657 ) ;
#5742 = DIRECTION ( 'NONE',  ( -0.0000000000000000000, -1.000000000000000000, 0.0000000000000000000 ) ) ;
#5743 = EDGE_CURVE ( 'NONE', #3141, #901, #3329, .T. ) ;
#5744 = ORIENTED_EDGE ( 'NONE', *, *, #583, .F. ) ;
#5745 = DATE_AND_TIME ( #8184, #10553 ) ;
#5746 = DIRECTION ( 'NONE',  ( 0.0000000000000000000, 0.0000000000000000000, 1.000000000000000000 ) ) ;
#5747 = LINE ( 'NONE', #8117, #10554 ) ;
#5748 = CARTESIAN_POINT ( 'NONE',  ( 0.5765748031440914900, 0.3149606299239531800, -0.06673228346591374100 ) ) ;
#5749 = EDGE_LOOP ( 'NONE', ( #3151, #6177, #7575, #4424 ) ) ;
#5750 = CARTESIAN_POINT ( 'NONE',  ( 0.6690944881890319400, -0.1259842519682651300, -0.05787401574803151300 ) ) ;
#5751 = ORIENTED_EDGE ( 'NONE', *, *, #6356, .T. ) ;
#5752 = ORIENTED_EDGE ( 'NONE', *, *, #9888, .F. ) ;
#5753 = CARTESIAN_POINT ( 'NONE',  ( 0.3826771653543312700, 0.05244063622047148700, -0.05787401574803151300 ) ) ;
#5754 = CIRCLE ( 'NONE', #3337, 0.03976377952755894000 ) ;
#5755 = VECTOR ( 'NONE', #2030, 39.37007874015748900 ) ;
#5756 = EDGE_CURVE ( 'NONE', #1671, #173, #5696, .T. ) ;
#5757 = CARTESIAN_POINT ( 'NONE',  ( 0.7000000000000005100, 0.01968503937007875700, -0.05787401574803152000 ) ) ;
#5758 = PLANE ( 'NONE',  #11591 ) ;
#5759 = EDGE_LOOP ( 'NONE', ( #6678, #2513, #4870, #6844 ) ) ;
#5760 = CARTESIAN_POINT ( 'NONE',  ( 0.3577900044881894300, 0.2475998051574795600, -0.04212598425196852800 ) ) ;
#5761 = DIRECTION ( 'NONE',  ( -1.000000000000000000, 0.0000000000000000000, 0.0000000000000000000 ) ) ;
#5762 = DIRECTION ( 'NONE',  ( 0.0000000000000000000, 0.0000000000000000000, -1.000000000000000000 ) ) ;
#5763 = ORIENTED_EDGE ( 'NONE', *, *, #2120, .F. ) ;
#5764 = LINE ( 'NONE', #5438, #1254 ) ;
#5765 = DIRECTION ( 'NONE',  ( 0.0000000000000000000, -1.000000000000000000, -0.0000000000000000000 ) ) ;
#5766 = CARTESIAN_POINT ( 'NONE',  ( 0.5196850393700792600, 0.1027140031889747100, -0.05787401574803152000 ) ) ;
#5767 = VECTOR ( 'NONE', #6895, 39.37007874015748900 ) ;
#5768 = ORIENTED_EDGE ( 'NONE', *, *, #245, .F. ) ;
#5769 = EDGE_CURVE ( 'NONE', #4627, #4053, #4172, .T. ) ;
#5770 = DIRECTION ( 'NONE',  ( 0.7999999999999998200, -0.6000000000000002000, 0.0000000000000000000 ) ) ;
#5771 = DIRECTION ( 'NONE',  ( -0.0000000000000000000, -0.0000000000000000000, -1.000000000000000000 ) ) ;
#5772 = ORIENTED_EDGE ( 'NONE', *, *, #9807, .T. ) ;
#5773 = CARTESIAN_POINT ( 'NONE',  ( 0.6718503937032900300, 0.2287793731482753200, -0.05787401574803151300 ) ) ;
#5774 = VECTOR ( 'NONE', #2948, 39.37007874015748100 ) ;
#5775 = LINE ( 'NONE', #6369, #4935 ) ;
#5776 = ORIENTED_EDGE ( 'NONE', *, *, #5967, .F. ) ;
#5777 = ADVANCED_FACE ( 'NONE', ( #889 ), #11655, .T. ) ;
#5778 = PLANE ( 'NONE',  #10410 ) ;
#5779 = VERTEX_POINT ( 'NONE', #4494 ) ;
#5780 = DIRECTION ( 'NONE',  ( 0.0000000000000000000, -0.0000000000000000000, -1.000000000000000000 ) ) ;
#5781 = CARTESIAN_POINT ( 'NONE',  ( 0.3795275590944885400, -0.1259842519685042700, -0.04212598425196851400 ) ) ;
#5782 = ORIENTED_EDGE ( 'NONE', *, *, #7483, .T. ) ;
#5783 = VECTOR ( 'NONE', #7618, 39.37007874015748100 ) ;
#5784 = CARTESIAN_POINT ( 'NONE',  ( 0.2088916445275591500, 0.2432397985433058200, -0.05787401574803151300 ) ) ;
#5785 = EDGE_CURVE ( 'NONE', #6348, #6538, #7856, .T. ) ;
#5786 = LINE ( 'NONE', #9400, #10035 ) ;
#5787 = EDGE_LOOP ( 'NONE', ( #9955, #616, #5418, #7858 ) ) ;
#5788 = AXIS2_PLACEMENT_3D ( 'NONE', #7834, #4191, #6917 ) ;
#5789 = CARTESIAN_POINT ( 'NONE',  ( 0.07657480314409137500, 0.3149606299239530700, -0.06673228346591364400 ) ) ;
#5790 = ORIENTED_EDGE ( 'NONE', *, *, #6853, .F. ) ;
#5791 = EDGE_CURVE ( 'NONE', #2567, #8598, #614, .T. ) ;
#5792 = AXIS2_PLACEMENT_3D ( 'NONE', #7882, #8778, #3375 ) ;
#5793 = ADVANCED_FACE ( 'NONE', ( #311 ), #7277, .T. ) ;
#5794 = DIRECTION ( 'NONE',  ( 0.0000000000000000000, 0.0000000000000000000, 1.000000000000000000 ) ) ;
#5795 = CYLINDRICAL_SURFACE ( 'NONE', #1856, 0.007874015748031449100 ) ;
#5796 = DIRECTION ( 'NONE',  ( 0.04217878999398427100, 0.9991100788575016900, 0.0000000000000000000 ) ) ;
#5797 = VERTEX_POINT ( 'NONE', #6345 ) ;
#5798 = CARTESIAN_POINT ( 'NONE',  ( -0.4999999999999996100, 0.01968503937007875700, -0.05787401574803152000 ) ) ;
#5799 = VECTOR ( 'NONE', #321, 39.37007874015748100 ) ;
#5800 = VERTEX_POINT ( 'NONE', #919 ) ;
#5801 = EDGE_LOOP ( 'NONE', ( #1466, #11044, #1772, #11319 ) ) ;
#5802 = ORIENTED_EDGE ( 'NONE', *, *, #4276, .T. ) ;
#5803 = ORIENTED_EDGE ( 'NONE', *, *, #401, .F. ) ;
#5804 = EDGE_CURVE ( 'NONE', #4088, #9436, #2764, .T. ) ;
#5805 = LINE ( 'NONE', #11656, #3713 ) ;
#5806 = ORIENTED_EDGE ( 'NONE', *, *, #475, .T. ) ;
#5807 = VECTOR ( 'NONE', #6889, 39.37007874015748900 ) ;
#5808 = CARTESIAN_POINT ( 'NONE',  ( 0.3111870956299217000, 0.2617829512992116400, -0.04212598425196852800 ) ) ;
#5809 = EDGE_LOOP ( 'NONE', ( #2256, #92, #9733, #10012 ) ) ;
#5810 = ORIENTED_EDGE ( 'NONE', *, *, #9578, .F. ) ;
#5811 = DIRECTION ( 'NONE',  ( 1.000000000000000000, 5.876167051565095900E-011, -0.0000000000000000000 ) ) ;
#5812 = DIRECTION ( 'NONE',  ( -0.04217878995898858400, -0.9991100788589790700, 0.0000000000000000000 ) ) ;
#5813 = DIRECTION ( 'NONE',  ( 0.0000000000000000000, 0.0000000000000000000, 1.000000000000000000 ) ) ;
#5814 = VECTOR ( 'NONE', #2755, 39.37007874015748100 ) ;
#5815 = DIRECTION ( 'NONE',  ( -0.0000000000000000000, -1.000000000000000000, 0.0000000000000000000 ) ) ;
#5816 = VECTOR ( 'NONE', #1006, 39.37007874015748100 ) ;
#5817 = ORIENTED_EDGE ( 'NONE', *, *, #9573, .T. ) ;
#5818 = AXIS2_PLACEMENT_3D ( 'NONE', #11027, #2990, #9295 ) ;
#5819 = DIRECTION ( 'NONE',  ( 1.000000000000000000, 0.0000000000000000000, 0.0000000000000000000 ) ) ;
#5821 = DIRECTION ( 'NONE',  ( 0.0000000000000000000, 0.0000000000000000000, -1.000000000000000000 ) ) ;
#5820 = LINE ( 'NONE', #1809, #8262 ) ;
#5822 = CARTESIAN_POINT ( 'NONE',  ( 0.4279527559055122900, 0.05244063622047148700, -0.05787401574803151300 ) ) ;
#5823 = ORIENTED_EDGE ( 'NONE', *, *, #9442, .F. ) ;
#5824 = EDGE_LOOP ( 'NONE', ( #9206, #11545, #4677, #128 ) ) ;
#5825 = EDGE_CURVE ( 'NONE', #3604, #194, #5135, .T. ) ;
#5826 = DIRECTION ( 'NONE',  ( 1.000000000000000000, 0.0000000000000000000, -0.0000000000000000000 ) ) ;
#5827 = LINE ( 'NONE', #6620, #3733 ) ;
#5828 = DIRECTION ( 'NONE',  ( -1.000000000000000000, 0.0000000000000000000, 0.0000000000000000000 ) ) ;
#5829 = ORIENTED_EDGE ( 'NONE', *, *, #11076, .F. ) ;
#5830 = ORIENTED_EDGE ( 'NONE', *, *, #6051, .T. ) ;
#5831 = DIRECTION ( 'NONE',  ( 0.04217878999398427100, -0.9991100788575016900, 0.0000000000000000000 ) ) ;
#5832 = VECTOR ( 'NONE', #11003, 39.37007874015748100 ) ;
#5833 = ORIENTED_EDGE ( 'NONE', *, *, #3381, .T. ) ;
#5834 = ORIENTED_EDGE ( 'NONE', *, *, #11158, .T. ) ;
#5835 = DIRECTION ( 'NONE',  ( 1.000000000000000000, 0.0000000000000000000, 0.0000000000000000000 ) ) ;
#5836 = CARTESIAN_POINT ( 'NONE',  ( 0.6568533023228351200, 0.2494168253937005800, -0.05787401574803151300 ) ) ;
#5837 = DIRECTION ( 'NONE',  ( -1.000000000000000000, -8.587739980083170600E-015, 0.0000000000000000000 ) ) ;
#5838 = ADVANCED_FACE ( 'NONE', ( #26 ), #1855, .T. ) ;
#5839 = DIRECTION ( 'NONE',  ( 0.0000000000000000000, 0.0000000000000000000, 1.000000000000000000 ) ) ;
#5841 = LINE ( 'NONE', #7263, #10367 ) ;
#5840 = CARTESIAN_POINT ( 'NONE',  ( 0.6748031496172922600, -0.1011811023110971400, -0.04212598425196851400 ) ) ;
#5842 = EDGE_CURVE ( 'NONE', #9779, #5710, #6997, .T. ) ;
#5844 = ORIENTED_EDGE ( 'NONE', *, *, #1676, .T. ) ;
#5843 = AXIS2_PLACEMENT_3D ( 'NONE', #8326, #2916, #9216 ) ;
#5845 = CARTESIAN_POINT ( 'NONE',  ( 0.5452755905511815800, -0.1011811023622053900, -0.05787401574803150600 ) ) ;
#5846 = LINE ( 'NONE', #6879, #10373 ) ;
#5847 = ORIENTED_EDGE ( 'NONE', *, *, #2678, .F. ) ;
#5848 = VECTOR ( 'NONE', #9564, 39.37007874015748100 ) ;
#5849 = DIRECTION ( 'NONE',  ( 0.0000000000000000000, 0.0000000000000000000, 1.000000000000000000 ) ) ;
#5850 = CARTESIAN_POINT ( 'NONE',  ( 0.3509508751574808000, 0.2432397985433058200, -0.04212598425196851400 ) ) ;
#5851 = ADVANCED_FACE ( 'NONE', ( #9394 ), #2809, .F. ) ;
#5852 = DIRECTION ( 'NONE',  ( 0.0000000000000000000, 0.0000000000000000000, 1.000000000000000000 ) ) ;
#5853 = VECTOR ( 'NONE', #2595, 39.37007874015748100 ) ;
#5854 = CARTESIAN_POINT ( 'NONE',  ( 0.3895669291405922100, 0.2965351244331184700, -0.05787401574803151300 ) ) ;
#5855 = ORIENTED_EDGE ( 'NONE', *, *, #6702, .T. ) ;
#5856 = ORIENTED_EDGE ( 'NONE', *, *, #8138, .T. ) ;
#5857 = CARTESIAN_POINT ( 'NONE',  ( 0.3200787401574809500, 0.08959064362204691200, -0.05787401574803152000 ) ) ;
#5858 = VERTEX_POINT ( 'NONE', #10894 ) ;
#5859 = EDGE_CURVE ( 'NONE', #4342, #10685, #4581, .T. ) ;
#5860 = VECTOR ( 'NONE', #2680, 39.37007874015748900 ) ;
#5861 = AXIS2_PLACEMENT_3D ( 'NONE', #8514, #11179, #5796 ) ;
#5862 = CARTESIAN_POINT ( 'NONE',  ( 0.1577900044881893600, 0.2475998051574795600, -0.04212598425196851400 ) ) ;
#5863 = EDGE_CURVE ( 'NONE', #6378, #5041, #2191, .T. ) ;
#5865 = DIRECTION ( 'NONE',  ( -1.000000000000000000, 0.0000000000000000000, 0.0000000000000000000 ) ) ;
#5864 = AXIS2_PLACEMENT_3D ( 'NONE', #4630, #10924, #5522 ) ;
#5866 = LINE ( 'NONE', #4128, #3490 ) ;
#5867 = DIRECTION ( 'NONE',  ( 1.000000000000000000, 0.0000000000000000000, 0.0000000000000000000 ) ) ;
#5868 = ORIENTED_EDGE ( 'NONE', *, *, #9846, .F. ) ;
#5869 = VERTEX_POINT ( 'NONE', #996 ) ;
#5870 = DIRECTION ( 'NONE',  ( -0.0000000000000000000, -0.0000000000000000000, 1.000000000000000000 ) ) ;
#5871 = VECTOR ( 'NONE', #4561, 39.37007874015748100 ) ;
#5872 = VECTOR ( 'NONE', #5214, 39.37007874015748100 ) ;
#5873 = EDGE_CURVE ( 'NONE', #6359, #208, #1909, .T. ) ;
#5874 = DIRECTION ( 'NONE',  ( 1.000000000000000000, 0.0000000000000000000, -0.0000000000000000000 ) ) ;
#5875 = CARTESIAN_POINT ( 'NONE',  ( 0.03740157480314999800, 0.05244063622047066800, -0.04212598425196851400 ) ) ;
#5876 = DIRECTION ( 'NONE',  ( -1.000000000000000000, 0.0000000000000000000, 0.0000000000000000000 ) ) ;
#5877 = VERTEX_POINT ( 'NONE', #8265 ) ;
#5878 = EDGE_CURVE ( 'NONE', #4926, #9265, #6703, .T. ) ;
#5879 = CC_DESIGN_PERSON_AND_ORGANIZATION_ASSIGNMENT ( #2233, #10249, ( #4087 ) ) ;
#5880 = CARTESIAN_POINT ( 'NONE',  ( 0.6279685040944887900, 0.3149606299212595600, -0.06673228346456693000 ) ) ;
#5881 = VECTOR ( 'NONE', #5742, 39.37007874015748100 ) ;
#5882 = VERTEX_POINT ( 'NONE', #10052 ) ;
#5883 = ORIENTED_EDGE ( 'NONE', *, *, #7068, .F. ) ;
#5884 = CARTESIAN_POINT ( 'NONE',  ( 0.6690944881889768800, -0.1259842519685042700, -0.05787401574803151300 ) ) ;
#5885 = ORIENTED_EDGE ( 'NONE', *, *, #7117, .T. ) ;
#5886 = CARTESIAN_POINT ( 'NONE',  ( 0.3283464567322838500, 0.3346456692913383200, -0.08149606299212601400 ) ) ;
#5888 = AXIS2_PLACEMENT_3D ( 'NONE', #835, #1107, #1690 ) ;
#5887 = CARTESIAN_POINT ( 'NONE',  ( 0.4482283464474976500, 0.2287793732319345100, -0.04212598425196851400 ) ) ;
#5889 = VECTOR ( 'NONE', #8657, 39.37007874015748900 ) ;
#5890 = DIRECTION ( 'NONE',  ( -1.000000000000000000, 0.0000000000000000000, 0.0000000000000000000 ) ) ;
#5891 = VERTEX_POINT ( 'NONE', #3747 ) ;
#5892 = EDGE_CURVE ( 'NONE', #7020, #9519, #4310, .T. ) ;
#5893 = ADVANCED_FACE ( 'NONE', ( #4022 ), #6456, .T. ) ;
#5894 = EDGE_LOOP ( 'NONE', ( #6679, #11429, #2169, #9371 ) ) ;
#5895 = DIRECTION ( 'NONE',  ( -0.0000000000000000000, -0.0000000000000000000, -1.000000000000000000 ) ) ;
#5896 = ORIENTED_EDGE ( 'NONE', *, *, #747, .T. ) ;
#5897 = CARTESIAN_POINT ( 'NONE',  ( 0.5279527559055122700, 0.05244063622047148700, -0.04212598425196851400 ) ) ;
#5898 = CARTESIAN_POINT ( 'NONE',  ( 0.5498548604404900300, 0.2525113748366326100, -0.04212598425196852800 ) ) ;
#5899 = DIRECTION ( 'NONE',  ( 0.0000000000000000000, 1.000000000000000000, 0.0000000000000000000 ) ) ;
#5900 = CYLINDRICAL_SURFACE ( 'NONE', #4755, 0.09219577657480328100 ) ;
#5901 = FACE_OUTER_BOUND ( 'NONE', #10010, .T. ) ;
#5902 = CARTESIAN_POINT ( 'NONE',  ( 0.1196850393704498400, 0.09221531551197984000, -0.05787401574803152000 ) ) ;
#5903 = ORIENTED_EDGE ( 'NONE', *, *, #4504, .F. ) ;
#5904 = DIRECTION ( 'NONE',  ( 0.0000000000000000000, 0.0000000000000000000, -1.000000000000000000 ) ) ;
#5905 = ADVANCED_FACE ( 'NONE', ( #10902 ), #4680, .F. ) ;
#5906 = VERTEX_POINT ( 'NONE', #10092 ) ;
#5907 = EDGE_CURVE ( 'NONE', #6890, #10313, #11450, .T. ) ;
#5908 = EDGE_CURVE ( 'NONE', #10823, #8427, #6124, .T. ) ;
#5909 = LINE ( 'NONE', #10542, #10433 ) ;
#5910 = DIRECTION ( 'NONE',  ( 0.03123475221706918000, 0.9995120760920992400, 0.0000000000000000000 ) ) ;
#5911 = VECTOR ( 'NONE', #1141, 39.37007874015748100 ) ;
#5912 = DIRECTION ( 'NONE',  ( 0.03123475200308707700, 0.9995120760987861200, 0.0000000000000000000 ) ) ;
#5913 = ORIENTED_EDGE ( 'NONE', *, *, #10007, .F. ) ;
#5914 = DIRECTION ( 'NONE',  ( 0.0000000000000000000, 0.0000000000000000000, -1.000000000000000000 ) ) ;
#5915 = CARTESIAN_POINT ( 'NONE',  ( 0.5795275590551185500, 0.01968503937007875700, -0.04212598425196851400 ) ) ;
#5916 = ORIENTED_EDGE ( 'NONE', *, *, #4064, .F. ) ;
#5917 = VERTEX_POINT ( 'NONE', #10137 ) ;
#5918 = CARTESIAN_POINT ( 'NONE',  ( 0.2826771653543312400, 0.04456662047243921400, -0.04212598425196852800 ) ) ;
#5919 = EDGE_CURVE ( 'NONE', #4715, #108, #8276, .T. ) ;
#5920 = LINE ( 'NONE', #1509, #3542 ) ;
#5921 = DIRECTION ( 'NONE',  ( 1.000000000000000000, 0.0000000000000000000, 0.0000000000000000000 ) ) ;
#5922 = LINE ( 'NONE', #4141, #10720 ) ;
#5923 = DIRECTION ( 'NONE',  ( 1.000000000000000000, 0.0000000000000000000, -0.0000000000000000000 ) ) ;
#5924 = EDGE_LOOP ( 'NONE', ( #3701, #6078, #3985, #8792 ) ) ;
#5925 = CARTESIAN_POINT ( 'NONE',  ( 0.4755228900811403500, 0.1112594902469206000, -0.04212598425196852800 ) ) ;
#5926 = EDGE_CURVE ( 'NONE', #3596, #4890, #8829, .T. ) ;
#5927 = EDGE_LOOP ( 'NONE', ( #10747, #4125, #11683, #7403 ) ) ;
#5928 = CARTESIAN_POINT ( 'NONE',  ( 0.4196850393700792800, 0.3149606299212595600, -0.04212598425196851400 ) ) ;
#5929 = CARTESIAN_POINT ( 'NONE',  ( 0.1000000000000003000, 0.06031465196873454800, -0.05787401574803151300 ) ) ;
#5930 = DIRECTION ( 'NONE',  ( 0.9554746912769989100, -0.2950730660855439600, 0.0000000000000000000 ) ) ;
#5931 = AXIS2_PLACEMENT_3D ( 'NONE', #2576, #8882, #3486 ) ;
#5932 = LINE ( 'NONE', #3582, #1123 ) ;
#5933 = ORIENTED_EDGE ( 'NONE', *, *, #11573, .F. ) ;
#5934 = CARTESIAN_POINT ( 'NONE',  ( 0.2196850393700793500, 0.1027140031889747100, -0.05787401574803152000 ) ) ;
#5935 = CYLINDRICAL_SURFACE ( 'NONE', #5788, 0.007874015748031449100 ) ;
#5936 = VERTEX_POINT ( 'NONE', #7467 ) ;
#5937 = ORIENTED_EDGE ( 'NONE', *, *, #7981, .F. ) ;
#5938 = CARTESIAN_POINT ( 'NONE',  ( 0.4196850393700792800, 0.1027140031889747100, -0.05787401574803152000 ) ) ;
#5939 = DIRECTION ( 'NONE',  ( -1.000000000000000000, 5.152643988049936000E-015, 0.0000000000000000000 ) ) ;
#5940 = DIRECTION ( 'NONE',  ( 0.2950730660855439000, 0.9554746912769988000, 0.0000000000000000000 ) ) ;
#5941 = ORIENTED_EDGE ( 'NONE', *, *, #4379, .F. ) ;
#5942 = CARTESIAN_POINT ( 'NONE',  ( 0.3765748031496069000, 0.3149606299212595600, -0.06673228346456691600 ) ) ;
#5943 = EDGE_CURVE ( 'NONE', #9799, #5457, #10641, .T. ) ;
#5944 = VECTOR ( 'NONE', #6540, 39.37007874015748100 ) ;
#5945 = ORIENTED_EDGE ( 'NONE', *, *, #10901, .F. ) ;
#5946 = FACE_OUTER_BOUND ( 'NONE', #453, .T. ) ;
#5947 = EDGE_CURVE ( 'NONE', #5601, #5090, #1023, .T. ) ;
#5948 = ORIENTED_EDGE ( 'NONE', *, *, #2420, .F. ) ;
#5949 = ORIENTED_EDGE ( 'NONE', *, *, #7306, .F. ) ;
#5950 = VERTEX_POINT ( 'NONE', #4763 ) ;
#5951 = DIRECTION ( 'NONE',  ( 1.000000000000000000, 0.0000000000000000000, 0.0000000000000000000 ) ) ;
#5952 = VERTEX_POINT ( 'NONE', #10174 ) ;
#5953 = ADVANCED_FACE ( 'NONE', ( #8003 ), #11042, .F. ) ;
#5954 = DIRECTION ( 'NONE',  ( 0.0000000000000000000, 1.000000000000000000, 0.0000000000000000000 ) ) ;
#5955 = VECTOR ( 'NONE', #4821, 39.37007874015748100 ) ;
#5956 = CARTESIAN_POINT ( 'NONE',  ( 0.6718503937007880300, 0.2287793732283450500, -0.05787401574803151300 ) ) ;
#5957 = LINE ( 'NONE', #3992, #3579 ) ;
#5958 = CARTESIAN_POINT ( 'NONE',  ( 0.2795275590551185000, 0.01968503937007875700, -0.05787401574803152000 ) ) ;
#5959 = ORIENTED_EDGE ( 'NONE', *, *, #1887, .T. ) ;
#5960 = LINE ( 'NONE', #3928, #5113 ) ;
#5961 = ORIENTED_EDGE ( 'NONE', *, *, #1230, .T. ) ;
#5962 = ORIENTED_EDGE ( 'NONE', *, *, #1930, .F. ) ;
#5963 = CARTESIAN_POINT ( 'NONE',  ( 0.1895669291405918400, 0.2965351244331185800, -0.05787401574803151300 ) ) ;
#5964 = ORIENTED_EDGE ( 'NONE', *, *, #3836, .T. ) ;
#5965 = CARTESIAN_POINT ( 'NONE',  ( 0.5690944881889767900, -0.1259842519685042700, -0.05787401574803150600 ) ) ;
#5966 = CARTESIAN_POINT ( 'NONE',  ( 0.5000000000000004400, 0.3149606299212595600, -0.02834645669291339200 ) ) ;
#5967 = EDGE_CURVE ( 'NONE', #8284, #5645, #3460, .T. ) ;
#5968 = CIRCLE ( 'NONE', #600, 0.03976377952755907200 ) ;
#5969 = VECTOR ( 'NONE', #4280, 39.37007874015748100 ) ;
#5970 = ADVANCED_FACE ( 'NONE', ( #5273 ), #1155, .F. ) ;
#5971 = VERTEX_POINT ( 'NONE', #3004 ) ;
#5972 = ORIENTED_EDGE ( 'NONE', *, *, #3399, .F. ) ;
#5973 = CARTESIAN_POINT ( 'NONE',  ( 0.2279527559055122300, 0.05244063622047148700, -0.05787401574803151300 ) ) ;
#5974 = VECTOR ( 'NONE', #1433, 39.37007874015748100 ) ;
#5975 = ORIENTED_EDGE ( 'NONE', *, *, #4931, .F. ) ;
#5976 = ORIENTED_EDGE ( 'NONE', *, *, #7904, .F. ) ;
#5977 = CARTESIAN_POINT ( 'NONE',  ( 0.5509842519810432800, -0.1259842519659371600, -0.05787401574803151300 ) ) ;
#5978 = DIRECTION ( 'NONE',  ( -0.5144957551962235900, -0.6859943402694641500, 0.5144957560595910800 ) ) ;
#5979 = DIRECTION ( 'NONE',  ( 0.0000000000000000000, -0.0000000000000000000, -1.000000000000000000 ) ) ;
#5980 = DIRECTION ( 'NONE',  ( 0.0000000000000000000, -0.0000000000000000000, 1.000000000000000000 ) ) ;
#5981 = LINE ( 'NONE', #3365, #6275 ) ;
#5982 = DIRECTION ( 'NONE',  ( 0.0000000000000000000, 1.000000000000000000, 0.0000000000000000000 ) ) ;
#5983 = DIRECTION ( 'NONE',  ( 0.0000000000000000000, 0.0000000000000000000, 1.000000000000000000 ) ) ;
#5984 = DIRECTION ( 'NONE',  ( 0.0000000000000000000, -1.000000000000000000, -0.0000000000000000000 ) ) ;
#5985 = DIRECTION ( 'NONE',  ( 0.9889363527142632800, 0.1483404539571395500, -0.0000000000000000000 ) ) ;
#5986 = ORIENTED_EDGE ( 'NONE', *, *, #11114, .T. ) ;
#5987 = ORIENTED_EDGE ( 'NONE', *, *, #8001, .T. ) ;
#5988 = EDGE_CURVE ( 'NONE', #3850, #1872, #10084, .T. ) ;
#5989 = VECTOR ( 'NONE', #9867, 39.37007874015748100 ) ;
#5990 = ORIENTED_EDGE ( 'NONE', *, *, #6253, .T. ) ;
#5991 = ORIENTED_EDGE ( 'NONE', *, *, #7869, .F. ) ;
#5992 = CARTESIAN_POINT ( 'NONE',  ( 0.6826771653543313200, 0.05244063622047148700, -0.05787401574803151300 ) ) ;
#5993 = FACE_OUTER_BOUND ( 'NONE', #2823, .T. ) ;
#5994 = CARTESIAN_POINT ( 'NONE',  ( 0.6279527559055123600, 0.06031465196850320500, -0.04212598425196852100 ) ) ;
#5995 = LINE ( 'NONE', #6654, #3613 ) ;
#5996 = VERTEX_POINT ( 'NONE', #4799 ) ;
#5997 = ORIENTED_EDGE ( 'NONE', *, *, #5219, .F. ) ;
#5998 = CARTESIAN_POINT ( 'NONE',  ( 0.01118709562992162500, 0.2617829512992116400, -0.04212598425196852800 ) ) ;
#5999 = VECTOR ( 'NONE', #176, 39.37007874015748100 ) ;
#6000 = DIRECTION ( 'NONE',  ( 0.0000000000000000000, 0.0000000000000000000, 1.000000000000000000 ) ) ;
#6001 = LINE ( 'NONE', #7477, #8441 ) ;
#6002 = EDGE_CURVE ( 'NONE', #11329, #2193, #458, .T. ) ;
#6003 = LINE ( 'NONE', #7366, #3066 ) ;
#6004 = AXIS2_PLACEMENT_3D ( 'NONE', #11372, #6000, #585 ) ;
#6005 = DIRECTION ( 'NONE',  ( 0.0000000000000000000, -1.000000000000000000, 0.0000000000000000000 ) ) ;
#6006 = CARTESIAN_POINT ( 'NONE',  ( 0.5509842519685045300, -0.1259842519685042700, -0.05787401574803150600 ) ) ;
#6007 = VERTEX_POINT ( 'NONE', #11078 ) ;
#6008 = DIRECTION ( 'NONE',  ( 1.000000000000000000, -0.0000000000000000000, 0.0000000000000000000 ) ) ;
#6009 = VERTEX_POINT ( 'NONE', #1205 ) ;
#6010 = VECTOR ( 'NONE', #5021, 39.37007874015748100 ) ;
#6011 = DIRECTION ( 'NONE',  ( 0.0000000000000000000, -0.9723873019850282100, -0.2333729524565293100 ) ) ;
#6012 = DIRECTION ( 'NONE',  ( 0.04217878999398427100, -0.9991100788575016900, 0.0000000000000000000 ) ) ;
#6013 = VECTOR ( 'NONE', #8833, 39.37007874015748100 ) ;
#6014 = ADVANCED_FACE ( 'NONE', ( #4991 ), #10254, .F. ) ;
#6015 = ORIENTED_EDGE ( 'NONE', *, *, #4015, .F. ) ;
#6016 = CARTESIAN_POINT ( 'NONE',  ( 0.04311023622005354100, 0.3149606299219598300, -0.06673228346509209300 ) ) ;
#6017 = EDGE_CURVE ( 'NONE', #2971, #9119, #7705, .T. ) ;
#6018 = AXIS2_PLACEMENT_3D ( 'NONE', #10148, #4737, #11014 ) ;
#6019 = CARTESIAN_POINT ( 'NONE',  ( 0.3748031496145442000, 0.04456662047243921400, -0.04212598425196852800 ) ) ;
#6020 = LINE ( 'NONE', #9700, #7888 ) ;
#6021 = CARTESIAN_POINT ( 'NONE',  ( 0.04015748031496117800, 0.01968503937007875700, -0.05787401574803151300 ) ) ;
#6022 = EDGE_CURVE ( 'NONE', #4261, #1418, #3190, .T. ) ;
#6023 = EDGE_LOOP ( 'NONE', ( #11300, #8385, #1827, #10083 ) ) ;
#6024 = CARTESIAN_POINT ( 'NONE',  ( 0.4921259842519688000, 0.06031465196850320500, -0.05787401574803151300 ) ) ;
#6025 = VECTOR ( 'NONE', #7419, 39.37007874015748100 ) ;
#6026 = ORIENTED_EDGE ( 'NONE', *, *, #3628, .T. ) ;
#6027 = CARTESIAN_POINT ( 'NONE',  ( 0.6279527559055123600, 0.06031465196850320500, -0.05787401574803151300 ) ) ;
#6028 = ADVANCED_FACE ( 'NONE', ( #2898 ), #2331, .F. ) ;
#6029 = PERSON_AND_ORGANIZATION ( #4812, #2956 ) ;
#6030 = VECTOR ( 'NONE', #11587, 39.37007874015748100 ) ;
#6031 = ORIENTED_EDGE ( 'NONE', *, *, #1977, .F. ) ;
#6032 = DIRECTION ( 'NONE',  ( -1.000000000000000000, -0.0000000000000000000, -0.0000000000000000000 ) ) ;
#6033 = DIRECTION ( 'NONE',  ( 1.000000000000000000, -0.0000000000000000000, 0.0000000000000000000 ) ) ;
#6034 = ORIENTED_EDGE ( 'NONE', *, *, #5620, .F. ) ;
#6035 = CARTESIAN_POINT ( 'NONE',  ( 0.5795275590551185500, 0.3149606299212595600, -0.05787401574803152000 ) ) ;
#6036 = EDGE_CURVE ( 'NONE', #482, #2854, #7134, .T. ) ;
#6037 = DIRECTION ( 'NONE',  ( 0.0000000000000000000, 0.0000000000000000000, -1.000000000000000000 ) ) ;
#6038 = ORIENTED_EDGE ( 'NONE', *, *, #10347, .T. ) ;
#6039 = VECTOR ( 'NONE', #9829, 39.37007874015748100 ) ;
#6040 = CARTESIAN_POINT ( 'NONE',  ( 0.5826771653543313400, 0.05244063622047148700, -0.05787401574803151300 ) ) ;
#6041 = PLANE ( 'NONE',  #4537 ) ;
#6042 = LINE ( 'NONE', #10982, #1832 ) ;
#6043 = CARTESIAN_POINT ( 'NONE',  ( -0.4999999999999996100, 0.01968503937007875700, -0.04212598425196851400 ) ) ;
#6044 = EDGE_LOOP ( 'NONE', ( #7868, #10436, #1446, #7386, #2998, #7445, #1765, #2168, #2802, #3342, #4714, #10702 ) ) ;
#6045 = PLANE ( 'NONE',  #10144 ) ;
#6046 = DIRECTION ( 'NONE',  ( 0.9554746912769989100, -0.2950730660855439600, 0.0000000000000000000 ) ) ;
#6047 = DIRECTION ( 'NONE',  ( -1.000000000000000000, -0.0000000000000000000, 0.0000000000000000000 ) ) ;
#6048 = ORIENTED_EDGE ( 'NONE', *, *, #4986, .F. ) ;
#6049 = LINE ( 'NONE', #7240, #3670 ) ;
#6050 = CYLINDRICAL_SURFACE ( 'NONE', #1889, 0.03976377956692910000 ) ;
#6051 = EDGE_CURVE ( 'NONE', #6358, #9024, #9526, .T. ) ;
#6052 = DIRECTION ( 'NONE',  ( 0.2242946050387554200, -0.9745213851683853800, 0.0000000000000000000 ) ) ;
#6053 = ORIENTED_EDGE ( 'NONE', *, *, #8335, .T. ) ;
#6054 = DIRECTION ( 'NONE',  ( 0.1483404520011492900, 0.9889363530076618100, 0.0000000000000000000 ) ) ;
#6055 = DIRECTION ( 'NONE',  ( -1.000000000000000000, 1.116406197410816100E-014, 0.0000000000000000000 ) ) ;
#6056 = VERTEX_POINT ( 'NONE', #2209 ) ;
#6057 = CARTESIAN_POINT ( 'NONE',  ( 0.1795275591743968600, 0.2885954232650432300, -0.04212598425196852800 ) ) ;
#6058 = FACE_OUTER_BOUND ( 'NONE', #2556, .T. ) ;
#6059 = CARTESIAN_POINT ( 'NONE',  ( 0.1196850393700793400, 0.01968503937007875700, -0.05787401574803152000 ) ) ;
#6060 = LINE ( 'NONE', #4455, #3683 ) ;
#6061 = ORIENTED_EDGE ( 'NONE', *, *, #4653, .F. ) ;
#6062 = DIRECTION ( 'NONE',  ( 0.0000000000000000000, 0.0000000000000000000, -1.000000000000000000 ) ) ;
#6063 = EDGE_LOOP ( 'NONE', ( #4484, #8296, #5833, #10018 ) ) ;
#6064 = EDGE_CURVE ( 'NONE', #8150, #3205, #4437, .T. ) ;
#6065 = AXIS2_PLACEMENT_3D ( 'NONE', #5180, #2521, #8838 ) ;
#6066 = VERTEX_POINT ( 'NONE', #9430 ) ;
#6067 = CYLINDRICAL_SURFACE ( 'NONE', #8304, 0.01574803149606289800 ) ;
#6068 = ADVANCED_FACE ( 'NONE', ( #6843 ), #4913, .T. ) ;
#6069 = DIRECTION ( 'NONE',  ( -1.000000000000000000, 0.0000000000000000000, -0.0000000000000000000 ) ) ;
#6070 = CARTESIAN_POINT ( 'NONE',  ( 0.3374015748031500300, 0.05244063622047080000, -0.04212598425196851400 ) ) ;
#6071 = LINE ( 'NONE', #5700, #10311 ) ;
#6072 = ORIENTED_EDGE ( 'NONE', *, *, #2678, .T. ) ;
#6073 = DIRECTION ( 'NONE',  ( -0.0000000000000000000, -0.0000000000000000000, 1.000000000000000000 ) ) ;
#6074 = EDGE_CURVE ( 'NONE', #9187, #11689, #11582, .T. ) ;
#6075 = CARTESIAN_POINT ( 'NONE',  ( 0.04527559054926921100, -0.1011811023422310600, -0.04212598425196851400 ) ) ;
#6076 = CARTESIAN_POINT ( 'NONE',  ( 0.5200787401574809000, 0.06031465196850320500, -0.05787401574803151300 ) ) ;
#6077 = LINE ( 'NONE', #7781, #4267 ) ;
#6078 = ORIENTED_EDGE ( 'NONE', *, *, #2482, .T. ) ;
#6079 = EDGE_CURVE ( 'NONE', #9633, #4436, #4713, .T. ) ;
#6080 = DIRECTION ( 'NONE',  ( 0.04217878999398427100, 0.9991100788575016900, 0.0000000000000000000 ) ) ;
#6081 = LINE ( 'NONE', #11125, #10606 ) ;
#6082 = DIRECTION ( 'NONE',  ( 0.0000000000000000000, -1.000000000000000000, -0.0000000000000000000 ) ) ;
#6083 = ORIENTED_EDGE ( 'NONE', *, *, #4879, .T. ) ;
#6084 = ORIENTED_EDGE ( 'NONE', *, *, #7413, .F. ) ;
#6085 = VERTEX_POINT ( 'NONE', #4058 ) ;
#6086 = ADVANCED_FACE ( 'NONE', ( #8962 ), #4949, .F. ) ;
#6087 = AXIS2_PLACEMENT_3D ( 'NONE', #6210, #7140, #1726 ) ;
#6088 = PLANE ( 'NONE',  #6065 ) ;
#6089 = EDGE_CURVE ( 'NONE', #7372, #1496, #8683, .T. ) ;
#6090 = CARTESIAN_POINT ( 'NONE',  ( 0.02834645669282569200, 0.3346456692914559500, -0.08149606299221418000 ) ) ;
#6091 = ORIENTED_EDGE ( 'NONE', *, *, #10696, .F. ) ;
#6092 = PLANE ( 'NONE',  #6569 ) ;
#6093 = FACE_OUTER_BOUND ( 'NONE', #9988, .T. ) ;
#6094 = ORIENTED_EDGE ( 'NONE', *, *, #6320, .T. ) ;
#6095 = CARTESIAN_POINT ( 'NONE',  ( 0.5401574803115175600, 0.2890203332166551600, -0.05787401574803151300 ) ) ;
#6096 = CARTESIAN_POINT ( 'NONE',  ( 0.4999999999956742400, 0.1339366992112627800, -0.05787401574803151300 ) ) ;
#6097 = VECTOR ( 'NONE', #8665, 39.37007874015748100 ) ;
#6098 = DIRECTION ( 'NONE',  ( -0.5144957554275263500, -0.6859943405700327200, -0.5144957554275301200 ) ) ;
#6099 = VERTEX_POINT ( 'NONE', #8603 ) ;
#6100 = VERTEX_POINT ( 'NONE', #2244 ) ;
#6101 = CARTESIAN_POINT ( 'NONE',  ( -0.04220999551181069100, 0.2475998051574795600, -0.05787401574803151300 ) ) ;
#6102 = DIRECTION ( 'NONE',  ( 0.0000000000000000000, 0.0000000000000000000, 1.000000000000000000 ) ) ;
#6103 = EDGE_CURVE ( 'NONE', #5797, #4542, #1455, .T. ) ;
#6104 = FACE_OUTER_BOUND ( 'NONE', #10545, .T. ) ;
#6105 = AXIS2_PLACEMENT_3D ( 'NONE', #2469, #8787, #3383 ) ;
#6106 = CARTESIAN_POINT ( 'NONE',  ( 0.6748031496062998300, 0.04456662047243921400, -0.04212598425196851400 ) ) ;
#6107 = EDGE_CURVE ( 'NONE', #9782, #3330, #3879, .T. ) ;
#6108 = VECTOR ( 'NONE', #7278, 39.37007874015748100 ) ;
#6109 = APPROVAL ( #1144, 'UNSPECIFIED' ) ;
#6110 = ORIENTED_EDGE ( 'NONE', *, *, #7774, .F. ) ;
#6111 = VECTOR ( 'NONE', #8065, 39.37007874015748100 ) ;
#6112 = ORIENTED_EDGE ( 'NONE', *, *, #2026, .T. ) ;
#6113 = VERTEX_POINT ( 'NONE', #477 ) ;
#6114 = DIRECTION ( 'NONE',  ( 0.0000000000000000000, -1.000000000000000000, 0.0000000000000000000 ) ) ;
#6115 = CARTESIAN_POINT ( 'NONE',  ( 0.5795275591743965800, 0.2885954232650423400, -0.04212598425196852800 ) ) ;
#6116 = DIRECTION ( 'NONE',  ( -0.9554746912769989100, -0.2950730660855439600, 0.0000000000000000000 ) ) ;
#6117 = CARTESIAN_POINT ( 'NONE',  ( 0.5431102362193469500, 0.3149606299228547800, -0.06673228346612494800 ) ) ;
#6119 = VECTOR ( 'NONE', #3002, 39.37007874015748100 ) ;
#6118 = PLANE ( 'NONE',  #9646 ) ;
#6120 = VERTEX_POINT ( 'NONE', #5886 ) ;
#6121 = VERTEX_POINT ( 'NONE', #6824 ) ;
#6122 = DIRECTION ( 'NONE',  ( -0.0000000000000000000, 1.000000000000000000, 0.0000000000000000000 ) ) ;
#6123 = AXIS2_PLACEMENT_3D ( 'NONE', #6475, #11355, #6533 ) ;
#6124 = LINE ( 'NONE', #155, #8552 ) ;
#6125 = ORIENTED_EDGE ( 'NONE', *, *, #11119, .F. ) ;
#6126 = ORIENTED_EDGE ( 'NONE', *, *, #5374, .F. ) ;
#6127 = CARTESIAN_POINT ( 'NONE',  ( 0.5000000000000005600, 0.3149606299212595600, -0.05787401574803152000 ) ) ;
#6128 = EDGE_CURVE ( 'NONE', #5380, #9550, #1763, .T. ) ;
#6129 = CARTESIAN_POINT ( 'NONE',  ( 0.4196850393702198900, 0.01968503937007875700, -0.05787401574803152000 ) ) ;
#6130 = DIRECTION ( 'NONE',  ( 0.0000000000000000000, -1.000000000000000000, 0.0000000000000000000 ) ) ;
#6131 = CARTESIAN_POINT ( 'NONE',  ( 0.1795275590944887500, -0.1259842519685042700, -0.04212598425196851400 ) ) ;
#6132 = LINE ( 'NONE', #9227, #10909 ) ;
#6133 = CARTESIAN_POINT ( 'NONE',  ( 0.6196850393700792400, 0.3149606299212595600, -0.05787401574803152000 ) ) ;
#6134 = VERTEX_POINT ( 'NONE', #7745 ) ;
#6135 = ORIENTED_EDGE ( 'NONE', *, *, #9181, .T. ) ;
#6136 = VECTOR ( 'NONE', #10407, 39.37007874015748100 ) ;
#6137 = VERTEX_POINT ( 'NONE', #8639 ) ;
#6138 = ADVANCED_FACE ( 'NONE', ( #6549 ), #9546, .T. ) ;
#6139 = CARTESIAN_POINT ( 'NONE',  ( 0.4452755905511815400, 0.04456662047243921400, -0.04212598425196851400 ) ) ;
#6140 = VECTOR ( 'NONE', #5910, 39.37007874015748100 ) ;
#6141 = DIRECTION ( 'NONE',  ( 0.0000000000000000000, 0.0000000000000000000, -1.000000000000000000 ) ) ;
#6142 = CARTESIAN_POINT ( 'NONE',  ( 0.3401574803149611200, 0.01968503937007875700, -0.07165354330708663400 ) ) ;
#6143 = CARTESIAN_POINT ( 'NONE',  ( 0.0000000000000000000, 0.01968503937007875700, -0.02598425196850394400 ) ) ;
#6144 = DIRECTION ( 'NONE',  ( 0.0000000000000000000, 0.0000000000000000000, 1.000000000000000000 ) ) ;
#6145 = VECTOR ( 'NONE', #3948, 39.37007874015748100 ) ;
#6146 = EDGE_CURVE ( 'NONE', #173, #11452, #10496, .T. ) ;
#6147 = EDGE_CURVE ( 'NONE', #8964, #7857, #3594, .T. ) ;
#6148 = CARTESIAN_POINT ( 'NONE',  ( 0.6913385826771658600, 0.3346456692913383200, -0.01850393700787376200 ) ) ;
#6149 = EDGE_LOOP ( 'NONE', ( #211, #7473, #516, #10141 ) ) ;
#6151 = ORIENTED_EDGE ( 'NONE', *, *, #4476, .T. ) ;
#6150 = AXIS2_PLACEMENT_3D ( 'NONE', #3758, #121, #6465 ) ;
#6152 = PRODUCT_DEFINITION_SHAPE ( 'NONE', 'NONE',  #1030 ) ;
#6153 = ORIENTED_EDGE ( 'NONE', *, *, #4224, .T. ) ;
#6154 = CARTESIAN_POINT ( 'NONE',  ( 0.1826771653543312100, 0.04456662047243921400, -0.05787401574803151300 ) ) ;
#6155 = LINE ( 'NONE', #2643, #10385 ) ;
#6156 = ADVANCED_FACE ( 'NONE', ( #8134 ), #3278, .F. ) ;
#6157 = LINE ( 'NONE', #8899, #3766 ) ;
#6158 = CARTESIAN_POINT ( 'NONE',  ( 0.5200787401574807900, 0.06031465196850320500, -0.05787401574803151300 ) ) ;
#6159 = CARTESIAN_POINT ( 'NONE',  ( 0.1196850393703293900, 0.01968503937007875700, -0.04212598425196851400 ) ) ;
#6160 = ORIENTED_EDGE ( 'NONE', *, *, #3586, .T. ) ;
#6161 = CARTESIAN_POINT ( 'NONE',  ( 0.1196850393705997000, 0.09221531551227570000, -0.05787401574803152000 ) ) ;
#6162 = VERTEX_POINT ( 'NONE', #5929 ) ;
#6163 = DIRECTION ( 'NONE',  ( 0.0000000000000000000, 0.0000000000000000000, 1.000000000000000000 ) ) ;
#6164 = EDGE_CURVE ( 'NONE', #4498, #4894, #3316, .T. ) ;
#6165 = VECTOR ( 'NONE', #4521, 39.37007874015748100 ) ;
#6166 = DIRECTION ( 'NONE',  ( 1.000000000000000000, -0.0000000000000000000, 0.0000000000000000000 ) ) ;
#6167 = AXIS2_PLACEMENT_3D ( 'NONE', #10193, #4777, #11061 ) ;
#6168 = LINE ( 'NONE', #7058, #1659 ) ;
#6169 = CARTESIAN_POINT ( 'NONE',  ( 0.3795275590551186500, 0.01968503937007875700, -0.02834645669291339200 ) ) ;
#6170 = ORIENTED_EDGE ( 'NONE', *, *, #117, .F. ) ;
#6171 = DIRECTION ( 'NONE',  ( -1.000000000000000000, 0.0000000000000000000, 0.0000000000000000000 ) ) ;
#6172 = CARTESIAN_POINT ( 'NONE',  ( 0.4445558501165395900, 0.1112594900323478100, -0.04212598425196852800 ) ) ;
#6173 = APPROVAL_DATE_TIME ( #8594, #8926 ) ;
#6174 = VECTOR ( 'NONE', #9397, 39.37007874015748100 ) ;
#6175 = CARTESIAN_POINT ( 'NONE',  ( 0.4401574803149611600, 0.01968503937007875700, -0.02598425196850394400 ) ) ;
#6176 = EDGE_LOOP ( 'NONE', ( #9824, #6942, #8631, #10391 ) ) ;
#6177 = ORIENTED_EDGE ( 'NONE', *, *, #1517, .F. ) ;
#6178 = CARTESIAN_POINT ( 'NONE',  ( 0.09999999999567414600, 0.1339366992112627800, -0.08208661417322835100 ) ) ;
#6179 = EDGE_CURVE ( 'NONE', #9023, #7330, #881, .T. ) ;
#6180 = ORIENTED_EDGE ( 'NONE', *, *, #7117, .F. ) ;
#6181 = CARTESIAN_POINT ( 'NONE',  ( 0.2000000000000005900, 0.3149606299212595600, -0.02834645669291339200 ) ) ;
#6182 = DIRECTION ( 'NONE',  ( 0.03123475300211145000, -0.9995120760675665400, 0.0000000000000000000 ) ) ;
#6183 = EDGE_CURVE ( 'NONE', #10973, #5952, #1167, .T. ) ;
#6184 = AXIS2_PLACEMENT_3D ( 'NONE', #7443, #5615, #199 ) ;
#6185 = LINE ( 'NONE', #10376, #1674 ) ;
#6186 = CARTESIAN_POINT ( 'NONE',  ( 0.1795275590551181600, 0.3149606299212595600, -0.07165354330708663400 ) ) ;
#6187 = EDGE_LOOP ( 'NONE', ( #2639, #7706, #7069, #7052 ) ) ;
#6188 = ORIENTED_EDGE ( 'NONE', *, *, #7093, .F. ) ;
#6189 = ORIENTED_EDGE ( 'NONE', *, *, #725, .T. ) ;
#6190 = VECTOR ( 'NONE', #10368, 39.37007874015748100 ) ;
#6191 = AXIS2_PLACEMENT_3D ( 'NONE', #4478, #4427, #5306 ) ;
#6192 = DIRECTION ( 'NONE',  ( 0.0000000000000000000, 0.0000000000000000000, -1.000000000000000000 ) ) ;
#6193 = VECTOR ( 'NONE', #2594, 39.37007874015748100 ) ;
#6194 = CARTESIAN_POINT ( 'NONE',  ( 0.6196850393700792400, 0.1027140031889747100, -0.05787401574803152000 ) ) ;
#6195 = ADVANCED_FACE ( 'NONE', ( #10226 ), #5102, .F. ) ;
#6196 = DIRECTION ( 'NONE',  ( -1.000000000000000000, -0.0000000000000000000, 0.0000000000000000000 ) ) ;
#6197 = VERTEX_POINT ( 'NONE', #9621 ) ;
#6198 = EDGE_CURVE ( 'NONE', #10652, #6798, #9941, .T. ) ;
#6199 = PLANE ( 'NONE',  #308 ) ;
#6200 = ORIENTED_EDGE ( 'NONE', *, *, #1737, .F. ) ;
#6201 = DIRECTION ( 'NONE',  ( 0.0000000000000000000, 0.0000000000000000000, 1.000000000000000000 ) ) ;
#6202 = VECTOR ( 'NONE', #1510, 39.37007874015748900 ) ;
#6203 = DIRECTION ( 'NONE',  ( 0.0000000000000000000, 0.0000000000000000000, 1.000000000000000000 ) ) ;
#6204 = LINE ( 'NONE', #2047, #1103 ) ;
#6205 = CARTESIAN_POINT ( 'NONE',  ( 0.6111870956299217900, 0.2617829512992116400, -0.05787401574803151300 ) ) ;
#6206 = ORIENTED_EDGE ( 'NONE', *, *, #1502, .T. ) ;
#6207 = ORIENTED_EDGE ( 'NONE', *, *, #10521, .F. ) ;
#6208 = CARTESIAN_POINT ( 'NONE',  ( 0.3200787401574809500, 0.08959064362204691200, -0.04212598425196851400 ) ) ;
#6209 = ADVANCED_FACE ( 'NONE', ( #2751 ), #9656, .T. ) ;
#6210 = CARTESIAN_POINT ( 'NONE',  ( 0.5401574803149611400, 0.01968503937007875700, -0.02834645669291339200 ) ) ;
#6211 = DIRECTION ( 'NONE',  ( -1.000000000000000000, 0.0000000000000000000, 0.0000000000000000000 ) ) ;
#6212 = VERTEX_POINT ( 'NONE', #4251 ) ;
#6213 = DIRECTION ( 'NONE',  ( -0.1483404520011599700, -0.9889363530076601400, 0.0000000000000000000 ) ) ;
#6214 = EDGE_CURVE ( 'NONE', #9108, #5101, #297, .T. ) ;
#6215 = CIRCLE ( 'NONE', #4426, 0.03976377952755894700 ) ;
#6216 = DIRECTION ( 'NONE',  ( -5.876167051565095900E-011, 1.000000000000000000, 0.0000000000000000000 ) ) ;
#6217 = FACE_BOUND ( 'NONE', #6614, .T. ) ;
#6218 = EDGE_LOOP ( 'NONE', ( #10740, #3851, #11012, #1739 ) ) ;
#6219 = EDGE_LOOP ( 'NONE', ( #4399, #5817, #11022, #3572, #8742, #9810, #1898, #5599 ) ) ;
#6220 = CARTESIAN_POINT ( 'NONE',  ( 0.7196850393700799900, 0.0000000000000000000, 2.667820306312757000E-019 ) ) ;
#6221 = CARTESIAN_POINT ( 'NONE',  ( -0.03259880558287746300, 0.0000000000000000000, -0.09999999999999997800 ) ) ;
#6222 = CARTESIAN_POINT ( 'NONE',  ( 0.6765748031496068300, 0.3149606299212595600, -0.01812598437007874300 ) ) ;
#6223 = LINE ( 'NONE', #8100, #10726 ) ;
#6224 = VERTEX_POINT ( 'NONE', #10552 ) ;
#6225 = DIRECTION ( 'NONE',  ( 0.0000000000000000000, -1.000000000000000000, -0.0000000000000000000 ) ) ;
#6226 = LINE ( 'NONE', #9594, #3831 ) ;
#6227 = VERTEX_POINT ( 'NONE', #11414 ) ;
#6228 = ORIENTED_EDGE ( 'NONE', *, *, #165, .F. ) ;
#6229 = EDGE_CURVE ( 'NONE', #6538, #10372, #5403, .T. ) ;
#6230 = AXIS2_PLACEMENT_3D ( 'NONE', #9639, #5130, #11400 ) ;
#6231 = CARTESIAN_POINT ( 'NONE',  ( 0.6795275590551186400, 0.01968503937007875700, -0.02834645669291339200 ) ) ;
#6232 = DIRECTION ( 'NONE',  ( 0.0000000000000000000, -1.000000000000000000, -0.0000000000000000000 ) ) ;
#6233 = ORIENTED_EDGE ( 'NONE', *, *, #8179, .F. ) ;
#6234 = CARTESIAN_POINT ( 'NONE',  ( 0.6913385826771658600, 0.3346456692913383200, -0.01850393700787375900 ) ) ;
#6235 = LINE ( 'NONE', #7469, #5944 ) ;
#6236 = ORIENTED_EDGE ( 'NONE', *, *, #4712, .T. ) ;
#6237 = FACE_OUTER_BOUND ( 'NONE', #4003, .T. ) ;
#6238 = VERTEX_POINT ( 'NONE', #8799 ) ;
#6239 = VERTEX_POINT ( 'NONE', #6983 ) ;
#6240 = ORIENTED_EDGE ( 'NONE', *, *, #3896, .F. ) ;
#6241 = PLANE ( 'NONE',  #9433 ) ;
#6242 = ORIENTED_EDGE ( 'NONE', *, *, #4301, .F. ) ;
#6243 = CIRCLE ( 'NONE', #7674, 0.09219577657480328100 ) ;
#6244 = EDGE_CURVE ( 'NONE', #781, #6239, #13, .T. ) ;
#6245 = DIRECTION ( 'NONE',  ( -0.0000000000000000000, -0.0000000000000000000, 1.000000000000000000 ) ) ;
#6246 = CARTESIAN_POINT ( 'NONE',  ( 0.6895669291376267400, 0.2965351244314693400, -0.05787401574803151300 ) ) ;
#6247 = VECTOR ( 'NONE', #2178, 39.37007874015748100 ) ;
#6248 = CARTESIAN_POINT ( 'NONE',  ( 0.2200787401574807700, 0.06031465196850320500, -0.05787401574803151300 ) ) ;
#6249 = ORIENTED_EDGE ( 'NONE', *, *, #8301, .F. ) ;
#6250 = AXIS2_PLACEMENT_3D ( 'NONE', #5244, #8891, #3494 ) ;
#6251 = DIRECTION ( 'NONE',  ( 0.0000000000000000000, 0.0000000000000000000, -1.000000000000000000 ) ) ;
#6252 = VECTOR ( 'NONE', #10123, 39.37007874015748100 ) ;
#6253 = EDGE_CURVE ( 'NONE', #4921, #9424, #4849, .T. ) ;
#6254 = ORIENTED_EDGE ( 'NONE', *, *, #8018, .F. ) ;
#6255 = ORIENTED_EDGE ( 'NONE', *, *, #5454, .T. ) ;
#6256 = CARTESIAN_POINT ( 'NONE',  ( 0.5795275590551185500, 0.3149606299212595600, -0.05787401574803152000 ) ) ;
#6257 = ADVANCED_FACE ( 'NONE', ( #9382 ), #7025, .T. ) ;
#6258 = ORIENTED_EDGE ( 'NONE', *, *, #3926, .T. ) ;
#6259 = FACE_OUTER_BOUND ( 'NONE', #1713, .T. ) ;
#6260 = PLANE ( 'NONE',  #3352 ) ;
#6261 = DIRECTION ( 'NONE',  ( 0.0000000000000000000, 1.000000000000000000, -0.0000000000000000000 ) ) ;
#6262 = DIRECTION ( 'NONE',  ( -0.1483404539571395500, 0.9889363527142632800, 0.0000000000000000000 ) ) ;
#6263 = FACE_OUTER_BOUND ( 'NONE', #8341, .T. ) ;
#6264 = ORIENTED_EDGE ( 'NONE', *, *, #5295, .T. ) ;
#6265 = ORIENTED_EDGE ( 'NONE', *, *, #10503, .F. ) ;
#6266 = PLANE ( 'NONE',  #10424 ) ;
#6267 = VECTOR ( 'NONE', #11264, 39.37007874015748100 ) ;
#6268 = VERTEX_POINT ( 'NONE', #681 ) ;
#6269 = ORIENTED_EDGE ( 'NONE', *, *, #3142, .F. ) ;
#6270 = DIRECTION ( 'NONE',  ( -0.0000000000000000000, 0.0000000000000000000, -1.000000000000000000 ) ) ;
#6272 = EDGE_CURVE ( 'NONE', #8461, #10152, #4571, .T. ) ;
#6271 = CARTESIAN_POINT ( 'NONE',  ( 0.4000000000000005200, 0.01968503937007875700, -0.05787401574803152000 ) ) ;
#6273 = EDGE_CURVE ( 'NONE', #10874, #5858, #2177, .T. ) ;
#6274 = ADVANCED_FACE ( 'NONE', ( #7563 ), #11487, .T. ) ;
#6275 = VECTOR ( 'NONE', #6916, 39.37007874015748900 ) ;
#6276 = ORIENTED_EDGE ( 'NONE', *, *, #1497, .T. ) ;
#6277 = ORIENTED_EDGE ( 'NONE', *, *, #4422, .F. ) ;
#6278 = CARTESIAN_POINT ( 'NONE',  ( 0.4498548604404901100, 0.2525113748366322700, -0.05787401574803151300 ) ) ;
#6280 = DIRECTION ( 'NONE',  ( 1.000000000000000000, -0.0000000000000000000, 0.0000000000000000000 ) ) ;
#6279 = VECTOR ( 'NONE', #9792, 39.37007874015748100 ) ;
#6281 = ORIENTED_EDGE ( 'NONE', *, *, #6272, .T. ) ;
#6282 = VERTEX_POINT ( 'NONE', #720 ) ;
#6283 = VECTOR ( 'NONE', #8009, 39.37007874015748100 ) ;
#6284 = VECTOR ( 'NONE', #639, 39.37007874015748100 ) ;
#6285 = CARTESIAN_POINT ( 'NONE',  ( 0.7196850393700799900, 0.0000000000000000000, 1.333910153156378500E-019 ) ) ;
#6286 = AXIS2_PLACEMENT_3D ( 'NONE', #5808, #386, #6738 ) ;
#6287 = ORIENTED_EDGE ( 'NONE', *, *, #228, .T. ) ;
#6288 = ORIENTED_EDGE ( 'NONE', *, *, #8790, .T. ) ;
#6289 = DIRECTION ( 'NONE',  ( 1.000000000000000000, 0.0000000000000000000, -0.0000000000000000000 ) ) ;
#6290 = EDGE_CURVE ( 'NONE', #9541, #3141, #6690, .T. ) ;
#6291 = ORIENTED_EDGE ( 'NONE', *, *, #2949, .T. ) ;
#6292 = CIRCLE ( 'NONE', #4229, 0.007874015748031449100 ) ;
#6293 = DIRECTION ( 'NONE',  ( 0.0000000000000000000, -1.000000000000000000, -0.0000000000000000000 ) ) ;
#6294 = FACE_OUTER_BOUND ( 'NONE', #1733, .T. ) ;
#6295 = DIRECTION ( 'NONE',  ( -1.000000000000000000, 0.0000000000000000000, 0.0000000000000000000 ) ) ;
#6296 = LINE ( 'NONE', #8072, #3908 ) ;
#6297 = PLANE ( 'NONE',  #4657 ) ;
#6298 = ORIENTED_EDGE ( 'NONE', *, *, #7812, .F. ) ;
#6299 = CARTESIAN_POINT ( 'NONE',  ( 0.1913385825590559500, 0.3346456691338576800, -0.01812598437007874300 ) ) ;
#6300 = ORIENTED_EDGE ( 'NONE', *, *, #8002, .F. ) ;
#6301 = CARTESIAN_POINT ( 'NONE',  ( 0.4795275590551186800, 0.01968503937007875700, -0.02834645669291339200 ) ) ;
#6302 = CARTESIAN_POINT ( 'NONE',  ( 0.1111870956299216600, 0.2432397985433058200, -0.05787401574803151300 ) ) ;
#6303 = LINE ( 'NONE', #1229, #11070 ) ;
#6304 = EDGE_CURVE ( 'NONE', #6411, #348, #1897, .T. ) ;
#6305 = DIRECTION ( 'NONE',  ( 0.0000000000000000000, 0.0000000000000000000, 1.000000000000000000 ) ) ;
#6306 = FACE_OUTER_BOUND ( 'NONE', #8382, .T. ) ;
#6307 = CARTESIAN_POINT ( 'NONE',  ( 0.4196850393700792300, 0.01968503937007875700, -0.05787401574803152000 ) ) ;
#6308 = VERTEX_POINT ( 'NONE', #6172 ) ;
#6309 = CARTESIAN_POINT ( 'NONE',  ( 0.1283464566929136700, 0.3346456692913382700, -0.08149606299212594500 ) ) ;
#6310 = LINE ( 'NONE', #4220, #8457 ) ;
#6311 = EDGE_LOOP ( 'NONE', ( #11024, #1158, #6258, #4149 ) ) ;
#6312 = CARTESIAN_POINT ( 'NONE',  ( 0.4509508751574806700, 0.2432397985433058200, -0.04212598425196852800 ) ) ;
#6313 = EDGE_CURVE ( 'NONE', #10152, #834, #4010, .T. ) ;
#6314 = DIRECTION ( 'NONE',  ( 0.03123475200308707700, 0.9995120760987861200, 0.0000000000000000000 ) ) ;
#6315 = ADVANCED_FACE ( 'NONE', ( #4300 ), #7098, .F. ) ;
#6316 = DIRECTION ( 'NONE',  ( 0.0000000000000000000, 0.0000000000000000000, 1.000000000000000000 ) ) ;
#6317 = VECTOR ( 'NONE', #10365, 39.37007874015748900 ) ;
#6318 = DIRECTION ( 'NONE',  ( -0.1483404542820694300, 0.9889363526655238200, 0.0000000000000000000 ) ) ;
#6319 = ORIENTED_EDGE ( 'NONE', *, *, #2693, .T. ) ;
#6320 = EDGE_CURVE ( 'NONE', #5519, #6348, #6397, .T. ) ;
#6321 = AXIS2_PLACEMENT_3D ( 'NONE', #11189, #5811, #388 ) ;
#6322 = PERSON_AND_ORGANIZATION ( #4812, #2956 ) ;
#6323 = DIRECTION ( 'NONE',  ( 0.1483404528603950400, -0.9889363528787750200, 0.0000000000000000000 ) ) ;
#6324 = FACE_OUTER_BOUND ( 'NONE', #10335, .T. ) ;
#6325 = AXIS2_PLACEMENT_3D ( 'NONE', #7391, #1975, #8306 ) ;
#6326 = CARTESIAN_POINT ( 'NONE',  ( 0.1795275590944887500, -0.1259842519668300800, -0.04212598425196851400 ) ) ;
#6327 = ORIENTED_EDGE ( 'NONE', *, *, #10958, .F. ) ;
#6328 = EDGE_LOOP ( 'NONE', ( #2862, #10682, #4861, #1751 ) ) ;
#6329 = CARTESIAN_POINT ( 'NONE',  ( 0.3795275590551186500, 0.01968503937007875700, -0.07165354330708663400 ) ) ;
#6330 = CARTESIAN_POINT ( 'NONE',  ( 0.4000000000000005200, 0.3149606299212595600, -0.02834645669291339200 ) ) ;
#6331 = ADVANCED_FACE ( 'NONE', ( #10891 ), #11565, .F. ) ;
#6332 = VERTEX_POINT ( 'NONE', #10693 ) ;
#6334 = DIRECTION ( 'NONE',  ( -0.0000000000000000000, -0.0000000000000000000, 1.000000000000000000 ) ) ;
#6333 = FACE_OUTER_BOUND ( 'NONE', #10830, .T. ) ;
#6335 = FACE_OUTER_BOUND ( 'NONE', #10455, .T. ) ;
#6336 = EDGE_CURVE ( 'NONE', #3293, #1994, #3726, .T. ) ;
#6337 = ORIENTED_EDGE ( 'NONE', *, *, #4294, .T. ) ;
#6338 = AXIS2_PLACEMENT_3D ( 'NONE', #10207, #4790, #11072 ) ;
#6339 = DIRECTION ( 'NONE',  ( 0.0000000000000000000, 0.0000000000000000000, 1.000000000000000000 ) ) ;
#6340 = DIRECTION ( 'NONE',  ( 1.000000000000000000, 5.876167051565095900E-011, -0.0000000000000000000 ) ) ;
#6341 = CARTESIAN_POINT ( 'NONE',  ( 0.3913385826771658700, 0.3346456692913382100, -0.01850393700787334200 ) ) ;
#6342 = EDGE_CURVE ( 'NONE', #5401, #9493, #8541, .T. ) ;
#6343 = ORIENTED_EDGE ( 'NONE', *, *, #11674, .F. ) ;
#6344 = FACE_OUTER_BOUND ( 'NONE', #2417, .T. ) ;
#6345 = CARTESIAN_POINT ( 'NONE',  ( 0.5795275590551185500, 0.01968503937007875700, -0.02834645669291339200 ) ) ;
#6346 = PLANE ( 'NONE',  #218 ) ;
#6347 = LINE ( 'NONE', #2359, #10296 ) ;
#6348 = VERTEX_POINT ( 'NONE', #6248 ) ;
#6349 = PLANE ( 'NONE',  #7199 ) ;
#6350 = VERTEX_POINT ( 'NONE', #11610 ) ;
#6351 = AXIS2_PLACEMENT_3D ( 'NONE', #4489, #3702, #3617 ) ;
#6352 = DIRECTION ( 'NONE',  ( 0.0000000000000000000, 0.0000000000000000000, 1.000000000000000000 ) ) ;
#6353 = LINE ( 'NONE', #8290, #8496 ) ;
#6354 = CARTESIAN_POINT ( 'NONE',  ( 0.2452755905492692300, -0.1011811023422313200, -0.04212598425196851400 ) ) ;
#6355 = VECTOR ( 'NONE', #9704, 39.37007874015748100 ) ;
#6356 = EDGE_CURVE ( 'NONE', #4088, #9559, #1012, .T. ) ;
#6357 = ORIENTED_EDGE ( 'NONE', *, *, #4883, .F. ) ;
#6358 = VERTEX_POINT ( 'NONE', #2683 ) ;
#6359 = VERTEX_POINT ( 'NONE', #1768 ) ;
#6360 = VECTOR ( 'NONE', #11069, 39.37007874015748900 ) ;
#6361 = LINE ( 'NONE', #5653, #8783 ) ;
#6362 = VERTEX_POINT ( 'NONE', #8990 ) ;
#6363 = VERTEX_POINT ( 'NONE', #8099 ) ;
#6364 = DIRECTION ( 'NONE',  ( 0.0000000000000000000, 0.0000000000000000000, -1.000000000000000000 ) ) ;
#6365 = ORIENTED_EDGE ( 'NONE', *, *, #68, .F. ) ;
#6366 = DIRECTION ( 'NONE',  ( 0.0000000000000000000, -0.0000000000000000000, 1.000000000000000000 ) ) ;
#6367 = EDGE_CURVE ( 'NONE', #9718, #194, #1308, .T. ) ;
#6368 = AXIS2_PLACEMENT_3D ( 'NONE', #11474, #6116, #701 ) ;
#6369 = CARTESIAN_POINT ( 'NONE',  ( 0.2748031496062997600, 0.04456662047243921400, -0.04212598425196851400 ) ) ;
#6370 = CARTESIAN_POINT ( 'NONE',  ( 0.6748031496062997200, -0.1011811022887786900, -0.05787401574803151300 ) ) ;
#6371 = LINE ( 'NONE', #2287, #3984 ) ;
#6372 = EDGE_LOOP ( 'NONE', ( #4701, #4355, #2362, #312 ) ) ;
#6373 = DIRECTION ( 'NONE',  ( 0.04217878999398427100, 0.9991100788575016900, 0.0000000000000000000 ) ) ;
#6374 = VECTOR ( 'NONE', #11053, 39.37007874015748100 ) ;
#6375 = DIRECTION ( 'NONE',  ( -0.5144957557794316300, 0.6859943399895244200, -0.5144957558496360300 ) ) ;
#6376 = ORIENTED_EDGE ( 'NONE', *, *, #8069, .F. ) ;
#6377 = ORIENTED_EDGE ( 'NONE', *, *, #6342, .T. ) ;
#6378 = VERTEX_POINT ( 'NONE', #11641 ) ;
#6379 = CARTESIAN_POINT ( 'NONE',  ( 0.4196850393700792800, 0.01968503937007875700, -0.04212598425196851400 ) ) ;
#6380 = ORIENTED_EDGE ( 'NONE', *, *, #6128, .T. ) ;
#6381 = VECTOR ( 'NONE', #3344, 39.37007874015748100 ) ;
#6382 = CARTESIAN_POINT ( 'NONE',  ( 0.1196850393703137900, 0.01968503937007875700, -0.05787401574803151300 ) ) ;
#6383 = LINE ( 'NONE', #807, #1589 ) ;
#6384 = ADVANCED_FACE ( 'NONE', ( #5530 ), #5372, .F. ) ;
#6385 = ORIENTED_EDGE ( 'NONE', *, *, #6406, .F. ) ;
#6386 = EDGE_CURVE ( 'NONE', #9415, #5710, #5820, .T. ) ;
#6387 = VECTOR ( 'NONE', #414, 39.37007874015748100 ) ;
#6388 = VERTEX_POINT ( 'NONE', #9893 ) ;
#6389 = ORIENTED_EDGE ( 'NONE', *, *, #7015, .F. ) ;
#6390 = CARTESIAN_POINT ( 'NONE',  ( 0.4305118110767168200, 0.2965351244002116800, -0.04212598425196852800 ) ) ;
#6391 = CARTESIAN_POINT ( 'NONE',  ( 0.1826771653543312100, 0.04456662047243921400, -0.04212598425196852800 ) ) ;
#6393 = CIRCLE ( 'NONE', #7900, 0.03976377952755894000 ) ;
#6392 = DIRECTION ( 'NONE',  ( 0.0000000000000000000, 0.0000000000000000000, 1.000000000000000000 ) ) ;
#6394 = LINE ( 'NONE', #8197, #6108 ) ;
#6395 = ORIENTED_EDGE ( 'NONE', *, *, #10389, .F. ) ;
#6396 = CARTESIAN_POINT ( 'NONE',  ( 0.5196850393700792600, 0.1027140031889747100, -0.05787401574803152000 ) ) ;
#6397 = LINE ( 'NONE', #4408, #11163 ) ;
#6398 = VERTEX_POINT ( 'NONE', #3624 ) ;
#6399 = ORIENTED_EDGE ( 'NONE', *, *, #5908, .F. ) ;
#6400 = EDGE_CURVE ( 'NONE', #7062, #7496, #7989, .T. ) ;
#6401 = CARTESIAN_POINT ( 'NONE',  ( 0.2748031496062997600, -0.1011811023622053900, -0.05787401574803151300 ) ) ;
#6402 = DIRECTION ( 'NONE',  ( 0.5144957554261473400, -0.6859943405706970800, -0.5144957554280231700 ) ) ;
#6403 = LINE ( 'NONE', #190, #10897 ) ;
#6404 = AXIS2_PLACEMENT_3D ( 'NONE', #6101, #689, #7038 ) ;
#6405 = CARTESIAN_POINT ( 'NONE',  ( 0.3196850393700790800, 0.3149606299212595600, -0.05787401574803152000 ) ) ;
#6406 = EDGE_CURVE ( 'NONE', #2364, #6998, #10072, .T. ) ;
#6407 = ORIENTED_EDGE ( 'NONE', *, *, #9748, .T. ) ;
#6408 = VERTEX_POINT ( 'NONE', #1844 ) ;
#6409 = CARTESIAN_POINT ( 'NONE',  ( 0.3690944881890319000, -0.1259842519682651300, -0.05787401574803151300 ) ) ;
#6410 = VECTOR ( 'NONE', #10932, 39.37007874015748100 ) ;
#6411 = VERTEX_POINT ( 'NONE', #7252 ) ;
#6412 = EDGE_LOOP ( 'NONE', ( #9081, #6535, #5550, #6395 ) ) ;
#6413 = LINE ( 'NONE', #2855, #4026 ) ;
#6414 = CARTESIAN_POINT ( 'NONE',  ( 0.4795275590551186800, 0.01968503937007875700, -0.02834645669291339200 ) ) ;
#6415 = CARTESIAN_POINT ( 'NONE',  ( 0.4401574803149611600, 0.01968503937007875700, -0.04212598425196851400 ) ) ;
#6416 = CARTESIAN_POINT ( 'NONE',  ( 0.4431102362601990200, 0.3149606299206433300, -0.06673228346410475800 ) ) ;
#6417 = VECTOR ( 'NONE', #11316, 39.37007874015748100 ) ;
#6418 = CARTESIAN_POINT ( 'NONE',  ( 0.2748031496227885100, -0.1259842519685042700, -0.04212598425196851400 ) ) ;
#6419 = ORIENTED_EDGE ( 'NONE', *, *, #9790, .F. ) ;
#6420 = AXIS2_PLACEMENT_3D ( 'NONE', #1799, #1722, #1658 ) ;
#6421 = VECTOR ( 'NONE', #6793, 39.37007874015748900 ) ;
#6422 = EDGE_LOOP ( 'NONE', ( #1776, #3131, #690, #8998 ) ) ;
#6423 = CARTESIAN_POINT ( 'NONE',  ( 0.3111870956299217000, 0.2617829512992116400, -0.05787401574803151300 ) ) ;
#6424 = VECTOR ( 'NONE', #3193, 39.37007874015748100 ) ;
#6425 = EDGE_CURVE ( 'NONE', #10812, #72, #5262, .T. ) ;
#6426 = DIRECTION ( 'NONE',  ( 0.03123475200308707700, 0.9995120760987861200, 0.0000000000000000000 ) ) ;
#6427 = VECTOR ( 'NONE', #5406, 39.37007874015748100 ) ;
#6428 = DIRECTION ( 'NONE',  ( 0.04217878999398427100, -0.9991100788575016900, 0.0000000000000000000 ) ) ;
#6429 = ORIENTED_EDGE ( 'NONE', *, *, #1806, .T. ) ;
#6430 = ORIENTED_EDGE ( 'NONE', *, *, #7137, .T. ) ;
#6431 = ORIENTED_EDGE ( 'NONE', *, *, #9578, .T. ) ;
#6432 = CARTESIAN_POINT ( 'NONE',  ( 0.5795275590551185500, 0.01968503937007875700, -0.02598425196850394400 ) ) ;
#6433 = VECTOR ( 'NONE', #3536, 39.37007874015748100 ) ;
#6434 = CARTESIAN_POINT ( 'NONE',  ( 0.5401574803149611400, 0.01968503937007875700, -0.07165354330708663400 ) ) ;
#6435 = FACE_OUTER_BOUND ( 'NONE', #1376, .T. ) ;
#6436 = CARTESIAN_POINT ( 'NONE',  ( 0.6452755905511814400, 0.04456662047243921400, -0.04212598425196852100 ) ) ;
#6437 = EDGE_CURVE ( 'NONE', #7020, #5666, #3176, .T. ) ;
#6438 = ORIENTED_EDGE ( 'NONE', *, *, #6724, .T. ) ;
#6439 = CARTESIAN_POINT ( 'NONE',  ( 0.1795275590944887500, 0.05244063622047148700, -0.04212598425196851400 ) ) ;
#6440 = CARTESIAN_POINT ( 'NONE',  ( 0.1795275590551181600, 0.01968503937007875700, -0.02834645669291339200 ) ) ;
#6441 = ORIENTED_EDGE ( 'NONE', *, *, #6564, .F. ) ;
#6442 = ADVANCED_FACE ( 'NONE', ( #4981 ), #10840, .F. ) ;
#6443 = CARTESIAN_POINT ( 'NONE',  ( 0.5401574803112102500, 0.2890203332169820600, -0.05787401574803151300 ) ) ;
#6444 = CARTESIAN_POINT ( 'NONE',  ( 0.1000000000000004400, -0.1259842519685042700, -0.04212598425196851400 ) ) ;
#6445 = FACE_OUTER_BOUND ( 'NONE', #4415, .T. ) ;
#6446 = CARTESIAN_POINT ( 'NONE',  ( 0.6401574803149611100, 0.01968503937007875700, -0.04212598425196851400 ) ) ;
#6447 = VECTOR ( 'NONE', #10120, 39.37007874015748100 ) ;
#6448 = CARTESIAN_POINT ( 'NONE',  ( 0.1200787401574807500, 0.08959064362204699500, -0.04212598425196851400 ) ) ;
#6449 = DIRECTION ( 'NONE',  ( -1.000000000000000000, -0.0000000000000000000, 0.0000000000000000000 ) ) ;
#6450 = ORIENTED_EDGE ( 'NONE', *, *, #11661, .F. ) ;
#6451 = DIRECTION ( 'NONE',  ( 0.0000000000000000000, 0.0000000000000000000, 1.000000000000000000 ) ) ;
#6452 = APPROVAL_PERSON_ORGANIZATION ( #8868, #8926, #1236 ) ;
#6453 = DIRECTION ( 'NONE',  ( 1.000000000000000000, 0.0000000000000000000, -0.0000000000000000000 ) ) ;
#6454 = EDGE_CURVE ( 'NONE', #10313, #43, #2603, .T. ) ;
#6455 = CIRCLE ( 'NONE', #7567, 0.08668467618110251000 ) ;
#6456 = PLANE ( 'NONE',  #10764 ) ;
#6457 = AXIS2_PLACEMENT_3D ( 'NONE', #4824, #11101, #5725 ) ;
#6458 = DIRECTION ( 'NONE',  ( 0.0000000000000000000, 0.0000000000000000000, 1.000000000000000000 ) ) ;
#6459 = EDGE_LOOP ( 'NONE', ( #9847, #4110, #1011, #5962 ) ) ;
#6460 = ORIENTED_EDGE ( 'NONE', *, *, #11509, .T. ) ;
#6461 = VERTEX_POINT ( 'NONE', #8209 ) ;
#6462 = DIRECTION ( 'NONE',  ( -5.876167051565095900E-011, 1.000000000000000000, 0.0000000000000000000 ) ) ;
#6463 = CARTESIAN_POINT ( 'NONE',  ( 0.3509508751574808000, 0.2432397985433058200, -0.05787401574803151300 ) ) ;
#6464 = LINE ( 'NONE', #2226, #9161 ) ;
#6465 = DIRECTION ( 'NONE',  ( 0.03123475300211145000, -0.9995120760675665400, 0.0000000000000000000 ) ) ;
#6466 = DIRECTION ( 'NONE',  ( -1.000000000000000000, 0.0000000000000000000, 0.0000000000000000000 ) ) ;
#6467 = VERTEX_POINT ( 'NONE', #9099 ) ;
#6468 = ORIENTED_EDGE ( 'NONE', *, *, #795, .F. ) ;
#6469 = EDGE_CURVE ( 'NONE', #8305, #5950, #7408, .T. ) ;
#6470 = ORIENTED_EDGE ( 'NONE', *, *, #7941, .T. ) ;
#6471 = EDGE_CURVE ( 'NONE', #11689, #6378, #9514, .T. ) ;
#6472 = AXIS2_PLACEMENT_3D ( 'NONE', #8212, #2801, #9105 ) ;
#6473 = LINE ( 'NONE', #3175, #4089 ) ;
#6474 = CYLINDRICAL_SURFACE ( 'NONE', #7339, 0.007874015748031449100 ) ;
#6475 = CARTESIAN_POINT ( 'NONE',  ( 0.7568533023228352100, 0.2494168253937005800, -0.04212598425196851400 ) ) ;
#6476 = CARTESIAN_POINT ( 'NONE',  ( 0.03740157480314992800, 0.05244063622047107800, -0.04212598425196852800 ) ) ;
#6477 = EDGE_LOOP ( 'NONE', ( #6966, #9358, #4828, #7246 ) ) ;
#6478 = CARTESIAN_POINT ( 'NONE',  ( 0.1279527559055121900, 0.06031465196850320500, -0.04212598425196852100 ) ) ;
#6479 = CARTESIAN_POINT ( 'NONE',  ( 0.4401574803115176300, 0.2890203332166550500, -0.05787401574803151300 ) ) ;
#6480 = ORIENTED_EDGE ( 'NONE', *, *, #8918, .T. ) ;
#6481 = CARTESIAN_POINT ( 'NONE',  ( 0.03051181108068617300, 0.2965351243983662700, -0.05787401574803151300 ) ) ;
#6482 = LINE ( 'NONE', #9611, #7074 ) ;
#6483 = CARTESIAN_POINT ( 'NONE',  ( 0.07480314961729220300, -0.1011811023110971000, -0.04212598425196851400 ) ) ;
#6484 = CARTESIAN_POINT ( 'NONE',  ( 0.4374015748425201200, 0.05244063622047148700, -0.05787401574803151300 ) ) ;
#6485 = EDGE_CURVE ( 'NONE', #6617, #8853, #151, .T. ) ;
#6486 = LINE ( 'NONE', #2923, #1697 ) ;
#6487 = ORIENTED_EDGE ( 'NONE', *, *, #6064, .F. ) ;
#6488 = CARTESIAN_POINT ( 'NONE',  ( 0.1431102362204728900, 0.3149606299212593400, -0.01812598440944882300 ) ) ;
#6489 = ORIENTED_EDGE ( 'NONE', *, *, #3628, .F. ) ;
#6490 = DIRECTION ( 'NONE',  ( 0.0000000000000000000, 0.0000000000000000000, -1.000000000000000000 ) ) ;
#6491 = CARTESIAN_POINT ( 'NONE',  ( 0.6200787401574808800, 0.08959064362204691200, -0.05787401574803152000 ) ) ;
#6492 = EDGE_CURVE ( 'NONE', #322, #9219, #2316, .T. ) ;
#6493 = CC_DESIGN_PERSON_AND_ORGANIZATION_ASSIGNMENT ( #11489, #4833, ( #4087 ) ) ;
#6494 = CARTESIAN_POINT ( 'NONE',  ( 0.1000000000000005700, 0.3149606299212595600, -0.05787401574803152000 ) ) ;
#6495 = CARTESIAN_POINT ( 'NONE',  ( 0.5913385826685535500, 0.3346456692929789500, -0.01812598440944882300 ) ) ;
#6496 = CARTESIAN_POINT ( 'NONE',  ( 0.02421259842240215000, 0.1473225259857619000, -0.04212598425196851400 ) ) ;
#6497 = VERTEX_POINT ( 'NONE', #1926 ) ;
#6498 = VECTOR ( 'NONE', #11334, 39.37007874015748900 ) ;
#6499 = DIRECTION ( 'NONE',  ( -0.0000000000000000000, -0.0000000000000000000, 1.000000000000000000 ) ) ;
#6500 = VECTOR ( 'NONE', #485, 39.37007874015748100 ) ;
#6501 = VERTEX_POINT ( 'NONE', #2834 ) ;
#6502 = ADVANCED_FACE ( 'NONE', ( #8949 ), #3732, .F. ) ;
#6503 = CARTESIAN_POINT ( 'NONE',  ( 0.2702238798032181000, 0.2525113753601322400, -0.05787401574803151300 ) ) ;
#6504 = ORIENTED_EDGE ( 'NONE', *, *, #3109, .T. ) ;
#6505 = AXIS2_PLACEMENT_3D ( 'NONE', #7791, #4382, #4347 ) ;
#6506 = DIRECTION ( 'NONE',  ( 0.0000000000000000000, 0.0000000000000000000, 1.000000000000000000 ) ) ;
#6507 = DIRECTION ( 'NONE',  ( 0.0000000000000000000, 0.0000000000000000000, 1.000000000000000000 ) ) ;
#6508 = EDGE_CURVE ( 'NONE', #3501, #817, #6833, .T. ) ;
#6509 = VECTOR ( 'NONE', #8948, 39.37007874015748100 ) ;
#6510 = DIRECTION ( 'NONE',  ( 0.0000000000000000000, 0.0000000000000000000, -1.000000000000000000 ) ) ;
#6511 = ORIENTED_EDGE ( 'NONE', *, *, #9144, .F. ) ;
#6512 = UNCERTAINTY_MEASURE_WITH_UNIT (LENGTH_MEASURE( 1.000000000000000100E-005 ), #9226, 'distance_accuracy_value', 'NONE');
#6513 = LINE ( 'NONE', #528, #10999 ) ;
#6514 = ORIENTED_EDGE ( 'NONE', *, *, #2845, .F. ) ;
#6515 = VERTEX_POINT ( 'NONE', #1959 ) ;
#6516 = ADVANCED_FACE ( 'NONE', ( #11568 ), #2871, .T. ) ;
#6517 = ORIENTED_EDGE ( 'NONE', *, *, #7440, .F. ) ;
#6518 = DIRECTION ( 'NONE',  ( 1.000000000000000000, 0.0000000000000000000, -0.0000000000000000000 ) ) ;
#6519 = VECTOR ( 'NONE', #4681, 39.37007874015748900 ) ;
#6520 = EDGE_LOOP ( 'NONE', ( #1218, #2059, #3686, #11112 ) ) ;
#6521 = DIRECTION ( 'NONE',  ( 0.9889363527142632800, 0.1483404539571395500, -0.0000000000000000000 ) ) ;
#6522 = VECTOR ( 'NONE', #10653, 39.37007874015748100 ) ;
#6523 = ORIENTED_EDGE ( 'NONE', *, *, #8824, .F. ) ;
#6524 = EDGE_LOOP ( 'NONE', ( #3101, #5577, #5417, #6207, #5062, #7599, #9049, #10045 ) ) ;
#6525 = ORIENTED_EDGE ( 'NONE', *, *, #3296, .T. ) ;
#6526 = CARTESIAN_POINT ( 'NONE',  ( 0.5000000000000005600, -0.1259842519685042700, -0.04212598425196851400 ) ) ;
#6527 = EDGE_CURVE ( 'NONE', #3420, #4577, #4145, .T. ) ;
#6528 = EDGE_CURVE ( 'NONE', #4312, #8427, #6536, .T. ) ;
#6529 = DIRECTION ( 'NONE',  ( 0.0000000000000000000, 0.0000000000000000000, -1.000000000000000000 ) ) ;
#6530 = LINE ( 'NONE', #10197, #4140 ) ;
#6531 = DIRECTION ( 'NONE',  ( 0.1483404520011492900, 0.9889363530076618100, 0.0000000000000000000 ) ) ;
#6532 = DIRECTION ( 'NONE',  ( 1.000000000000000000, 0.0000000000000000000, 0.0000000000000000000 ) ) ;
#6533 = DIRECTION ( 'NONE',  ( 1.000000000000000000, 0.0000000000000000000, 0.0000000000000000000 ) ) ;
#6534 = FACE_OUTER_BOUND ( 'NONE', #6972, .T. ) ;
#6535 = ORIENTED_EDGE ( 'NONE', *, *, #11645, .F. ) ;
#6536 = LINE ( 'NONE', #5560, #11020 ) ;
#6537 = VERTEX_POINT ( 'NONE', #1995 ) ;
#6538 = VERTEX_POINT ( 'NONE', #2915 ) ;
#6539 = DIRECTION ( 'NONE',  ( -0.0000000000000000000, 0.0000000000000000000, 1.000000000000000000 ) ) ;
#6540 = DIRECTION ( 'NONE',  ( -0.0000000000000000000, -0.0000000000000000000, -1.000000000000000000 ) ) ;
#6541 = EDGE_CURVE ( 'NONE', #10364, #1168, #3864, .T. ) ;
#6542 = ORIENTED_EDGE ( 'NONE', *, *, #4946, .F. ) ;
#6543 = FACE_OUTER_BOUND ( 'NONE', #2339, .T. ) ;
#6544 = CARTESIAN_POINT ( 'NONE',  ( 0.2913385826681930100, 0.3346456692921436800, -0.01850393699963993200 ) ) ;
#6545 = EDGE_CURVE ( 'NONE', #2033, #1165, #8671, .T. ) ;
#6546 = ORIENTED_EDGE ( 'NONE', *, *, #3997, .F. ) ;
#6548 = ORIENTED_EDGE ( 'NONE', *, *, #8844, .F. ) ;
#6547 = AXIS2_PLACEMENT_3D ( 'NONE', #3597, #6305, #884 ) ;
#6549 = FACE_OUTER_BOUND ( 'NONE', #5390, .T. ) ;
#6550 = EDGE_LOOP ( 'NONE', ( #8146, #7718, #9537, #6854 ) ) ;
#6551 = ORIENTED_EDGE ( 'NONE', *, *, #4562, .F. ) ;
#6552 = DIRECTION ( 'NONE',  ( 0.1483404520011703500, 0.9889363530076585900, 0.0000000000000000000 ) ) ;
#6553 = PLANE ( 'NONE',  #11191 ) ;
#6554 = LINE ( 'NONE', #3704, #4165 ) ;
#6555 = DIRECTION ( 'NONE',  ( 0.0000000000000000000, 0.0000000000000000000, -1.000000000000000000 ) ) ;
#6556 = EDGE_LOOP ( 'NONE', ( #1835, #9035, #2121, #6923 ) ) ;
#6557 = ORIENTED_EDGE ( 'NONE', *, *, #6313, .F. ) ;
#6558 = DIRECTION ( 'NONE',  ( 0.9889363530076618100, -0.1483404520011492900, 0.0000000000000000000 ) ) ;
#6559 = FACE_OUTER_BOUND ( 'NONE', #1559, .T. ) ;
#6560 = EDGE_LOOP ( 'NONE', ( #7787, #10570, #11469, #6061 ) ) ;
#6561 = VERTEX_POINT ( 'NONE', #3807 ) ;
#6562 = CARTESIAN_POINT ( 'NONE',  ( 0.4748031496158058900, -0.1011811022909666500, -0.05787401574803150600 ) ) ;
#6563 = DIRECTION ( 'NONE',  ( 0.0000000000000000000, 0.0000000000000000000, 1.000000000000000000 ) ) ;
#6564 = EDGE_CURVE ( 'NONE', #2204, #840, #1750, .T. ) ;
#6566 = DIRECTION ( 'NONE',  ( 1.000000000000000000, 0.0000000000000000000, -0.0000000000000000000 ) ) ;
#6565 = VECTOR ( 'NONE', #1702, 39.37007874015748100 ) ;
#6567 = ADVANCED_FACE ( 'NONE', ( #10753 ), #178, .F. ) ;
#6568 = DIRECTION ( 'NONE',  ( -0.0000000000000000000, -0.0000000000000000000, 1.000000000000000000 ) ) ;
#6569 = AXIS2_PLACEMENT_3D ( 'NONE', #7906, #1612, #7945 ) ;
#6570 = CARTESIAN_POINT ( 'NONE',  ( 0.6196850393700790200, 0.1027140031889743600, -0.04212598425196851400 ) ) ;
#6571 = EDGE_CURVE ( 'NONE', #717, #5090, #3583, .T. ) ;
#6572 = AXIS2_PLACEMENT_3D ( 'NONE', #5938, #11352, #5983 ) ;
#6573 = VECTOR ( 'NONE', #1615, 39.37007874015748100 ) ;
#6574 = DIRECTION ( 'NONE',  ( -1.000000000000000000, 0.0000000000000000000, 0.0000000000000000000 ) ) ;
#6575 = ORIENTED_EDGE ( 'NONE', *, *, #2254, .T. ) ;
#6576 = ORIENTED_EDGE ( 'NONE', *, *, #5001, .T. ) ;
#6577 = DIRECTION ( 'NONE',  ( -0.0000000000000000000, -1.000000000000000000, -0.0000000000000000000 ) ) ;
#6578 = CARTESIAN_POINT ( 'NONE',  ( 0.2196850393700793500, 0.1027140031889747100, -0.05787401574803152000 ) ) ;
#6579 = ORIENTED_EDGE ( 'NONE', *, *, #9922, .T. ) ;
#6580 = DIRECTION ( 'NONE',  ( -0.0000000000000000000, -0.0000000000000000000, 1.000000000000000000 ) ) ;
#6581 = DATE_TIME_ROLE ( 'creation_date' ) ;
#6582 = CIRCLE ( 'NONE', #3027, 0.03976377952755894700 ) ;
#6583 = DIRECTION ( 'NONE',  ( 0.2950730660855439000, 0.9554746912769988000, 0.0000000000000000000 ) ) ;
#6584 = ADVANCED_FACE ( 'NONE', ( #1151 ), #5668, .T. ) ;
#6585 = DIRECTION ( 'NONE',  ( 1.000000000000000000, 0.0000000000000000000, -0.0000000000000000000 ) ) ;
#6586 = VECTOR ( 'NONE', #9659, 39.37007874015748100 ) ;
#6587 = AXIS2_PLACEMENT_3D ( 'NONE', #7811, #7543, #8219 ) ;
#6588 = VERTEX_POINT ( 'NONE', #2081 ) ;
#6589 = CARTESIAN_POINT ( 'NONE',  ( 0.3826771653543312700, 0.04456662047243921400, -0.04212598425196852800 ) ) ;
#6591 = EDGE_CURVE ( 'NONE', #4527, #482, #8122, .T. ) ;
#6590 = DIRECTION ( 'NONE',  ( -1.000000000000000000, 0.0000000000000000000, 0.0000000000000000000 ) ) ;
#6592 = ORIENTED_EDGE ( 'NONE', *, *, #5727, .T. ) ;
#6593 = CARTESIAN_POINT ( 'NONE',  ( 0.3795275590551186500, 0.01968503937007875700, -0.04212598425196851400 ) ) ;
#6594 = PLANE ( 'NONE',  #2132 ) ;
#6595 = CIRCLE ( 'NONE', #10114, 0.03976377952755894700 ) ;
#6596 = CARTESIAN_POINT ( 'NONE',  ( 0.1088916445275594100, 0.2432397985433058200, -0.05787401574803151300 ) ) ;
#6597 = LINE ( 'NONE', #8808, #6013 ) ;
#6598 = CARTESIAN_POINT ( 'NONE',  ( 0.4200787401574808100, 0.06031465196850320500, -0.05787401574803151300 ) ) ;
#6599 = ORIENTED_EDGE ( 'NONE', *, *, #4723, .F. ) ;
#6600 = CARTESIAN_POINT ( 'NONE',  ( 0.1795275590551181600, 0.01968503937007875700, -0.07165354330708663400 ) ) ;
#6601 = LINE ( 'NONE', #9585, #4209 ) ;
#6602 = EDGE_LOOP ( 'NONE', ( #5823, #1826, #6438, #10779 ) ) ;
#6603 = EDGE_CURVE ( 'NONE', #1872, #8938, #10482, .T. ) ;
#6604 = FACE_OUTER_BOUND ( 'NONE', #10485, .T. ) ;
#6605 = DIRECTION ( 'NONE',  ( 1.000000000000000000, 0.0000000000000000000, 0.0000000000000000000 ) ) ;
#6606 = DIRECTION ( 'NONE',  ( 1.000000000000000000, -0.0000000000000000000, 0.0000000000000000000 ) ) ;
#6607 = CARTESIAN_POINT ( 'NONE',  ( 0.6826771653543313200, 0.05244063622047148700, -0.05787401574803151300 ) ) ;
#6608 = ORIENTED_EDGE ( 'NONE', *, *, #4465, .F. ) ;
#6609 = DIRECTION ( 'NONE',  ( 0.0000000000000000000, 0.0000000000000000000, 1.000000000000000000 ) ) ;
#6610 = CALENDAR_DATE ( 2016, 19, 8 ) ;
#6611 = VECTOR ( 'NONE', #9752, 39.37007874015748100 ) ;
#6612 = DIRECTION ( 'NONE',  ( 0.2950730660855439000, -0.9554746912769988000, 0.0000000000000000000 ) ) ;
#6613 = CARTESIAN_POINT ( 'NONE',  ( 0.4279527559055122900, 0.06031465196850320500, -0.04212598425196852100 ) ) ;
#6614 = EDGE_LOOP ( 'NONE', ( #8582, #408, #10359, #3180 ) ) ;
#6615 = ORIENTED_EDGE ( 'NONE', *, *, #436, .F. ) ;
#6616 = APPLICATION_CONTEXT ( 'configuration controlled 3d designs of mechanical parts and assemblies' ) ;
#6617 = VERTEX_POINT ( 'NONE', #251 ) ;
#6618 = PLANE ( 'NONE',  #9235 ) ;
#6619 = EDGE_CURVE ( 'NONE', #3205, #8422, #7830, .T. ) ;
#6620 = CARTESIAN_POINT ( 'NONE',  ( -0.4999999999999996100, 0.01968503937007875700, -0.02834645669291339200 ) ) ;
#6621 = AXIS2_PLACEMENT_3D ( 'NONE', #7014, #1590, #7926 ) ;
#6622 = LINE ( 'NONE', #7996, #2395 ) ;
#6623 = LINE ( 'NONE', #2906, #8479 ) ;
#6624 = CARTESIAN_POINT ( 'NONE',  ( 0.1401574803149614700, 0.3149606299212595600, -0.05787401574803152000 ) ) ;
#6625 = VERTEX_POINT ( 'NONE', #6607 ) ;
#6626 = ADVANCED_FACE ( 'NONE', ( #10213 ), #9929, .F. ) ;
#6627 = DIRECTION ( 'NONE',  ( 1.000000000000000000, -0.0000000000000000000, 0.0000000000000000000 ) ) ;
#6628 = ORIENTED_EDGE ( 'NONE', *, *, #531, .F. ) ;
#6629 = CARTESIAN_POINT ( 'NONE',  ( 0.2196850393702200500, 0.01968503937007875700, -0.05787401574803152000 ) ) ;
#6630 = VECTOR ( 'NONE', #9882, 39.37007874015748100 ) ;
#6631 = LINE ( 'NONE', #6733, #4238 ) ;
#6632 = CARTESIAN_POINT ( 'NONE',  ( 0.6283464566929137800, 0.3346456692913384900, -0.01812598440944882300 ) ) ;
#6633 = EDGE_CURVE ( 'NONE', #4608, #972, #587, .T. ) ;
#6634 = ORIENTED_EDGE ( 'NONE', *, *, #11058, .T. ) ;
#6635 = DIRECTION ( 'NONE',  ( 1.000000000000000000, 0.0000000000000000000, 0.0000000000000000000 ) ) ;
#6636 = EDGE_CURVE ( 'NONE', #6859, #6085, #5960, .T. ) ;
#6637 = AXIS2_PLACEMENT_3D ( 'NONE', #2039, #3842, #10160 ) ;
#6638 = ADVANCED_FACE ( 'NONE', ( #286 ), #5723, .F. ) ;
#6639 = ORIENTED_EDGE ( 'NONE', *, *, #3776, .T. ) ;
#6640 = DIRECTION ( 'NONE',  ( -0.2950730661818098400, -0.9554746912472695800, 0.0000000000000000000 ) ) ;
#6641 = LINE ( 'NONE', #5245, #4246 ) ;
#6642 = CARTESIAN_POINT ( 'NONE',  ( 0.07552289008114027000, 0.1112594902469207400, -0.04212598425196852800 ) ) ;
#6643 = LINE ( 'NONE', #7993, #6939 ) ;
#6644 = VERTEX_POINT ( 'NONE', #6645 ) ;
#6645 = CARTESIAN_POINT ( 'NONE',  ( 0.6509842519782490500, -0.1259842519674359800, -0.05787401574803150600 ) ) ;
#6646 = CARTESIAN_POINT ( 'NONE',  ( 0.1958661417322834800, 0.1473225259842513800, -0.05787401574803151300 ) ) ;
#6647 = VERTEX_POINT ( 'NONE', #9375 ) ;
#6648 = CARTESIAN_POINT ( 'NONE',  ( 0.7088916445275595900, 0.2617829512992116400, -0.05787401574803151300 ) ) ;
#6649 = CARTESIAN_POINT ( 'NONE',  ( 0.04015748031496117800, 0.3149606299212595600, -0.02834645669291339200 ) ) ;
#6650 = AXIS2_PLACEMENT_3D ( 'NONE', #4508, #4166, #4667 ) ;
#6651 = VECTOR ( 'NONE', #4752, 39.37007874015748100 ) ;
#6652 = APPROVAL_STATUS ( 'not_yet_approved' ) ;
#6653 = VECTOR ( 'NONE', #8309, 39.37007874015748100 ) ;
#6654 = CARTESIAN_POINT ( 'NONE',  ( 0.5242125984224025300, 0.1473225259857623700, -0.04212598425196851400 ) ) ;
#6655 = EDGE_CURVE ( 'NONE', #2854, #1608, #7254, .T. ) ;
#6656 = VERTEX_POINT ( 'NONE', #3969 ) ;
#6657 = ORIENTED_EDGE ( 'NONE', *, *, #9285, .F. ) ;
#6658 = CARTESIAN_POINT ( 'NONE',  ( 0.1718503937007874500, 0.2287793732283450500, -0.05787401574803151300 ) ) ;
#6659 = CARTESIAN_POINT ( 'NONE',  ( 0.5600393700787408300, 0.1141337039370070900, -0.05787401574803151300 ) ) ;
#6660 = DIRECTION ( 'NONE',  ( 1.000000000000000000, 0.0000000000000000000, 0.0000000000000000000 ) ) ;
#6661 = FACE_OUTER_BOUND ( 'NONE', #10048, .T. ) ;
#6662 = ORIENTED_EDGE ( 'NONE', *, *, #5791, .T. ) ;
#6663 = DIRECTION ( 'NONE',  ( -1.000000000000000000, -0.0000000000000000000, -0.0000000000000000000 ) ) ;
#6664 = LINE ( 'NONE', #1170, #6374 ) ;
#6665 = ORIENTED_EDGE ( 'NONE', *, *, #11092, .T. ) ;
#6666 = ORIENTED_EDGE ( 'NONE', *, *, #455, .F. ) ;
#6667 = ORIENTED_EDGE ( 'NONE', *, *, #2234, .F. ) ;
#6668 = AXIS2_PLACEMENT_3D ( 'NONE', #9817, #5298, #11563 ) ;
#6669 = CARTESIAN_POINT ( 'NONE',  ( 0.6718503937022889400, 0.2287793731508396500, -0.04212598425196852800 ) ) ;
#6670 = DIRECTION ( 'NONE',  ( 0.0000000000000000000, 0.0000000000000000000, -1.000000000000000000 ) ) ;
#6671 = EDGE_CURVE ( 'NONE', #9550, #6501, #7548, .T. ) ;
#6673 = VECTOR ( 'NONE', #2387, 39.37007874015748100 ) ;
#6672 = CARTESIAN_POINT ( 'NONE',  ( 0.5000000000000005600, 0.01968503937007875700, -0.04212598425196851400 ) ) ;
#6674 = CYLINDRICAL_SURFACE ( 'NONE', #7157, 0.007874015748031584400 ) ;
#6675 = ORIENTED_EDGE ( 'NONE', *, *, #4780, .T. ) ;
#6676 = CARTESIAN_POINT ( 'NONE',  ( 0.2000000000000005900, 0.01968503937007875700, -0.05787401574803152000 ) ) ;
#6677 = VECTOR ( 'NONE', #3112, 39.37007874015748100 ) ;
#6678 = ORIENTED_EDGE ( 'NONE', *, *, #4596, .T. ) ;
#6679 = ORIENTED_EDGE ( 'NONE', *, *, #5017, .T. ) ;
#6680 = EDGE_LOOP ( 'NONE', ( #6249, #7696, #6523, #9305 ) ) ;
#6681 = DIRECTION ( 'NONE',  ( 1.000000000000000000, 0.0000000000000000000, 0.0000000000000000000 ) ) ;
#6682 = ADVANCED_FACE ( 'NONE', ( #3023 ), #6974, .T. ) ;
#6683 = CARTESIAN_POINT ( 'NONE',  ( 0.2279527559055122300, 0.06031465196850320500, -0.05787401574803151300 ) ) ;
#6684 = CYLINDRICAL_SURFACE ( 'NONE', #6668, 0.03976377952755894000 ) ;
#6685 = CARTESIAN_POINT ( 'NONE',  ( 0.1509508751574806000, 0.2432397985433058200, -0.04212598425196851400 ) ) ;
#6686 = CIRCLE ( 'NONE', #694, 0.09219577657480328100 ) ;
#6687 = ORIENTED_EDGE ( 'NONE', *, *, #5468, .T. ) ;
#6688 = DIRECTION ( 'NONE',  ( 0.0000000000000000000, 1.000000000000000000, 0.0000000000000000000 ) ) ;
#6689 = EDGE_CURVE ( 'NONE', #11452, #4023, #9369, .T. ) ;
#6690 = CIRCLE ( 'NONE', #2481, 0.03976377952755921100 ) ;
#6691 = ORIENTED_EDGE ( 'NONE', *, *, #3381, .F. ) ;
#6692 = ORIENTED_EDGE ( 'NONE', *, *, #2919, .F. ) ;
#6693 = AXIS2_PLACEMENT_3D ( 'NONE', #8907, #3504, #9820 ) ;
#6694 = CARTESIAN_POINT ( 'NONE',  ( 0.6196850393700792400, 0.3149606299212595600, -0.04212598425196851400 ) ) ;
#6695 = CARTESIAN_POINT ( 'NONE',  ( 0.1748031496158059300, -0.1011811022909665800, -0.05787401574803150600 ) ) ;
#6696 = CYLINDRICAL_SURFACE ( 'NONE', #11307, 0.03976377952755894700 ) ;
#6697 = CARTESIAN_POINT ( 'NONE',  ( 0.5577900044881894900, 0.2475998051574795600, -0.05787401574803151300 ) ) ;
#6698 = CARTESIAN_POINT ( 'NONE',  ( 0.09999999999567407700, 0.1339366992112627200, -0.05787401574803150600 ) ) ;
#6699 = ADVANCED_FACE ( 'NONE', ( #2447 ), #4899, .F. ) ;
#6700 = ORIENTED_EDGE ( 'NONE', *, *, #2477, .F. ) ;
#6701 = ORIENTED_EDGE ( 'NONE', *, *, #8213, .F. ) ;
#6702 = EDGE_CURVE ( 'NONE', #11011, #8218, #11697, .T. ) ;
#6703 = LINE ( 'NONE', #5492, #6410 ) ;
#6704 = ORIENTED_EDGE ( 'NONE', *, *, #3685, .T. ) ;
#6705 = ORIENTED_EDGE ( 'NONE', *, *, #8918, .F. ) ;
#6706 = LINE ( 'NONE', #7316, #11176 ) ;
#6707 = CARTESIAN_POINT ( 'NONE',  ( -0.4999999999999996100, 0.01968503937007875700, -0.04212598425196851400 ) ) ;
#6708 = EDGE_CURVE ( 'NONE', #51, #8744, #11425, .T. ) ;
#6709 = FACE_OUTER_BOUND ( 'NONE', #10625, .T. ) ;
#6710 = PLANE ( 'NONE',  #1098 ) ;
#6711 = DIRECTION ( 'NONE',  ( -1.000000000000000000, 0.0000000000000000000, 0.0000000000000000000 ) ) ;
#6712 = EDGE_CURVE ( 'NONE', #7097, #6085, #2166, .T. ) ;
#6714 = DIRECTION ( 'NONE',  ( 0.0000000000000000000, 0.0000000000000000000, 1.000000000000000000 ) ) ;
#6713 = AXIS2_PLACEMENT_3D ( 'NONE', #2335, #8641, #5890 ) ;
#6715 = ORIENTED_EDGE ( 'NONE', *, *, #8473, .T. ) ;
#6716 = VECTOR ( 'NONE', #11167, 39.37007874015748100 ) ;
#6717 = ORIENTED_EDGE ( 'NONE', *, *, #9336, .T. ) ;
#6718 = DIRECTION ( 'NONE',  ( 1.000000000000000000, 0.0000000000000000000, 0.0000000000000000000 ) ) ;
#6719 = VECTOR ( 'NONE', #11214, 39.37007874015748100 ) ;
#6720 = DIRECTION ( 'NONE',  ( -1.000000000000000000, 0.0000000000000000000, 0.0000000000000000000 ) ) ;
#6721 = FACE_OUTER_BOUND ( 'NONE', #5787, .T. ) ;
#6722 = DIRECTION ( 'NONE',  ( 1.000000000000000000, -0.0000000000000000000, 0.0000000000000000000 ) ) ;
#6723 = VERTEX_POINT ( 'NONE', #4938 ) ;
#6724 = EDGE_CURVE ( 'NONE', #2934, #7135, #8804, .T. ) ;
#6725 = DIRECTION ( 'NONE',  ( -0.0000000000000000000, -0.0000000000000000000, -1.000000000000000000 ) ) ;
#6726 = VERTEX_POINT ( 'NONE', #7652 ) ;
#6727 = CARTESIAN_POINT ( 'NONE',  ( 0.5999999999985584600, 0.1339366992019233600, -0.04212598425196851400 ) ) ;
#6728 = DIRECTION ( 'NONE',  ( -1.000000000000000000, -0.0000000000000000000, 0.0000000000000000000 ) ) ;
#6729 = VECTOR ( 'NONE', #3464, 39.37007874015748100 ) ;
#6730 = EDGE_CURVE ( 'NONE', #10116, #5369, #11152, .T. ) ;
#6731 = CC_DESIGN_APPROVAL ( #6109, ( #5491 ) ) ;
#6732 = LINE ( 'NONE', #1149, #1938 ) ;
#6733 = CARTESIAN_POINT ( 'NONE',  ( 0.3452755905511815100, -0.1011811023622053900, -0.05787401574803150600 ) ) ;
#6734 = DIRECTION ( 'NONE',  ( -1.000000000000000000, -0.0000000000000000000, 0.0000000000000000000 ) ) ;
#6735 = VERTEX_POINT ( 'NONE', #1347 ) ;
#6736 = ORIENTED_EDGE ( 'NONE', *, *, #2937, .T. ) ;
#6737 = LINE ( 'NONE', #10777, #8864 ) ;
#6738 = DIRECTION ( 'NONE',  ( -1.000000000000000000, 0.0000000000000000000, 0.0000000000000000000 ) ) ;
#6739 = CARTESIAN_POINT ( 'NONE',  ( 0.5895669291405922800, 0.2965351244331184700, -0.05787401574803151300 ) ) ;
#6740 = AXIS2_PLACEMENT_3D ( 'NONE', #621, #564, #445 ) ;
#6741 = LINE ( 'NONE', #10514, #11213 ) ;
#6742 = CARTESIAN_POINT ( 'NONE',  ( 0.6401574803149611100, 0.01968503937007875700, -0.05787401574803151300 ) ) ;
#6743 = EDGE_CURVE ( 'NONE', #6798, #1382, #9082, .T. ) ;
#6744 = ADVANCED_FACE ( 'NONE', ( #10881 ), #9489, .F. ) ;
#6745 = ORIENTED_EDGE ( 'NONE', *, *, #7205, .T. ) ;
#6746 = CARTESIAN_POINT ( 'NONE',  ( 0.3913385826771659200, 0.3346456692913383200, -0.01812598425196851300 ) ) ;
#6747 = COORDINATED_UNIVERSAL_TIME_OFFSET ( 8, 0, .BEHIND. ) ;
#6748 = CARTESIAN_POINT ( 'NONE',  ( 0.6305118110806863200, 0.2965351243983663800, -0.05787401574803151300 ) ) ;
#6749 = CIRCLE ( 'NONE', #5706, 0.007874015748031449100 ) ;
#6750 = CARTESIAN_POINT ( 'NONE',  ( 0.2895669291405919600, 0.2965351244331185200, -0.04212598425196852800 ) ) ;
#6751 = DIRECTION ( 'NONE',  ( 0.0000000000000000000, -0.9723873020894432400, 0.2333729520214664600 ) ) ;
#6752 = CARTESIAN_POINT ( 'NONE',  ( 0.04311023621934708500, 0.3149606299228547800, -0.06673228346612489200 ) ) ;
#6753 = EDGE_LOOP ( 'NONE', ( #6514, #5123, #1025, #7832 ) ) ;
#6754 = VERTEX_POINT ( 'NONE', #7688 ) ;
#6755 = ORIENTED_EDGE ( 'NONE', *, *, #2724, .F. ) ;
#6756 = CARTESIAN_POINT ( 'NONE',  ( 0.3452755905492693200, -0.1011811023363984900, -0.04212598425196851400 ) ) ;
#6757 = ADVANCED_FACE ( 'NONE', ( #8528 ), #8627, .F. ) ;
#6758 = FACE_OUTER_BOUND ( 'NONE', #4389, .T. ) ;
#6759 = EDGE_CURVE ( 'NONE', #3415, #9541, #3716, .T. ) ;
#6760 = LINE ( 'NONE', #10448, #10415 ) ;
#6761 = EDGE_CURVE ( 'NONE', #5101, #1912, #4001, .T. ) ;
#6762 = AXIS2_PLACEMENT_3D ( 'NONE', #3827, #10147, #4735 ) ;
#6763 = EDGE_LOOP ( 'NONE', ( #655, #3899, #4992, #8617 ) ) ;
#6764 = DIRECTION ( 'NONE',  ( 1.000000000000000000, 0.0000000000000000000, 0.0000000000000000000 ) ) ;
#6765 = PLANE ( 'NONE',  #912 ) ;
#6766 = CARTESIAN_POINT ( 'NONE',  ( 0.6401574803149611100, 0.3149606299212595600, -0.02834645669291339200 ) ) ;
#6767 = VERTEX_POINT ( 'NONE', #10419 ) ;
#6768 = CARTESIAN_POINT ( 'NONE',  ( 0.3200787401574809500, 0.08959064362204677300, -0.04212598425196851400 ) ) ;
#6769 = PLANE ( 'NONE',  #2394 ) ;
#6770 = ORIENTED_EDGE ( 'NONE', *, *, #10602, .T. ) ;
#6771 = VECTOR ( 'NONE', #2024, 39.37007874015748100 ) ;
#6772 = CARTESIAN_POINT ( 'NONE',  ( 0.5795275590551185500, 0.3149606299212595600, -0.07165354330708663400 ) ) ;
#6773 = FACE_OUTER_BOUND ( 'NONE', #5809, .T. ) ;
#6774 = DIRECTION ( 'NONE',  ( -1.000000000000000000, 0.0000000000000000000, -0.0000000000000000000 ) ) ;
#6775 = ORIENTED_EDGE ( 'NONE', *, *, #8093, .T. ) ;
#6776 = DIRECTION ( 'NONE',  ( 0.0000000000000000000, 0.0000000000000000000, -1.000000000000000000 ) ) ;
#6777 = EDGE_CURVE ( 'NONE', #11074, #4546, #1293, .T. ) ;
#6778 = CARTESIAN_POINT ( 'NONE',  ( 0.1921259842519688900, 0.05244063622047161900, -0.05787401574803151300 ) ) ;
#6779 = DIRECTION ( 'NONE',  ( -0.0000000000000000000, 0.0000000000000000000, -1.000000000000000000 ) ) ;
#6780 = AXIS2_PLACEMENT_3D ( 'NONE', #9557, #4150, #10445 ) ;
#6781 = ORIENTED_EDGE ( 'NONE', *, *, #5718, .T. ) ;
#6782 = FACE_OUTER_BOUND ( 'NONE', #3020, .T. ) ;
#6783 = DIRECTION ( 'NONE',  ( -0.1483404539571395500, 0.9889363527142632800, 0.0000000000000000000 ) ) ;
#6784 = FACE_OUTER_BOUND ( 'NONE', #10968, .T. ) ;
#6785 = ORIENTED_EDGE ( 'NONE', *, *, #8165, .F. ) ;
#6786 = CARTESIAN_POINT ( 'NONE',  ( 0.7000000000000005100, 0.01968503937007875700, -0.05787401574803152000 ) ) ;
#6787 = ORIENTED_EDGE ( 'NONE', *, *, #4492, .F. ) ;
#6788 = DIRECTION ( 'NONE',  ( 0.0000000000000000000, 0.0000000000000000000, 1.000000000000000000 ) ) ;
#6789 = DIRECTION ( 'NONE',  ( 0.04217878999398427100, -0.9991100788575016900, 0.0000000000000000000 ) ) ;
#6790 = PLANE ( 'NONE',  #2896 ) ;
#6791 = ORIENTED_EDGE ( 'NONE', *, *, #6875, .F. ) ;
#6792 = CIRCLE ( 'NONE', #2010, 0.03976377952755894000 ) ;
#6793 = DIRECTION ( 'NONE',  ( 0.2950730660855439000, 0.9554746912769988000, 0.0000000000000000000 ) ) ;
#6794 = EDGE_CURVE ( 'NONE', #8901, #8563, #8251, .T. ) ;
#6795 = LINE ( 'NONE', #3216, #6500 ) ;
#6796 = ORIENTED_EDGE ( 'NONE', *, *, #168, .T. ) ;
#6797 = AXIS2_PLACEMENT_3D ( 'NONE', #2974, #9278, #3875 ) ;
#6798 = VERTEX_POINT ( 'NONE', #5051 ) ;
#6799 = EDGE_CURVE ( 'NONE', #4921, #9406, #7972, .T. ) ;
#6800 = PLANE ( 'NONE',  #4330 ) ;
#6801 = CARTESIAN_POINT ( 'NONE',  ( 0.1305118110767168900, 0.2965351244002115700, -0.04212598425196852800 ) ) ;
#6802 = FACE_OUTER_BOUND ( 'NONE', #7298, .T. ) ;
#6803 = ADVANCED_FACE ( 'NONE', ( #10334 ), #10454, .F. ) ;
#6804 = DIRECTION ( 'NONE',  ( 0.0000000000000000000, 0.0000000000000000000, 1.000000000000000000 ) ) ;
#6805 = ORIENTED_EDGE ( 'NONE', *, *, #6935, .F. ) ;
#6806 = DIRECTION ( 'NONE',  ( -0.0000000000000000000, -0.0000000000000000000, 1.000000000000000000 ) ) ;
#6807 = CIRCLE ( 'NONE', #3398, 0.03976377956692896800 ) ;
#6808 = ORIENTED_EDGE ( 'NONE', *, *, #8521, .T. ) ;
#6809 = ORIENTED_EDGE ( 'NONE', *, *, #636, .F. ) ;
#6810 = ADVANCED_BREP_SHAPE_REPRESENTATION ( '_ _ _C071LFBN-RC', ( #8113, #7916, #2689, #8906, #6905, #11181, #7852, #9855, #662 ), #9380 ) ;
#6811 = ORIENTED_EDGE ( 'NONE', *, *, #9132, .F. ) ;
#6812 = CARTESIAN_POINT ( 'NONE',  ( 0.07952755905511869900, 0.01968503937007875700, -0.05787401574803152000 ) ) ;
#6813 = CARTESIAN_POINT ( 'NONE',  ( 0.2498548604401492900, 0.2525113748430195500, -0.04212598425196851400 ) ) ;
#6814 = ORIENTED_EDGE ( 'NONE', *, *, #10824, .T. ) ;
#6815 = DIRECTION ( 'NONE',  ( -0.0000000000000000000, 0.0000000000000000000, 1.000000000000000000 ) ) ;
#6816 = EDGE_CURVE ( 'NONE', #11653, #1426, #3435, .T. ) ;
#6817 = VECTOR ( 'NONE', #6458, 39.37007874015748100 ) ;
#6818 = ORIENTED_EDGE ( 'NONE', *, *, #4712, .F. ) ;
#6819 = FACE_OUTER_BOUND ( 'NONE', #713, .T. ) ;
#6820 = EDGE_LOOP ( 'NONE', ( #4940, #6781, #10531, #9618 ) ) ;
#6821 = EDGE_LOOP ( 'NONE', ( #2200, #4438, #5611, #4488 ) ) ;
#6822 = ORIENTED_EDGE ( 'NONE', *, *, #3296, .F. ) ;
#6823 = ADVANCED_FACE ( 'NONE', ( #10059 ), #4204, .F. ) ;
#6824 = CARTESIAN_POINT ( 'NONE',  ( 0.6690944881892519900, -0.1259842519673084500, -0.04212598425196851400 ) ) ;
#6825 = DIRECTION ( 'NONE',  ( 0.0000000000000000000, 0.0000000000000000000, -1.000000000000000000 ) ) ;
#6826 = ORIENTED_EDGE ( 'NONE', *, *, #11241, .F. ) ;
#6827 = CARTESIAN_POINT ( 'NONE',  ( 0.3600393700787405900, 0.1141337039370070900, -0.04212598425196852800 ) ) ;
#6828 = LINE ( 'NONE', #1092, #4418 ) ;
#6829 = DIRECTION ( 'NONE',  ( -0.0000000000000000000, 1.000000000000000000, 0.0000000000000000000 ) ) ;
#6830 = VECTOR ( 'NONE', #10227, 39.37007874015748100 ) ;
#6831 = ORIENTED_EDGE ( 'NONE', *, *, #10912, .T. ) ;
#6832 = CARTESIAN_POINT ( 'NONE',  ( 0.4913385826847228000, 0.3346456692882910400, -0.01850393699009984800 ) ) ;
#6833 = LINE ( 'NONE', #99, #2031 ) ;
#6834 = DIRECTION ( 'NONE',  ( -1.000000000000000000, 0.0000000000000000000, 0.0000000000000000000 ) ) ;
#6835 = ORIENTED_EDGE ( 'NONE', *, *, #3187, .T. ) ;
#6836 = ORIENTED_EDGE ( 'NONE', *, *, #620, .T. ) ;
#6837 = DIRECTION ( 'NONE',  ( 0.0000000000000000000, -1.000000000000000000, -0.0000000000000000000 ) ) ;
#6838 = EDGE_CURVE ( 'NONE', #9541, #3604, #730, .T. ) ;
#6839 = VECTOR ( 'NONE', #11262, 39.37007874015748100 ) ;
#6840 = CARTESIAN_POINT ( 'NONE',  ( 0.1690944881889766500, -0.1259842519685042700, -0.05787401574803150600 ) ) ;
#6841 = ORIENTED_EDGE ( 'NONE', *, *, #4292, .T. ) ;
#6842 = VERTEX_POINT ( 'NONE', #2388 ) ;
#6843 = FACE_OUTER_BOUND ( 'NONE', #1851, .T. ) ;
#6844 = ORIENTED_EDGE ( 'NONE', *, *, #5727, .F. ) ;
#6845 = ORIENTED_EDGE ( 'NONE', *, *, #2763, .F. ) ;
#6846 = DIRECTION ( 'NONE',  ( 0.0000000000000000000, 0.0000000000000000000, 1.000000000000000000 ) ) ;
#6847 = CARTESIAN_POINT ( 'NONE',  ( 0.2509842519810433500, -0.1259842519659371300, -0.05787401574803151300 ) ) ;
#6848 = DIRECTION ( 'NONE',  ( -0.0000000000000000000, -0.0000000000000000000, 1.000000000000000000 ) ) ;
#6849 = DIRECTION ( 'NONE',  ( 0.0000000000000000000, 0.0000000000000000000, 1.000000000000000000 ) ) ;
#6851 = VECTOR ( 'NONE', #3551, 39.37007874015748100 ) ;
#6850 = DIRECTION ( 'NONE',  ( 0.0000000000000000000, -0.6000000000000002000, -0.7999999999999998200 ) ) ;
#6852 = PLANE ( 'NONE',  #10854 ) ;
#6853 = EDGE_CURVE ( 'NONE', #7446, #7361, #7682, .T. ) ;
#6854 = ORIENTED_EDGE ( 'NONE', *, *, #4228, .T. ) ;
#6855 = ORIENTED_EDGE ( 'NONE', *, *, #3281, .F. ) ;
#6856 = DIRECTION ( 'NONE',  ( -1.000000000000000000, 0.0000000000000000000, 0.0000000000000000000 ) ) ;
#6857 = VECTOR ( 'NONE', #9709, 39.37007874015748100 ) ;
#6858 = ORIENTED_EDGE ( 'NONE', *, *, #364, .T. ) ;
#6859 = VERTEX_POINT ( 'NONE', #7847 ) ;
#6860 = DIRECTION ( 'NONE',  ( -0.0000000000000000000, -0.0000000000000000000, -1.000000000000000000 ) ) ;
#6861 = LINE ( 'NONE', #2504, #8978 ) ;
#6862 = DIRECTION ( 'NONE',  ( 0.0000000000000000000, 0.0000000000000000000, -1.000000000000000000 ) ) ;
#6863 = CARTESIAN_POINT ( 'NONE',  ( 0.2401574803149612300, 0.3149606299212595600, -0.07165354330708663400 ) ) ;
#6864 = CARTESIAN_POINT ( 'NONE',  ( 0.04015748031496117800, 0.3149606299212595600, -0.07165354330708663400 ) ) ;
#6865 = FACE_OUTER_BOUND ( 'NONE', #11525, .T. ) ;
#6866 = ORIENTED_EDGE ( 'NONE', *, *, #8873, .T. ) ;
#6867 = CARTESIAN_POINT ( 'NONE',  ( 0.5196850393703200700, 0.09221531551205565400, -0.05787401574803152000 ) ) ;
#6868 = ORIENTED_EDGE ( 'NONE', *, *, #9095, .T. ) ;
#6869 = ADVANCED_FACE ( 'NONE', ( #5248 ), #4966, .T. ) ;
#6870 = EDGE_CURVE ( 'NONE', #2315, #5544, #7396, .T. ) ;
#6871 = LINE ( 'NONE', #60, #4464 ) ;
#6872 = AXIS2_PLACEMENT_3D ( 'NONE', #9844, #4431, #10719 ) ;
#6873 = DIRECTION ( 'NONE',  ( -0.5144957552304939600, -0.6859943403073229800, -0.5144957559748423200 ) ) ;
#6874 = CARTESIAN_POINT ( 'NONE',  ( 0.5826771653543313400, 0.04456662047243921400, -0.04212598425196851400 ) ) ;
#6875 = EDGE_CURVE ( 'NONE', #7110, #7809, #428, .T. ) ;
#6877 = DIRECTION ( 'NONE',  ( -0.5144957554275245700, -0.6859943405700359400, 0.5144957554275275700 ) ) ;
#6876 = AXIS2_PLACEMENT_3D ( 'NONE', #5255, #11526, #6171 ) ;
#6878 = LINE ( 'NONE', #5965, #4466 ) ;
#6879 = CARTESIAN_POINT ( 'NONE',  ( 0.6196850393711876800, 0.09221531551209052900, -0.05787401574803152000 ) ) ;
#6880 = ORIENTED_EDGE ( 'NONE', *, *, #6591, .F. ) ;
#6881 = ORIENTED_EDGE ( 'NONE', *, *, #3699, .T. ) ;
#6882 = LINE ( 'NONE', #9263, #9279 ) ;
#6883 = ADVANCED_FACE ( 'NONE', ( #9783 ), #5165, .F. ) ;
#6884 = CARTESIAN_POINT ( 'NONE',  ( 0.1200787401574956600, 0.08959064362194756000, -0.04212598425196851400 ) ) ;
#6885 = VECTOR ( 'NONE', #8751, 39.37007874015748100 ) ;
#6886 = EDGE_CURVE ( 'NONE', #8875, #1906, #7108, .T. ) ;
#6887 = CARTESIAN_POINT ( 'NONE',  ( 0.1088916445275594100, 0.2432397985433058200, -0.04212598425196851400 ) ) ;
#6888 = CARTESIAN_POINT ( 'NONE',  ( 0.2000000000000005900, 0.3149606299212595600, -0.02834645669291339200 ) ) ;
#6889 = DIRECTION ( 'NONE',  ( 0.04217878999398427100, -0.9991100788575016900, 0.0000000000000000000 ) ) ;
#6890 = VERTEX_POINT ( 'NONE', #7011 ) ;
#6891 = CARTESIAN_POINT ( 'NONE',  ( 0.1826771653543312100, 0.05244063622047148700, -0.05787401574803151300 ) ) ;
#6892 = EDGE_CURVE ( 'NONE', #5311, #8726, #9500, .T. ) ;
#6893 = CARTESIAN_POINT ( 'NONE',  ( 0.6795275590944887000, 0.05244063622047148700, -0.04212598425196851400 ) ) ;
#6894 = VECTOR ( 'NONE', #11349, 39.37007874015748100 ) ;
#6895 = DIRECTION ( 'NONE',  ( -0.1483404542819913600, 0.9889363526655353700, 0.0000000000000000000 ) ) ;
#6896 = ORIENTED_EDGE ( 'NONE', *, *, #379, .T. ) ;
#6897 = CARTESIAN_POINT ( 'NONE',  ( 0.6765748031496068300, 0.3149606299212595600, -0.03326771653543287400 ) ) ;
#6898 = VECTOR ( 'NONE', #4434, 39.37007874015748100 ) ;
#6899 = DIRECTION ( 'NONE',  ( 0.0000000000000000000, 0.0000000000000000000, -1.000000000000000000 ) ) ;
#6900 = ORIENTED_EDGE ( 'NONE', *, *, #3861, .F. ) ;
#6901 = CARTESIAN_POINT ( 'NONE',  ( 0.3196850393702450100, 0.09221531551194180100, -0.04212598425196851400 ) ) ;
#6902 = DIRECTION ( 'NONE',  ( -1.000000000000000000, -0.0000000000000000000, -0.0000000000000000000 ) ) ;
#6903 = DATE_AND_TIME ( #9299, #11634 ) ;
#6904 = AXIS2_PLACEMENT_3D ( 'NONE', #4057, #10357, #4948 ) ;
#6905 = MANIFOLD_SOLID_BREP ( 'LPattern1[17]', #4983 ) ;
#6906 = CIRCLE ( 'NONE', #5931, 0.03976377952755907200 ) ;
#6907 = ORIENTED_EDGE ( 'NONE', *, *, #5192, .T. ) ;
#6908 = EDGE_CURVE ( 'NONE', #5906, #6268, #139, .T. ) ;
#6909 = ORIENTED_EDGE ( 'NONE', *, *, #4292, .F. ) ;
#6910 = CARTESIAN_POINT ( 'NONE',  ( 0.7196850393704072900, 0.01968503937007875700, -0.02598425196850394400 ) ) ;
#6911 = DIRECTION ( 'NONE',  ( -1.000000000000000000, 1.459915796614144200E-014, 0.0000000000000000000 ) ) ;
#6912 = ORIENTED_EDGE ( 'NONE', *, *, #1271, .F. ) ;
#6913 = DIRECTION ( 'NONE',  ( -0.0000000000000000000, -0.0000000000000000000, 1.000000000000000000 ) ) ;
#6914 = CARTESIAN_POINT ( 'NONE',  ( 2.859903368367275500E-016, -3.201384367575308500E-018, -0.07874015748031493200 ) ) ;
#6915 = DIRECTION ( 'NONE',  ( 0.0000000000000000000, 0.0000000000000000000, -1.000000000000000000 ) ) ;
#6916 = DIRECTION ( 'NONE',  ( -0.5144957554150906300, -0.6859943405534549800, -0.5144957554620692700 ) ) ;
#6917 = DIRECTION ( 'NONE',  ( -1.000000000000000000, 0.0000000000000000000, 0.0000000000000000000 ) ) ;
#6918 = LINE ( 'NONE', #7034, #9030 ) ;
#6919 = LINE ( 'NONE', #6396, #9315 ) ;
#6920 = CARTESIAN_POINT ( 'NONE',  ( 0.3795275590551186500, 0.3149606299212595600, -0.04212598425196851400 ) ) ;
#6921 = ORIENTED_EDGE ( 'NONE', *, *, #5907, .F. ) ;
#6922 = DIRECTION ( 'NONE',  ( -1.000000000000000000, 0.0000000000000000000, 0.0000000000000000000 ) ) ;
#6923 = ORIENTED_EDGE ( 'NONE', *, *, #5947, .F. ) ;
#6924 = EDGE_CURVE ( 'NONE', #1680, #2831, #9217, .T. ) ;
#6925 = VECTOR ( 'NONE', #8055, 39.37007874015748100 ) ;
#6926 = DIRECTION ( 'NONE',  ( 0.04217878999398427100, -0.9991100788575016900, 0.0000000000000000000 ) ) ;
#6927 = LINE ( 'NONE', #3156, #11384 ) ;
#6928 = CARTESIAN_POINT ( 'NONE',  ( 0.3000000000000002100, 0.01968503937007875700, -0.04212598425196851400 ) ) ;
#6929 = ADVANCED_FACE ( 'NONE', ( #6819 ), #703, .F. ) ;
#6930 = CARTESIAN_POINT ( 'NONE',  ( 0.2895669291338586700, 0.2965351244488186300, -0.05787401574803151300 ) ) ;
#6931 = DIRECTION ( 'NONE',  ( -1.000000000000000000, 1.202283597211651600E-014, 0.0000000000000000000 ) ) ;
#6932 = ORIENTED_EDGE ( 'NONE', *, *, #5038, .F. ) ;
#6933 = ORIENTED_EDGE ( 'NONE', *, *, #30, .F. ) ;
#6934 = PLANE ( 'NONE',  #4900 ) ;
#6935 = EDGE_CURVE ( 'NONE', #2497, #11091, #4413, .T. ) ;
#6936 = LINE ( 'NONE', #3452, #9328 ) ;
#6937 = DIRECTION ( 'NONE',  ( 1.000000000000000000, 0.0000000000000000000, 0.0000000000000000000 ) ) ;
#6938 = PLANE ( 'NONE',  #4764 ) ;
#6939 = VECTOR ( 'NONE', #2564, 39.37007874015748900 ) ;
#6940 = ORIENTED_EDGE ( 'NONE', *, *, #9827, .F. ) ;
#6941 = EDGE_CURVE ( 'NONE', #7361, #8263, #11286, .T. ) ;
#6942 = ORIENTED_EDGE ( 'NONE', *, *, #8847, .F. ) ;
#6943 = CARTESIAN_POINT ( 'NONE',  ( 0.3921259842519689300, 0.05244063622047161900, -0.05787401574803151300 ) ) ;
#6944 = ADVANCED_FACE ( 'NONE', ( #2018 ), #11515, .F. ) ;
#6945 = DIRECTION ( 'NONE',  ( -1.000000000000000000, 0.0000000000000000000, 0.0000000000000000000 ) ) ;
#6946 = DIRECTION ( 'NONE',  ( 0.0000000000000000000, 1.000000000000000000, 0.0000000000000000000 ) ) ;
#6947 = AXIS2_PLACEMENT_3D ( 'NONE', #11005, #5610, #193 ) ;
#6948 = DIRECTION ( 'NONE',  ( 0.0000000000000000000, 0.0000000000000000000, 1.000000000000000000 ) ) ;
#6949 = VECTOR ( 'NONE', #10954, 39.37007874015748100 ) ;
#6950 = CARTESIAN_POINT ( 'NONE',  ( 0.5795275590551185500, 0.3149606299212595600, -0.04212598425196851400 ) ) ;
#6951 = CIRCLE ( 'NONE', #3185, 0.03976377956692910000 ) ;
#6952 = EDGE_LOOP ( 'NONE', ( #1071, #10257, #6704, #6634 ) ) ;
#6953 = ORIENTED_EDGE ( 'NONE', *, *, #4576, .F. ) ;
#6954 = CARTESIAN_POINT ( 'NONE',  ( 0.4088916445275594900, 0.2617829512992116400, -0.04212598425196852800 ) ) ;
#6955 = CARTESIAN_POINT ( 'NONE',  ( 0.4196850393700792800, 0.1027140031889747100, -0.05787401574803152000 ) ) ;
#6956 = DIRECTION ( 'NONE',  ( 0.0000000000000000000, 0.0000000000000000000, 1.000000000000000000 ) ) ;
#6957 = EDGE_CURVE ( 'NONE', #2632, #9356, #4130, .T. ) ;
#6958 = VECTOR ( 'NONE', #5812, 39.37007874015748900 ) ;
#6959 = ORIENTED_EDGE ( 'NONE', *, *, #326, .F. ) ;
#6960 = AXIS2_PLACEMENT_3D ( 'NONE', #10995, #6529, #1102 ) ;
#6961 = DIRECTION ( 'NONE',  ( -1.000000000000000000, 0.0000000000000000000, 0.0000000000000000000 ) ) ;
#6962 = FACE_OUTER_BOUND ( 'NONE', #10420, .T. ) ;
#6963 = EDGE_CURVE ( 'NONE', #11048, #7022, #8935, .T. ) ;
#6964 = ORIENTED_EDGE ( 'NONE', *, *, #5662, .F. ) ;
#6965 = ORIENTED_EDGE ( 'NONE', *, *, #5825, .T. ) ;
#6966 = ORIENTED_EDGE ( 'NONE', *, *, #4440, .F. ) ;
#6967 = AXIS2_PLACEMENT_3D ( 'NONE', #1852, #4567, #10850 ) ;
#6968 = CARTESIAN_POINT ( 'NONE',  ( -0.03259880558287746300, 0.0000000000000000000, -0.07874015748031493200 ) ) ;
#6969 = VECTOR ( 'NONE', #503, 39.37007874015748100 ) ;
#6970 = VECTOR ( 'NONE', #5984, 39.37007874015748100 ) ;
#6971 = DIRECTION ( 'NONE',  ( 1.000000000000000000, -0.0000000000000000000, 0.0000000000000000000 ) ) ;
#6972 = EDGE_LOOP ( 'NONE', ( #5614, #8076, #3529, #8343 ) ) ;
#6973 = DIRECTION ( 'NONE',  ( 0.9745213851683854900, -0.2242946050387554500, 0.0000000000000000000 ) ) ;
#6974 = CYLINDRICAL_SURFACE ( 'NONE', #5261, 0.007874015748031449100 ) ;
#6975 = ORIENTED_EDGE ( 'NONE', *, *, #2269, .F. ) ;
#6976 = ORIENTED_EDGE ( 'NONE', *, *, #10841, .F. ) ;
#6977 = PLANE ( 'NONE',  #6105 ) ;
#6978 = CARTESIAN_POINT ( 'NONE',  ( 0.1242125984251973300, 0.1473225259842513800, -0.05787401574803151300 ) ) ;
#6979 = EDGE_CURVE ( 'NONE', #8575, #72, #1735, .T. ) ;
#6980 = FACE_OUTER_BOUND ( 'NONE', #570, .T. ) ;
#6981 = CARTESIAN_POINT ( 'NONE',  ( 0.5111870956299217100, 0.2617829512992116400, -0.04212598425196852800 ) ) ;
#6982 = FACE_OUTER_BOUND ( 'NONE', #2001, .T. ) ;
#6983 = CARTESIAN_POINT ( 'NONE',  ( 0.3401574803149611200, 0.01968503937007875700, -0.07165354330708663400 ) ) ;
#6984 = ORIENTED_EDGE ( 'NONE', *, *, #9303, .T. ) ;
#6985 = CARTESIAN_POINT ( 'NONE',  ( 0.04015748031496117800, 0.01968503937007875700, -0.05787401574803152000 ) ) ;
#6986 = VECTOR ( 'NONE', #5178, 39.37007874015748100 ) ;
#6987 = ORIENTED_EDGE ( 'NONE', *, *, #9055, .F. ) ;
#6988 = ORIENTED_EDGE ( 'NONE', *, *, #9181, .F. ) ;
#6989 = DIRECTION ( 'NONE',  ( -1.000000000000000000, 0.0000000000000000000, -0.0000000000000000000 ) ) ;
#6990 = ADVANCED_FACE ( 'NONE', ( #6237 ), #780, .F. ) ;
#6991 = CARTESIAN_POINT ( 'NONE',  ( 0.07952755909448872000, 0.05244063622047148700, -0.04212598425196851400 ) ) ;
#6992 = LINE ( 'NONE', #3743, #7274 ) ;
#6993 = CARTESIAN_POINT ( 'NONE',  ( 0.2401574803149612300, 0.01968503937007875700, -0.04212598425196851400 ) ) ;
#6994 = ORIENTED_EDGE ( 'NONE', *, *, #10389, .T. ) ;
#6995 = VERTEX_POINT ( 'NONE', #7085 ) ;
#6996 = EDGE_CURVE ( 'NONE', #5666, #10248, #8658, .T. ) ;
#6997 = LINE ( 'NONE', #1900, #9953 ) ;
#6998 = VERTEX_POINT ( 'NONE', #7166 ) ;
#6999 = VERTEX_POINT ( 'NONE', #8086 ) ;
#7000 = DIRECTION ( 'NONE',  ( 0.0000000000000000000, 0.0000000000000000000, 1.000000000000000000 ) ) ;
#7001 = VECTOR ( 'NONE', #5434, 39.37007874015748100 ) ;
#7002 = CARTESIAN_POINT ( 'NONE',  ( 0.5374015748425202700, 0.05244063622047148700, -0.05787401574803151300 ) ) ;
#7003 = ADVANCED_FACE ( 'NONE', ( #5946 ), #8977, .T. ) ;
#7004 = FACE_OUTER_BOUND ( 'NONE', #11651, .T. ) ;
#7005 = ORIENTED_EDGE ( 'NONE', *, *, #10379, .F. ) ;
#7006 = CARTESIAN_POINT ( 'NONE',  ( 0.1200787401574806600, 0.1053386751217923500, -0.05787401574803152000 ) ) ;
#7007 = CARTESIAN_POINT ( 'NONE',  ( 0.6431102362204729200, 0.3149606299212595600, -0.01812598440944882300 ) ) ;
#7009 = CARTESIAN_POINT ( 'NONE',  ( 0.2279527559055122300, 0.06031465196850320500, -0.04212598425196852100 ) ) ;
#7008 = VECTOR ( 'NONE', #325, 39.37007874015748100 ) ;
#7010 = ORIENTED_EDGE ( 'NONE', *, *, #2496, .F. ) ;
#7011 = CARTESIAN_POINT ( 'NONE',  ( 0.04527559055118158400, 0.04456662047243921400, -0.04212598425196852100 ) ) ;
#7012 = CARTESIAN_POINT ( 'NONE',  ( -0.4999999999999996100, 0.01968503937007875700, -0.02598425196850394400 ) ) ;
#7013 = LINE ( 'NONE', #4897, #2205 ) ;
#7014 = CARTESIAN_POINT ( 'NONE',  ( 0.6826771653543313200, 0.04456662047243921400, -0.04212598425196852800 ) ) ;
#7015 = EDGE_CURVE ( 'NONE', #2279, #6561, #11010, .T. ) ;
#7016 = LINE ( 'NONE', #5224, #4328 ) ;
#7017 = AXIS2_PLACEMENT_3D ( 'NONE', #7283, #10907, #5505 ) ;
#7018 = DIRECTION ( 'NONE',  ( 0.0000000000000000000, 0.0000000000000000000, 1.000000000000000000 ) ) ;
#7019 = ORIENTED_EDGE ( 'NONE', *, *, #117, .T. ) ;
#7020 = VERTEX_POINT ( 'NONE', #1797 ) ;
#7021 = PLANE ( 'NONE',  #269 ) ;
#7022 = VERTEX_POINT ( 'NONE', #7203 ) ;
#7023 = DIRECTION ( 'NONE',  ( 0.0000000000000000000, 1.000000000000000000, 0.0000000000000000000 ) ) ;
#7024 = LINE ( 'NONE', #8788, #11471 ) ;
#7025 = PLANE ( 'NONE',  #1875 ) ;
#7026 = CARTESIAN_POINT ( 'NONE',  ( 0.3279527559055122600, 0.06031465196850320500, -0.05787401574803151300 ) ) ;
#7027 = VECTOR ( 'NONE', #1427, 39.37007874015748900 ) ;
#7028 = CARTESIAN_POINT ( 'NONE',  ( 0.05098425197824896900, -0.1259842519674359300, -0.05787401574803150600 ) ) ;
#7029 = VERTEX_POINT ( 'NONE', #8126 ) ;
#7030 = EDGE_CURVE ( 'NONE', #5457, #6754, #8106, .T. ) ;
#7031 = ORIENTED_EDGE ( 'NONE', *, *, #5556, .T. ) ;
#7032 = AXIS2_PLACEMENT_3D ( 'NONE', #9707, #4307, #10601 ) ;
#7033 = DIRECTION ( 'NONE',  ( -1.000000000000000000, -3.435095992033268200E-015, 0.0000000000000000000 ) ) ;
#7034 = CARTESIAN_POINT ( 'NONE',  ( 0.5200787401574809000, -0.1259842519685042700, -0.04212598425196851400 ) ) ;
#7035 = FACE_OUTER_BOUND ( 'NONE', #981, .T. ) ;
#7036 = EDGE_CURVE ( 'NONE', #2364, #8669, #1136, .T. ) ;
#7038 = DIRECTION ( 'NONE',  ( 1.000000000000000000, 0.0000000000000000000, 0.0000000000000000000 ) ) ;
#7037 = AXIS2_PLACEMENT_3D ( 'NONE', #2581, #8888, #3491 ) ;
#7039 = VECTOR ( 'NONE', #1204, 39.37007874015748100 ) ;
#7040 = ORIENTED_EDGE ( 'NONE', *, *, #2647, .T. ) ;
#7041 = DATE_AND_TIME ( #9437, #75 ) ;
#7042 = DIRECTION ( 'NONE',  ( -0.0000000000000000000, -0.0000000000000000000, 1.000000000000000000 ) ) ;
#7043 = LINE ( 'NONE', #80, #4620 ) ;
#7044 = EDGE_LOOP ( 'NONE', ( #5497, #10105, #11165, #4688 ) ) ;
#7045 = CARTESIAN_POINT ( 'NONE',  ( 0.5999999999956743300, 0.1339366992112627800, -0.08208661417322835100 ) ) ;
#7046 = CARTESIAN_POINT ( 'NONE',  ( 0.2401574803149612300, 0.01968503937007875700, -0.07165354330708663400 ) ) ;
#7047 = ADVANCED_FACE ( 'NONE', ( #10467 ), #855, .F. ) ;
#7048 = ORIENTED_EDGE ( 'NONE', *, *, #2345, .T. ) ;
#7049 = CARTESIAN_POINT ( 'NONE',  ( 0.04015748031496117800, 0.3149606299212595600, -0.04212598425196851400 ) ) ;
#7050 = EDGE_CURVE ( 'NONE', #9825, #6099, #3849, .T. ) ;
#7051 = DIRECTION ( 'NONE',  ( -5.876167051565095900E-011, 1.000000000000000000, 0.0000000000000000000 ) ) ;
#7052 = ORIENTED_EDGE ( 'NONE', *, *, #4694, .F. ) ;
#7053 = LINE ( 'NONE', #9110, #85 ) ;
#7054 = PLANE ( 'NONE',  #7956 ) ;
#7055 = VECTOR ( 'NONE', #11132, 39.37007874015748100 ) ;
#7056 = ORIENTED_EDGE ( 'NONE', *, *, #8034, .T. ) ;
#7057 = DIRECTION ( 'NONE',  ( -1.000000000000000000, 0.0000000000000000000, 0.0000000000000000000 ) ) ;
#7058 = CARTESIAN_POINT ( 'NONE',  ( 0.7000000000000005100, 0.3149606299212595600, -0.02834645669291339200 ) ) ;
#7059 = CARTESIAN_POINT ( 'NONE',  ( 0.6509842519810431500, -0.1259842519659371800, -0.05787401574803151300 ) ) ;
#7060 = ADVANCED_FACE ( 'NONE', ( #1428 ), #1833, .F. ) ;
#7061 = DIRECTION ( 'NONE',  ( 0.0000000000000000000, 0.0000000000000000000, 1.000000000000000000 ) ) ;
#7062 = VERTEX_POINT ( 'NONE', #9047 ) ;
#7064 = AXIS2_PLACEMENT_3D ( 'NONE', #5674, #6606, #1186 ) ;
#7063 = DIRECTION ( 'NONE',  ( 0.0000000000000000000, -0.0000000000000000000, -1.000000000000000000 ) ) ;
#7065 = FACE_OUTER_BOUND ( 'NONE', #2749, .T. ) ;
#7066 = DIRECTION ( 'NONE',  ( -0.5144957554302348500, 0.6859943405687348700, -0.5144957554265520100 ) ) ;
#7067 = LINE ( 'NONE', #3351, #4641 ) ;
#7068 = EDGE_CURVE ( 'NONE', #5645, #817, #3292, .T. ) ;
#7069 = ORIENTED_EDGE ( 'NONE', *, *, #3018, .F. ) ;
#7070 = CARTESIAN_POINT ( 'NONE',  ( 0.4921259842519688000, 0.05244063622047148700, -0.05787401574803151300 ) ) ;
#7071 = DIRECTION ( 'NONE',  ( 0.0000000000000000000, 0.0000000000000000000, 1.000000000000000000 ) ) ;
#7072 = CARTESIAN_POINT ( 'NONE',  ( 0.3795275590551186500, 0.3149606299212595600, -0.02834645669291339200 ) ) ;
#7073 = VERTEX_POINT ( 'NONE', #8198 ) ;
#7074 = VECTOR ( 'NONE', #10504, 39.37007874015748100 ) ;
#7075 = CIRCLE ( 'NONE', #3335, 0.01574803149606289800 ) ;
#7076 = VERTEX_POINT ( 'NONE', #6354 ) ;
#7077 = DIRECTION ( 'NONE',  ( -1.000000000000000000, 0.0000000000000000000, 0.0000000000000000000 ) ) ;
#7078 = ORIENTED_EDGE ( 'NONE', *, *, #8335, .F. ) ;
#7079 = CARTESIAN_POINT ( 'NONE',  ( 0.3088916445275594600, 0.2617829512992116400, -0.04212598425196852800 ) ) ;
#7080 = EDGE_CURVE ( 'NONE', #10609, #3690, #3571, .T. ) ;
#7081 = AXIS2_PLACEMENT_3D ( 'NONE', #10124, #6521, #1096 ) ;
#7082 = VERTEX_POINT ( 'NONE', #1866 ) ;
#7083 = CARTESIAN_POINT ( 'NONE',  ( 0.02007874015748110600, 0.1053386751217956200, -0.05787401574803152000 ) ) ;
#7084 = VECTOR ( 'NONE', #2274, 39.37007874015748100 ) ;
#7085 = CARTESIAN_POINT ( 'NONE',  ( 0.5196850393703103000, 0.09221531551189016100, -0.04212598425196851400 ) ) ;
#7086 = VECTOR ( 'NONE', #5815, 39.37007874015748100 ) ;
#7087 = ORIENTED_EDGE ( 'NONE', *, *, #9979, .T. ) ;
#7088 = DIRECTION ( 'NONE',  ( -0.0000000000000000000, -0.0000000000000000000, -1.000000000000000000 ) ) ;
#7089 = CARTESIAN_POINT ( 'NONE',  ( 0.6000000000000004200, 0.01968503937007875700, -0.04212598425196851400 ) ) ;
#7090 = ORIENTED_EDGE ( 'NONE', *, *, #1774, .F. ) ;
#7091 = LINE ( 'NONE', #11529, #4402 ) ;
#7092 = EDGE_LOOP ( 'NONE', ( #5100, #4547, #4120, #9413 ) ) ;
#7093 = EDGE_CURVE ( 'NONE', #8135, #11373, #7815, .T. ) ;
#7094 = CARTESIAN_POINT ( 'NONE',  ( 0.6200787401574808800, -0.1259842519685042700, -0.04212598425196851400 ) ) ;
#7095 = LINE ( 'NONE', #7677, #2293 ) ;
#7096 = VERTEX_POINT ( 'NONE', #4584 ) ;
#7097 = VERTEX_POINT ( 'NONE', #930 ) ;
#7098 = PLANE ( 'NONE',  #4885 ) ;
#7099 = EDGE_CURVE ( 'NONE', #5196, #4146, #7533, .T. ) ;
#7100 = ORIENTED_EDGE ( 'NONE', *, *, #9496, .F. ) ;
#7101 = DIRECTION ( 'NONE',  ( -0.0000000000000000000, -0.0000000000000000000, 1.000000000000000000 ) ) ;
#7102 = ADVANCED_FACE ( 'NONE', ( #572 ), #5502, .F. ) ;
#7103 = CARTESIAN_POINT ( 'NONE',  ( 0.4826771653543312500, 0.05244063622047148700, -0.05787401574803151300 ) ) ;
#7104 = VECTOR ( 'NONE', #998, 39.37007874015748100 ) ;
#7105 = ORIENTED_EDGE ( 'NONE', *, *, #641, .F. ) ;
#7106 = CARTESIAN_POINT ( 'NONE',  ( 0.1958661417915769400, 0.1473225259818981300, -0.05787401574803151300 ) ) ;
#7107 = DIRECTION ( 'NONE',  ( -0.0000000000000000000, -0.0000000000000000000, -1.000000000000000000 ) ) ;
#7108 = LINE ( 'NONE', #7923, #2873 ) ;
#7109 = PLANE ( 'NONE',  #2512 ) ;
#7110 = VERTEX_POINT ( 'NONE', #9125 ) ;
#7111 = ORIENTED_EDGE ( 'NONE', *, *, #7851, .T. ) ;
#7112 = ORIENTED_EDGE ( 'NONE', *, *, #10166, .F. ) ;
#7113 = CARTESIAN_POINT ( 'NONE',  ( 0.3196850393704479500, 0.09221531551199138600, -0.05787401574803152000 ) ) ;
#7115 = EDGE_CURVE ( 'NONE', #11589, #6162, #5379, .T. ) ;
#7114 = DIRECTION ( 'NONE',  ( -0.0000000000000000000, -0.0000000000000000000, 1.000000000000000000 ) ) ;
#7116 = VECTOR ( 'NONE', #5559, 39.37007874015748100 ) ;
#7117 = EDGE_CURVE ( 'NONE', #9205, #9219, #9917, .T. ) ;
#7118 = LINE ( 'NONE', #10186, #148 ) ;
#7119 = SECURITY_CLASSIFICATION ( '', '', #11109 ) ;
#7120 = ADVANCED_FACE ( 'NONE', ( #2728 ), #10941, .F. ) ;
#7121 = EDGE_LOOP ( 'NONE', ( #9156, #2241, #82, #2529 ) ) ;
#7122 = VECTOR ( 'NONE', #10878, 39.37007874015748900 ) ;
#7123 = VERTEX_POINT ( 'NONE', #1007 ) ;
#7124 = ORIENTED_EDGE ( 'NONE', *, *, #11600, .F. ) ;
#7125 = CARTESIAN_POINT ( 'NONE',  ( 0.2200787401574807700, -0.1574803149606300600, -0.04212598425196851400 ) ) ;
#7126 = DIRECTION ( 'NONE',  ( 0.0000000000000000000, 0.0000000000000000000, 1.000000000000000000 ) ) ;
#7127 = PLANE ( 'NONE',  #9874 ) ;
#7129 = VECTOR ( 'NONE', #9461, 39.37007874015748100 ) ;
#7128 = DIRECTION ( 'NONE',  ( 0.2242946050387554200, 0.9745213851683853800, 0.0000000000000000000 ) ) ;
#7130 = CARTESIAN_POINT ( 'NONE',  ( 0.02007874015748073100, 0.1339366992125986800, -0.04212598425196851400 ) ) ;
#7131 = VERTEX_POINT ( 'NONE', #8313 ) ;
#7132 = CARTESIAN_POINT ( 'NONE',  ( 0.4401574803149611600, 0.3149606299212595600, -0.02834645669291339200 ) ) ;
#7133 = AXIS2_PLACEMENT_3D ( 'NONE', #6205, #8789, #6055 ) ;
#7134 = LINE ( 'NONE', #11157, #2617 ) ;
#7135 = VERTEX_POINT ( 'NONE', #2902 ) ;
#7136 = ORIENTED_EDGE ( 'NONE', *, *, #11390, .F. ) ;
#7137 = EDGE_CURVE ( 'NONE', #7844, #2618, #10202, .T. ) ;
#7138 = DIRECTION ( 'NONE',  ( 0.0000000000000000000, 1.000000000000000000, 0.0000000000000000000 ) ) ;
#7139 = CARTESIAN_POINT ( 'NONE',  ( 0.2200787401574807700, 0.1339366992125987900, -0.04212598425196851400 ) ) ;
#7140 = DIRECTION ( 'NONE',  ( 0.0000000000000000000, 0.0000000000000000000, 1.000000000000000000 ) ) ;
#7141 = LINE ( 'NONE', #610, #4719 ) ;
#7142 = CARTESIAN_POINT ( 'NONE',  ( 0.01968503937031038100, 0.09221531551189095200, -0.04212598425196851400 ) ) ;
#7143 = ORIENTED_EDGE ( 'NONE', *, *, #3802, .T. ) ;
#7144 = PLANE ( 'NONE',  #3470 ) ;
#7145 = LINE ( 'NONE', #5230, #8695 ) ;
#7146 = ORIENTED_EDGE ( 'NONE', *, *, #6957, .T. ) ;
#7147 = ORIENTED_EDGE ( 'NONE', *, *, #8923, .T. ) ;
#7148 = CARTESIAN_POINT ( 'NONE',  ( 5.485038549779028600E-016, 0.01968503937171554500, -0.07401574803120381000 ) ) ;
#7149 = CARTESIAN_POINT ( 'NONE',  ( 0.1200787401574807500, -0.1574803149606300600, -0.04212598425196851400 ) ) ;
#7150 = LINE ( 'NONE', #7007, #2346 ) ;
#7151 = DIRECTION ( 'NONE',  ( -0.0000000000000000000, -0.0000000000000000000, -1.000000000000000000 ) ) ;
#7152 = VECTOR ( 'NONE', #1838, 39.37007874015748100 ) ;
#7153 = EDGE_CURVE ( 'NONE', #6056, #4577, #4825, .T. ) ;
#7154 = EDGE_CURVE ( 'NONE', #6625, #4312, #9631, .T. ) ;
#7155 = DIRECTION ( 'NONE',  ( 0.0000000000000000000, -1.000000000000000000, 0.0000000000000000000 ) ) ;
#7156 = ORIENTED_EDGE ( 'NONE', *, *, #4124, .F. ) ;
#7158 = ORIENTED_EDGE ( 'NONE', *, *, #3429, .T. ) ;
#7157 = AXIS2_PLACEMENT_3D ( 'NONE', #10483, #6915, #8729 ) ;
#7159 = DIRECTION ( 'NONE',  ( 0.0000000000000000000, -0.0000000000000000000, -1.000000000000000000 ) ) ;
#7160 = ORIENTED_EDGE ( 'NONE', *, *, #9129, .F. ) ;
#7161 = LINE ( 'NONE', #3729, #8987 ) ;
#7162 = FACE_OUTER_BOUND ( 'NONE', #8499, .T. ) ;
#7163 = CARTESIAN_POINT ( 'NONE',  ( 0.2279685038188983800, 0.3346456692906006300, -0.01850393699858481400 ) ) ;
#7164 = EDGE_CURVE ( 'NONE', #8669, #3447, #11688, .T. ) ;
#7165 = ADVANCED_FACE ( 'NONE', ( #6962 ), #9247, .F. ) ;
#7166 = CARTESIAN_POINT ( 'NONE',  ( 0.5482283464339421400, 0.2287793731972108400, -0.05787401574803151300 ) ) ;
#7167 = ORIENTED_EDGE ( 'NONE', *, *, #8908, .T. ) ;
#7168 = ORIENTED_EDGE ( 'NONE', *, *, #4622, .T. ) ;
#7169 = CARTESIAN_POINT ( 'NONE',  ( 0.2000000000000005900, 0.3149606299212595600, -0.05787401574803152000 ) ) ;
#7170 = DIRECTION ( 'NONE',  ( 0.2242946050387554200, 0.9745213851683853800, 0.0000000000000000000 ) ) ;
#7171 = EDGE_CURVE ( 'NONE', #1380, #4358, #4544, .T. ) ;
#7172 = LINE ( 'NONE', #6481, #497 ) ;
#7173 = DIRECTION ( 'NONE',  ( 0.0000000000000000000, -0.0000000000000000000, 1.000000000000000000 ) ) ;
#7174 = VECTOR ( 'NONE', #8524, 39.37007874015748100 ) ;
#7175 = DIRECTION ( 'NONE',  ( -1.000000000000000000, 0.0000000000000000000, 0.0000000000000000000 ) ) ;
#7176 = ORIENTED_EDGE ( 'NONE', *, *, #10320, .T. ) ;
#7177 = CARTESIAN_POINT ( 'NONE',  ( 0.7088916445275595900, 0.2432397985433058200, -0.04212598425196852800 ) ) ;
#7178 = ADVANCED_FACE ( 'NONE', ( #11409 ), #2067, .F. ) ;
#7179 = VECTOR ( 'NONE', #3213, 39.37007874015748100 ) ;
#7180 = DIRECTION ( 'NONE',  ( -0.0000000000000000000, 0.0000000000000000000, -1.000000000000000000 ) ) ;
#7181 = EDGE_LOOP ( 'NONE', ( #11047, #698, #10021, #6592, #833, #8934, #2449, #2730, #7905, #8013, #7990, #1524 ) ) ;
#7182 = VECTOR ( 'NONE', #2249, 39.37007874015748100 ) ;
#7183 = EDGE_CURVE ( 'NONE', #4722, #7232, #4270, .T. ) ;
#7184 = AXIS2_PLACEMENT_3D ( 'NONE', #1686, #8033, #2610 ) ;
#7185 = ORIENTED_EDGE ( 'NONE', *, *, #3545, .T. ) ;
#7186 = DIRECTION ( 'NONE',  ( 0.0000000000000000000, 0.0000000000000000000, 1.000000000000000000 ) ) ;
#7187 = CARTESIAN_POINT ( 'NONE',  ( 0.1452755905492692500, -0.1011811023422312100, -0.04212598425196851400 ) ) ;
#7188 = EDGE_CURVE ( 'NONE', #1884, #7372, #9072, .T. ) ;
#7189 = AXIS2_PLACEMENT_3D ( 'NONE', #2446, #8764, #3363 ) ;
#7190 = APPROVAL_DATE_TIME ( #9582, #3116 ) ;
#7191 = LINE ( 'NONE', #11433, #7478 ) ;
#7192 = DIRECTION ( 'NONE',  ( 1.000000000000000000, -0.0000000000000000000, 0.0000000000000000000 ) ) ;
#7193 = CARTESIAN_POINT ( 'NONE',  ( 0.02421259842119520600, 0.1473225259866370000, -0.05787401574803151300 ) ) ;
#7194 = ORIENTED_EDGE ( 'NONE', *, *, #6908, .T. ) ;
#7195 = ORIENTED_EDGE ( 'NONE', *, *, #4237, .F. ) ;
#7196 = CARTESIAN_POINT ( 'NONE',  ( 0.1196850393700793400, 0.3149606299212595600, -0.04212598425196851400 ) ) ;
#7197 = ORIENTED_EDGE ( 'NONE', *, *, #8979, .T. ) ;
#7198 = FACE_OUTER_BOUND ( 'NONE', #10171, .T. ) ;
#7199 = AXIS2_PLACEMENT_3D ( 'NONE', #6181, #6005, #5979 ) ;
#7200 = DIRECTION ( 'NONE',  ( 0.0000000000000000000, -1.000000000000000000, -0.0000000000000000000 ) ) ;
#7201 = FACE_OUTER_BOUND ( 'NONE', #5451, .T. ) ;
#7202 = CARTESIAN_POINT ( 'NONE',  ( 0.2702238797967448900, 0.2525113753331351700, -0.04212598425196851400 ) ) ;
#7203 = CARTESIAN_POINT ( 'NONE',  ( 0.4498548604404901100, 0.2525113748366323900, -0.04212598425196852800 ) ) ;
#7204 = EDGE_LOOP ( 'NONE', ( #6511, #8920, #6805, #9203 ) ) ;
#7205 = EDGE_CURVE ( 'NONE', #482, #6009, #6664, .T. ) ;
#7206 = ORIENTED_EDGE ( 'NONE', *, *, #6870, .T. ) ;
#7207 = LINE ( 'NONE', #748, #2404 ) ;
#7208 = VECTOR ( 'NONE', #5765, 39.37007874015748100 ) ;
#7209 = EDGE_LOOP ( 'NONE', ( #5404, #3666, #1066, #766 ) ) ;
#7210 = PLANE ( 'NONE',  #10487 ) ;
#7211 = CARTESIAN_POINT ( 'NONE',  ( 0.01968503937007930500, 0.01968503937007875700, -0.05787401574803152000 ) ) ;
#7212 = DIRECTION ( 'NONE',  ( 0.0000000000000000000, 0.0000000000000000000, 1.000000000000000000 ) ) ;
#7213 = DIRECTION ( 'NONE',  ( 0.0000000000000000000, 0.0000000000000000000, -1.000000000000000000 ) ) ;
#7214 = CARTESIAN_POINT ( 'NONE',  ( 0.7000000000000005100, 0.06031465196850320500, -0.08208661417322835100 ) ) ;
#7215 = ORIENTED_EDGE ( 'NONE', *, *, #11600, .T. ) ;
#7216 = DIRECTION ( 'NONE',  ( -0.9995120760675666500, -0.03123475300211145400, 0.0000000000000000000 ) ) ;
#7217 = EDGE_CURVE ( 'NONE', #6501, #9019, #8794, .T. ) ;
#7218 = LINE ( 'NONE', #7049, #9615 ) ;
#7219 = ADVANCED_FACE ( 'NONE', ( #8517 ), #3015, .T. ) ;
#7220 = DIRECTION ( 'NONE',  ( 0.6000000000000002000, 0.7999999999999998200, 0.0000000000000000000 ) ) ;
#7221 = FACE_OUTER_BOUND ( 'NONE', #1046, .T. ) ;
#7222 = ORIENTED_EDGE ( 'NONE', *, *, #7317, .F. ) ;
#7223 = EDGE_LOOP ( 'NONE', ( #8647, #9524, #755, #588 ) ) ;
#7224 = DIRECTION ( 'NONE',  ( 1.000000000000000000, 0.0000000000000000000, 0.0000000000000000000 ) ) ;
#7225 = CARTESIAN_POINT ( 'NONE',  ( 0.6000000000000004200, 0.01968503937007875700, -0.04212598425196851400 ) ) ;
#7226 = CARTESIAN_POINT ( 'NONE',  ( 0.2200787401574807700, 0.06031465196850320500, -0.05787401574803151300 ) ) ;
#7227 = CARTESIAN_POINT ( 'NONE',  ( 0.2958661417737544800, 0.1473225259763942300, -0.05787401574803150600 ) ) ;
#7228 = LINE ( 'NONE', #5562, #11675 ) ;
#7229 = CARTESIAN_POINT ( 'NONE',  ( 0.09999999999567414600, 0.1339366992112627800, -0.05787401574803151300 ) ) ;
#7230 = FACE_OUTER_BOUND ( 'NONE', #9728, .T. ) ;
#7231 = ORIENTED_EDGE ( 'NONE', *, *, #4071, .T. ) ;
#7232 = VERTEX_POINT ( 'NONE', #1214 ) ;
#7233 = ADVANCED_FACE ( 'NONE', ( #3987 ), #7568, .F. ) ;
#7234 = CARTESIAN_POINT ( 'NONE',  ( 0.3000000000000002100, 0.01968503937007875700, -0.05787401574803152000 ) ) ;
#7235 = EDGE_CURVE ( 'NONE', #4023, #5282, #3703, .T. ) ;
#7236 = AXIS2_PLACEMENT_3D ( 'NONE', #5131, #6971, #1549 ) ;
#7237 = DIRECTION ( 'NONE',  ( 0.03123475300211145000, -0.9995120760675665400, 0.0000000000000000000 ) ) ;
#7238 = DIRECTION ( 'NONE',  ( -1.000000000000000000, -0.0000000000000000000, -0.0000000000000000000 ) ) ;
#7239 = VECTOR ( 'NONE', #3982, 39.37007874015748100 ) ;
#7240 = CARTESIAN_POINT ( 'NONE',  ( 0.2196850393700793500, 0.1027140031889747100, -0.05787401574803152000 ) ) ;
#7241 = ORIENTED_EDGE ( 'NONE', *, *, #2625, .T. ) ;
#7242 = CARTESIAN_POINT ( 'NONE',  ( 0.1279685040944885700, 0.3346456692913382700, -0.08149606299212595900 ) ) ;
#7243 = VECTOR ( 'NONE', #10104, 39.37007874015748100 ) ;
#7244 = ORIENTED_EDGE ( 'NONE', *, *, #10090, .F. ) ;
#7245 = ORIENTED_EDGE ( 'NONE', *, *, #3251, .F. ) ;
#7246 = ORIENTED_EDGE ( 'NONE', *, *, #620, .F. ) ;
#7247 = VECTOR ( 'NONE', #2309, 39.37007874015748100 ) ;
#7248 = EDGE_CURVE ( 'NONE', #9705, #9023, #6081, .T. ) ;
#7249 = CARTESIAN_POINT ( 'NONE',  ( 0.2999999999956741700, 0.1339366992112628100, -0.05787401574803150600 ) ) ;
#7250 = CARTESIAN_POINT ( 'NONE',  ( 0.07952755905511869900, 0.3149606299212595600, -0.04212598425196851400 ) ) ;
#7251 = VECTOR ( 'NONE', #4190, 39.37007874015748100 ) ;
#7252 = CARTESIAN_POINT ( 'NONE',  ( 0.1242125984225604100, 0.1473225259865793800, -0.05787401574803150600 ) ) ;
#7253 = ORIENTED_EDGE ( 'NONE', *, *, #185, .F. ) ;
#7254 = LINE ( 'NONE', #3071, #4838 ) ;
#7255 = EDGE_CURVE ( 'NONE', #1805, #11530, #1283, .T. ) ;
#7256 = ORIENTED_EDGE ( 'NONE', *, *, #5276, .F. ) ;
#7257 = ORIENTED_EDGE ( 'NONE', *, *, #4930, .T. ) ;
#7258 = CARTESIAN_POINT ( 'NONE',  ( 0.5765748031427085900, 0.3149606299251857500, -0.01812598440944882300 ) ) ;
#7259 = ORIENTED_EDGE ( 'NONE', *, *, #2815, .T. ) ;
#7260 = CARTESIAN_POINT ( 'NONE',  ( 0.3196850393703684100, 0.01968503937007875700, -0.04212598425196851400 ) ) ;
#7261 = LINE ( 'NONE', #8027, #4565 ) ;
#7262 = CARTESIAN_POINT ( 'NONE',  ( 0.09586614179157691700, 0.1473225259818981600, -0.05787401574803151300 ) ) ;
#7263 = CARTESIAN_POINT ( 'NONE',  ( 0.6452755905511814400, -0.1011811023622053900, -0.05787401574803150600 ) ) ;
#7264 = VECTOR ( 'NONE', #7126, 39.37007874015748100 ) ;
#7265 = ORIENTED_EDGE ( 'NONE', *, *, #11339, .T. ) ;
#7266 = VECTOR ( 'NONE', #6047, 39.37007874015748100 ) ;
#7267 = VERTEX_POINT ( 'NONE', #5748 ) ;
#7268 = VERTEX_POINT ( 'NONE', #1255 ) ;
#7269 = CARTESIAN_POINT ( 'NONE',  ( -0.4999999999999996100, 0.01968503937007875700, -0.05787401574803151300 ) ) ;
#7271 = AXIS2_PLACEMENT_3D ( 'NONE', #601, #932, #850 ) ;
#7270 = DIRECTION ( 'NONE',  ( 0.9889363530076618100, -0.1483404520011492900, 0.0000000000000000000 ) ) ;
#7272 = CARTESIAN_POINT ( 'NONE',  ( 0.6111870956299217900, 0.2432397985433058200, -0.05787401574803151300 ) ) ;
#7273 = EDGE_CURVE ( 'NONE', #1608, #6009, #10321, .T. ) ;
#7274 = VECTOR ( 'NONE', #4633, 39.37007874015748100 ) ;
#7275 = EDGE_LOOP ( 'NONE', ( #10816, #4214, #6608, #6900 ) ) ;
#7276 = ORIENTED_EDGE ( 'NONE', *, *, #8809, .T. ) ;
#7278 = DIRECTION ( 'NONE',  ( -0.0000000000000000000, 0.0000000000000000000, 1.000000000000000000 ) ) ;
#7277 = CYLINDRICAL_SURFACE ( 'NONE', #7779, 0.03976377952755921100 ) ;
#7279 = VERTEX_POINT ( 'NONE', #3100 ) ;
#7280 = ORIENTED_EDGE ( 'NONE', *, *, #2377, .F. ) ;
#7281 = CARTESIAN_POINT ( 'NONE',  ( 0.5921259842519689400, 0.05244063622047175800, -0.05787401574803151300 ) ) ;
#7282 = LINE ( 'NONE', #1, #7001 ) ;
#7283 = CARTESIAN_POINT ( 'NONE',  ( 0.2690944881889766900, -0.1259842519685042700, -0.05787401574803151300 ) ) ;
#7284 = CYLINDRICAL_SURFACE ( 'NONE', #7978, 0.03976377952755907200 ) ;
#7285 = AXIS2_PLACEMENT_3D ( 'NONE', #791, #9854, #4442 ) ;
#7286 = ORIENTED_EDGE ( 'NONE', *, *, #4081, .F. ) ;
#7287 = DIRECTION ( 'NONE',  ( 0.0000000000000000000, 0.0000000000000000000, -1.000000000000000000 ) ) ;
#7288 = EDGE_CURVE ( 'NONE', #1382, #4352, #989, .T. ) ;
#7289 = FACE_OUTER_BOUND ( 'NONE', #8539, .T. ) ;
#7290 = ORIENTED_EDGE ( 'NONE', *, *, #6273, .F. ) ;
#7292 = DIRECTION ( 'NONE',  ( -0.0000000000000000000, -0.0000000000000000000, -1.000000000000000000 ) ) ;
#7291 = VECTOR ( 'NONE', #3028, 39.37007874015748100 ) ;
#7293 = CARTESIAN_POINT ( 'NONE',  ( 0.6242125984251975000, 0.1473225259842513800, -0.05787401574803150600 ) ) ;
#7294 = ADVANCED_FACE ( 'NONE', ( #5507 ), #3993, .T. ) ;
#7295 = CARTESIAN_POINT ( 'NONE',  ( 0.2921259842519689000, 0.06031465196850320500, -0.04212598425196852800 ) ) ;
#7296 = LINE ( 'NONE', #6326, #46 ) ;
#7297 = CARTESIAN_POINT ( 'NONE',  ( 0.4196850393700792300, 0.1027140031889751700, -0.04212598425196851400 ) ) ;
#7298 = EDGE_LOOP ( 'NONE', ( #5208, #7646, #7927, #964 ) ) ;
#7299 = ORIENTED_EDGE ( 'NONE', *, *, #2085, .T. ) ;
#7300 = CARTESIAN_POINT ( 'NONE',  ( 0.04015748031496117800, 0.01968503937007875700, -0.04212598425196851400 ) ) ;
#7301 = CARTESIAN_POINT ( 'NONE',  ( 0.6795275591743966700, 0.2885954232650423900, -0.05787401574803151300 ) ) ;
#7302 = ORIENTED_EDGE ( 'NONE', *, *, #10413, .F. ) ;
#7303 = DIRECTION ( 'NONE',  ( 0.0000000000000000000, -1.000000000000000000, -0.0000000000000000000 ) ) ;
#7304 = LINE ( 'NONE', #2557, #6729 ) ;
#7305 = CARTESIAN_POINT ( 'NONE',  ( 0.3196850393702109800, 0.09221531551247058600, -0.05787401574803152000 ) ) ;
#7306 = EDGE_CURVE ( 'NONE', #194, #3415, #10867, .T. ) ;
#7307 = VECTOR ( 'NONE', #5283, 39.37007874015748100 ) ;
#7308 = AXIS2_PLACEMENT_3D ( 'NONE', #10592, #721, #7063 ) ;
#7309 = CARTESIAN_POINT ( 'NONE',  ( 0.2826771653543312400, 0.05244063622047148700, -0.05787401574803151300 ) ) ;
#7310 = ORIENTED_EDGE ( 'NONE', *, *, #4398, .F. ) ;
#7311 = DIRECTION ( 'NONE',  ( 0.0000000000000000000, -0.6000000000000002000, -0.7999999999999998200 ) ) ;
#7312 = ORIENTED_EDGE ( 'NONE', *, *, #8537, .F. ) ;
#7313 = PLANE ( 'NONE',  #728 ) ;
#7314 = LINE ( 'NONE', #10733, #65 ) ;
#7315 = ORIENTED_EDGE ( 'NONE', *, *, #4946, .T. ) ;
#7316 = CARTESIAN_POINT ( 'NONE',  ( -0.4999999999999996100, 0.01968503937007875700, -0.02834645669291339200 ) ) ;
#7317 = EDGE_CURVE ( 'NONE', #6363, #2632, #715, .T. ) ;
#7318 = CARTESIAN_POINT ( 'NONE',  ( 0.1999999999985582200, 0.1339366992019232200, -0.04212598425196851400 ) ) ;
#7319 = DIRECTION ( 'NONE',  ( -1.000000000000000000, 0.0000000000000000000, 0.0000000000000000000 ) ) ;
#7320 = LINE ( 'NONE', #57, #7039 ) ;
#7321 = CARTESIAN_POINT ( 'NONE',  ( 0.5795275590551185500, 0.01968503937007875700, -0.07165354330708663400 ) ) ;
#7322 = ORIENTED_EDGE ( 'NONE', *, *, #7812, .T. ) ;
#7323 = EDGE_CURVE ( 'NONE', #8519, #4890, #10046, .T. ) ;
#7324 = AXIS2_PLACEMENT_3D ( 'NONE', #827, #864, #7212 ) ;
#7325 = PERSON_AND_ORGANIZATION ( #4812, #2956 ) ;
#7326 = VECTOR ( 'NONE', #923, 39.37007874015748100 ) ;
#7327 = EDGE_CURVE ( 'NONE', #9108, #9126, #5235, .T. ) ;
#7328 = AXIS2_PLACEMENT_3D ( 'NONE', #2369, #8687, #3280 ) ;
#7329 = EDGE_LOOP ( 'NONE', ( #10238, #8151, #1183, #1472 ) ) ;
#7330 = VERTEX_POINT ( 'NONE', #6752 ) ;
#7331 = CARTESIAN_POINT ( 'NONE',  ( 0.4999999999985585400, 0.1339366992019233600, -0.04212598425196851400 ) ) ;
#7332 = ORIENTED_EDGE ( 'NONE', *, *, #3208, .T. ) ;
#7333 = DIRECTION ( 'NONE',  ( 0.0000000000000000000, 1.000000000000000000, 0.0000000000000000000 ) ) ;
#7335 = CARTESIAN_POINT ( 'NONE',  ( 0.4305118110806712700, 0.2965351243980127700, -0.05787401574803151300 ) ) ;
#7334 = FACE_OUTER_BOUND ( 'NONE', #4084, .T. ) ;
#7336 = LINE ( 'NONE', #5753, #7629 ) ;
#7337 = EDGE_CURVE ( 'NONE', #5996, #2146, #4955, .T. ) ;
#7338 = ORIENTED_EDGE ( 'NONE', *, *, #8320, .F. ) ;
#7339 = AXIS2_PLACEMENT_3D ( 'NONE', #8828, #3418, #4329 ) ;
#7340 = DIRECTION ( 'NONE',  ( 1.000000000000000000, 0.0000000000000000000, 0.0000000000000000000 ) ) ;
#7341 = DIRECTION ( 'NONE',  ( 0.0000000000000000000, 0.0000000000000000000, 1.000000000000000000 ) ) ;
#7342 = CARTESIAN_POINT ( 'NONE',  ( 0.1401574803115171700, 0.2890203332166553800, -0.04212598425196852800 ) ) ;
#7343 = EDGE_CURVE ( 'NONE', #10116, #10973, #7383, .T. ) ;
#7344 = CC_DESIGN_PERSON_AND_ORGANIZATION_ASSIGNMENT ( #11086, #2089, ( #5491 ) ) ;
#7345 = ORIENTED_EDGE ( 'NONE', *, *, #4637, .F. ) ;
#7346 = CARTESIAN_POINT ( 'NONE',  ( 0.1431102362204728400, 0.3149606299212593400, -0.06673228346456672200 ) ) ;
#7347 = LINE ( 'NONE', #1985, #9455 ) ;
#7348 = DIRECTION ( 'NONE',  ( 0.2950730660855439000, -0.9554746912769988000, 0.0000000000000000000 ) ) ;
#7349 = CARTESIAN_POINT ( 'NONE',  ( 0.03740157484251988700, 0.05244063622047148700, -0.05787401574803151300 ) ) ;
#7350 = LINE ( 'NONE', #9687, #2262 ) ;
#7351 = DIRECTION ( 'NONE',  ( -1.000000000000000000, 1.202283597211651800E-014, 0.0000000000000000000 ) ) ;
#7352 = ORIENTED_EDGE ( 'NONE', *, *, #2830, .F. ) ;
#7353 = ADVANCED_FACE ( 'NONE', ( #9492 ), #4960, .F. ) ;
#7354 = CARTESIAN_POINT ( 'NONE',  ( 0.2498548604404900500, 0.2525113748366323900, -0.04212598425196852800 ) ) ;
#7355 = VERTEX_POINT ( 'NONE', #10371 ) ;
#7356 = CARTESIAN_POINT ( 'NONE',  ( 0.07480314960629971800, -0.1011811022887786500, -0.05787401574803151300 ) ) ;
#7357 = VECTOR ( 'NONE', #1349, 39.37007874015748100 ) ;
#7358 = PLANE ( 'NONE',  #9676 ) ;
#7359 = FACE_OUTER_BOUND ( 'NONE', #6187, .T. ) ;
#7360 = EDGE_CURVE ( 'NONE', #1426, #5381, #7095, .T. ) ;
#7361 = VERTEX_POINT ( 'NONE', #1367 ) ;
#7362 = PLANE ( 'NONE',  #8233 ) ;
#7363 = EDGE_LOOP ( 'NONE', ( #6380, #10192, #1862, #2907 ) ) ;
#7364 = CARTESIAN_POINT ( 'NONE',  ( 0.2718503937022888600, 0.2287793731508396800, -0.04212598425196852800 ) ) ;
#7365 = ORIENTED_EDGE ( 'NONE', *, *, #8456, .F. ) ;
#7366 = CARTESIAN_POINT ( 'NONE',  ( -0.4999999999999996100, 0.01968503937007875700, -0.07165354330708663400 ) ) ;
#7367 = DIRECTION ( 'NONE',  ( 1.000000000000000000, 0.0000000000000000000, 0.0000000000000000000 ) ) ;
#7368 = FACE_OUTER_BOUND ( 'NONE', #6176, .T. ) ;
#7369 = PLANE ( 'NONE',  #3629 ) ;
#7370 = VECTOR ( 'NONE', #3130, 39.37007874015748100 ) ;
#7371 = DIRECTION ( 'NONE',  ( -0.5144957554275227900, -0.6859943405700367200, 0.5144957554275281200 ) ) ;
#7372 = VERTEX_POINT ( 'NONE', #2298 ) ;
#7373 = DIRECTION ( 'NONE',  ( -0.0000000000000000000, 1.000000000000000000, 0.0000000000000000000 ) ) ;
#7374 = ORIENTED_EDGE ( 'NONE', *, *, #9873, .F. ) ;
#7375 = EDGE_CURVE ( 'NONE', #5666, #7907, #4673, .T. ) ;
#7376 = EDGE_CURVE ( 'NONE', #3604, #10470, #417, .T. ) ;
#7377 = AXIS2_PLACEMENT_3D ( 'NONE', #7402, #3795, #10103 ) ;
#7378 = DIRECTION ( 'NONE',  ( -0.1483404542819020700, 0.9889363526655489100, 0.0000000000000000000 ) ) ;
#7379 = FACE_OUTER_BOUND ( 'NONE', #9326, .T. ) ;
#7380 = ORIENTED_EDGE ( 'NONE', *, *, #8476, .T. ) ;
#7381 = DIRECTION ( 'NONE',  ( 1.000000000000000000, 0.0000000000000000000, 0.0000000000000000000 ) ) ;
#7382 = DIRECTION ( 'NONE',  ( 0.9991100788575018000, -0.04217878999398427800, 0.0000000000000000000 ) ) ;
#7383 = LINE ( 'NONE', #8578, #3150 ) ;
#7384 = ORIENTED_EDGE ( 'NONE', *, *, #2254, .F. ) ;
#7385 = ORIENTED_EDGE ( 'NONE', *, *, #4448, .F. ) ;
#7386 = ORIENTED_EDGE ( 'NONE', *, *, #5563, .T. ) ;
#7387 = CARTESIAN_POINT ( 'NONE',  ( 0.5196850393700792600, 0.1027140031889745600, -0.04212598425196851400 ) ) ;
#7388 = ORIENTED_EDGE ( 'NONE', *, *, #8366, .T. ) ;
#7389 = DIRECTION ( 'NONE',  ( 0.5144957554275285700, -0.6859943405700340600, -0.5144957554275259000 ) ) ;
#7390 = CARTESIAN_POINT ( 'NONE',  ( 0.1826771653543312100, 0.05244063622047148700, -0.04212598425196852100 ) ) ;
#7391 = CARTESIAN_POINT ( 'NONE',  ( 0.2431102362598430200, 0.3149606299212595600, -0.01812598409448818900 ) ) ;
#7392 = LINE ( 'NONE', #10895, #135 ) ;
#7393 = ORIENTED_EDGE ( 'NONE', *, *, #1865, .F. ) ;
#7394 = DIRECTION ( 'NONE',  ( 0.0000000000000000000, 0.0000000000000000000, 1.000000000000000000 ) ) ;
#7395 = EDGE_CURVE ( 'NONE', #10962, #2825, #11543, .T. ) ;
#7396 = CIRCLE ( 'NONE', #793, 0.007874015748031449100 ) ;
#7397 = ORIENTED_EDGE ( 'NONE', *, *, #5967, .T. ) ;
#7398 = ORIENTED_EDGE ( 'NONE', *, *, #10782, .F. ) ;
#7399 = ORIENTED_EDGE ( 'NONE', *, *, #10742, .T. ) ;
#7400 = AXIS2_PLACEMENT_3D ( 'NONE', #4108, #5005, #11282 ) ;
#7401 = CARTESIAN_POINT ( 'NONE',  ( 0.02007874015748072800, 0.06031465196850320500, -0.05787401574803151300 ) ) ;
#7402 = CARTESIAN_POINT ( 'NONE',  ( -0.03259880558287746300, 0.01968503937175538800, -0.07401574803149603400 ) ) ;
#7403 = ORIENTED_EDGE ( 'NONE', *, *, #7835, .T. ) ;
#7404 = LINE ( 'NONE', #4625, #4976 ) ;
#7405 = VECTOR ( 'NONE', #1081, 39.37007874015748900 ) ;
#7406 = ORIENTED_EDGE ( 'NONE', *, *, #1865, .T. ) ;
#7407 = DIRECTION ( 'NONE',  ( -0.0000000000000000000, -0.0000000000000000000, -1.000000000000000000 ) ) ;
#7408 = LINE ( 'NONE', #4555, #4700 ) ;
#7409 = ORIENTED_EDGE ( 'NONE', *, *, #9124, .T. ) ;
#7410 = ORIENTED_EDGE ( 'NONE', *, *, #11327, .T. ) ;
#7411 = DIRECTION ( 'NONE',  ( 0.0000000000000000000, 0.0000000000000000000, 1.000000000000000000 ) ) ;
#7412 = PLANE ( 'NONE',  #11626 ) ;
#7413 = EDGE_CURVE ( 'NONE', #5401, #3293, #4405, .T. ) ;
#7414 = DIRECTION ( 'NONE',  ( 0.0000000000000000000, -0.7999999995200000000, -0.6000000006400000300 ) ) ;
#7415 = ADVANCED_FACE ( 'NONE', ( #11270 ), #3253, .F. ) ;
#7416 = DIRECTION ( 'NONE',  ( -1.000000000000000000, 0.0000000000000000000, 0.0000000000000000000 ) ) ;
#7417 = FACE_OUTER_BOUND ( 'NONE', #4956, .T. ) ;
#7418 = PLANE ( 'NONE',  #5843 ) ;
#7419 = DIRECTION ( 'NONE',  ( -0.0000000000000000000, -0.0000000000000000000, 1.000000000000000000 ) ) ;
#7420 = EDGE_CURVE ( 'NONE', #5553, #7809, #4119, .T. ) ;
#7421 = VECTOR ( 'NONE', #1217, 39.37007874015748100 ) ;
#7422 = ORIENTED_EDGE ( 'NONE', *, *, #6051, .F. ) ;
#7423 = DIRECTION ( 'NONE',  ( -0.0000000000000000000, 0.0000000000000000000, -1.000000000000000000 ) ) ;
#7424 = VECTOR ( 'NONE', #4842, 39.37007874015748900 ) ;
#7425 = VERTEX_POINT ( 'NONE', #1445 ) ;
#7426 = ORIENTED_EDGE ( 'NONE', *, *, #6603, .F. ) ;
#7427 = DIRECTION ( 'NONE',  ( 0.03123475300211145000, -0.9995120760675665400, 0.0000000000000000000 ) ) ;
#7428 = LINE ( 'NONE', #6341, #166 ) ;
#7429 = CARTESIAN_POINT ( 'NONE',  ( 0.5577900044881894900, 0.2475998051574795600, -0.04212598425196852800 ) ) ;
#7430 = DIRECTION ( 'NONE',  ( 0.0000000000000000000, -0.0000000000000000000, 1.000000000000000000 ) ) ;
#7431 = ORIENTED_EDGE ( 'NONE', *, *, #11505, .T. ) ;
#7432 = ORIENTED_EDGE ( 'NONE', *, *, #7558, .T. ) ;
#7434 = AXIS2_PLACEMENT_3D ( 'NONE', #6697, #6846, #4177 ) ;
#7433 = CARTESIAN_POINT ( 'NONE',  ( 0.4401574803149611600, 0.01968503937007875700, -0.02598425196850394400 ) ) ;
#7435 = VECTOR ( 'NONE', #4233, 39.37007874015748100 ) ;
#7436 = ORIENTED_EDGE ( 'NONE', *, *, #7248, .T. ) ;
#7437 = ORIENTED_EDGE ( 'NONE', *, *, #1989, .T. ) ;
#7438 = CARTESIAN_POINT ( 'NONE',  ( 0.4283464567079403600, 0.3346456692894905200, -0.01850393698970948000 ) ) ;
#7439 = VECTOR ( 'NONE', #1506, 39.37007874015748100 ) ;
#7440 = EDGE_CURVE ( 'NONE', #5311, #4023, #6513, .T. ) ;
#7441 = DIRECTION ( 'NONE',  ( 0.0000000000000000000, 0.0000000000000000000, 1.000000000000000000 ) ) ;
#7442 = VECTOR ( 'NONE', #9411, 39.37007874015748100 ) ;
#7443 = CARTESIAN_POINT ( 'NONE',  ( 0.1795275590551181600, 0.01968503937007875700, -0.04212598425196851400 ) ) ;
#7444 = CARTESIAN_POINT ( 'NONE',  ( 0.5196850393701543100, 0.01968503937007875700, -0.05787401574803151300 ) ) ;
#7445 = ORIENTED_EDGE ( 'NONE', *, *, #7887, .T. ) ;
#7446 = VERTEX_POINT ( 'NONE', #10488 ) ;
#7447 = ORIENTED_EDGE ( 'NONE', *, *, #2186, .F. ) ;
#7448 = FACE_BOUND ( 'NONE', #2710, .T. ) ;
#7449 = CARTESIAN_POINT ( 'NONE',  ( 0.6196850393706153600, 0.09221531551198730600, -0.04212598425196851400 ) ) ;
#7450 = LINE ( 'NONE', #7070, #5018 ) ;
#7451 = EDGE_CURVE ( 'NONE', #5906, #4088, #6226, .T. ) ;
#7452 = ORIENTED_EDGE ( 'NONE', *, *, #6485, .F. ) ;
#7453 = CARTESIAN_POINT ( 'NONE',  ( 0.5111870956299217100, 0.2432397985433058200, -0.04212598425196851400 ) ) ;
#7454 = DIRECTION ( 'NONE',  ( 1.000000000000000000, 0.0000000000000000000, 0.0000000000000000000 ) ) ;
#7455 = DIRECTION ( 'NONE',  ( 0.0000000000000000000, 0.0000000000000000000, 1.000000000000000000 ) ) ;
#7456 = ORIENTED_EDGE ( 'NONE', *, *, #1854, .T. ) ;
#7457 = CARTESIAN_POINT ( 'NONE',  ( 0.6509508751574808500, 0.2432397985433058200, -0.04212598425196851400 ) ) ;
#7458 = VECTOR ( 'NONE', #4668, 39.37007874015748100 ) ;
#7459 = DIRECTION ( 'NONE',  ( 0.0000000000000000000, 0.0000000000000000000, -1.000000000000000000 ) ) ;
#7460 = VECTOR ( 'NONE', #4188, 39.37007874015748100 ) ;
#7461 = DIRECTION ( 'NONE',  ( 0.0000000000000000000, 0.0000000000000000000, 1.000000000000000000 ) ) ;
#7462 = VERTEX_POINT ( 'NONE', #567 ) ;
#7463 = APPLICATION_CONTEXT ( 'configuration controlled 3d designs of mechanical parts and assemblies' ) ;
#7464 = EDGE_CURVE ( 'NONE', #7752, #11329, #6807, .T. ) ;
#7465 = LINE ( 'NONE', #2250, #9857 ) ;
#7466 = DIRECTION ( 'NONE',  ( 0.1483404542350806300, -0.9889363526725721800, 0.0000000000000000000 ) ) ;
#7467 = CARTESIAN_POINT ( 'NONE',  ( 0.4795275591743964300, 0.2885954232650421700, -0.04212598425196852800 ) ) ;
#7468 = AXIS2_PLACEMENT_3D ( 'NONE', #7012, #2508, #8821 ) ;
#7469 = CARTESIAN_POINT ( 'NONE',  ( 0.3196850393700790800, 0.09221531551193573600, -0.05787401574803152000 ) ) ;
#7470 = ORIENTED_EDGE ( 'NONE', *, *, #7500, .F. ) ;
#7471 = VECTOR ( 'NONE', #3570, 39.37007874015748100 ) ;
#7472 = ADVANCED_FACE ( 'NONE', ( #1416 ), #5935, .F. ) ;
#7473 = ORIENTED_EDGE ( 'NONE', *, *, #189, .T. ) ;
#7474 = CARTESIAN_POINT ( 'NONE',  ( 0.1401574803149614700, 0.3149606299212595600, -0.02834645669291339200 ) ) ;
#7475 = DIRECTION ( 'NONE',  ( 0.0000000000000000000, -0.0000000000000000000, 1.000000000000000000 ) ) ;
#7476 = APPROVAL_PERSON_ORGANIZATION ( #9864, #3116, #5640 ) ;
#7477 = CARTESIAN_POINT ( 'NONE',  ( -0.4999999999999996100, 0.01968503937007875700, -0.04212598425196851400 ) ) ;
#7478 = VECTOR ( 'NONE', #660, 39.37007874015748100 ) ;
#7479 = CARTESIAN_POINT ( 'NONE',  ( 0.5795275590944887200, -0.1259842519685042700, -0.05787401574803151300 ) ) ;
#7480 = ORIENTED_EDGE ( 'NONE', *, *, #8, .T. ) ;
#7481 = DIRECTION ( 'NONE',  ( -0.9554746912769989100, -0.2950730660855439600, 0.0000000000000000000 ) ) ;
#7482 = ORIENTED_EDGE ( 'NONE', *, *, #2290, .F. ) ;
#7483 = EDGE_CURVE ( 'NONE', #5800, #2752, #10729, .T. ) ;
#7484 = ORIENTED_EDGE ( 'NONE', *, *, #5047, .T. ) ;
#7485 = CARTESIAN_POINT ( 'NONE',  ( 0.6401574803149611100, 0.3149606299212595600, -0.05787401574803152000 ) ) ;
#7486 = EDGE_CURVE ( 'NONE', #8958, #10085, #1721, .T. ) ;
#7487 = AXIS2_PLACEMENT_3D ( 'NONE', #756, #4404, #10691 ) ;
#7488 = ADVANCED_FACE ( 'NONE', ( #8371 ), #8095, .F. ) ;
#7489 = VECTOR ( 'NONE', #5072, 39.37007874015748100 ) ;
#7490 = DIRECTION ( 'NONE',  ( 1.000000000000000000, 0.0000000000000000000, 0.0000000000000000000 ) ) ;
#7491 = LINE ( 'NONE', #11672, #530 ) ;
#7492 = VERTEX_POINT ( 'NONE', #10562 ) ;
#7493 = DIRECTION ( 'NONE',  ( 0.0000000000000000000, 0.0000000000000000000, 1.000000000000000000 ) ) ;
#7494 = CARTESIAN_POINT ( 'NONE',  ( 0.1088916445275594100, 0.2432397985433058200, -0.04212598425196852800 ) ) ;
#7495 = DIRECTION ( 'NONE',  ( 1.000000000000000000, 0.0000000000000000000, 0.0000000000000000000 ) ) ;
#7496 = VERTEX_POINT ( 'NONE', #5156 ) ;
#7497 = DIRECTION ( 'NONE',  ( 0.0000000000000000000, 1.000000000000000000, 0.0000000000000000000 ) ) ;
#7498 = LINE ( 'NONE', #3568, #8757 ) ;
#7499 = DIRECTION ( 'NONE',  ( 0.0000000000000000000, 0.0000000000000000000, 1.000000000000000000 ) ) ;
#7500 = EDGE_CURVE ( 'NONE', #10246, #5508, #10457, .T. ) ;
#7501 = LINE ( 'NONE', #4871, #7208 ) ;
#7502 = VERTEX_POINT ( 'NONE', #11431 ) ;
#7503 = APPROVAL_ROLE ( '' ) ;
#7504 = DIRECTION ( 'NONE',  ( 0.0000000000000000000, 0.0000000000000000000, 1.000000000000000000 ) ) ;
#7505 = EDGE_CURVE ( 'NONE', #9931, #9493, #5641, .T. ) ;
#7506 = DIRECTION ( 'NONE',  ( 1.000000000000000000, -0.0000000000000000000, 0.0000000000000000000 ) ) ;
#7507 = ORIENTED_EDGE ( 'NONE', *, *, #3861, .T. ) ;
#7508 = CARTESIAN_POINT ( 'NONE',  ( 0.3577900044881894300, 0.2475998051574795600, -0.05787401574803151300 ) ) ;
#7509 = FACE_OUTER_BOUND ( 'NONE', #6753, .T. ) ;
#7510 = DIRECTION ( 'NONE',  ( -1.000000000000000000, 0.0000000000000000000, 0.0000000000000000000 ) ) ;
#7511 = LINE ( 'NONE', #6016, #247 ) ;
#7512 = CARTESIAN_POINT ( 'NONE',  ( 0.1568533023228350100, 0.2494168253937005800, -0.05787401574803151300 ) ) ;
#7513 = ORIENTED_EDGE ( 'NONE', *, *, #11039, .T. ) ;
#7514 = CARTESIAN_POINT ( 'NONE',  ( 0.3600393700787405900, 0.1141337039370070900, -0.05787401574803151300 ) ) ;
#7515 = ORIENTED_EDGE ( 'NONE', *, *, #7869, .T. ) ;
#7516 = AXIS2_PLACEMENT_3D ( 'NONE', #3241, #9544, #4131 ) ;
#7517 = DIRECTION ( 'NONE',  ( 1.000000000000000000, 0.0000000000000000000, 0.0000000000000000000 ) ) ;
#7518 = CARTESIAN_POINT ( 'NONE',  ( 0.3690944881890317900, -0.1259842519682651000, -0.04212598425196851400 ) ) ;
#7519 = DIRECTION ( 'NONE',  ( 0.0000000000000000000, -0.0000000000000000000, -1.000000000000000000 ) ) ;
#7520 = EDGE_CURVE ( 'NONE', #1911, #8575, #1126, .T. ) ;
#7521 = CYLINDRICAL_SURFACE ( 'NONE', #4052, 0.08668467618110251000 ) ;
#7522 = DIRECTION ( 'NONE',  ( 0.0000000000000000000, 0.0000000000000000000, -1.000000000000000000 ) ) ;
#7523 = VECTOR ( 'NONE', #736, 39.37007874015748100 ) ;
#7524 = VERTEX_POINT ( 'NONE', #2491 ) ;
#7525 = ORIENTED_EDGE ( 'NONE', *, *, #2482, .F. ) ;
#7526 = DIRECTION ( 'NONE',  ( 0.0000000000000000000, 1.000000000000000000, 0.0000000000000000000 ) ) ;
#7527 = DIRECTION ( 'NONE',  ( -0.0000000000000000000, 0.0000000000000000000, 1.000000000000000000 ) ) ;
#7528 = CARTESIAN_POINT ( 'NONE',  ( 0.3000000000000002100, 0.01968503937007875700, -0.04212598425196851400 ) ) ;
#7529 = FACE_OUTER_BOUND ( 'NONE', #4891, .T. ) ;
#7530 = ADVANCED_FACE ( 'NONE', ( #841 ), #1616, .F. ) ;
#7531 = ORIENTED_EDGE ( 'NONE', *, *, #8756, .T. ) ;
#7532 = DIRECTION ( 'NONE',  ( 0.0000000000000000000, -0.0000000000000000000, -1.000000000000000000 ) ) ;
#7533 = LINE ( 'NONE', #1913, #5097 ) ;
#7534 = ORIENTED_EDGE ( 'NONE', *, *, #6244, .F. ) ;
#7535 = ORIENTED_EDGE ( 'NONE', *, *, #6838, .F. ) ;
#7536 = ORIENTED_EDGE ( 'NONE', *, *, #4294, .F. ) ;
#7537 = DIRECTION ( 'NONE',  ( 0.0000000000000000000, 0.0000000000000000000, 1.000000000000000000 ) ) ;
#7538 = EDGE_CURVE ( 'NONE', #6842, #2831, #3559, .T. ) ;
#7539 = AXIS2_PLACEMENT_3D ( 'NONE', #310, #9347, #11113 ) ;
#7540 = DIRECTION ( 'NONE',  ( 0.0000000000000000000, 0.0000000000000000000, -1.000000000000000000 ) ) ;
#7541 = DIRECTION ( 'NONE',  ( -1.000000000000000000, -0.0000000000000000000, 0.0000000000000000000 ) ) ;
#7542 = LINE ( 'NONE', #4974, #3017 ) ;
#7543 = DIRECTION ( 'NONE',  ( 0.0000000000000000000, 0.0000000000000000000, 1.000000000000000000 ) ) ;
#7544 = APPROVAL_STATUS ( 'not_yet_approved' ) ;
#7545 = CARTESIAN_POINT ( 'NONE',  ( 0.3826771653543312700, 0.05244063622047148700, -0.05787401574803151300 ) ) ;
#7546 = LINE ( 'NONE', #2297, #4835 ) ;
#7547 = ORIENTED_EDGE ( 'NONE', *, *, #11458, .F. ) ;
#7548 = LINE ( 'NONE', #4865, #9643 ) ;
#7549 = ORIENTED_EDGE ( 'NONE', *, *, #2408, .T. ) ;
#7550 = ORIENTED_EDGE ( 'NONE', *, *, #397, .T. ) ;
#7551 = ADVANCED_FACE ( 'NONE', ( #5367 ), #10638, .F. ) ;
#7552 = CARTESIAN_POINT ( 'NONE',  ( 0.6921259842519690300, 0.06031465196850320500, -0.05787401574803151300 ) ) ;
#7553 = CARTESIAN_POINT ( 'NONE',  ( 0.1200787401574807500, 0.06031465196850320500, -0.05787401574803151300 ) ) ;
#7554 = EDGE_CURVE ( 'NONE', #10246, #6120, #559, .T. ) ;
#7555 = ORIENTED_EDGE ( 'NONE', *, *, #6777, .F. ) ;
#7556 = VECTOR ( 'NONE', #11485, 39.37007874015748100 ) ;
#7557 = CARTESIAN_POINT ( 'NONE',  ( 0.2401574803149612300, 0.3149606299212595600, -0.02834645669291339200 ) ) ;
#7558 = EDGE_CURVE ( 'NONE', #10097, #11436, #10190, .T. ) ;
#7559 = VECTOR ( 'NONE', #8011, 39.37007874015748100 ) ;
#7560 = EDGE_LOOP ( 'NONE', ( #856, #8188, #8681, #3727 ) ) ;
#7561 = AXIS2_PLACEMENT_3D ( 'NONE', #3167, #11228, #5852 ) ;
#7562 = CARTESIAN_POINT ( 'NONE',  ( 0.1795275590944887500, -0.1259842519685042700, -0.05787401574803151300 ) ) ;
#7564 = DIRECTION ( 'NONE',  ( 0.0000000000000000000, 1.000000000000000000, 0.0000000000000000000 ) ) ;
#7563 = FACE_OUTER_BOUND ( 'NONE', #9153, .T. ) ;
#7565 = ORIENTED_EDGE ( 'NONE', *, *, #9683, .T. ) ;
#7566 = ORIENTED_EDGE ( 'NONE', *, *, #3883, .T. ) ;
#7568 = PLANE ( 'NONE',  #11423 ) ;
#7567 = AXIS2_PLACEMENT_3D ( 'NONE', #2061, #8380, #2970 ) ;
#7569 = CARTESIAN_POINT ( 'NONE',  ( 0.6401574803149611100, 0.3149606299212595600, -0.02834645669291339200 ) ) ;
#7570 = VECTOR ( 'NONE', #147, 39.37007874015748100 ) ;
#7571 = ORIENTED_EDGE ( 'NONE', *, *, #9727, .T. ) ;
#7572 = ORIENTED_EDGE ( 'NONE', *, *, #1200, .F. ) ;
#7573 = VECTOR ( 'NONE', #5385, 39.37007874015748100 ) ;
#7574 = ORIENTED_EDGE ( 'NONE', *, *, #854, .F. ) ;
#7575 = ORIENTED_EDGE ( 'NONE', *, *, #1942, .T. ) ;
#7576 = EDGE_CURVE ( 'NONE', #3367, #8005, #9908, .T. ) ;
#7578 = PLANE ( 'NONE',  #9066 ) ;
#7577 = FACE_OUTER_BOUND ( 'NONE', #6218, .T. ) ;
#7579 = DIRECTION ( 'NONE',  ( 0.0000000000000000000, 0.0000000000000000000, -1.000000000000000000 ) ) ;
#7580 = DIRECTION ( 'NONE',  ( 0.0000000000000000000, 0.0000000000000000000, 1.000000000000000000 ) ) ;
#7581 = EDGE_CURVE ( 'NONE', #7022, #11000, #2997, .T. ) ;
#7582 = AXIS2_PLACEMENT_3D ( 'NONE', #110, #6451, #1028 ) ;
#7583 = LINE ( 'NONE', #333, #4867 ) ;
#7584 = DIRECTION ( 'NONE',  ( 0.0000000000000000000, 1.000000000000000000, 0.0000000000000000000 ) ) ;
#7585 = VERTEX_POINT ( 'NONE', #3479 ) ;
#7586 = DIRECTION ( 'NONE',  ( 1.000000000000000000, -0.0000000000000000000, 0.0000000000000000000 ) ) ;
#7587 = CARTESIAN_POINT ( 'NONE',  ( 0.3999999999956742000, 0.1339366992112627800, -0.05787401574803151300 ) ) ;
#7588 = ORIENTED_EDGE ( 'NONE', *, *, #8692, .F. ) ;
#7589 = CARTESIAN_POINT ( 'NONE',  ( 0.3921259842519689300, 0.05244063622047161900, -0.04212598425196852800 ) ) ;
#7590 = FACE_OUTER_BOUND ( 'NONE', #2467, .T. ) ;
#7591 = LINE ( 'NONE', #10261, #2778 ) ;
#7592 = PLANE ( 'NONE',  #4474 ) ;
#7593 = VECTOR ( 'NONE', #6734, 39.37007874015748100 ) ;
#7595 = AXIS2_PLACEMENT_3D ( 'NONE', #1504, #1516, #1454 ) ;
#7594 = DIRECTION ( 'NONE',  ( 1.000000000000000000, 0.0000000000000000000, 0.0000000000000000000 ) ) ;
#7596 = ORIENTED_EDGE ( 'NONE', *, *, #7598, .T. ) ;
#7597 = CARTESIAN_POINT ( 'NONE',  ( 0.6568533023228351200, 0.2494168253937005800, -0.04212598425196851400 ) ) ;
#7598 = EDGE_CURVE ( 'NONE', #4173, #2784, #260, .T. ) ;
#7599 = ORIENTED_EDGE ( 'NONE', *, *, #11539, .T. ) ;
#7600 = ADVANCED_FACE ( 'NONE', ( #7230 ), #7313, .F. ) ;
#7601 = CARTESIAN_POINT ( 'NONE',  ( 0.1000000000000005700, 0.01968503937007875700, -0.05787401574803152000 ) ) ;
#7602 = LINE ( 'NONE', #6006, #341 ) ;
#7603 = CARTESIAN_POINT ( 'NONE',  ( 0.3111870956299217000, 0.2432397985433058200, -0.04212598425196852800 ) ) ;
#7604 = DIRECTION ( 'NONE',  ( 0.0000000000000000000, -0.0000000000000000000, -1.000000000000000000 ) ) ;
#7605 = FACE_OUTER_BOUND ( 'NONE', #8914, .T. ) ;
#7606 = ORIENTED_EDGE ( 'NONE', *, *, #1353, .F. ) ;
#7607 = PLANE ( 'NONE',  #9200 ) ;
#7608 = FACE_OUTER_BOUND ( 'NONE', #7971, .T. ) ;
#7609 = ADVANCED_FACE ( 'NONE', ( #5088 ), #1905, .T. ) ;
#7610 = CARTESIAN_POINT ( 'NONE',  ( 0.5795275590551185500, 0.01968503937007875700, -0.05787401574803152000 ) ) ;
#7611 = EDGE_LOOP ( 'NONE', ( #4112, #4843, #11403, #1276 ) ) ;
#7612 = EDGE_CURVE ( 'NONE', #8660, #11589, #9341, .T. ) ;
#7613 = VECTOR ( 'NONE', #5008, 39.37007874015748100 ) ;
#7614 = AXIS2_PLACEMENT_3D ( 'NONE', #7046, #4324, #8858 ) ;
#7615 = CARTESIAN_POINT ( 'NONE',  ( 0.2196850393703685100, 0.01968503937007875700, -0.04212598425196851400 ) ) ;
#7616 = DIRECTION ( 'NONE',  ( 0.2242946050387554200, -0.9745213851683853800, 0.0000000000000000000 ) ) ;
#7617 = ORIENTED_EDGE ( 'NONE', *, *, #1048, .T. ) ;
#7618 = DIRECTION ( 'NONE',  ( 0.0000000000000000000, 0.0000000000000000000, 1.000000000000000000 ) ) ;
#7619 = PERSON_AND_ORGANIZATION ( #4812, #2956 ) ;
#7620 = CIRCLE ( 'NONE', #11347, 0.03976377952755907200 ) ;
#7621 = DIRECTION ( 'NONE',  ( 0.0000000000000000000, -1.000000000000000000, 0.0000000000000000000 ) ) ;
#7622 = EDGE_LOOP ( 'NONE', ( #419, #8324, #9396, #11021 ) ) ;
#7623 = ORIENTED_EDGE ( 'NONE', *, *, #7030, .F. ) ;
#7624 = ORIENTED_EDGE ( 'NONE', *, *, #2276, .T. ) ;
#7625 = EDGE_CURVE ( 'NONE', #1541, #7279, #11677, .T. ) ;
#7626 = CARTESIAN_POINT ( 'NONE',  ( 0.6196850393704497200, 0.09221531551197985300, -0.05787401574803152000 ) ) ;
#7627 = LINE ( 'NONE', #2769, #369 ) ;
#7628 = DIRECTION ( 'NONE',  ( 0.0000000000000000000, 0.0000000000000000000, -1.000000000000000000 ) ) ;
#7629 = VECTOR ( 'NONE', #9368, 39.37007874015748100 ) ;
#7630 = CARTESIAN_POINT ( 'NONE',  ( 0.2509842519685044300, -0.1259842519685042700, -0.04212598425196851400 ) ) ;
#7631 = VERTEX_POINT ( 'NONE', #7354 ) ;
#7632 = DIRECTION ( 'NONE',  ( 0.0000000000000000000, -1.000000000000000000, 0.0000000000000000000 ) ) ;
#7633 = ORIENTED_EDGE ( 'NONE', *, *, #2641, .F. ) ;
#7634 = DIRECTION ( 'NONE',  ( 0.0000000000000000000, 0.0000000000000000000, -1.000000000000000000 ) ) ;
#7635 = CARTESIAN_POINT ( 'NONE',  ( 0.1196850393700793400, 0.01968503937007875700, -0.04212598425196851400 ) ) ;
#7636 = FACE_OUTER_BOUND ( 'NONE', #4211, .T. ) ;
#7637 = DIRECTION ( 'NONE',  ( -0.04217878982152649400, 0.9991100788647823100, 0.0000000000000000000 ) ) ;
#7638 = VECTOR ( 'NONE', #9613, 39.37007874015748100 ) ;
#7639 = CARTESIAN_POINT ( 'NONE',  ( 0.5690944881890316300, -0.1259842519682651000, -0.04212598425196851400 ) ) ;
#7640 = EDGE_CURVE ( 'NONE', #840, #8351, #2145, .T. ) ;
#7641 = VERTEX_POINT ( 'NONE', #9157 ) ;
#7642 = AXIS2_PLACEMENT_3D ( 'NONE', #2450, #11388, #4230 ) ;
#7643 = DIRECTION ( 'NONE',  ( -1.000000000000000000, -0.0000000000000000000, 0.0000000000000000000 ) ) ;
#7644 = EDGE_CURVE ( 'NONE', #8322, #4146, #4813, .T. ) ;
#7645 = AXIS2_PLACEMENT_3D ( 'NONE', #7045, #3449, #9758 ) ;
#7646 = ORIENTED_EDGE ( 'NONE', *, *, #2972, .F. ) ;
#7647 = FACE_OUTER_BOUND ( 'NONE', #7275, .T. ) ;
#7648 = CARTESIAN_POINT ( 'NONE',  ( 0.1748031496062997500, -0.1011811023622053900, -0.05787401574803151300 ) ) ;
#7649 = CIRCLE ( 'NONE', #1499, 0.03976377952755921100 ) ;
#7650 = EDGE_LOOP ( 'NONE', ( #6822, #9221, #4690, #7112 ) ) ;
#7651 = ADVANCED_FACE ( 'NONE', ( #4534 ), #1978, .F. ) ;
#7652 = CARTESIAN_POINT ( 'NONE',  ( 0.7196850393700799900, 0.0000000000000000000, -0.09999999999999997800 ) ) ;
#7653 = EDGE_LOOP ( 'NONE', ( #1134, #9084, #2433, #7623, #472, #10073, #8187, #10669, #5697, #6489, #10431, #3070, #4526, #1869, #3438, #6376, #2240, #8976, #4982, #4907, #5022, #7574, #5916, #4235, #9418, #1558, #11542 ) ) ;
#7654 = DIRECTION ( 'NONE',  ( 0.0000000000000000000, -0.0000000000000000000, -1.000000000000000000 ) ) ;
#7655 = ORIENTED_EDGE ( 'NONE', *, *, #2349, .T. ) ;
#7656 = DIRECTION ( 'NONE',  ( -1.000000000000000000, -0.0000000000000000000, -0.0000000000000000000 ) ) ;
#7657 = DIRECTION ( 'NONE',  ( 0.0000000000000000000, 0.0000000000000000000, 1.000000000000000000 ) ) ;
#7658 = AXIS2_PLACEMENT_3D ( 'NONE', #1412, #9692, #11454 ) ;
#7659 = LINE ( 'NONE', #1304, #2848 ) ;
#7660 = FACE_OUTER_BOUND ( 'NONE', #1247, .T. ) ;
#7661 = EDGE_CURVE ( 'NONE', #6099, #3330, #6951, .T. ) ;
#7662 = EDGE_LOOP ( 'NONE', ( #10234, #8969, #6855, #7143 ) ) ;
#7663 = DIRECTION ( 'NONE',  ( 0.0000000000000000000, 0.0000000000000000000, 1.000000000000000000 ) ) ;
#7664 = VERTEX_POINT ( 'NONE', #9195 ) ;
#7665 = DIRECTION ( 'NONE',  ( -0.0000000000000000000, -0.0000000000000000000, -1.000000000000000000 ) ) ;
#7666 = ADVANCED_FACE ( 'NONE', ( #1861 ), #8342, .F. ) ;
#7667 = CIRCLE ( 'NONE', #3672, 0.03976377952755921100 ) ;
#7668 = ORIENTED_EDGE ( 'NONE', *, *, #11076, .T. ) ;
#7669 = DIRECTION ( 'NONE',  ( 0.2242946050387554200, 0.9745213851683853800, 0.0000000000000000000 ) ) ;
#7670 = VECTOR ( 'NONE', #8547, 39.37007874015748100 ) ;
#7671 = ORIENTED_EDGE ( 'NONE', *, *, #7735, .F. ) ;
#7672 = ORIENTED_EDGE ( 'NONE', *, *, #4656, .T. ) ;
#7673 = ORIENTED_EDGE ( 'NONE', *, *, #10690, .F. ) ;
#7674 = AXIS2_PLACEMENT_3D ( 'NONE', #5760, #337, #6681 ) ;
#7675 = DIRECTION ( 'NONE',  ( 0.0000000000000000000, 0.0000000000000000000, 1.000000000000000000 ) ) ;
#7676 = DIRECTION ( 'NONE',  ( 0.0000000000000000000, -0.0000000000000000000, -1.000000000000000000 ) ) ;
#7677 = CARTESIAN_POINT ( 'NONE',  ( -0.4999999999999996100, 0.01968503937007875700, -0.04212598425196851400 ) ) ;
#7678 = ORIENTED_EDGE ( 'NONE', *, *, #1476, .F. ) ;
#7679 = EDGE_CURVE ( 'NONE', #3930, #5917, #11129, .T. ) ;
#7680 = LINE ( 'NONE', #2774, #5246 ) ;
#7681 = EDGE_LOOP ( 'NONE', ( #8771, #4953, #432, #1284 ) ) ;
#7682 = CIRCLE ( 'NONE', #10694, 0.03976377952755894700 ) ;
#7683 = VERTEX_POINT ( 'NONE', #10142 ) ;
#7684 = ORIENTED_EDGE ( 'NONE', *, *, #5429, .F. ) ;
#7685 = ORIENTED_EDGE ( 'NONE', *, *, #8847, .T. ) ;
#7686 = VERTEX_POINT ( 'NONE', #5612 ) ;
#7687 = CARTESIAN_POINT ( 'NONE',  ( 0.5279685040551187500, 0.3149606299212595600, -0.06673228346456693000 ) ) ;
#7688 = CARTESIAN_POINT ( 'NONE',  ( 0.07480314961580590600, -0.1011811022909665800, -0.05787401574803150600 ) ) ;
#7689 = LINE ( 'NONE', #1925, #7982 ) ;
#7690 = FACE_OUTER_BOUND ( 'NONE', #6023, .T. ) ;
#7691 = DIRECTION ( 'NONE',  ( 0.03123475221706992600, 0.9995120760920991300, 0.0000000000000000000 ) ) ;
#7692 = VERTEX_POINT ( 'NONE', #6544 ) ;
#7693 = EDGE_CURVE ( 'NONE', #183, #1541, #1567, .T. ) ;
#7694 = VECTOR ( 'NONE', #5409, 39.37007874015748100 ) ;
#7695 = ORIENTED_EDGE ( 'NONE', *, *, #6214, .F. ) ;
#7696 = ORIENTED_EDGE ( 'NONE', *, *, #7015, .T. ) ;
#7697 = AXIS2_PLACEMENT_3D ( 'NONE', #2156, #8484, #3072 ) ;
#7698 = DIRECTION ( 'NONE',  ( 0.2242946047231205700, -0.9745213852410316000, 0.0000000000000000000 ) ) ;
#7699 = CARTESIAN_POINT ( 'NONE',  ( 0.1279685040944885700, 0.3149606299212593400, -0.03326771653543304800 ) ) ;
#7700 = FACE_OUTER_BOUND ( 'NONE', #9483, .T. ) ;
#7701 = CARTESIAN_POINT ( 'NONE',  ( 0.1200787401575031000, 0.01968503937007875700, -0.04212598425196851400 ) ) ;
#7702 = EDGE_LOOP ( 'NONE', ( #5763, #6048, #10833, #8755 ) ) ;
#7703 = ORIENTED_EDGE ( 'NONE', *, *, #10297, .T. ) ;
#7704 = DIRECTION ( 'NONE',  ( 0.0000000000000000000, 0.0000000000000000000, -1.000000000000000000 ) ) ;
#7705 = LINE ( 'NONE', #6658, #7424 ) ;
#7706 = ORIENTED_EDGE ( 'NONE', *, *, #6708, .F. ) ;
#7707 = ORIENTED_EDGE ( 'NONE', *, *, #9534, .T. ) ;
#7708 = CARTESIAN_POINT ( 'NONE',  ( 0.2795275590551185000, 0.3149606299212595600, -0.07165354330708663400 ) ) ;
#7709 = ADVANCED_FACE ( 'NONE', ( #8508 ), #1119, .F. ) ;
#7710 = DIRECTION ( 'NONE',  ( 1.000000000000000000, 0.0000000000000000000, -0.0000000000000000000 ) ) ;
#7711 = EDGE_CURVE ( 'NONE', #11102, #10688, #6361, .T. ) ;
#7712 = VECTOR ( 'NONE', #6751, 39.37007874015748100 ) ;
#7713 = AXIS2_PLACEMENT_3D ( 'NONE', #3195, #463, #6804 ) ;
#7714 = CARTESIAN_POINT ( 'NONE',  ( 0.6482283464474978300, 0.2287793732319345100, -0.04212598425196851400 ) ) ;
#7715 = CARTESIAN_POINT ( 'NONE',  ( 0.6999999999985585500, 0.1339366992019233600, -0.04212598425196851400 ) ) ;
#7716 = CARTESIAN_POINT ( 'NONE',  ( 0.1452755905511816100, 0.04456662047243921400, -0.04212598425196851400 ) ) ;
#7717 = EDGE_CURVE ( 'NONE', #7062, #4579, #9057, .T. ) ;
#7718 = ORIENTED_EDGE ( 'NONE', *, *, #4129, .F. ) ;
#7719 = VERTEX_POINT ( 'NONE', #6593 ) ;
#7720 = VECTOR ( 'NONE', #10529, 39.37007874015748100 ) ;
#7721 = VERTEX_POINT ( 'NONE', #2100 ) ;
#7722 = VERTEX_POINT ( 'NONE', #8432 ) ;
#7723 = PRODUCT ( '_ _ _C071LFBN-RC', '_ _ _C071LFBN-RC', '', ( #9268 ) ) ;
#7724 = LINE ( 'NONE', #9606, #2913 ) ;
#7725 = CARTESIAN_POINT ( 'NONE',  ( 0.3000000000000002700, 0.3149606299212595600, -0.04212598425196851400 ) ) ;
#7726 = ADVANCED_FACE ( 'NONE', ( #1274 ), #3008, .F. ) ;
#7727 = FACE_OUTER_BOUND ( 'NONE', #8480, .T. ) ;
#7728 = ORIENTED_EDGE ( 'NONE', *, *, #7164, .F. ) ;
#7729 = ORIENTED_EDGE ( 'NONE', *, *, #6290, .F. ) ;
#7730 = EDGE_CURVE ( 'NONE', #7267, #4709, #10597, .T. ) ;
#7731 = CARTESIAN_POINT ( 'NONE',  ( 0.5445558501164539100, 0.1112594900334891000, -0.04212598425196851400 ) ) ;
#7732 = ORIENTED_EDGE ( 'NONE', *, *, #6799, .T. ) ;
#7733 = CARTESIAN_POINT ( 'NONE',  ( 0.1401574803149614700, 0.01968503937007875700, -0.04212598425196851400 ) ) ;
#7734 = VECTOR ( 'NONE', #8140, 39.37007874015748100 ) ;
#7735 = EDGE_CURVE ( 'NONE', #9901, #10607, #3974, .T. ) ;
#7736 = CC_DESIGN_PERSON_AND_ORGANIZATION_ASSIGNMENT ( #9149, #5733, ( #7119 ) ) ;
#7737 = LINE ( 'NONE', #6488, #191 ) ;
#7738 = DIRECTION ( 'NONE',  ( 1.000000000000000000, 0.0000000000000000000, 0.0000000000000000000 ) ) ;
#7739 = CARTESIAN_POINT ( 'NONE',  ( 0.4568533023228351100, 0.2494168253937005800, -0.04212598425196851400 ) ) ;
#7740 = EDGE_LOOP ( 'NONE', ( #5782, #1562, #7678, #8091 ) ) ;
#7741 = CARTESIAN_POINT ( 'NONE',  ( 0.2452755905492692300, -0.1011811023363984900, -0.04212598425196851400 ) ) ;
#7742 = ORIENTED_EDGE ( 'NONE', *, *, #8252, .F. ) ;
#7743 = VECTOR ( 'NONE', #66, 39.37007874015748100 ) ;
#7744 = CARTESIAN_POINT ( 'NONE',  ( 0.2958661417322839300, 0.1473225259842513800, -0.05787401574803151300 ) ) ;
#7745 = CARTESIAN_POINT ( 'NONE',  ( 0.3401574803149611200, 0.3149606299212595600, -0.07165354330708663400 ) ) ;
#7747 = AXIS2_PLACEMENT_3D ( 'NONE', #1199, #1068, #990 ) ;
#7746 = CARTESIAN_POINT ( 'NONE',  ( 0.01968503937007930500, 0.1027140031889746500, -0.04212598425196851400 ) ) ;
#7748 = DIRECTION ( 'NONE',  ( -1.000000000000000000, 0.0000000000000000000, 0.0000000000000000000 ) ) ;
#7749 = VECTOR ( 'NONE', #10271, 39.37007874015748100 ) ;
#7750 = DIRECTION ( 'NONE',  ( 1.000000000000000000, 0.0000000000000000000, 0.0000000000000000000 ) ) ;
#7751 = EDGE_CURVE ( 'NONE', #10304, #2618, #6071, .T. ) ;
#7752 = VERTEX_POINT ( 'NONE', #3054 ) ;
#7753 = CARTESIAN_POINT ( 'NONE',  ( 2.019685039370079100, 0.3346456692913383200, 2.667820306312757000E-019 ) ) ;
#7754 = FACE_OUTER_BOUND ( 'NONE', #1456, .T. ) ;
#7755 = DIRECTION ( 'NONE',  ( 1.000000000000000000, -0.0000000000000000000, 0.0000000000000000000 ) ) ;
#7756 = EDGE_LOOP ( 'NONE', ( #9497, #5384, #7672, #992 ) ) ;
#7757 = FACE_OUTER_BOUND ( 'NONE', #1700, .T. ) ;
#7758 = VERTEX_POINT ( 'NONE', #3950 ) ;
#7759 = CARTESIAN_POINT ( 'NONE',  ( 0.2755228900915323000, 0.1112594903029025000, -0.05787401574803151300 ) ) ;
#7760 = EDGE_CURVE ( 'NONE', #1912, #11084, #3138, .T. ) ;
#7761 = CIRCLE ( 'NONE', #11559, 0.08668467618110258000 ) ;
#7762 = EDGE_CURVE ( 'NONE', #9019, #5380, #979, .T. ) ;
#7763 = AXIS2_PLACEMENT_3D ( 'NONE', #9626, #1696, #8044 ) ;
#7764 = EDGE_LOOP ( 'NONE', ( #10642, #10299, #3940, #11605 ) ) ;
#7765 = ADVANCED_FACE ( 'NONE', ( #7660 ), #10259, .F. ) ;
#7766 = CARTESIAN_POINT ( 'NONE',  ( 0.4401574803149611600, 0.01968503937007875700, -0.04212598425196851400 ) ) ;
#7767 = ORIENTED_EDGE ( 'NONE', *, *, #8383, .T. ) ;
#7768 = CARTESIAN_POINT ( 'NONE',  ( 0.4401574803149611600, 0.01968503937007875700, -0.04212598425196851400 ) ) ;
#7769 = CARTESIAN_POINT ( 'NONE',  ( 0.4755228900915323700, 0.1112594903029027900, -0.05787401574803151300 ) ) ;
#7770 = ORIENTED_EDGE ( 'NONE', *, *, #6253, .F. ) ;
#7771 = LINE ( 'NONE', #563, #7489 ) ;
#7772 = DIRECTION ( 'NONE',  ( 0.0000000000000000000, 0.0000000000000000000, 1.000000000000000000 ) ) ;
#7773 = LINE ( 'NONE', #899, #227 ) ;
#7774 = EDGE_CURVE ( 'NONE', #3447, #10085, #5786, .T. ) ;
#7775 = CARTESIAN_POINT ( 'NONE',  ( 0.6958661417322840000, 0.1473225259842513800, -0.05787401574803150600 ) ) ;
#7776 = VERTEX_POINT ( 'NONE', #10291 ) ;
#7777 = EDGE_CURVE ( 'NONE', #7330, #5656, #407, .T. ) ;
#7778 = ADVANCED_FACE ( 'NONE', ( #5222, #2850 ), #5778, .T. ) ;
#7779 = AXIS2_PLACEMENT_3D ( 'NONE', #10819, #9037, #5423 ) ;
#7780 = ORIENTED_EDGE ( 'NONE', *, *, #2349, .F. ) ;
#7781 = CARTESIAN_POINT ( 'NONE',  ( 0.1958661417322834800, 0.1473225259842513800, -0.05787401574803150600 ) ) ;
#7782 = LINE ( 'NONE', #1635, #822 ) ;
#7783 = AXIS2_PLACEMENT_3D ( 'NONE', #11508, #9795, #4390 ) ;
#7784 = PLANE ( 'NONE',  #7328 ) ;
#7785 = VECTOR ( 'NONE', #3936, 39.37007874015748100 ) ;
#7786 = DIRECTION ( 'NONE',  ( 0.0000000000000000000, 0.0000000000000000000, 1.000000000000000000 ) ) ;
#7787 = ORIENTED_EDGE ( 'NONE', *, *, #2709, .F. ) ;
#7788 = DIRECTION ( 'NONE',  ( 0.0000000000000000000, -0.0000000000000000000, 1.000000000000000000 ) ) ;
#7789 = CARTESIAN_POINT ( 'NONE',  ( 0.1000000000000005700, 0.3149606299212595600, -0.05787401574803152000 ) ) ;
#7790 = CARTESIAN_POINT ( 'NONE',  ( 0.6509508751574808500, 0.2432397985433058200, -0.05787401574803151300 ) ) ;
#7791 = CARTESIAN_POINT ( 'NONE',  ( 0.3999999999956742000, 0.1339366992112627800, -0.08208661417322835100 ) ) ;
#7792 = CARTESIAN_POINT ( 'NONE',  ( 0.3718503937011967100, 0.2287793731563232700, -0.04212598425196851400 ) ) ;
#7793 = ORIENTED_EDGE ( 'NONE', *, *, #9573, .F. ) ;
#7794 = FACE_BOUND ( 'NONE', #7181, .T. ) ;
#7795 = CARTESIAN_POINT ( 'NONE',  ( 0.6200787401574808800, 0.1339366992125986500, -0.05787401574803150600 ) ) ;
#7796 = EDGE_CURVE ( 'NONE', #4542, #8599, #7946, .T. ) ;
#7797 = VECTOR ( 'NONE', #7825, 39.37007874015748100 ) ;
#7798 = EDGE_LOOP ( 'NONE', ( #10466, #3569, #6236, #4412 ) ) ;
#7799 = AXIS2_PLACEMENT_3D ( 'NONE', #2528, #5221, #11497 ) ;
#7800 = VERTEX_POINT ( 'NONE', #4028 ) ;
#7801 = EDGE_CURVE ( 'NONE', #4406, #6859, #4944, .T. ) ;
#7802 = AXIS2_PLACEMENT_3D ( 'NONE', #4226, #10526, #5112 ) ;
#7803 = DIRECTION ( 'NONE',  ( 1.000000000000000000, 0.0000000000000000000, 0.0000000000000000000 ) ) ;
#7804 = FACE_OUTER_BOUND ( 'NONE', #1406, .T. ) ;
#7805 = DIRECTION ( 'NONE',  ( 0.0000000000000000000, -0.9723873020894432400, 0.2333729520214664600 ) ) ;
#7806 = CARTESIAN_POINT ( 'NONE',  ( 0.5921259842519689400, 0.05244063622047161900, -0.04212598425196852800 ) ) ;
#7807 = VECTOR ( 'NONE', #2572, 39.37007874015748100 ) ;
#7808 = EDGE_LOOP ( 'NONE', ( #6357, #125, #9786, #8240 ) ) ;
#7809 = VERTEX_POINT ( 'NONE', #11199 ) ;
#7810 = AXIS2_PLACEMENT_3D ( 'NONE', #7826, #7411, #7381 ) ;
#7811 = CARTESIAN_POINT ( 'NONE',  ( 0.2111870956299216900, 0.2432397985433058200, -0.04212598425196851400 ) ) ;
#7812 = EDGE_CURVE ( 'NONE', #6009, #810, #9480, .T. ) ;
#7813 = CYLINDRICAL_SURFACE ( 'NONE', #5686, 0.03976377956692910000 ) ;
#7814 = ORIENTED_EDGE ( 'NONE', *, *, #4193, .F. ) ;
#7815 = LINE ( 'NONE', #10864, #3009 ) ;
#7816 = DIRECTION ( 'NONE',  ( -0.0000000000000000000, -0.0000000000000000000, -1.000000000000000000 ) ) ;
#7817 = VERTEX_POINT ( 'NONE', #1326 ) ;
#7818 = ORIENTED_EDGE ( 'NONE', *, *, #10602, .F. ) ;
#7819 = ORIENTED_EDGE ( 'NONE', *, *, #7217, .F. ) ;
#7820 = DIRECTION ( 'NONE',  ( -0.0000000000000000000, -0.0000000000000000000, 1.000000000000000000 ) ) ;
#7821 = CARTESIAN_POINT ( 'NONE',  ( 0.5401574803149611400, 0.3149606299212595600, -0.07165354330708663400 ) ) ;
#7822 = CARTESIAN_POINT ( 'NONE',  ( 0.2196850393700793500, 0.01968503937007875700, -0.04212598425196851400 ) ) ;
#7823 = ADVANCED_FACE ( 'NONE', ( #11533 ), #4920, .F. ) ;
#7824 = LINE ( 'NONE', #4044, #581 ) ;
#7825 = DIRECTION ( 'NONE',  ( -1.000000000000000000, -0.0000000000000000000, -0.0000000000000000000 ) ) ;
#7826 = CARTESIAN_POINT ( 'NONE',  ( 0.2577900044881893900, 0.2475998051574795600, -0.04212598425196852800 ) ) ;
#7827 = LINE ( 'NONE', #7715, #9926 ) ;
#7828 = ORIENTED_EDGE ( 'NONE', *, *, #1469, .T. ) ;
#7829 = PLANE ( 'NONE',  #7802 ) ;
#7831 = DIRECTION ( 'NONE',  ( 0.0000000000000000000, -0.0000000000000000000, -1.000000000000000000 ) ) ;
#7830 = LINE ( 'NONE', #4785, #5392 ) ;
#7832 = ORIENTED_EDGE ( 'NONE', *, *, #2792, .F. ) ;
#7833 = ORIENTED_EDGE ( 'NONE', *, *, #4154, .F. ) ;
#7834 = CARTESIAN_POINT ( 'NONE',  ( 0.08267716535433117200, 0.04456662047243921400, -0.04212598425196851400 ) ) ;
#7835 = EDGE_CURVE ( 'NONE', #3403, #4352, #4661, .T. ) ;
#7836 = CARTESIAN_POINT ( 'NONE',  ( 0.4000000000000003600, 0.06031465196873454800, -0.05787401574803151300 ) ) ;
#7837 = LINE ( 'NONE', #3388, #873 ) ;
#7838 = DIRECTION ( 'NONE',  ( 0.0000000000000000000, -0.0000000000000000000, -1.000000000000000000 ) ) ;
#7839 = LINE ( 'NONE', #5242, #596 ) ;
#7840 = ADVANCED_FACE ( 'NONE', ( #9193 ), #2253, .F. ) ;
#7841 = ORIENTED_EDGE ( 'NONE', *, *, #5804, .T. ) ;
#7842 = CARTESIAN_POINT ( 'NONE',  ( 0.4748031496145441200, 0.04456662047243921400, -0.04212598425196852800 ) ) ;
#7843 = VECTOR ( 'NONE', #6902, 39.37007874015748100 ) ;
#7844 = VERTEX_POINT ( 'NONE', #11235 ) ;
#7845 = ORIENTED_EDGE ( 'NONE', *, *, #9032, .F. ) ;
#7846 = CARTESIAN_POINT ( 'NONE',  ( 0.6690944881890625900, -0.1259842519683448400, -0.05787401574803150600 ) ) ;
#7847 = CARTESIAN_POINT ( 'NONE',  ( 0.5401574803149610200, 0.01968503937007875700, -0.04212598425196851400 ) ) ;
#7848 = CARTESIAN_POINT ( 'NONE',  ( 0.2196850393700793500, 0.1027140031889749300, -0.05787401574803152000 ) ) ;
#7850 = CIRCLE ( 'NONE', #7133, 0.03976377952755907200 ) ;
#7849 = CARTESIAN_POINT ( 'NONE',  ( 0.7196850393700802200, 0.01968503937007875700, -0.02598425196850394400 ) ) ;
#7851 = EDGE_CURVE ( 'NONE', #6398, #3141, #2566, .T. ) ;
#7852 = MANIFOLD_SOLID_BREP ( 'LPattern1[19]', #4945 ) ;
#7853 = ORIENTED_EDGE ( 'NONE', *, *, #7953, .T. ) ;
#7854 = ORIENTED_EDGE ( 'NONE', *, *, #5579, .F. ) ;
#7855 = CARTESIAN_POINT ( 'NONE',  ( 0.04455585011811051500, 0.1112594900787393400, -0.05787401574803151300 ) ) ;
#7856 = LINE ( 'NONE', #7226, #7573 ) ;
#7857 = VERTEX_POINT ( 'NONE', #10403 ) ;
#7858 = ORIENTED_EDGE ( 'NONE', *, *, #5908, .T. ) ;
#7859 = LINE ( 'NONE', #1795, #617 ) ;
#7860 = DIRECTION ( 'NONE',  ( -0.0000000000000000000, -0.0000000000000000000, 1.000000000000000000 ) ) ;
#7861 = DIRECTION ( 'NONE',  ( 1.000000000000000000, 0.0000000000000000000, 0.0000000000000000000 ) ) ;
#7862 = CARTESIAN_POINT ( 'NONE',  ( 0.1111870956299216600, 0.2617829512992116400, -0.05787401574803151300 ) ) ;
#7863 = VECTOR ( 'NONE', #3220, 39.37007874015748100 ) ;
#7864 = CARTESIAN_POINT ( 'NONE',  ( 0.6958661417915770200, 0.1473225259818981600, -0.05787401574803151300 ) ) ;
#7865 = ORIENTED_EDGE ( 'NONE', *, *, #2323, .F. ) ;
#7866 = VERTEX_POINT ( 'NONE', #6786 ) ;
#7867 = DIRECTION ( 'NONE',  ( 1.000000000000000000, 0.0000000000000000000, 0.0000000000000000000 ) ) ;
#7868 = ORIENTED_EDGE ( 'NONE', *, *, #11548, .T. ) ;
#7869 = EDGE_CURVE ( 'NONE', #8860, #8563, #6795, .T. ) ;
#7870 = VECTOR ( 'NONE', #6566, 39.37007874015748100 ) ;
#7871 = AXIS2_PLACEMENT_3D ( 'NONE', #10977, #5617, #201 ) ;
#7872 = CIRCLE ( 'NONE', #499, 0.09219577657480328100 ) ;
#7873 = EDGE_CURVE ( 'NONE', #10893, #11394, #8912, .T. ) ;
#7874 = AXIS2_PLACEMENT_3D ( 'NONE', #5629, #7493, #7454 ) ;
#7875 = VECTOR ( 'NONE', #7461, 39.37007874015748100 ) ;
#7876 = DIRECTION ( 'NONE',  ( -1.000000000000000000, 0.0000000000000000000, 0.0000000000000000000 ) ) ;
#7877 = ORIENTED_EDGE ( 'NONE', *, *, #9271, .T. ) ;
#7878 = ORIENTED_EDGE ( 'NONE', *, *, #3755, .T. ) ;
#7879 = DIRECTION ( 'NONE',  ( -0.0000000000000000000, -0.0000000000000000000, 1.000000000000000000 ) ) ;
#7880 = VECTOR ( 'NONE', #9574, 39.37007874015748900 ) ;
#7881 = FACE_OUTER_BOUND ( 'NONE', #676, .T. ) ;
#7882 = CARTESIAN_POINT ( 'NONE',  ( 0.7000000000000005100, 0.01968503937007875700, -0.04212598425196851400 ) ) ;
#7883 = CARTESIAN_POINT ( 'NONE',  ( 0.3795275590551186500, 0.01968503937007875700, -0.05787401574803152000 ) ) ;
#7884 = ADVANCED_FACE ( 'NONE', ( #4109, #1709, #1992, #10989, #8634, #6217, #3823, #1405 ), #4994, .F. ) ;
#7885 = ORIENTED_EDGE ( 'NONE', *, *, #747, .F. ) ;
#7886 = DIRECTION ( 'NONE',  ( 0.0000000000000000000, 0.0000000000000000000, -1.000000000000000000 ) ) ;
#7887 = EDGE_CURVE ( 'NONE', #5369, #5869, #5922, .T. ) ;
#7888 = VECTOR ( 'NONE', #2525, 39.37007874015748100 ) ;
#7889 = VERTEX_POINT ( 'NONE', #8645 ) ;
#7890 = DIRECTION ( 'NONE',  ( 0.9991100788575018000, -0.04217878999398427800, 0.0000000000000000000 ) ) ;
#7891 = LINE ( 'NONE', #4549, #7613 ) ;
#7892 = DIRECTION ( 'NONE',  ( 1.000000000000000000, 0.0000000000000000000, 0.0000000000000000000 ) ) ;
#7893 = CARTESIAN_POINT ( 'NONE',  ( 0.2196850393700793500, 0.1027140031889742900, -0.04212598425196851400 ) ) ;
#7894 = ORIENTED_EDGE ( 'NONE', *, *, #418, .T. ) ;
#7895 = DIRECTION ( 'NONE',  ( -1.000000000000000000, 8.587739980083200000E-016, 0.0000000000000000000 ) ) ;
#7896 = ADVANCED_FACE ( 'NONE', ( #8357 ), #11313, .F. ) ;
#7897 = CARTESIAN_POINT ( 'NONE',  ( 0.4452755905511815400, -0.1011811023622053900, -0.05787401574803151300 ) ) ;
#7898 = COORDINATED_UNIVERSAL_TIME_OFFSET ( 8, 0, .BEHIND. ) ;
#7900 = AXIS2_PLACEMENT_3D ( 'NONE', #2717, #9026, #3622 ) ;
#7899 = DIRECTION ( 'NONE',  ( 0.0000000000000000000, 1.000000000000000000, -0.0000000000000000000 ) ) ;
#7901 = LINE ( 'NONE', #7196, #664 ) ;
#7902 = CARTESIAN_POINT ( 'NONE',  ( 0.4718503937022890900, 0.2287793731508395200, -0.04212598425196852800 ) ) ;
#7903 = EDGE_LOOP ( 'NONE', ( #4857, #9813, #7256, #10273 ) ) ;
#7904 = EDGE_CURVE ( 'NONE', #1138, #1426, #8087, .T. ) ;
#7905 = ORIENTED_EDGE ( 'NONE', *, *, #1550, .T. ) ;
#7906 = CARTESIAN_POINT ( 'NONE',  ( 0.04311023622047294200, 0.3149606299212595600, -0.01812598437007874300 ) ) ;
#7907 = VERTEX_POINT ( 'NONE', #3284 ) ;
#7908 = CARTESIAN_POINT ( 'NONE',  ( 0.08956692913385878900, 0.2965351244488186300, -0.05787401574803151300 ) ) ;
#7909 = CARTESIAN_POINT ( 'NONE',  ( 0.6401574803149611100, 0.01968503937007875700, -0.02834645669291339200 ) ) ;
#7910 = LINE ( 'NONE', #2690, #3382 ) ;
#7911 = CARTESIAN_POINT ( 'NONE',  ( 1.365923996832131600E-016, 0.01968503937175353600, -0.02598425196890588600 ) ) ;
#7912 = FACE_OUTER_BOUND ( 'NONE', #6550, .T. ) ;
#7913 = CARTESIAN_POINT ( 'NONE',  ( 0.6000000000000004200, 0.01968503937007875700, -0.05787401574803152000 ) ) ;
#7914 = VERTEX_POINT ( 'NONE', #10477 ) ;
#7915 = DIRECTION ( 'NONE',  ( -1.000000000000000000, 0.0000000000000000000, 0.0000000000000000000 ) ) ;
#7916 = MANIFOLD_SOLID_BREP ( 'LPattern1[13]', #5271 ) ;
#7917 = ORIENTED_EDGE ( 'NONE', *, *, #3336, .T. ) ;
#7918 = EDGE_CURVE ( 'NONE', #6588, #9019, #1116, .T. ) ;
#7919 = CIRCLE ( 'NONE', #4578, 0.03976377956692910000 ) ;
#7920 = AXIS2_PLACEMENT_3D ( 'NONE', #5299, #11567, #6211 ) ;
#7921 = FACE_OUTER_BOUND ( 'NONE', #6477, .T. ) ;
#7922 = DIRECTION ( 'NONE',  ( -1.000000000000000000, 0.0000000000000000000, 0.0000000000000000000 ) ) ;
#7923 = CARTESIAN_POINT ( 'NONE',  ( 0.2718503937011966800, 0.2287793731563230700, -0.04212598425196851400 ) ) ;
#7924 = DIRECTION ( 'NONE',  ( -0.0000000000000000000, -0.0000000000000000000, -1.000000000000000000 ) ) ;
#7925 = VERTEX_POINT ( 'NONE', #11351 ) ;
#7926 = DIRECTION ( 'NONE',  ( -1.000000000000000000, 0.0000000000000000000, 0.0000000000000000000 ) ) ;
#7927 = ORIENTED_EDGE ( 'NONE', *, *, #4383, .F. ) ;
#7928 = CARTESIAN_POINT ( 'NONE',  ( 0.2401574803149612300, 0.3149606299212595600, -0.04212598425196851400 ) ) ;
#7929 = DIRECTION ( 'NONE',  ( 0.0000000000000000000, -0.0000000000000000000, -1.000000000000000000 ) ) ;
#7930 = EDGE_CURVE ( 'NONE', #4096, #3367, #10180, .T. ) ;
#7931 = VECTOR ( 'NONE', #3154, 39.37007874015748900 ) ;
#7932 = CARTESIAN_POINT ( 'NONE',  ( 0.2374015748031499100, 0.05244063622047107800, -0.04212598425196852800 ) ) ;
#7933 = LINE ( 'NONE', #2723, #695 ) ;
#7934 = ORIENTED_EDGE ( 'NONE', *, *, #1005, .T. ) ;
#7935 = EDGE_CURVE ( 'NONE', #4602, #3608, #832, .T. ) ;
#7936 = ORIENTED_EDGE ( 'NONE', *, *, #1534, .F. ) ;
#7937 = DIRECTION ( 'NONE',  ( -0.0000000000000000000, 0.0000000000000000000, 1.000000000000000000 ) ) ;
#7938 = DIRECTION ( 'NONE',  ( 0.2242946050387554200, -0.9745213851683853800, 0.0000000000000000000 ) ) ;
#7939 = DIRECTION ( 'NONE',  ( -1.000000000000000000, 0.0000000000000000000, 0.0000000000000000000 ) ) ;
#7940 = CARTESIAN_POINT ( 'NONE',  ( 0.02007874015748072800, 0.1339366992125986500, -0.05787401574803151300 ) ) ;
#7941 = EDGE_CURVE ( 'NONE', #9779, #11394, #3273, .T. ) ;
#7942 = ORIENTED_EDGE ( 'NONE', *, *, #9218, .T. ) ;
#7943 = FACE_OUTER_BOUND ( 'NONE', #1518, .T. ) ;
#7944 = ADVANCED_FACE ( 'NONE', ( #5357 ), #2706, .T. ) ;
#7945 = DIRECTION ( 'NONE',  ( 0.6000000000000002000, -0.7999999999999998200, 0.0000000000000000000 ) ) ;
#7946 = LINE ( 'NONE', #6707, #7370 ) ;
#7947 = ORIENTED_EDGE ( 'NONE', *, *, #10761, .T. ) ;
#7948 = VERTEX_POINT ( 'NONE', #6950 ) ;
#7949 = CARTESIAN_POINT ( 'NONE',  ( 0.04015748031496117800, 0.3149606299212595600, -0.07165354330708663400 ) ) ;
#7950 = CARTESIAN_POINT ( 'NONE',  ( 0.3452755905492691500, -0.1011811023422310200, -0.04212598425196851400 ) ) ;
#7951 = DIRECTION ( 'NONE',  ( 0.0000000000000000000, 0.0000000000000000000, 1.000000000000000000 ) ) ;
#7952 = CARTESIAN_POINT ( 'NONE',  ( 0.3482283464474977300, 0.2287793732319345600, -0.04212598425196852100 ) ) ;
#7953 = EDGE_CURVE ( 'NONE', #7330, #9797, #7511, .T. ) ;
#7954 = VECTOR ( 'NONE', #5145, 39.37007874015748100 ) ;
#7955 = ORIENTED_EDGE ( 'NONE', *, *, #6935, .T. ) ;
#7956 = AXIS2_PLACEMENT_3D ( 'NONE', #2552, #9766, #4365 ) ;
#7957 = VECTOR ( 'NONE', #7604, 39.37007874015748100 ) ;
#7958 = EDGE_CURVE ( 'NONE', #1805, #4921, #5078, .T. ) ;
#7959 = VERTEX_POINT ( 'NONE', #2443 ) ;
#7960 = ORIENTED_EDGE ( 'NONE', *, *, #9496, .T. ) ;
#7961 = ORIENTED_EDGE ( 'NONE', *, *, #5407, .T. ) ;
#7962 = CC_DESIGN_PERSON_AND_ORGANIZATION_ASSIGNMENT ( #8736, #8417, ( #5491 ) ) ;
#7963 = ADVANCED_FACE ( 'NONE', ( #7221 ), #5152, .T. ) ;
#7964 = ORIENTED_EDGE ( 'NONE', *, *, #558, .T. ) ;
#7965 = DIRECTION ( 'NONE',  ( -0.0000000000000000000, -0.0000000000000000000, -1.000000000000000000 ) ) ;
#7966 = PLANE ( 'NONE',  #7614 ) ;
#7967 = DIRECTION ( 'NONE',  ( -0.0000000000000000000, -0.0000000000000000000, 1.000000000000000000 ) ) ;
#7968 = CARTESIAN_POINT ( 'NONE',  ( -0.4999999999999996100, 0.01968503937007875700, -0.07165354330708663400 ) ) ;
#7969 = CIRCLE ( 'NONE', #838, 0.007874015748031449100 ) ;
#7970 = CARTESIAN_POINT ( 'NONE',  ( 0.3748031496062995100, -0.1011811022887786900, -0.05787401574803151300 ) ) ;
#7971 = EDGE_LOOP ( 'NONE', ( #9586, #2507, #6281, #5213 ) ) ;
#7972 = LINE ( 'NONE', #2355, #5518 ) ;
#7973 = ORIENTED_EDGE ( 'NONE', *, *, #5096, .F. ) ;
#7974 = ORIENTED_EDGE ( 'NONE', *, *, #9144, .T. ) ;
#7975 = ORIENTED_EDGE ( 'NONE', *, *, #2918, .F. ) ;
#7976 = CARTESIAN_POINT ( 'NONE',  ( 0.09212598425196885700, 0.05244063622047161900, -0.04212598425196852800 ) ) ;
#7977 = CARTESIAN_POINT ( 'NONE',  ( 0.1895669291338588100, 0.2965351244488186300, -0.05787401574803151300 ) ) ;
#7978 = AXIS2_PLACEMENT_3D ( 'NONE', #474, #489, #371 ) ;
#7979 = VERTEX_POINT ( 'NONE', #651 ) ;
#7980 = DIRECTION ( 'NONE',  ( 0.2242946050387554200, -0.9745213851683853800, 0.0000000000000000000 ) ) ;
#7981 = EDGE_CURVE ( 'NONE', #10130, #5311, #9616, .T. ) ;
#7982 = VECTOR ( 'NONE', #8246, 39.37007874015748900 ) ;
#7983 = PLANE ( 'NONE',  #4985 ) ;
#7984 = CARTESIAN_POINT ( 'NONE',  ( 0.02834645669241506200, 0.3346456692920034000, -0.01850393700737496300 ) ) ;
#7985 = DIRECTION ( 'NONE',  ( -0.04217878982152636200, 0.9991100788647823100, 0.0000000000000000000 ) ) ;
#7986 = LINE ( 'NONE', #3917, #6830 ) ;
#7987 = CARTESIAN_POINT ( 'NONE',  ( 0.1242125984211952400, 0.1473225259866370000, -0.05787401574803151300 ) ) ;
#7988 = VERTEX_POINT ( 'NONE', #4259 ) ;
#7989 = LINE ( 'NONE', #9027, #7694 ) ;
#7990 = ORIENTED_EDGE ( 'NONE', *, *, #11172, .T. ) ;
#7991 = ORIENTED_EDGE ( 'NONE', *, *, #3142, .T. ) ;
#7992 = DIRECTION ( 'NONE',  ( -0.0000000000000000000, -0.0000000000000000000, 1.000000000000000000 ) ) ;
#7993 = CARTESIAN_POINT ( 'NONE',  ( 0.5196850393702570100, 0.09221531551189027200, -0.05787401574803152000 ) ) ;
#7994 = LINE ( 'NONE', #305, #749 ) ;
#7995 = DIRECTION ( 'NONE',  ( 0.0000000000000000000, -1.000000000000000000, -0.0000000000000000000 ) ) ;
#7996 = CARTESIAN_POINT ( 'NONE',  ( 0.5999999999956741000, 0.1339366992112626700, -0.05787401574803151300 ) ) ;
#7997 = CARTESIAN_POINT ( 'NONE',  ( 0.2401574803149612300, 0.01968503937007875700, -0.05787401574803151300 ) ) ;
#7998 = CARTESIAN_POINT ( 'NONE',  ( 0.3279685038582683100, 0.3346456692913383200, -0.08149606299212601400 ) ) ;
#7999 = ORIENTED_EDGE ( 'NONE', *, *, #8737, .F. ) ;
#8000 = EDGE_LOOP ( 'NONE', ( #10041, #2868, #1419, #9343 ) ) ;
#8001 = EDGE_CURVE ( 'NONE', #817, #8660, #4803, .T. ) ;
#8002 = EDGE_CURVE ( 'NONE', #1819, #5906, #2416, .T. ) ;
#8003 = FACE_OUTER_BOUND ( 'NONE', #3937, .T. ) ;
#8004 = ORIENTED_EDGE ( 'NONE', *, *, #7930, .F. ) ;
#8005 = VERTEX_POINT ( 'NONE', #5186 ) ;
#8006 = PLANE ( 'NONE',  #1714 ) ;
#8007 = LINE ( 'NONE', #6416, #5548 ) ;
#8008 = ORIENTED_EDGE ( 'NONE', *, *, #9768, .T. ) ;
#8009 = DIRECTION ( 'NONE',  ( -0.0000000000000000000, 0.0000000000000000000, 1.000000000000000000 ) ) ;
#8011 = DIRECTION ( 'NONE',  ( 0.0000000000000000000, -1.000000000000000000, -0.0000000000000000000 ) ) ;
#8010 = LINE ( 'NONE', #9628, #7720 ) ;
#8012 = EDGE_LOOP ( 'NONE', ( #3975, #622, #7566, #732 ) ) ;
#8013 = ORIENTED_EDGE ( 'NONE', *, *, #455, .T. ) ;
#8014 = ADVANCED_FACE ( 'NONE', ( #2135 ), #6092, .F. ) ;
#8015 = DIRECTION ( 'NONE',  ( 0.0000000000000000000, 0.0000000000000000000, 1.000000000000000000 ) ) ;
#8016 = CARTESIAN_POINT ( 'NONE',  ( 0.2200787401574807700, 0.1339366992125986500, -0.05787401574803150600 ) ) ;
#8017 = VECTOR ( 'NONE', #3343, 39.37007874015748100 ) ;
#8018 = EDGE_CURVE ( 'NONE', #11589, #3501, #9048, .T. ) ;
#8019 = VECTOR ( 'NONE', #2470, 39.37007874015748900 ) ;
#8020 = CARTESIAN_POINT ( 'NONE',  ( 0.2305118110767169200, 0.2965351244002115700, -0.04212598425196852800 ) ) ;
#8021 = AXIS2_PLACEMENT_3D ( 'NONE', #1219, #8475, #3064 ) ;
#8022 = VERTEX_POINT ( 'NONE', #8843 ) ;
#8023 = ORIENTED_EDGE ( 'NONE', *, *, #606, .T. ) ;
#8024 = VERTEX_POINT ( 'NONE', #3431 ) ;
#8026 = CARTESIAN_POINT ( 'NONE',  ( 0.1452755905511816100, 0.04456662047243921400, -0.04212598425196852100 ) ) ;
#8025 = FACE_OUTER_BOUND ( 'NONE', #8206, .T. ) ;
#8027 = CARTESIAN_POINT ( 'NONE',  ( 0.5200787401574810100, 0.1053386751217956200, -0.05787401574803152000 ) ) ;
#8028 = ADVANCED_FACE ( 'NONE', ( #11393 ), #11116, .T. ) ;
#8029 = DIRECTION ( 'NONE',  ( 0.1483404542351083000, -0.9889363526725678500, 0.0000000000000000000 ) ) ;
#8030 = VECTOR ( 'NONE', #7186, 39.37007874015748100 ) ;
#8031 = DIRECTION ( 'NONE',  ( 0.0000000000000000000, -0.0000000000000000000, 1.000000000000000000 ) ) ;
#8032 = EDGE_LOOP ( 'NONE', ( #7312, #1569, #3976, #8785 ) ) ;
#8033 = DIRECTION ( 'NONE',  ( 0.0000000000000000000, 0.0000000000000000000, 1.000000000000000000 ) ) ;
#8034 = EDGE_CURVE ( 'NONE', #9708, #9356, #6643, .T. ) ;
#8035 = ORIENTED_EDGE ( 'NONE', *, *, #7625, .F. ) ;
#8036 = AXIS2_PLACEMENT_3D ( 'NONE', #9318, #3914, #10222 ) ;
#8037 = CARTESIAN_POINT ( 'NONE',  ( 0.07022387979674488100, 0.2525113753331347200, -0.04212598425196851400 ) ) ;
#8038 = VECTOR ( 'NONE', #948, 39.37007874015748100 ) ;
#8039 = CARTESIAN_POINT ( 'NONE',  ( 0.6200787401574808800, 0.06031465196850320500, -0.05787401574803151300 ) ) ;
#8040 = EDGE_CURVE ( 'NONE', #3314, #357, #4248, .T. ) ;
#8041 = AXIS2_PLACEMENT_3D ( 'NONE', #235, #8434, #3013 ) ;
#8042 = DIRECTION ( 'NONE',  ( 0.1483404542351536000, -0.9889363526725611900, 0.0000000000000000000 ) ) ;
#8043 = VECTOR ( 'NONE', #7023, 39.37007874015748100 ) ;
#8044 = DIRECTION ( 'NONE',  ( 0.0000000000000000000, 0.0000000000000000000, 1.000000000000000000 ) ) ;
#8045 = VERTEX_POINT ( 'NONE', #3476 ) ;
#8046 = DIRECTION ( 'NONE',  ( -0.0000000000000000000, 1.000000000000000000, 0.0000000000000000000 ) ) ;
#8047 = CYLINDRICAL_SURFACE ( 'NONE', #1878, 0.08668467618110251000 ) ;
#8048 = AXIS2_PLACEMENT_3D ( 'NONE', #5345, #6862, #5228 ) ;
#8049 = EDGE_LOOP ( 'NONE', ( #5212, #4133, #7536, #6808 ) ) ;
#8050 = PLANE ( 'NONE',  #9446 ) ;
#8051 = PLANE ( 'NONE',  #10008 ) ;
#8052 = DIRECTION ( 'NONE',  ( 0.0000000000000000000, 0.0000000000000000000, 1.000000000000000000 ) ) ;
#8053 = VECTOR ( 'NONE', #6688, 39.37007874015748100 ) ;
#8054 = EDGE_CURVE ( 'NONE', #1845, #5328, #1556, .T. ) ;
#8055 = DIRECTION ( 'NONE',  ( 0.0000000000000000000, -0.0000000000000000000, -1.000000000000000000 ) ) ;
#8056 = ORIENTED_EDGE ( 'NONE', *, *, #347, .F. ) ;
#8057 = CARTESIAN_POINT ( 'NONE',  ( 0.1279685040944885700, 0.3346456691338576800, -0.01850393712598425600 ) ) ;
#8058 = CARTESIAN_POINT ( 'NONE',  ( 0.5690944881890318600, -0.1259842519682651500, -0.05787401574803151300 ) ) ;
#8059 = VECTOR ( 'NONE', #4153, 39.37007874015748100 ) ;
#8060 = DIRECTION ( 'NONE',  ( -0.9745213851683854900, -0.2242946050387554500, 0.0000000000000000000 ) ) ;
#8061 = EDGE_LOOP ( 'NONE', ( #3741, #869, #2376, #8572 ) ) ;
#8062 = ORIENTED_EDGE ( 'NONE', *, *, #4609, .T. ) ;
#8063 = CARTESIAN_POINT ( 'NONE',  ( 0.4748031496062998200, 0.04456662047243921400, -0.04212598425196851400 ) ) ;
#8064 = CARTESIAN_POINT ( 'NONE',  ( 0.6795275590551186400, 0.3149606299212595600, -0.05787401574803152000 ) ) ;
#8065 = DIRECTION ( 'NONE',  ( -0.0000000000000000000, -0.0000000000000000000, 1.000000000000000000 ) ) ;
#8066 = ORIENTED_EDGE ( 'NONE', *, *, #7612, .T. ) ;
#8067 = VECTOR ( 'NONE', #8727, 39.37007874015748100 ) ;
#8068 = LINE ( 'NONE', #5362, #8339 ) ;
#8069 = EDGE_CURVE ( 'NONE', #1431, #1911, #3965, .T. ) ;
#8070 = ADVANCED_FACE ( 'NONE', ( #8498 ), #4378, .T. ) ;
#8071 = CARTESIAN_POINT ( 'NONE',  ( 0.4482283464474976500, 0.2287793732319345600, -0.04212598425196852100 ) ) ;
#8072 = CARTESIAN_POINT ( 'NONE',  ( 0.6795275590551186400, 0.01968503937007875700, -0.04212598425196851400 ) ) ;
#8073 = EDGE_LOOP ( 'NONE', ( #3274, #11284, #4841, #5099 ) ) ;
#8074 = DIRECTION ( 'NONE',  ( 0.04217878999398427100, -0.9991100788575016900, 0.0000000000000000000 ) ) ;
#8075 = CARTESIAN_POINT ( 'NONE',  ( 0.6795275590551186400, 0.01968503937007875700, -0.05787401574803152000 ) ) ;
#8076 = ORIENTED_EDGE ( 'NONE', *, *, #1097, .F. ) ;
#8077 = FACE_OUTER_BOUND ( 'NONE', #4968, .T. ) ;
#8078 = LINE ( 'NONE', #2161, #239 ) ;
#8079 = CARTESIAN_POINT ( 'NONE',  ( 0.1401574803149614700, 0.01968503937007875700, -0.04212598425196851400 ) ) ;
#8080 = VERTEX_POINT ( 'NONE', #7103 ) ;
#8081 = ADVANCED_FACE ( 'NONE', ( #8770 ), #10701, .T. ) ;
#8082 = EDGE_CURVE ( 'NONE', #183, #7752, #1849, .T. ) ;
#8083 = ORIENTED_EDGE ( 'NONE', *, *, #764, .F. ) ;
#8084 = CARTESIAN_POINT ( 'NONE',  ( 0.4196850393703136000, 0.01968503937007875700, -0.05787401574803151300 ) ) ;
#8085 = FACE_BOUND ( 'NONE', #2108, .T. ) ;
#8086 = CARTESIAN_POINT ( 'NONE',  ( 0.6196850393700792400, 0.1027140031889746400, -0.05787401574803151300 ) ) ;
#8087 = LINE ( 'NONE', #9589, #10446 ) ;
#8088 = EDGE_LOOP ( 'NONE', ( #7194, #59, #3889, #2842 ) ) ;
#8089 = VERTEX_POINT ( 'NONE', #8071 ) ;
#8090 = LINE ( 'NONE', #2759, #839 ) ;
#8091 = ORIENTED_EDGE ( 'NONE', *, *, #2234, .T. ) ;
#8092 = DIRECTION ( 'NONE',  ( -0.0000000000000000000, -1.000000000000000000, 0.0000000000000000000 ) ) ;
#8093 = EDGE_CURVE ( 'NONE', #7692, #2886, #10585, .T. ) ;
#8094 = PLANE ( 'NONE',  #9291 ) ;
#8095 = CYLINDRICAL_SURFACE ( 'NONE', #7642, 0.007874015748031449100 ) ;
#8096 = DIRECTION ( 'NONE',  ( 1.000000000000000000, 0.0000000000000000000, 0.0000000000000000000 ) ) ;
#8097 = EDGE_LOOP ( 'NONE', ( #2538, #7176, #7436, #2140 ) ) ;
#8098 = ORIENTED_EDGE ( 'NONE', *, *, #10546, .F. ) ;
#8099 = CARTESIAN_POINT ( 'NONE',  ( 0.5200787401574960000, 0.1053386751215892700, -0.04212598425196851400 ) ) ;
#8100 = CARTESIAN_POINT ( 'NONE',  ( 0.04015748031496117800, 0.3149606299212595600, -0.02834645669291339200 ) ) ;
#8101 = EDGE_CURVE ( 'NONE', #1528, #6726, #6060, .T. ) ;
#8102 = DIRECTION ( 'NONE',  ( -0.0000000000000000000, -0.0000000000000000000, -1.000000000000000000 ) ) ;
#8103 = LINE ( 'NONE', #9314, #5376 ) ;
#8104 = ORIENTED_EDGE ( 'NONE', *, *, #1410, .T. ) ;
#8105 = DIRECTION ( 'NONE',  ( 0.0000000000000000000, -0.0000000000000000000, 1.000000000000000000 ) ) ;
#8106 = LINE ( 'NONE', #849, #5654 ) ;
#8107 = DIRECTION ( 'NONE',  ( 0.0000000000000000000, 0.0000000000000000000, -1.000000000000000000 ) ) ;
#8108 = ORIENTED_EDGE ( 'NONE', *, *, #8862, .F. ) ;
#8109 = VERTEX_POINT ( 'NONE', #831 ) ;
#8110 = ORIENTED_EDGE ( 'NONE', *, *, #5624, .T. ) ;
#8111 = DIRECTION ( 'NONE',  ( 0.2950730660855439000, 0.9554746912769988000, 0.0000000000000000000 ) ) ;
#8112 = CARTESIAN_POINT ( 'NONE',  ( 0.3568533023228350800, 0.2494168253937005800, -0.05787401574803151300 ) ) ;
#8113 = MANIFOLD_SOLID_BREP ( 'LPattern1[18]', #744 ) ;
#8115 = EDGE_CURVE ( 'NONE', #345, #6388, #1264, .T. ) ;
#8114 = CARTESIAN_POINT ( 'NONE',  ( 0.3242125984225603900, 0.1473225259865793300, -0.05787401574803150600 ) ) ;
#8116 = CYLINDRICAL_SURFACE ( 'NONE', #8283, 0.03976377952755894000 ) ;
#8117 = CARTESIAN_POINT ( 'NONE',  ( 0.5795275590944887200, 0.05244063622047148700, -0.04212598425196851400 ) ) ;
#8118 = EDGE_CURVE ( 'NONE', #1310, #3425, #3402, .T. ) ;
#8119 = CIRCLE ( 'NONE', #2307, 0.03976377952755894000 ) ;
#8120 = VERTEX_POINT ( 'NONE', #3588 ) ;
#8121 = CARTESIAN_POINT ( 'NONE',  ( 0.07952755905511869900, 0.01968503937007875700, -0.02834645669291339200 ) ) ;
#8122 = LINE ( 'NONE', #11029, #3304 ) ;
#8123 = VERTEX_POINT ( 'NONE', #8996 ) ;
#8124 = ORIENTED_EDGE ( 'NONE', *, *, #8, .F. ) ;
#8125 = ADVANCED_FACE ( 'NONE', ( #10303 ), #801, .F. ) ;
#8126 = CARTESIAN_POINT ( 'NONE',  ( 0.3000000000000003200, 0.06031465196873454800, -0.05787401574803151300 ) ) ;
#8127 = ORIENTED_EDGE ( 'NONE', *, *, #6471, .T. ) ;
#8129 = LINE ( 'NONE', #9694, #3032 ) ;
#8128 = CARTESIAN_POINT ( 'NONE',  ( 0.2283464567326705400, 0.3346456692903636000, -0.01850393699880388200 ) ) ;
#8130 = LINE ( 'NONE', #10574, #5678 ) ;
#8131 = ORIENTED_EDGE ( 'NONE', *, *, #10555, .F. ) ;
#8132 = ORIENTED_EDGE ( 'NONE', *, *, #8379, .F. ) ;
#8133 = CARTESIAN_POINT ( 'NONE',  ( 0.6000000000000005300, 0.06031465196850320500, -0.08208661417322835100 ) ) ;
#8134 = FACE_OUTER_BOUND ( 'NONE', #7903, .T. ) ;
#8135 = VERTEX_POINT ( 'NONE', #7148 ) ;
#8136 = ORIENTED_EDGE ( 'NONE', *, *, #678, .F. ) ;
#8137 = DIRECTION ( 'NONE',  ( -0.0000000000000000000, -1.000000000000000000, -0.0000000000000000000 ) ) ;
#8138 = EDGE_CURVE ( 'NONE', #6197, #5632, #7933, .T. ) ;
#8139 = CARTESIAN_POINT ( 'NONE',  ( 0.1748031496062997500, -0.1011811023622053900, -0.05787401574803151300 ) ) ;
#8140 = DIRECTION ( 'NONE',  ( -0.0000000000000000000, -0.0000000000000000000, -1.000000000000000000 ) ) ;
#8141 = DIRECTION ( 'NONE',  ( -0.04217878995899019400, -0.9991100788589790700, 0.0000000000000000000 ) ) ;
#8142 = ADVANCED_FACE ( 'NONE', ( #3127 ), #1818, .F. ) ;
#8143 = DIRECTION ( 'NONE',  ( 1.000000000000000000, 0.0000000000000000000, 0.0000000000000000000 ) ) ;
#8144 = LINE ( 'NONE', #3250, #5689 ) ;
#8145 = CARTESIAN_POINT ( 'NONE',  ( 0.1431102362204729500, 0.3149606299212593400, -0.03326771653543306200 ) ) ;
#8146 = ORIENTED_EDGE ( 'NONE', *, *, #304, .T. ) ;
#8147 = ORIENTED_EDGE ( 'NONE', *, *, #11311, .T. ) ;
#8148 = DIRECTION ( 'NONE',  ( -0.0000000000000000000, -0.0000000000000000000, -1.000000000000000000 ) ) ;
#8149 = LINE ( 'NONE', #3554, #5989 ) ;
#8150 = VERTEX_POINT ( 'NONE', #914 ) ;
#8151 = ORIENTED_EDGE ( 'NONE', *, *, #6528, .F. ) ;
#8152 = LINE ( 'NONE', #7163, #3891 ) ;
#8153 = CARTESIAN_POINT ( 'NONE',  ( 0.2452755905511816400, -0.1259842519685042700, -0.04212598425196851400 ) ) ;
#8154 = VECTOR ( 'NONE', #1016, 39.37007874015748100 ) ;
#8155 = DIRECTION ( 'NONE',  ( 1.000000000000000000, -0.0000000000000000000, 0.0000000000000000000 ) ) ;
#8156 = EDGE_CURVE ( 'NONE', #7135, #5115, #5484, .T. ) ;
#8157 = ORIENTED_EDGE ( 'NONE', *, *, #8748, .T. ) ;
#8159 = EDGE_LOOP ( 'NONE', ( #3380, #2071, #4102, #10869, #8520, #3560, #4042, #2901 ) ) ;
#8158 = AXIS2_PLACEMENT_3D ( 'NONE', #2170, #7628, #2211 ) ;
#8160 = ORIENTED_EDGE ( 'NONE', *, *, #411, .T. ) ;
#8161 = FACE_OUTER_BOUND ( 'NONE', #8413, .T. ) ;
#8162 = LINE ( 'NONE', #9280, #10251 ) ;
#8163 = FACE_OUTER_BOUND ( 'NONE', #3267, .T. ) ;
#8164 = CARTESIAN_POINT ( 'NONE',  ( 0.04822834644749762100, 0.2287793732319347600, -0.04212598425196851400 ) ) ;
#8165 = EDGE_CURVE ( 'NONE', #138, #345, #7649, .T. ) ;
#8166 = CARTESIAN_POINT ( 'NONE',  ( 0.3401574803149611200, 0.3149606299212595600, -0.05787401574803152000 ) ) ;
#8167 = VERTEX_POINT ( 'NONE', #7260 ) ;
#8168 = ORIENTED_EDGE ( 'NONE', *, *, #10550, .T. ) ;
#8169 = PLANE ( 'NONE',  #3981 ) ;
#8170 = EDGE_CURVE ( 'NONE', #4894, #7664, #394, .T. ) ;
#8171 = VECTOR ( 'NONE', #11103, 39.37007874015748100 ) ;
#8172 = LINE ( 'NONE', #5734, #10535 ) ;
#8173 = EDGE_LOOP ( 'NONE', ( #2668, #4417, #7964, #7160, #9552, #5570, #6153, #6431, #338, #10258, #5721, #8168, #1210, #3633, #1498, #1800, #4196, #2079, #4470, #5304, #783, #8035, #1354, #3771, #1654, #4054, #6441 ) ) ;
#8174 = CARTESIAN_POINT ( 'NONE',  ( 0.1509842519782491100, -0.1259842519674359600, -0.05787401574803150600 ) ) ;
#8175 = CARTESIAN_POINT ( 'NONE',  ( 0.4200787401574808100, 0.06031465196850320500, -0.04212598425196851400 ) ) ;
#8176 = FACE_OUTER_BOUND ( 'NONE', #961, .T. ) ;
#8177 = VERTEX_POINT ( 'NONE', #5450 ) ;
#8178 = LINE ( 'NONE', #5340, #10548 ) ;
#8179 = EDGE_CURVE ( 'NONE', #1382, #208, #5775, .T. ) ;
#8180 = ORIENTED_EDGE ( 'NONE', *, *, #2880, .F. ) ;
#8181 = CARTESIAN_POINT ( 'NONE',  ( 0.6755228900915324400, 0.1112594903029028000, -0.05787401574803151300 ) ) ;
#8182 = EDGE_CURVE ( 'NONE', #6308, #8089, #10025, .T. ) ;
#8183 = AXIS2_PLACEMENT_3D ( 'NONE', #6415, #988, #7341 ) ;
#8184 = CALENDAR_DATE ( 2016, 19, 8 ) ;
#8185 = LINE ( 'NONE', #11623, #6030 ) ;
#8186 = DIRECTION ( 'NONE',  ( -0.0000000000000000000, -0.0000000000000000000, 1.000000000000000000 ) ) ;
#8187 = ORIENTED_EDGE ( 'NONE', *, *, #2658, .T. ) ;
#8188 = ORIENTED_EDGE ( 'NONE', *, *, #9888, .T. ) ;
#8189 = DIRECTION ( 'NONE',  ( 1.000000000000000000, 0.0000000000000000000, 0.0000000000000000000 ) ) ;
#8190 = ADVANCED_FACE ( 'NONE', ( #7359 ), #10009, .F. ) ;
#8191 = ORIENTED_EDGE ( 'NONE', *, *, #1249, .F. ) ;
#8192 = CARTESIAN_POINT ( 'NONE',  ( 0.1452755905511816100, -0.1011811023622053900, -0.05787401574803151300 ) ) ;
#8193 = VECTOR ( 'NONE', #3550, 39.37007874015748100 ) ;
#8194 = AXIS2_PLACEMENT_3D ( 'NONE', #1749, #1687, #1641 ) ;
#8195 = CARTESIAN_POINT ( 'NONE',  ( 0.5088916445275595300, 0.2617829512992116400, -0.05787401574803151300 ) ) ;
#8196 = LINE ( 'NONE', #1087, #949 ) ;
#8197 = CARTESIAN_POINT ( 'NONE',  ( 0.2200787401574807500, 0.1053386751217928900, -0.05787401574803152000 ) ) ;
#8198 = CARTESIAN_POINT ( 'NONE',  ( 0.4445558501166433900, 0.1112594900317885300, -0.05787401574803151300 ) ) ;
#8199 = ORIENTED_EDGE ( 'NONE', *, *, #7930, .T. ) ;
#8200 = EDGE_CURVE ( 'NONE', #2784, #11048, #2554, .T. ) ;
#8201 = CARTESIAN_POINT ( 'NONE',  ( 0.3196850393700790800, 0.01968503937007875700, -0.04212598425196851400 ) ) ;
#8202 = ORIENTED_EDGE ( 'NONE', *, *, #1588, .T. ) ;
#8203 = CARTESIAN_POINT ( 'NONE',  ( 0.4577900044881894600, 0.2475998051574795600, -0.04212598425196851400 ) ) ;
#8204 = FACE_OUTER_BOUND ( 'NONE', #8936, .T. ) ;
#8205 = FACE_OUTER_BOUND ( 'NONE', #5749, .T. ) ;
#8206 = EDGE_LOOP ( 'NONE', ( #604, #1003, #10961, #7432, #10768, #4782, #5175, #8566, #6504, #5, #2147, #3695 ) ) ;
#8207 = CARTESIAN_POINT ( 'NONE',  ( 0.2196850393702451700, 0.09221531551194167600, -0.04212598425196851400 ) ) ;
#8208 = CARTESIAN_POINT ( 'NONE',  ( -0.2320546950856725600, -0.1259883101458695600, -0.09999999999999997800 ) ) ;
#8209 = CARTESIAN_POINT ( 'NONE',  ( 0.1765748031496071300, 0.3149606299212593400, -0.03326771653543293000 ) ) ;
#8210 = DIRECTION ( 'NONE',  ( -1.000000000000000000, 0.0000000000000000000, 0.0000000000000000000 ) ) ;
#8211 = ORIENTED_EDGE ( 'NONE', *, *, #2182, .F. ) ;
#8212 = CARTESIAN_POINT ( 'NONE',  ( 0.7000000000000005100, 0.3149606299212595600, -0.02834645669291339200 ) ) ;
#8213 = EDGE_CURVE ( 'NONE', #149, #2875, #7075, .T. ) ;
#8214 = LINE ( 'NONE', #10158, #5481 ) ;
#8215 = CARTESIAN_POINT ( 'NONE',  ( 0.6921259842519690300, 0.05244063622047175800, -0.05787401574803151300 ) ) ;
#8216 = DIRECTION ( 'NONE',  ( 0.03123475221706686200, 0.9995120760920992400, 0.0000000000000000000 ) ) ;
#8217 = VECTOR ( 'NONE', #10735, 39.37007874015748100 ) ;
#8218 = VERTEX_POINT ( 'NONE', #2804 ) ;
#8219 = DIRECTION ( 'NONE',  ( 1.000000000000000000, 0.0000000000000000000, 0.0000000000000000000 ) ) ;
#8220 = EDGE_LOOP ( 'NONE', ( #6835, #1668, #11064, #9395 ) ) ;
#8221 = CARTESIAN_POINT ( 'NONE',  ( 0.1452755905492692500, -0.1011811023340692000, -0.05787401574803150600 ) ) ;
#8222 = DIRECTION ( 'NONE',  ( 1.000000000000000000, 0.0000000000000000000, 0.0000000000000000000 ) ) ;
#8223 = DIRECTION ( 'NONE',  ( -0.0000000000000000000, -1.000000000000000000, 0.0000000000000000000 ) ) ;
#8224 = VERTEX_POINT ( 'NONE', #8255 ) ;
#8225 = DIRECTION ( 'NONE',  ( 0.0000000000000000000, -0.0000000000000000000, 1.000000000000000000 ) ) ;
#8226 = LINE ( 'NONE', #294, #10310 ) ;
#8227 = CARTESIAN_POINT ( 'NONE',  ( 0.3795275590551186500, 0.01968503937007875700, -0.07165354330708663400 ) ) ;
#8228 = VECTOR ( 'NONE', #4805, 39.37007874015748100 ) ;
#8229 = ORIENTED_EDGE ( 'NONE', *, *, #6454, .T. ) ;
#8230 = CARTESIAN_POINT ( 'NONE',  ( 0.4111870956299216200, 0.2432397985433058200, -0.05787401574803151300 ) ) ;
#8231 = EDGE_CURVE ( 'NONE', #1368, #6056, #4650, .T. ) ;
#8232 = ORIENTED_EDGE ( 'NONE', *, *, #10632, .F. ) ;
#8233 = AXIS2_PLACEMENT_3D ( 'NONE', #2858, #9166, #3763 ) ;
#8234 = CARTESIAN_POINT ( 'NONE',  ( 0.2445558501166433500, 0.1112594900317887700, -0.05787401574803151300 ) ) ;
#8235 = PLANE ( 'NONE',  #4933 ) ;
#8236 = DIRECTION ( 'NONE',  ( 0.0000000000000000000, -0.9723873019805174800, -0.2333729524753237500 ) ) ;
#8237 = LINE ( 'NONE', #7864, #5504 ) ;
#8238 = ORIENTED_EDGE ( 'NONE', *, *, #2411, .T. ) ;
#8239 = VECTOR ( 'NONE', #11166, 39.37007874015748100 ) ;
#8240 = ORIENTED_EDGE ( 'NONE', *, *, #4834, .F. ) ;
#8241 = VERTEX_POINT ( 'NONE', #106 ) ;
#8242 = ORIENTED_EDGE ( 'NONE', *, *, #215, .T. ) ;
#8243 = CARTESIAN_POINT ( 'NONE',  ( 0.5795275590551185500, 0.01968503937007875700, -0.04212598425196851400 ) ) ;
#8244 = EDGE_CURVE ( 'NONE', #1496, #7232, #11522, .T. ) ;
#8245 = DIRECTION ( 'NONE',  ( 1.000000000000000000, -0.0000000000000000000, 0.0000000000000000000 ) ) ;
#8246 = DIRECTION ( 'NONE',  ( -0.2950730634850987600, 0.9554746920800774000, 0.0000000000000000000 ) ) ;
#8247 = FACE_OUTER_BOUND ( 'NONE', #6820, .T. ) ;
#8248 = ADVANCED_FACE ( 'NONE', ( #6784 ), #4632, .F. ) ;
#8249 = CARTESIAN_POINT ( 'NONE',  ( 0.5200787401574810100, -0.1574803149606300600, -0.04212598425196851400 ) ) ;
#8250 = ORIENTED_EDGE ( 'NONE', *, *, #9952, .F. ) ;
#8251 = LINE ( 'NONE', #3265, #1002 ) ;
#8252 = EDGE_CURVE ( 'NONE', #4579, #8325, #9466, .T. ) ;
#8253 = ORIENTED_EDGE ( 'NONE', *, *, #254, .F. ) ;
#8254 = ORIENTED_EDGE ( 'NONE', *, *, #1692, .T. ) ;
#8255 = CARTESIAN_POINT ( 'NONE',  ( 0.7000000000000005100, 0.01968503937007875700, -0.04212598425196851400 ) ) ;
#8256 = LINE ( 'NONE', #7293, #3172 ) ;
#8257 = CARTESIAN_POINT ( 'NONE',  ( 0.01968503937018448200, 0.01968503937007875700, -0.02598425196850394400 ) ) ;
#8258 = CARTESIAN_POINT ( 'NONE',  ( 0.2000000000000004000, 0.06031465196850320500, -0.04212598425196852800 ) ) ;
#8259 = LINE ( 'NONE', #7356, #10348 ) ;
#8260 = VERTEX_POINT ( 'NONE', #145 ) ;
#8261 = PLANE ( 'NONE',  #3203 ) ;
#8262 = VECTOR ( 'NONE', #3580, 39.37007874015748100 ) ;
#8263 = VERTEX_POINT ( 'NONE', #5569 ) ;
#8264 = ORIENTED_EDGE ( 'NONE', *, *, #11328, .T. ) ;
#8265 = CARTESIAN_POINT ( 'NONE',  ( 0.1913385826771663300, 0.3346456692913382100, -0.01850393700787376200 ) ) ;
#8267 = AXIS2_PLACEMENT_3D ( 'NONE', #9730, #10621, #6080 ) ;
#8266 = PLANE ( 'NONE',  #2696 ) ;
#8268 = DIRECTION ( 'NONE',  ( 0.0000000000000000000, -1.000000000000000000, -0.0000000000000000000 ) ) ;
#8269 = EDGE_CURVE ( 'NONE', #3330, #9649, #11247, .T. ) ;
#8270 = LINE ( 'NONE', #2091, #10356 ) ;
#8271 = CARTESIAN_POINT ( 'NONE',  ( 0.09212598425196885700, 0.05244063622047175800, -0.05787401574803151300 ) ) ;
#8272 = CARTESIAN_POINT ( 'NONE',  ( 0.6958661417783096300, 0.1473225259845757100, -0.04212598425196851400 ) ) ;
#8273 = ORIENTED_EDGE ( 'NONE', *, *, #9735, .T. ) ;
#8274 = ORIENTED_EDGE ( 'NONE', *, *, #3960, .T. ) ;
#8275 = CARTESIAN_POINT ( 'NONE',  ( 0.1200787401574807500, 0.06031465196850320500, -0.05787401574803151300 ) ) ;
#8277 = DIRECTION ( 'NONE',  ( 0.0000000000000000000, 0.0000000000000000000, 1.000000000000000000 ) ) ;
#8276 = LINE ( 'NONE', #6496, #5832 ) ;
#8278 = ORIENTED_EDGE ( 'NONE', *, *, #11538, .T. ) ;
#8279 = ORIENTED_EDGE ( 'NONE', *, *, #5988, .F. ) ;
#8280 = CARTESIAN_POINT ( 'NONE',  ( 0.2283464567328132000, 0.3346456692906327200, -0.08149606299159675700 ) ) ;
#8281 = LINE ( 'NONE', #7716, #1327 ) ;
#8282 = CARTESIAN_POINT ( 'NONE',  ( 0.4795275590551186800, 0.01968503937007875700, -0.07165354330708663400 ) ) ;
#8283 = AXIS2_PLACEMENT_3D ( 'NONE', #10241, #1224, #3927 ) ;
#8284 = VERTEX_POINT ( 'NONE', #6483 ) ;
#8285 = CARTESIAN_POINT ( 'NONE',  ( 0.09999999999855840900, 0.1339366992019230800, -0.04212598425196851400 ) ) ;
#8286 = EDGE_CURVE ( 'NONE', #8938, #5917, #8897, .T. ) ;
#8287 = LINE ( 'NONE', #492, #3474 ) ;
#8288 = EDGE_LOOP ( 'NONE', ( #6796, #8957, #1752, #5948 ) ) ;
#8289 = CARTESIAN_POINT ( 'NONE',  ( 0.4196850393703683800, 0.01968503937007875700, -0.04212598425196851400 ) ) ;
#8290 = CARTESIAN_POINT ( 'NONE',  ( 0.2999999999956741700, 0.1339366992112628100, -0.05787401574803151300 ) ) ;
#8292 = DIRECTION ( 'NONE',  ( 0.0000000000000000000, 0.0000000000000000000, -1.000000000000000000 ) ) ;
#8291 = VECTOR ( 'NONE', #1411, 39.37007874015748100 ) ;
#8293 = CARTESIAN_POINT ( 'NONE',  ( 0.2401574803112103400, 0.2890203332169817800, -0.05787401574803151300 ) ) ;
#8294 = LINE ( 'NONE', #9171, #7152 ) ;
#8295 = DIRECTION ( 'NONE',  ( 0.9991100788575018000, -0.04217878999398427800, 0.0000000000000000000 ) ) ;
#8296 = ORIENTED_EDGE ( 'NONE', *, *, #4962, .T. ) ;
#8297 = CARTESIAN_POINT ( 'NONE',  ( 0.08956692913385878900, 0.2965351244488186300, -0.05787401574803151300 ) ) ;
#8298 = ORIENTED_EDGE ( 'NONE', *, *, #9551, .T. ) ;
#8299 = LINE ( 'NONE', #4441, #3487 ) ;
#8300 = DIRECTION ( 'NONE',  ( 1.000000000000000000, 0.0000000000000000000, -0.0000000000000000000 ) ) ;
#8301 = EDGE_CURVE ( 'NONE', #2279, #4993, #6486, .T. ) ;
#8302 = CARTESIAN_POINT ( 'NONE',  ( 0.6795275590944887000, -0.1259842519685042700, -0.04212598425196851400 ) ) ;
#8303 = LINE ( 'NONE', #7006, #5575 ) ;
#8304 = AXIS2_PLACEMENT_3D ( 'NONE', #212, #2082, #7495 ) ;
#8305 = VERTEX_POINT ( 'NONE', #10128 ) ;
#8306 = DIRECTION ( 'NONE',  ( 0.6000000000000002000, -0.7999999999999998200, 0.0000000000000000000 ) ) ;
#8307 = ORIENTED_EDGE ( 'NONE', *, *, #4410, .T. ) ;
#8308 = ADVANCED_FACE ( 'NONE', ( #8624 ), #4717, .F. ) ;
#8309 = DIRECTION ( 'NONE',  ( 0.0000000000000000000, 0.0000000000000000000, 1.000000000000000000 ) ) ;
#8310 = LINE ( 'NONE', #10844, #1061 ) ;
#8311 = CARTESIAN_POINT ( 'NONE',  ( 0.4196850393700792300, 0.3149606299212595600, -0.05787401574803152000 ) ) ;
#8312 = CARTESIAN_POINT ( 'NONE',  ( 0.4401574803149611600, 0.01968503937007875700, -0.07165354330708663400 ) ) ;
#8313 = CARTESIAN_POINT ( 'NONE',  ( 0.2401574803115176200, 0.2890203332166548800, -0.05787401574803151300 ) ) ;
#8314 = LINE ( 'NONE', #9290, #7749 ) ;
#8315 = CARTESIAN_POINT ( 'NONE',  ( 0.07952755905511869900, 0.3149606299212595600, -0.05787401574803152000 ) ) ;
#8316 = EDGE_LOOP ( 'NONE', ( #6953, #11680, #2428, #4815 ) ) ;
#8317 = EDGE_CURVE ( 'NONE', #11638, #560, #1394, .T. ) ;
#8318 = DIRECTION ( 'NONE',  ( 0.0000000000000000000, 0.0000000000000000000, 1.000000000000000000 ) ) ;
#8319 = LINE ( 'NONE', #2134, #5881 ) ;
#8320 = EDGE_CURVE ( 'NONE', #11436, #4746, #1983, .T. ) ;
#8321 = AXIS2_PLACEMENT_3D ( 'NONE', #1966, #8295, #2877 ) ;
#8322 = VERTEX_POINT ( 'NONE', #3855 ) ;
#8323 = DIRECTION ( 'NONE',  ( 0.0000000000000000000, 0.0000000000000000000, 1.000000000000000000 ) ) ;
#8324 = ORIENTED_EDGE ( 'NONE', *, *, #7918, .F. ) ;
#8325 = VERTEX_POINT ( 'NONE', #4757 ) ;
#8326 = CARTESIAN_POINT ( 'NONE',  ( 0.5200787401574809000, 0.1339366992125986500, -0.05787401574803151300 ) ) ;
#8328 = CARTESIAN_POINT ( 'NONE',  ( 0.3795275590551186500, 0.3149606299212595600, -0.04212598425196851400 ) ) ;
#8327 = LENGTH_MEASURE_WITH_UNIT ( LENGTH_MEASURE( 0.02539999999999999900 ), #1067 );
#8329 = LINE ( 'NONE', #6840, #8059 ) ;
#8330 = CARTESIAN_POINT ( 'NONE',  ( 0.6999999999956743000, 0.1339366992112627800, -0.05787401574803151300 ) ) ;
#8331 = EDGE_CURVE ( 'NONE', #4738, #8224, #6204, .T. ) ;
#8332 = ORIENTED_EDGE ( 'NONE', *, *, #6545, .T. ) ;
#8333 = EDGE_LOOP ( 'NONE', ( #9344, #6072, #4421, #299, #2874, #1085, #6557, #10497 ) ) ;
#8334 = CARTESIAN_POINT ( 'NONE',  ( 0.0000000000000000000, 0.0000000000000000000, 0.0000000000000000000 ) ) ;
#8335 = EDGE_CURVE ( 'NONE', #6212, #6859, #10710, .T. ) ;
#8336 = CC_DESIGN_DATE_AND_TIME_ASSIGNMENT ( #11219, #301, ( #7119 ) ) ;
#8337 = ORIENTED_EDGE ( 'NONE', *, *, #8200, .F. ) ;
#8338 = LINE ( 'NONE', #7714, #1088 ) ;
#8339 = VECTOR ( 'NONE', #9021, 39.37007874015748100 ) ;
#8340 = CARTESIAN_POINT ( 'NONE',  ( 0.6431102362204729200, 0.3149606299212595600, -0.03326771653543289500 ) ) ;
#8341 = EDGE_LOOP ( 'NONE', ( #5377, #1885, #6964, #4908 ) ) ;
#8342 = PLANE ( 'NONE',  #5561 ) ;
#8343 = ORIENTED_EDGE ( 'NONE', *, *, #9846, .T. ) ;
#8344 = AXIS2_PLACEMENT_3D ( 'NONE', #2531, #2410, #2691 ) ;
#8345 = PLANE ( 'NONE',  #6184 ) ;
#8346 = DIRECTION ( 'NONE',  ( 0.0000000000000000000, 1.000000000000000000, 0.0000000000000000000 ) ) ;
#8347 = LINE ( 'NONE', #7849, #6202 ) ;
#8348 = DIRECTION ( 'NONE',  ( -0.0000000000000000000, -0.0000000000000000000, 1.000000000000000000 ) ) ;
#8349 = VECTOR ( 'NONE', #10169, 39.37007874015748100 ) ;
#8350 = EDGE_CURVE ( 'NONE', #11164, #7844, #10435, .T. ) ;
#8351 = VERTEX_POINT ( 'NONE', #219 ) ;
#8352 = CARTESIAN_POINT ( 'NONE',  ( 0.04455585011645377100, 0.1112594900334894100, -0.04212598425196851400 ) ) ;
#8353 = EDGE_LOOP ( 'NONE', ( #8694, #5684, #4234, #8591, #3475, #3549, #1857, #7031, #7947, #6575, #1899, #9502 ) ) ;
#8354 = ORIENTED_EDGE ( 'NONE', *, *, #6875, .T. ) ;
#8355 = VECTOR ( 'NONE', #2464, 39.37007874015748100 ) ;
#8356 = CARTESIAN_POINT ( 'NONE',  ( 0.2577900044881893900, 0.2475998051574795600, -0.05787401574803151300 ) ) ;
#8357 = FACE_OUTER_BOUND ( 'NONE', #1675, .T. ) ;
#8358 = DIRECTION ( 'NONE',  ( -0.0000000000000000000, -1.000000000000000000, 0.0000000000000000000 ) ) ;
#8359 = ORIENTED_EDGE ( 'NONE', *, *, #7451, .T. ) ;
#8360 = ADVANCED_FACE ( 'NONE', ( #5619 ), #2087, .F. ) ;
#8361 = CARTESIAN_POINT ( 'NONE',  ( 0.1921259842519688900, 0.06031465196850320500, -0.05787401574803151300 ) ) ;
#8362 = CARTESIAN_POINT ( 'NONE',  ( 0.2748031496158059300, -0.1011811022909665800, -0.05787401574803150600 ) ) ;
#8363 = ORIENTED_EDGE ( 'NONE', *, *, #3738, .F. ) ;
#8364 = CARTESIAN_POINT ( 'NONE',  ( 0.07952755905511869900, 0.01968503937007875700, -0.05787401574803152000 ) ) ;
#8365 = EDGE_CURVE ( 'NONE', #7029, #10470, #3262, .T. ) ;
#8366 = EDGE_CURVE ( 'NONE', #4840, #3403, #823, .T. ) ;
#8367 = AXIS2_PLACEMENT_3D ( 'NONE', #3598, #9904, #4496 ) ;
#8368 = CIRCLE ( 'NONE', #997, 0.007874015748031449100 ) ;
#8369 = ORIENTED_EDGE ( 'NONE', *, *, #6886, .F. ) ;
#8370 = APPLICATION_CONTEXT ( 'configuration controlled 3d designs of mechanical parts and assemblies' ) ;
#8371 = FACE_OUTER_BOUND ( 'NONE', #8012, .T. ) ;
#8372 = DIRECTION ( 'NONE',  ( 0.0000000000000000000, 0.0000000000000000000, 1.000000000000000000 ) ) ;
#8373 = ORIENTED_EDGE ( 'NONE', *, *, #6079, .T. ) ;
#8374 = ORIENTED_EDGE ( 'NONE', *, *, #9714, .F. ) ;
#8375 = DIRECTION ( 'NONE',  ( -1.000000000000000000, 0.0000000000000000000, 0.0000000000000000000 ) ) ;
#8376 = ADVANCED_FACE ( 'NONE', ( #5349 ), #9886, .T. ) ;
#8377 = DIRECTION ( 'NONE',  ( 1.000000000000000000, 0.0000000000000000000, 0.0000000000000000000 ) ) ;
#8378 = DIRECTION ( 'NONE',  ( 0.0000000000000000000, 0.0000000000000000000, 1.000000000000000000 ) ) ;
#8379 = EDGE_CURVE ( 'NONE', #6134, #1593, #10170, .T. ) ;
#8380 = DIRECTION ( 'NONE',  ( 0.0000000000000000000, 0.0000000000000000000, 1.000000000000000000 ) ) ;
#8381 = CIRCLE ( 'NONE', #3297, 0.09219577657480328100 ) ;
#8382 = EDGE_LOOP ( 'NONE', ( #2192, #6932, #9168, #10660 ) ) ;
#8383 = EDGE_CURVE ( 'NONE', #4627, #5249, #538, .T. ) ;
#8384 = VECTOR ( 'NONE', #5356, 39.37007874015748100 ) ;
#8385 = ORIENTED_EDGE ( 'NONE', *, *, #2845, .T. ) ;
#8386 = ORIENTED_EDGE ( 'NONE', *, *, #7958, .F. ) ;
#8387 = ORIENTED_EDGE ( 'NONE', *, *, #11134, .T. ) ;
#8388 = AXIS2_PLACEMENT_3D ( 'NONE', #10851, #5456, #39 ) ;
#8389 = DIRECTION ( 'NONE',  ( 1.000000000000000000, 0.0000000000000000000, -0.0000000000000000000 ) ) ;
#8390 = DIRECTION ( 'NONE',  ( 1.000000000000000000, 0.0000000000000000000, -0.0000000000000000000 ) ) ;
#8392 = CARTESIAN_POINT ( 'NONE',  ( 0.1452755905511816100, -0.1011811023622053900, -0.04212598425196851400 ) ) ;
#8391 = AXIS2_PLACEMENT_3D ( 'NONE', #3558, #9871, #4463 ) ;
#8393 = VERTEX_POINT ( 'NONE', #11106 ) ;
#8395 = LINE ( 'NONE', #9374, #1143 ) ;
#8394 = DIRECTION ( 'NONE',  ( 0.0000000000000000000, -1.000000000000000000, -0.0000000000000000000 ) ) ;
#8396 = PRODUCT ( '_ _ _C071LFBN-RC', '_ _ _C071LFBN-RC', '', ( #5687 ) ) ;
#8397 = LINE ( 'NONE', #4032, #1146 ) ;
#8398 = ORIENTED_EDGE ( 'NONE', *, *, #6164, .F. ) ;
#8399 = CARTESIAN_POINT ( 'NONE',  ( 0.6999999999956743000, 0.1339366992112627800, -0.05787401574803150600 ) ) ;
#8400 = VECTOR ( 'NONE', #10199, 39.37007874015748100 ) ;
#8401 = ORIENTED_EDGE ( 'NONE', *, *, #1314, .T. ) ;
#8402 = ORIENTED_EDGE ( 'NONE', *, *, #3818, .T. ) ;
#8403 = ORIENTED_EDGE ( 'NONE', *, *, #9597, .T. ) ;
#8404 = EDGE_CURVE ( 'NONE', #2934, #781, #8078, .T. ) ;
#8405 = CARTESIAN_POINT ( 'NONE',  ( 0.2401574803149612300, 0.01968503937007875700, -0.02834645669291339200 ) ) ;
#8406 = DIRECTION ( 'NONE',  ( 1.000000000000000000, 0.0000000000000000000, 0.0000000000000000000 ) ) ;
#8407 = CARTESIAN_POINT ( 'NONE',  ( 0.6999999999956743000, 0.1339366992112627800, -0.05787401574803151300 ) ) ;
#8408 = VECTOR ( 'NONE', #9620, 39.37007874015748100 ) ;
#8409 = CARTESIAN_POINT ( 'NONE',  ( 0.4452755905454444700, -0.1011811023372787400, -0.05787401574803151300 ) ) ;
#8410 = EDGE_CURVE ( 'NONE', #5101, #5647, #7501, .T. ) ;
#8411 = LINE ( 'NONE', #1545, #5969 ) ;
#8412 = EDGE_LOOP ( 'NONE', ( #1483, #7156, #1785, #3877 ) ) ;
#8413 = EDGE_LOOP ( 'NONE', ( #7673, #719, #3153, #7961 ) ) ;
#8414 = VECTOR ( 'NONE', #2326, 39.37007874015748100 ) ;
#8415 = ORIENTED_EDGE ( 'NONE', *, *, #1731, .T. ) ;
#8416 = ORIENTED_EDGE ( 'NONE', *, *, #3679, .F. ) ;
#8417 = PERSON_AND_ORGANIZATION_ROLE ( 'design_supplier' ) ;
#8418 = DIRECTION ( 'NONE',  ( -1.000000000000000000, 0.0000000000000000000, 0.0000000000000000000 ) ) ;
#8419 = VECTOR ( 'NONE', #7676, 39.37007874015748100 ) ;
#8420 = CARTESIAN_POINT ( 'NONE',  ( 0.4000000000000005200, -0.1259842519685042700, -0.04212598425196851400 ) ) ;
#8421 = EDGE_LOOP ( 'NONE', ( #8337, #9965, #8884, #11236 ) ) ;
#8422 = VERTEX_POINT ( 'NONE', #343 ) ;
#8424 = AXIS2_PLACEMENT_3D ( 'NONE', #1766, #2017, #9353 ) ;
#8423 = DIRECTION ( 'NONE',  ( 1.000000000000000000, 0.0000000000000000000, 0.0000000000000000000 ) ) ;
#8425 = VECTOR ( 'NONE', #8042, 39.37007874015748900 ) ;
#8426 = ORIENTED_EDGE ( 'NONE', *, *, #7801, .T. ) ;
#8427 = VERTEX_POINT ( 'NONE', #3078 ) ;
#8428 = DIRECTION ( 'NONE',  ( -1.000000000000000000, 0.0000000000000000000, 0.0000000000000000000 ) ) ;
#8429 = LINE ( 'NONE', #9876, #5699 ) ;
#8430 = EDGE_CURVE ( 'NONE', #5869, #2741, #4792, .T. ) ;
#8431 = ADVANCED_FACE ( 'NONE', ( #9607 ), #9385, .F. ) ;
#8432 = CARTESIAN_POINT ( 'NONE',  ( 0.1200787401574807500, 0.08959064362204696700, -0.05787401574803151300 ) ) ;
#8433 = VECTOR ( 'NONE', #8677, 39.37007874015748100 ) ;
#8434 = DIRECTION ( 'NONE',  ( 1.000000000000000000, -0.0000000000000000000, 0.0000000000000000000 ) ) ;
#8435 = CARTESIAN_POINT ( 'NONE',  ( 0.3111870956299217000, 0.2432397985433058200, -0.04212598425196852800 ) ) ;
#8436 = CARTESIAN_POINT ( 'NONE',  ( 0.4765748031574579800, 0.3149606299186046300, -0.01812598421259843000 ) ) ;
#8437 = ORIENTED_EDGE ( 'NONE', *, *, #2, .F. ) ;
#8438 = ORIENTED_EDGE ( 'NONE', *, *, #9510, .T. ) ;
#8439 = CARTESIAN_POINT ( 'NONE',  ( 0.6795275591743966700, 0.2885954232650423900, -0.04212598425196852800 ) ) ;
#8440 = LINE ( 'NONE', #3805, #5999 ) ;
#8441 = VECTOR ( 'NONE', #2976, 39.37007874015748100 ) ;
#8442 = ADVANCED_FACE ( 'NONE', ( #9324 ), #11184, .T. ) ;
#8443 = VECTOR ( 'NONE', #7929, 39.37007874015748100 ) ;
#8444 = EDGE_CURVE ( 'NONE', #5225, #1138, #4515, .T. ) ;
#8445 = ORIENTED_EDGE ( 'NONE', *, *, #494, .T. ) ;
#8446 = CARTESIAN_POINT ( 'NONE',  ( 0.05779000448818905800, 0.2475998051574795600, -0.04212598425196851400 ) ) ;
#8447 = CARTESIAN_POINT ( 'NONE',  ( 0.1913385826771663300, 0.3346456692913382100, -0.01850393700787371400 ) ) ;
#8448 = ORIENTED_EDGE ( 'NONE', *, *, #10534, .F. ) ;
#8449 = DIRECTION ( 'NONE',  ( -1.000000000000000000, 0.0000000000000000000, 0.0000000000000000000 ) ) ;
#8450 = CARTESIAN_POINT ( 'NONE',  ( 0.5401574803149611400, 0.3149606299212595600, -0.04212598425196851400 ) ) ;
#8451 = FACE_OUTER_BOUND ( 'NONE', #9383, .T. ) ;
#8452 = DIRECTION ( 'NONE',  ( 0.0000000000000000000, 0.0000000000000000000, -1.000000000000000000 ) ) ;
#8453 = CIRCLE ( 'NONE', #2580, 0.03976377952755894000 ) ;
#8454 = ORIENTED_EDGE ( 'NONE', *, *, #1298, .F. ) ;
#8455 = PERSON_AND_ORGANIZATION_ROLE ( 'creator' ) ;
#8456 = EDGE_CURVE ( 'NONE', #6588, #3482, #6927, .T. ) ;
#8457 = VECTOR ( 'NONE', #1523, 39.37007874015748100 ) ;
#8458 = DIRECTION ( 'NONE',  ( 1.000000000000000000, -0.0000000000000000000, 0.0000000000000000000 ) ) ;
#8459 = DIRECTION ( 'NONE',  ( -1.000000000000000000, 0.0000000000000000000, 0.0000000000000000000 ) ) ;
#8460 = DIRECTION ( 'NONE',  ( -0.0000000000000000000, -0.0000000000000000000, 1.000000000000000000 ) ) ;
#8461 = VERTEX_POINT ( 'NONE', #9456 ) ;
#8462 = LINE ( 'NONE', #7940, #6025 ) ;
#8463 = CARTESIAN_POINT ( 'NONE',  ( 0.06003937007874064800, 0.1141337039370070900, -0.05787401574803151300 ) ) ;
#8464 = ORIENTED_EDGE ( 'NONE', *, *, #8118, .F. ) ;
#8465 = DATE_AND_TIME ( #10817, #1520 ) ;
#8466 = DIRECTION ( 'NONE',  ( 1.000000000000000000, 0.0000000000000000000, -0.0000000000000000000 ) ) ;
#8467 = CIRCLE ( 'NONE', #8391, 0.08668467618110251000 ) ;
#8468 = CARTESIAN_POINT ( 'NONE',  ( 0.6452755905492692000, -0.1011811023422304800, -0.04212598425196851400 ) ) ;
#8469 = DIRECTION ( 'NONE',  ( 0.0000000000000000000, -0.7999999999999998200, -0.6000000000000002000 ) ) ;
#8470 = EDGE_LOOP ( 'NONE', ( #6691, #8332, #8454, #4453 ) ) ;
#8471 = PLANE ( 'NONE',  #1944 ) ;
#8472 = EDGE_LOOP ( 'NONE', ( #2351, #1192, #6687, #11603 ) ) ;
#8473 = EDGE_CURVE ( 'NONE', #5328, #5401, #6631, .T. ) ;
#8474 = VERTEX_POINT ( 'NONE', #4942 ) ;
#8475 = DIRECTION ( 'NONE',  ( 0.0000000000000000000, 1.000000000000000000, 0.0000000000000000000 ) ) ;
#8476 = EDGE_CURVE ( 'NONE', #3461, #3058, #2406, .T. ) ;
#8477 = AXIS2_PLACEMENT_3D ( 'NONE', #8446, #246, #6605 ) ;
#8478 = LINE ( 'NONE', #9863, #8193 ) ;
#8479 = VECTOR ( 'NONE', #7407, 39.37007874015748100 ) ;
#8480 = EDGE_LOOP ( 'NONE', ( #5538, #5293, #6110, #7728 ) ) ;
#8481 = DIRECTION ( 'NONE',  ( 0.03123475300211145000, -0.9995120760675665400, 0.0000000000000000000 ) ) ;
#8482 = ADVANCED_FACE ( 'NONE', ( #2124 ), #3955, .T. ) ;
#8483 = DIRECTION ( 'NONE',  ( 1.000000000000000000, 0.0000000000000000000, -0.0000000000000000000 ) ) ;
#8484 = DIRECTION ( 'NONE',  ( 0.0000000000000000000, 0.0000000000000000000, -1.000000000000000000 ) ) ;
#8485 = ORIENTED_EDGE ( 'NONE', *, *, #11158, .F. ) ;
#8486 = CARTESIAN_POINT ( 'NONE',  ( 0.09133858266855352000, 0.3346456692929788400, -0.01812598440944882300 ) ) ;
#8487 = FACE_OUTER_BOUND ( 'NONE', #524, .T. ) ;
#8488 = DIRECTION ( 'NONE',  ( 0.0000000000000000000, 1.000000000000000000, 0.0000000000000000000 ) ) ;
#8489 = AXIS2_PLACEMENT_3D ( 'NONE', #867, #2771, #2606 ) ;
#8490 = CIRCLE ( 'NONE', #11140, 0.007874015748031449100 ) ;
#8491 = ORIENTED_EDGE ( 'NONE', *, *, #10076, .F. ) ;
#8492 = EDGE_CURVE ( 'NONE', #3439, #10973, #9038, .T. ) ;
#8493 = ADVANCED_FACE ( 'NONE', ( #10836 ), #6050, .T. ) ;
#8494 = CARTESIAN_POINT ( 'NONE',  ( 0.1200787401574806800, 0.1053386751217923500, -0.05787401574803152000 ) ) ;
#8495 = ORIENTED_EDGE ( 'NONE', *, *, #3915, .T. ) ;
#8496 = VECTOR ( 'NONE', #5555, 39.37007874015748100 ) ;
#8497 = DIRECTION ( 'NONE',  ( -0.0000000000000000000, -0.0000000000000000000, 1.000000000000000000 ) ) ;
#8498 = FACE_OUTER_BOUND ( 'NONE', #2239, .T. ) ;
#8499 = EDGE_LOOP ( 'NONE', ( #2592, #4970, #7399, #2876 ) ) ;
#8500 = DIRECTION ( 'NONE',  ( -1.000000000000000000, 0.0000000000000000000, -0.0000000000000000000 ) ) ;
#8501 = ORIENTED_EDGE ( 'NONE', *, *, #232, .T. ) ;
#8502 = DIRECTION ( 'NONE',  ( 1.000000000000000000, 0.0000000000000000000, 0.0000000000000000000 ) ) ;
#8503 = CARTESIAN_POINT ( 'NONE',  ( 0.5795275590551185500, 0.01968503937007875700, -0.02834645669291339200 ) ) ;
#8504 = ORIENTED_EDGE ( 'NONE', *, *, #329, .T. ) ;
#8505 = EDGE_CURVE ( 'NONE', #10130, #5282, #1837, .T. ) ;
#8506 = LINE ( 'NONE', #8409, #1273 ) ;
#8507 = CARTESIAN_POINT ( 'NONE',  ( 0.1509508751574806000, 0.2432397985433058200, -0.04212598425196852800 ) ) ;
#8508 = FACE_OUTER_BOUND ( 'NONE', #6560, .T. ) ;
#8509 = EDGE_LOOP ( 'NONE', ( #9538, #170, #467, #2908 ) ) ;
#8510 = DIRECTION ( 'NONE',  ( -0.7999999999999998200, -0.6000000000000002000, 0.0000000000000000000 ) ) ;
#8511 = CARTESIAN_POINT ( 'NONE',  ( 0.07952755909448872000, -0.1259842519685042700, -0.05787401574803151300 ) ) ;
#8512 = CARTESIAN_POINT ( 'NONE',  ( 0.1509508751574806000, 0.2432397985433058200, -0.05787401574803151300 ) ) ;
#8513 = CIRCLE ( 'NONE', #9944, 0.03976377956692910000 ) ;
#8514 = CARTESIAN_POINT ( 'NONE',  ( 0.4242125984251972600, 0.1473225259842513800, -0.05787401574803151300 ) ) ;
#8515 = ORIENTED_EDGE ( 'NONE', *, *, #1572, .T. ) ;
#8516 = DIRECTION ( 'NONE',  ( 1.000000000000000000, 0.0000000000000000000, 0.0000000000000000000 ) ) ;
#8517 = FACE_OUTER_BOUND ( 'NONE', #9154, .T. ) ;
#8518 = ORIENTED_EDGE ( 'NONE', *, *, #707, .F. ) ;
#8519 = VERTEX_POINT ( 'NONE', #2319 ) ;
#8520 = ORIENTED_EDGE ( 'NONE', *, *, #8101, .F. ) ;
#8521 = EDGE_CURVE ( 'NONE', #10598, #6162, #1256, .T. ) ;
#8522 = AXIS2_PLACEMENT_3D ( 'NONE', #5373, #11644, #6295 ) ;
#8523 = ORIENTED_EDGE ( 'NONE', *, *, #5470, .F. ) ;
#8524 = DIRECTION ( 'NONE',  ( 0.0000000000000000000, 1.000000000000000000, -0.0000000000000000000 ) ) ;
#8525 = VECTOR ( 'NONE', #4239, 39.37007874015748900 ) ;
#8526 = VECTOR ( 'NONE', #7159, 39.37007874015748100 ) ;
#8527 = ORIENTED_EDGE ( 'NONE', *, *, #11277, .T. ) ;
#8528 = FACE_OUTER_BOUND ( 'NONE', #10332, .T. ) ;
#8529 = ORIENTED_EDGE ( 'NONE', *, *, #911, .F. ) ;
#8530 = ORIENTED_EDGE ( 'NONE', *, *, #9789, .F. ) ;
#8531 = DIRECTION ( 'NONE',  ( 0.0000000000000000000, 0.0000000000000000000, -1.000000000000000000 ) ) ;
#8532 = DIRECTION ( 'NONE',  ( 0.03123475260614341800, -0.9995120760799406400, 0.0000000000000000000 ) ) ;
#8533 = EDGE_CURVE ( 'NONE', #208, #5023, #8490, .T. ) ;
#8534 = DIRECTION ( 'NONE',  ( 0.0000000000000000000, -0.0000000000000000000, -1.000000000000000000 ) ) ;
#8535 = ADVANCED_FACE ( 'NONE', ( #8205 ), #5020, .F. ) ;
#8536 = VECTOR ( 'NONE', #6293, 39.37007874015748100 ) ;
#8537 = EDGE_CURVE ( 'NONE', #1104, #10688, #3394, .T. ) ;
#8538 = VECTOR ( 'NONE', #1910, 39.37007874015748100 ) ;
#8539 = EDGE_LOOP ( 'NONE', ( #3871, #5803, #9363, #1272 ) ) ;
#8540 = AXIS2_PLACEMENT_3D ( 'NONE', #3659, #21, #6364 ) ;
#8542 = DIRECTION ( 'NONE',  ( 0.0000000000000000000, 0.0000000000000000000, 1.000000000000000000 ) ) ;
#8541 = LINE ( 'NONE', #4444, #6111 ) ;
#8543 = EDGE_CURVE ( 'NONE', #441, #50, #6347, .T. ) ;
#8544 = ORIENTED_EDGE ( 'NONE', *, *, #9399, .F. ) ;
#8545 = ORIENTED_EDGE ( 'NONE', *, *, #6528, .T. ) ;
#8547 = DIRECTION ( 'NONE',  ( 0.0000000000000000000, -1.000000000000000000, -0.0000000000000000000 ) ) ;
#8546 = AXIS2_PLACEMENT_3D ( 'NONE', #605, #6948, #7867 ) ;
#8548 = DIRECTION ( 'NONE',  ( -0.0000000000000000000, -0.0000000000000000000, 1.000000000000000000 ) ) ;
#8549 = FACE_OUTER_BOUND ( 'NONE', #9051, .T. ) ;
#8550 = ADVANCED_FACE ( 'NONE', ( #7921 ), #685, .T. ) ;
#8551 = ORIENTED_EDGE ( 'NONE', *, *, #6400, .T. ) ;
#8552 = VECTOR ( 'NONE', #9233, 39.37007874015748100 ) ;
#8553 = ORIENTED_EDGE ( 'NONE', *, *, #9992, .T. ) ;
#8554 = ORIENTED_EDGE ( 'NONE', *, *, #10409, .F. ) ;
#8555 = EDGE_CURVE ( 'NONE', #4618, #8461, #5474, .T. ) ;
#8556 = DIRECTION ( 'NONE',  ( 0.0000000000000000000, 0.0000000000000000000, 1.000000000000000000 ) ) ;
#8557 = DIRECTION ( 'NONE',  ( 0.0000000000000000000, 0.0000000000000000000, 1.000000000000000000 ) ) ;
#8558 = DIRECTION ( 'NONE',  ( 0.0000000000000000000, 0.0000000000000000000, -1.000000000000000000 ) ) ;
#8559 = EDGE_CURVE ( 'NONE', #11389, #3535, #3120, .T. ) ;
#8560 = SECURITY_CLASSIFICATION ( '', '', #2996 ) ;
#8562 = CIRCLE ( 'NONE', #10361, 0.007874015748031449100 ) ;
#8561 = DIRECTION ( 'NONE',  ( 1.000000000000000000, 0.0000000000000000000, 0.0000000000000000000 ) ) ;
#8563 = VERTEX_POINT ( 'NONE', #2396 ) ;
#8564 = DIRECTION ( 'NONE',  ( -0.0000000000000000000, -1.000000000000000000, -0.0000000000000000000 ) ) ;
#8565 = VECTOR ( 'NONE', #406, 39.37007874015748100 ) ;
#8566 = ORIENTED_EDGE ( 'NONE', *, *, #10413, .T. ) ;
#8567 = VECTOR ( 'NONE', #3228, 39.37007874015748100 ) ;
#8568 = CYLINDRICAL_SURFACE ( 'NONE', #5739, 0.03976377956692910000 ) ;
#8570 = AXIS2_PLACEMENT_3D ( 'NONE', #171, #33, #11619 ) ;
#8569 = CARTESIAN_POINT ( 'NONE',  ( 0.4795275590551186800, 0.01968503937007875700, -0.05787401574803152000 ) ) ;
#8571 = ORIENTED_EDGE ( 'NONE', *, *, #5695, .T. ) ;
#8572 = ORIENTED_EDGE ( 'NONE', *, *, #10150, .F. ) ;
#8573 = CARTESIAN_POINT ( 'NONE',  ( 0.5452755905492692200, -0.1011811023193409800, -0.05787401574803151300 ) ) ;
#8574 = EDGE_CURVE ( 'NONE', #9493, #1845, #10016, .T. ) ;
#8575 = VERTEX_POINT ( 'NONE', #4210 ) ;
#8576 = CARTESIAN_POINT ( 'NONE',  ( 0.2690944881889766900, -0.1259842519685042700, -0.05787401574803150600 ) ) ;
#8577 = FACE_OUTER_BOUND ( 'NONE', #1710, .T. ) ;
#8578 = CARTESIAN_POINT ( 'NONE',  ( 0.6795275590551186400, 0.01968503937007875700, -0.02834645669291339200 ) ) ;
#8579 = LINE ( 'NONE', #303, #10933 ) ;
#8580 = CARTESIAN_POINT ( 'NONE',  ( 0.7568533023228352100, 0.2494168253937005800, -0.04212598425196852800 ) ) ;
#8581 = ORIENTED_EDGE ( 'NONE', *, *, #7958, .T. ) ;
#8582 = ORIENTED_EDGE ( 'NONE', *, *, #7375, .F. ) ;
#8583 = LINE ( 'NONE', #9068, #5871 ) ;
#8584 = EDGE_CURVE ( 'NONE', #10353, #11595, #2829, .T. ) ;
#8585 = EDGE_CURVE ( 'NONE', #2590, #4289, #9738, .T. ) ;
#8586 = FACE_OUTER_BOUND ( 'NONE', #2628, .T. ) ;
#8587 = CARTESIAN_POINT ( 'NONE',  ( 0.3498548604401493000, 0.2525113748430198900, -0.04212598425196851400 ) ) ;
#8588 = DIRECTION ( 'NONE',  ( 0.0000000000000000000, -0.6000000000000002000, -0.7999999999999998200 ) ) ;
#8589 = ADVANCED_FACE ( 'NONE', ( #95 ), #6934, .F. ) ;
#8590 = CARTESIAN_POINT ( 'NONE',  ( 0.2795275590551185000, 0.3149606299212595600, -0.02834645669291339200 ) ) ;
#8591 = ORIENTED_EDGE ( 'NONE', *, *, #6761, .T. ) ;
#8592 = CARTESIAN_POINT ( 'NONE',  ( 0.4452755905492691800, -0.1011811023340691400, -0.05787401574803150600 ) ) ;
#8593 = DIRECTION ( 'NONE',  ( 0.0000000000000000000, 1.000000000000000000, 0.0000000000000000000 ) ) ;
#8594 = DATE_AND_TIME ( #10945, #1666 ) ;
#8595 = CIRCLE ( 'NONE', #10556, 0.01574803149606289800 ) ;
#8596 = DIRECTION ( 'NONE',  ( 1.000000000000000000, 0.0000000000000000000, -0.0000000000000000000 ) ) ;
#8597 = ORIENTED_EDGE ( 'NONE', *, *, #1566, .F. ) ;
#8598 = VERTEX_POINT ( 'NONE', #6040 ) ;
#8599 = VERTEX_POINT ( 'NONE', #635 ) ;
#8600 = EDGE_CURVE ( 'NONE', #1418, #9246, #7067, .T. ) ;
#8601 = CARTESIAN_POINT ( 'NONE',  ( 0.6088916445275595100, 0.2432397985433058200, -0.04212598425196851400 ) ) ;
#8602 = ADVANCED_FACE ( 'NONE', ( #383 ), #6977, .T. ) ;
#8603 = CARTESIAN_POINT ( 'NONE',  ( 0.4702238798032181100, 0.2525113753601318500, -0.05787401574803151300 ) ) ;
#8604 = LINE ( 'NONE', #6756, #1374 ) ;
#8605 = AXIS2_PLACEMENT_3D ( 'NONE', #4927, #11209, #5828 ) ;
#8606 = CARTESIAN_POINT ( 'NONE',  ( 0.5755228900811404400, 0.1112594902469205000, -0.04212598425196852800 ) ) ;
#8607 = VERTEX_POINT ( 'NONE', #1553 ) ;
#8608 = VERTEX_POINT ( 'NONE', #4291 ) ;
#8609 = CARTESIAN_POINT ( 'NONE',  ( 0.2795275591580512800, 0.2885954232327822000, -0.04212598425196851400 ) ) ;
#8610 = ORIENTED_EDGE ( 'NONE', *, *, #9909, .T. ) ;
#8611 = PLANE ( 'NONE',  #4115 ) ;
#8612 = DIRECTION ( 'NONE',  ( -0.0000000000000000000, -0.0000000000000000000, 1.000000000000000000 ) ) ;
#8613 = DIRECTION ( 'NONE',  ( 1.000000000000000000, 0.0000000000000000000, -0.0000000000000000000 ) ) ;
#8614 = LINE ( 'NONE', #6748, #6190 ) ;
#8615 = VECTOR ( 'NONE', #3457, 39.37007874015748100 ) ;
#8616 = EDGE_CURVE ( 'NONE', #3820, #9406, #7350, .T. ) ;
#8617 = ORIENTED_EDGE ( 'NONE', *, *, #3333, .T. ) ;
#8618 = CARTESIAN_POINT ( 'NONE',  ( 0.4401574803149611600, 0.01968503937007875700, -0.05787401574803152000 ) ) ;
#8619 = EDGE_CURVE ( 'NONE', #9711, #6726, #2543, .T. ) ;
#8620 = AXIS2_PLACEMENT_3D ( 'NONE', #11121, #5746, #319 ) ;
#8621 = VERTEX_POINT ( 'NONE', #11449 ) ;
#8622 = VECTOR ( 'NONE', #3302, 39.37007874015748900 ) ;
#8623 = PLANE ( 'NONE',  #2800 ) ;
#8624 = FACE_OUTER_BOUND ( 'NONE', #2841, .T. ) ;
#8625 = CARTESIAN_POINT ( 'NONE',  ( 0.4509842519789331000, -0.1259842519665450600, -0.04212598425196851400 ) ) ;
#8626 = VERTEX_POINT ( 'NONE', #1595 ) ;
#8627 = PLANE ( 'NONE',  #8905 ) ;
#8628 = CARTESIAN_POINT ( 'NONE',  ( 0.01968503937007930500, 0.3149606299212595600, -0.05787401574803152000 ) ) ;
#8629 = ORIENTED_EDGE ( 'NONE', *, *, #10055, .F. ) ;
#8630 = CARTESIAN_POINT ( 'NONE',  ( 0.3242125984220000100, 0.1473225259860536100, -0.04212598425196851400 ) ) ;
#8631 = ORIENTED_EDGE ( 'NONE', *, *, #9979, .F. ) ;
#8632 = CARTESIAN_POINT ( 'NONE',  ( 0.1000000000000003000, 0.06031465196850320500, -0.08208661417322835100 ) ) ;
#8633 = VECTOR ( 'NONE', #540, 39.37007874015748100 ) ;
#8634 = FACE_BOUND ( 'NONE', #11524, .T. ) ;
#8635 = CARTESIAN_POINT ( 'NONE',  ( 0.3895669291338587100, 0.2965351244488186300, -0.05787401574803151300 ) ) ;
#8636 = EDGE_CURVE ( 'NONE', #717, #372, #4376, .T. ) ;
#8637 = VERTEX_POINT ( 'NONE', #7928 ) ;
#8638 = ORIENTED_EDGE ( 'NONE', *, *, #4931, .T. ) ;
#8639 = CARTESIAN_POINT ( 'NONE',  ( 0.4748031496062997700, 0.04456662047243921400, -0.05787401574803151300 ) ) ;
#8640 = CARTESIAN_POINT ( 'NONE',  ( 0.2200787401574807700, 0.1339366992125986500, -0.05787401574803151300 ) ) ;
#8641 = DIRECTION ( 'NONE',  ( 0.0000000000000000000, 0.0000000000000000000, -1.000000000000000000 ) ) ;
#8642 = VECTOR ( 'NONE', #4447, 39.37007874015748100 ) ;
#8643 = ADVANCED_FACE ( 'NONE', ( #6773 ), #6474, .F. ) ;
#8644 = ORIENTED_EDGE ( 'NONE', *, *, #1253, .T. ) ;
#8645 = CARTESIAN_POINT ( 'NONE',  ( 0.5690944881890623900, -0.1259842519683448700, -0.05787401574803150600 ) ) ;
#8646 = VECTOR ( 'NONE', #11464, 39.37007874015748100 ) ;
#8647 = ORIENTED_EDGE ( 'NONE', *, *, #11491, .F. ) ;
#8648 = ORIENTED_EDGE ( 'NONE', *, *, #2393, .F. ) ;
#8649 = CARTESIAN_POINT ( 'NONE',  ( 0.2795275590944887900, -0.1259842519668300800, -0.04212598425196851400 ) ) ;
#8650 = CARTESIAN_POINT ( 'NONE',  ( 0.02795275590551217500, 0.06031465196850320500, -0.04212598425196852100 ) ) ;
#8651 = CARTESIAN_POINT ( 'NONE',  ( 0.3200787401574807800, 0.1339366992125986500, -0.05787401574803151300 ) ) ;
#8652 = EDGE_CURVE ( 'NONE', #4851, #6362, #9458, .T. ) ;
#8653 = VERTEX_POINT ( 'NONE', #1637 ) ;
#8654 = DIRECTION ( 'NONE',  ( -0.0000000000000000000, -0.0000000000000000000, 1.000000000000000000 ) ) ;
#8655 = FACE_OUTER_BOUND ( 'NONE', #1291, .T. ) ;
#8656 = ORIENTED_EDGE ( 'NONE', *, *, #254, .T. ) ;
#8657 = DIRECTION ( 'NONE',  ( -0.5144957554163774900, -0.6859943405551690600, -0.5144957554584972400 ) ) ;
#8658 = LINE ( 'NONE', #6234, #10738 ) ;
#8659 = ORIENTED_EDGE ( 'NONE', *, *, #5187, .F. ) ;
#8660 = VERTEX_POINT ( 'NONE', #7976 ) ;
#8661 = ORIENTED_EDGE ( 'NONE', *, *, #6304, .F. ) ;
#8662 = ADVANCED_FACE ( 'NONE', ( #8889 ), #7054, .F. ) ;
#8663 = CARTESIAN_POINT ( 'NONE',  ( 0.1431102362204728400, 0.3149606299212593400, -0.06673228346456670800 ) ) ;
#8664 = ORIENTED_EDGE ( 'NONE', *, *, #2165, .F. ) ;
#8665 = DIRECTION ( 'NONE',  ( -0.0000000000000000000, -1.000000000000000000, 0.0000000000000000000 ) ) ;
#8666 = VECTOR ( 'NONE', #1131, 39.37007874015748100 ) ;
#8667 = CARTESIAN_POINT ( 'NONE',  ( 0.4111870956299216200, 0.2432397985433058200, -0.04212598425196852800 ) ) ;
#8668 = VECTOR ( 'NONE', #320, 39.37007874015748100 ) ;
#8669 = VERTEX_POINT ( 'NONE', #5209 ) ;
#8670 = EDGE_CURVE ( 'NONE', #5115, #8901, #4091, .T. ) ;
#8671 = LINE ( 'NONE', #4706, #6252 ) ;
#8672 = VERTEX_POINT ( 'NONE', #11520 ) ;
#8673 = VERTEX_POINT ( 'NONE', #752 ) ;
#8674 = AXIS2_PLACEMENT_3D ( 'NONE', #2583, #3496, #9804 ) ;
#8675 = CARTESIAN_POINT ( 'NONE',  ( 0.4374015748031501200, 0.05244063622047114000, -0.04212598425196852800 ) ) ;
#8676 = ORIENTED_EDGE ( 'NONE', *, *, #3639, .F. ) ;
#8677 = DIRECTION ( 'NONE',  ( 0.0000000000000000000, 0.0000000000000000000, -1.000000000000000000 ) ) ;
#8678 = LINE ( 'NONE', #2400, #8408 ) ;
#8679 = CARTESIAN_POINT ( 'NONE',  ( 0.4795275590944886900, -0.1259842519685042700, -0.05787401574803151300 ) ) ;
#8680 = VERTEX_POINT ( 'NONE', #8020 ) ;
#8681 = ORIENTED_EDGE ( 'NONE', *, *, #3043, .T. ) ;
#8682 = DIRECTION ( 'NONE',  ( 0.2950730660855439000, -0.9554746912769988000, 0.0000000000000000000 ) ) ;
#8683 = LINE ( 'NONE', #7701, #11034 ) ;
#8684 = ORIENTED_EDGE ( 'NONE', *, *, #9562, .T. ) ;
#8685 = ORIENTED_EDGE ( 'NONE', *, *, #8809, .F. ) ;
#8686 = DIRECTION ( 'NONE',  ( 0.0000000000000000000, 0.0000000000000000000, 1.000000000000000000 ) ) ;
#8687 = DIRECTION ( 'NONE',  ( 1.000000000000000000, -0.0000000000000000000, 0.0000000000000000000 ) ) ;
#8688 = EDGE_CURVE ( 'NONE', #2204, #7914, #1685, .T. ) ;
#8689 = VECTOR ( 'NONE', #514, 39.37007874015748100 ) ;
#8690 = AXIS2_PLACEMENT_3D ( 'NONE', #8931, #5317, #11598 ) ;
#8691 = DIRECTION ( 'NONE',  ( -0.5144957553993158000, -0.6859943405835764500, 0.5144957554376823300 ) ) ;
#8692 = EDGE_CURVE ( 'NONE', #10085, #1168, #10966, .T. ) ;
#8693 = EDGE_LOOP ( 'NONE', ( #6811, #3994, #265, #6242 ) ) ;
#8694 = ORIENTED_EDGE ( 'NONE', *, *, #5141, .T. ) ;
#8695 = VECTOR ( 'NONE', #737, 39.37007874015748100 ) ;
#8696 = VERTEX_POINT ( 'NONE', #10686 ) ;
#8697 = ORIENTED_EDGE ( 'NONE', *, *, #457, .F. ) ;
#8698 = DIRECTION ( 'NONE',  ( 0.2950730660855439000, 0.9554746912769988000, 0.0000000000000000000 ) ) ;
#8699 = CIRCLE ( 'NONE', #7037, 0.03976377952755907200 ) ;
#8700 = CIRCLE ( 'NONE', #1907, 0.03976377952755894000 ) ;
#8701 = EDGE_LOOP ( 'NONE', ( #11008, #4127, #3291, #10737 ) ) ;
#8702 = ORIENTED_EDGE ( 'NONE', *, *, #2986, .T. ) ;
#8703 = CARTESIAN_POINT ( 'NONE',  ( 0.5200787401574809000, 0.1339366992125986500, -0.05787401574803150600 ) ) ;
#8704 = EDGE_CURVE ( 'NONE', #5225, #8696, #3801, .T. ) ;
#8705 = DIRECTION ( 'NONE',  ( 0.0000000000000000000, 0.0000000000000000000, -1.000000000000000000 ) ) ;
#8706 = ORIENTED_EDGE ( 'NONE', *, *, #2856, .F. ) ;
#8707 = ADVANCED_FACE ( 'NONE', ( #1386 ), #5291, .F. ) ;
#8708 = CARTESIAN_POINT ( 'NONE',  ( 0.1401574803149614700, 0.01968503937007875700, -0.05787401574803152000 ) ) ;
#8709 = VECTOR ( 'NONE', #9174, 39.37007874015748100 ) ;
#8710 = EDGE_CURVE ( 'NONE', #8080, #3425, #3521, .T. ) ;
#8711 = CIRCLE ( 'NONE', #3777, 0.01574803149606289800 ) ;
#8712 = VECTOR ( 'NONE', #8074, 39.37007874015748900 ) ;
#8713 = CARTESIAN_POINT ( 'NONE',  ( 0.3445558501166963200, 0.1112594900334815000, -0.05787401574803151300 ) ) ;
#8714 = EDGE_LOOP ( 'NONE', ( #2056, #4450, #9253, #11590 ) ) ;
#8715 = CARTESIAN_POINT ( 'NONE',  ( 0.4196850393700792800, 0.1027140031889747100, -0.05787401574803152000 ) ) ;
#8716 = ORIENTED_EDGE ( 'NONE', *, *, #5785, .T. ) ;
#8717 = LINE ( 'NONE', #8486, #8171 ) ;
#8718 = CARTESIAN_POINT ( 'NONE',  ( 0.02007874015749596900, 0.1053386751215891800, -0.04212598425196851400 ) ) ;
#8719 = ADVANCED_FACE ( 'NONE', ( #5901 ), #6241, .F. ) ;
#8720 = CARTESIAN_POINT ( 'NONE',  ( 0.1895669291338588100, 0.2965351244488186300, -0.05787401574803151300 ) ) ;
#8722 = AXIS2_PLACEMENT_3D ( 'NONE', #2243, #11227, #3162 ) ;
#8721 = PLANE ( 'NONE',  #3077 ) ;
#8723 = VECTOR ( 'NONE', #8111, 39.37007874015748900 ) ;
#8724 = DIRECTION ( 'NONE',  ( 0.0000000000000000000, -1.000000000000000000, -0.0000000000000000000 ) ) ;
#8725 = EDGE_CURVE ( 'NONE', #7959, #6197, #10425, .T. ) ;
#8726 = VERTEX_POINT ( 'NONE', #8981 ) ;
#8727 = DIRECTION ( 'NONE',  ( 1.000000000000000000, 0.0000000000000000000, 0.0000000000000000000 ) ) ;
#8728 = VECTOR ( 'NONE', #3320, 39.37007874015748100 ) ;
#8729 = DIRECTION ( 'NONE',  ( -1.000000000000000000, 0.0000000000000000000, 0.0000000000000000000 ) ) ;
#8730 = CARTESIAN_POINT ( 'NONE',  ( 0.2795275590944887900, 0.05244063622047148700, -0.04212598425196851400 ) ) ;
#8731 = DIRECTION ( 'NONE',  ( 0.0000000000000000000, 0.0000000000000000000, 1.000000000000000000 ) ) ;
#8732 = EDGE_LOOP ( 'NONE', ( #6277, #882, #1834, #6170 ) ) ;
#8733 = VECTOR ( 'NONE', #2747, 39.37007874015748900 ) ;
#8734 = ORIENTED_EDGE ( 'NONE', *, *, #3931, .T. ) ;
#8735 = CARTESIAN_POINT ( 'NONE',  ( 0.4958661417783097300, 0.1473225259845757400, -0.04212598425196851400 ) ) ;
#8736 = PERSON_AND_ORGANIZATION ( #4812, #2956 ) ;
#8737 = EDGE_CURVE ( 'NONE', #7268, #4840, #5609, .T. ) ;
#8738 = LINE ( 'NONE', #10712, #3653 ) ;
#8739 = EDGE_LOOP ( 'NONE', ( #2137, #10604, #5521, #3988 ) ) ;
#8740 = CARTESIAN_POINT ( 'NONE',  ( 0.1795275590944887500, 0.05244063622047148700, -0.04212598425196851400 ) ) ;
#8741 = DIRECTION ( 'NONE',  ( -1.000000000000000000, 0.0000000000000000000, 0.0000000000000000000 ) ) ;
#8742 = ORIENTED_EDGE ( 'NONE', *, *, #8244, .F. ) ;
#8743 = PLANE ( 'NONE',  #7236 ) ;
#8744 = VERTEX_POINT ( 'NONE', #1761 ) ;
#8745 = VECTOR ( 'NONE', #2612, 39.37007874015748100 ) ;
#8746 = DIRECTION ( 'NONE',  ( 0.03123475200308707700, 0.9995120760987861200, 0.0000000000000000000 ) ) ;
#8747 = CIRCLE ( 'NONE', #10024, 0.007874015748031449100 ) ;
#8748 = EDGE_CURVE ( 'NONE', #11377, #8673, #1089, .T. ) ;
#8749 = CARTESIAN_POINT ( 'NONE',  ( 0.1374015748031498800, 0.04456662047243921400, -0.04212598425196851400 ) ) ;
#8750 = EDGE_LOOP ( 'NONE', ( #9883, #535, #5344, #3258 ) ) ;
#8751 = DIRECTION ( 'NONE',  ( -1.000000000000000000, -0.0000000000000000000, 0.0000000000000000000 ) ) ;
#8752 = EDGE_CURVE ( 'NONE', #574, #4546, #8068, .T. ) ;
#8753 = CARTESIAN_POINT ( 'NONE',  ( 0.2795275590551185000, 0.3149606299212595600, -0.04212598425196851400 ) ) ;
#8754 = AXIS2_PLACEMENT_3D ( 'NONE', #4135, #10430, #5028 ) ;
#8755 = ORIENTED_EDGE ( 'NONE', *, *, #9601, .F. ) ;
#8756 = EDGE_CURVE ( 'NONE', #7641, #3103, #816, .T. ) ;
#8757 = VECTOR ( 'NONE', #852, 39.37007874015748100 ) ;
#8758 = AXIS2_PLACEMENT_3D ( 'NONE', #6589, #1159, #7510 ) ;
#8759 = CARTESIAN_POINT ( 'NONE',  ( 0.6279527559055123600, 0.05244063622047148700, -0.05787401574803151300 ) ) ;
#8760 = VECTOR ( 'NONE', #8596, 39.37007874015748100 ) ;
#8761 = ADVANCED_FACE ( 'NONE', ( #9877 ), #5058, .T. ) ;
#8762 = CARTESIAN_POINT ( 'NONE',  ( -0.4999999999999996100, 0.01968503937007875700, -0.05787401574803152000 ) ) ;
#8763 = EDGE_LOOP ( 'NONE', ( #6818, #4686, #9499, #2587 ) ) ;
#8764 = DIRECTION ( 'NONE',  ( -0.0000000000000000000, -0.0000000000000000000, 1.000000000000000000 ) ) ;
#8765 = CARTESIAN_POINT ( 'NONE',  ( 0.5111870956299217100, 0.2432397985433058200, -0.05787401574803151300 ) ) ;
#8766 = ORIENTED_EDGE ( 'NONE', *, *, #4675, .F. ) ;
#8767 = DIRECTION ( 'NONE',  ( 0.9889363530076618100, -0.1483404520011492900, 0.0000000000000000000 ) ) ;
#8768 = LINE ( 'NONE', #10077, #11391 ) ;
#8769 = EDGE_CURVE ( 'NONE', #8474, #6617, #7491, .T. ) ;
#8770 = FACE_OUTER_BOUND ( 'NONE', #8049, .T. ) ;
#8771 = ORIENTED_EDGE ( 'NONE', *, *, #11509, .F. ) ;
#8772 = AXIS2_PLACEMENT_3D ( 'NONE', #3900, #257, #6612 ) ;
#8773 = CARTESIAN_POINT ( 'NONE',  ( 0.4958661417737546000, 0.1473225259763942300, -0.05787401574803150600 ) ) ;
#8774 = ORIENTED_EDGE ( 'NONE', *, *, #2049, .F. ) ;
#8775 = EDGE_CURVE ( 'NONE', #8322, #6656, #7773, .T. ) ;
#8776 = ADVANCED_FACE ( 'NONE', ( #7201 ), #2750, .T. ) ;
#8777 = ORIENTED_EDGE ( 'NONE', *, *, #5637, .F. ) ;
#8778 = DIRECTION ( 'NONE',  ( 1.000000000000000000, -0.0000000000000000000, 0.0000000000000000000 ) ) ;
#8779 = DIRECTION ( 'NONE',  ( -0.0000000000000000000, 0.0000000000000000000, 1.000000000000000000 ) ) ;
#8780 = LINE ( 'NONE', #5634, #1564 ) ;
#8781 = CARTESIAN_POINT ( 'NONE',  ( 0.3921259842519689300, 0.06031465196850320500, -0.05787401574803151300 ) ) ;
#8782 = CARTESIAN_POINT ( 'NONE',  ( 0.2200787401574807700, 0.1053386751217928900, -0.05787401574803152000 ) ) ;
#8783 = VECTOR ( 'NONE', #231, 39.37007874015748100 ) ;
#8784 = EDGE_LOOP ( 'NONE', ( #4391, #10705, #5437, #6940 ) ) ;
#8785 = ORIENTED_EDGE ( 'NONE', *, *, #397, .F. ) ;
#8786 = ORIENTED_EDGE ( 'NONE', *, *, #1063, .F. ) ;
#8787 = DIRECTION ( 'NONE',  ( 0.0000000000000000000, -1.000000000000000000, 0.0000000000000000000 ) ) ;
#8788 = CARTESIAN_POINT ( 'NONE',  ( 0.1921259842519688900, 0.05244063622047175800, -0.05787401574803151300 ) ) ;
#8789 = DIRECTION ( 'NONE',  ( -0.0000000000000000000, -0.0000000000000000000, 1.000000000000000000 ) ) ;
#8790 = EDGE_CURVE ( 'NONE', #3317, #3061, #9596, .T. ) ;
#8791 = LINE ( 'NONE', #5887, #10865 ) ;
#8792 = ORIENTED_EDGE ( 'NONE', *, *, #2051, .F. ) ;
#8793 = CARTESIAN_POINT ( 'NONE',  ( 0.1795275590551181600, 0.3149606299212595600, -0.04212598425196851400 ) ) ;
#8794 = LINE ( 'NONE', #8436, #1578 ) ;
#8795 = DIRECTION ( 'NONE',  ( -1.000000000000000000, 0.0000000000000000000, 0.0000000000000000000 ) ) ;
#8796 = ORIENTED_EDGE ( 'NONE', *, *, #8769, .T. ) ;
#8797 = ORIENTED_EDGE ( 'NONE', *, *, #5295, .F. ) ;
#8798 = ORIENTED_EDGE ( 'NONE', *, *, #994, .F. ) ;
#8799 = CARTESIAN_POINT ( 'NONE',  ( 0.1795275590551181600, 0.3149606299212595600, -0.05787401574803152000 ) ) ;
#8800 = ORIENTED_EDGE ( 'NONE', *, *, #9445, .T. ) ;
#8801 = FACE_OUTER_BOUND ( 'NONE', #2960, .T. ) ;
#8802 = VECTOR ( 'NONE', #7114, 39.37007874015748100 ) ;
#8803 = ORIENTED_EDGE ( 'NONE', *, *, #1029, .F. ) ;
#8804 = LINE ( 'NONE', #4046, #6387 ) ;
#8805 = DIRECTION ( 'NONE',  ( -0.9991100788575018000, -0.04217878999398427800, 0.0000000000000000000 ) ) ;
#8806 = ORIENTED_EDGE ( 'NONE', *, *, #8444, .F. ) ;
#8807 = ORIENTED_EDGE ( 'NONE', *, *, #4224, .F. ) ;
#8808 = CARTESIAN_POINT ( 'NONE',  ( 0.6718503937011968100, 0.2287793731563230700, -0.04212598425196851400 ) ) ;
#8809 = EDGE_CURVE ( 'NONE', #149, #1387, #4779, .T. ) ;
#8810 = CARTESIAN_POINT ( 'NONE',  ( 0.02834645669273750900, 0.3346456692915734700, -0.01812598437007874300 ) ) ;
#8811 = AXIS2_PLACEMENT_3D ( 'NONE', #1669, #4394, #10680 ) ;
#8812 = VECTOR ( 'NONE', #8989, 39.37007874015748100 ) ;
#8813 = CARTESIAN_POINT ( 'NONE',  ( 0.3913385826771659200, 0.3346456692913382700, -0.01850393700787325900 ) ) ;
#8814 = LINE ( 'NONE', #8166, #9089 ) ;
#8815 = ORIENTED_EDGE ( 'NONE', *, *, #10714, .T. ) ;
#8816 = VECTOR ( 'NONE', #9778, 39.37007874015748100 ) ;
#8817 = VERTEX_POINT ( 'NONE', #9091 ) ;
#8818 = VERTEX_POINT ( 'NONE', #2789 ) ;
#8819 = CARTESIAN_POINT ( 'NONE',  ( 0.6279527559055123600, 0.05244063622047148700, -0.05787401574803151300 ) ) ;
#8820 = ADVANCED_FACE ( 'NONE', ( #2397 ), #2113, .T. ) ;
#8821 = DIRECTION ( 'NONE',  ( 0.0000000000000000000, -0.0000000000000000000, 1.000000000000000000 ) ) ;
#8823 = CIRCLE ( 'NONE', #9548, 0.03976377952755894000 ) ;
#8822 = CARTESIAN_POINT ( 'NONE',  ( 0.2999999999956741700, 0.1339366992112627800, -0.08208661417322835100 ) ) ;
#8824 = EDGE_CURVE ( 'NONE', #4988, #6561, #6919, .T. ) ;
#8825 = EDGE_LOOP ( 'NONE', ( #2267, #4645, #2551, #4929 ) ) ;
#8827 = ORIENTED_EDGE ( 'NONE', *, *, #1839, .F. ) ;
#8826 = AXIS2_PLACEMENT_3D ( 'NONE', #10151, #4741, #11016 ) ;
#8828 = CARTESIAN_POINT ( 'NONE',  ( 0.3826771653543312700, 0.04456662047243921400, -0.04212598425196851400 ) ) ;
#8829 = LINE ( 'NONE', #2930, #1321 ) ;
#8830 = ORIENTED_EDGE ( 'NONE', *, *, #9660, .F. ) ;
#8831 = ORIENTED_EDGE ( 'NONE', *, *, #5254, .T. ) ;
#8832 = CIRCLE ( 'NONE', #735, 0.09219577657480328100 ) ;
#8833 = DIRECTION ( 'NONE',  ( 0.03123475260614225900, -0.9995120760799406400, 0.0000000000000000000 ) ) ;
#8834 = CARTESIAN_POINT ( 'NONE',  ( -0.4999999999999996100, 0.01968503937007875700, -0.04212598425196851400 ) ) ;
#8835 = CARTESIAN_POINT ( 'NONE',  ( 0.3509842519685044700, -0.1259842519685042700, -0.04212598425196851400 ) ) ;
#8836 = ADVANCED_FACE ( 'NONE', ( #11376 ), #4232, .F. ) ;
#8837 = LINE ( 'NONE', #10527, #1624 ) ;
#8838 = DIRECTION ( 'NONE',  ( 0.03123475200308707700, 0.9995120760987861200, 0.0000000000000000000 ) ) ;
#8839 = ORIENTED_EDGE ( 'NONE', *, *, #5503, .T. ) ;
#8840 = CARTESIAN_POINT ( 'NONE',  ( 0.4795275591743964300, 0.2885954232650421700, -0.05787401574803151300 ) ) ;
#8841 = LINE ( 'NONE', #449, #1629 ) ;
#8842 = ORIENTED_EDGE ( 'NONE', *, *, #498, .F. ) ;
#8843 = CARTESIAN_POINT ( 'NONE',  ( 0.6283464566929137800, 0.3346456692913384900, -0.08149606299212608400 ) ) ;
#8844 = EDGE_CURVE ( 'NONE', #7948, #4542, #9031, .T. ) ;
#8845 = VECTOR ( 'NONE', #2270, 39.37007874015748100 ) ;
#8846 = PLANE ( 'NONE',  #1042 ) ;
#8847 = EDGE_CURVE ( 'NONE', #1193, #4746, #4503, .T. ) ;
#8848 = CARTESIAN_POINT ( 'NONE',  ( 0.4748031496062997100, -0.1011811023622053900, -0.05787401574803151300 ) ) ;
#8849 = FACE_OUTER_BOUND ( 'NONE', #11566, .T. ) ;
#8850 = DIRECTION ( 'NONE',  ( 1.000000000000000000, -0.0000000000000000000, 0.0000000000000000000 ) ) ;
#8851 = PLANE ( 'NONE',  #479 ) ;
#8852 = ORIENTED_EDGE ( 'NONE', *, *, #2903, .T. ) ;
#8853 = VERTEX_POINT ( 'NONE', #10911 ) ;
#8854 = VECTOR ( 'NONE', #7985, 39.37007874015748100 ) ;
#8855 = LINE ( 'NONE', #6494, #1649 ) ;
#8856 = PLANE ( 'NONE',  #114 ) ;
#8857 = PLANE ( 'NONE',  #7645 ) ;
#8858 = DIRECTION ( 'NONE',  ( 0.0000000000000000000, 0.0000000000000000000, 1.000000000000000000 ) ) ;
#8859 = DIRECTION ( 'NONE',  ( -1.000000000000000000, 0.0000000000000000000, 0.0000000000000000000 ) ) ;
#8860 = VERTEX_POINT ( 'NONE', #93 ) ;
#8861 = CARTESIAN_POINT ( 'NONE',  ( 0.6279527559055123600, 0.05244063622047148700, -0.04212598425196851400 ) ) ;
#8862 = EDGE_CURVE ( 'NONE', #10607, #10619, #3945, .T. ) ;
#8863 = ORIENTED_EDGE ( 'NONE', *, *, #8670, .F. ) ;
#8864 = VECTOR ( 'NONE', #11648, 39.37007874015748100 ) ;
#8865 = LINE ( 'NONE', #679, #10672 ) ;
#8866 = ORIENTED_EDGE ( 'NONE', *, *, #6655, .F. ) ;
#8867 = CARTESIAN_POINT ( 'NONE',  ( 0.09133858251968535200, 0.3346456690944879500, -0.01812598440944882300 ) ) ;
#8868 = PERSON_AND_ORGANIZATION ( #4812, #2956 ) ;
#8870 = AXIS2_PLACEMENT_3D ( 'NONE', #11178, #5794, #374 ) ;
#8869 = CARTESIAN_POINT ( 'NONE',  ( 0.6958661417737546100, 0.1473225259763941700, -0.05787401574803150600 ) ) ;
#8871 = VECTOR ( 'NONE', #9192, 39.37007874015748100 ) ;
#8872 = ORIENTED_EDGE ( 'NONE', *, *, #4113, .T. ) ;
#8873 = EDGE_CURVE ( 'NONE', #7492, #3930, #8747, .T. ) ;
#8874 = ADVANCED_FACE ( 'NONE', ( #10828 ), #2866, .F. ) ;
#8875 = VERTEX_POINT ( 'NONE', #7364 ) ;
#8876 = ORIENTED_EDGE ( 'NONE', *, *, #2830, .T. ) ;
#8877 = PLANE ( 'NONE',  #1503 ) ;
#8878 = VECTOR ( 'NONE', #7643, 39.37007874015748100 ) ;
#8879 = DIRECTION ( 'NONE',  ( 0.9745213851683854900, -0.2242946050387554500, 0.0000000000000000000 ) ) ;
#8880 = EDGE_LOOP ( 'NONE', ( #7991, #10354, #1015, #8264 ) ) ;
#8881 = EDGE_LOOP ( 'NONE', ( #10883, #8807, #11155, #4290 ) ) ;
#8882 = DIRECTION ( 'NONE',  ( -0.0000000000000000000, -0.0000000000000000000, 1.000000000000000000 ) ) ;
#8883 = ADVANCED_FACE ( 'NONE', ( #6335 ), #1052, .F. ) ;
#8884 = ORIENTED_EDGE ( 'NONE', *, *, #7581, .F. ) ;
#8885 = EDGE_CURVE ( 'NONE', #11084, #8637, #6623, .T. ) ;
#8886 = AXIS2_PLACEMENT_3D ( 'NONE', #5677, #6609, #9298 ) ;
#8887 = DIRECTION ( 'NONE',  ( 0.03123475200308707700, 0.9995120760987861200, 0.0000000000000000000 ) ) ;
#8888 = DIRECTION ( 'NONE',  ( -0.0000000000000000000, -0.0000000000000000000, 1.000000000000000000 ) ) ;
#8889 = FACE_OUTER_BOUND ( 'NONE', #7808, .T. ) ;
#8890 = CARTESIAN_POINT ( 'NONE',  ( 0.2765748031408026800, 0.3149606299226439500, -0.01812598429133858600 ) ) ;
#8891 = DIRECTION ( 'NONE',  ( 1.000000000000000000, -0.0000000000000000000, 0.0000000000000000000 ) ) ;
#8892 = PLANE ( 'NONE',  #8674 ) ;
#8893 = VERTEX_POINT ( 'NONE', #129 ) ;
#8894 = DIRECTION ( 'NONE',  ( 0.9745213851683854900, -0.2242946050387554500, 0.0000000000000000000 ) ) ;
#8895 = ORIENTED_EDGE ( 'NONE', *, *, #9460, .F. ) ;
#8896 = FACE_OUTER_BOUND ( 'NONE', #11233, .T. ) ;
#8897 = LINE ( 'NONE', #8330, #10978 ) ;
#8898 = ORIENTED_EDGE ( 'NONE', *, *, #9095, .F. ) ;
#8899 = CARTESIAN_POINT ( 'NONE',  ( 0.01968503937007929200, 0.1027140031889745600, -0.04212598425196851400 ) ) ;
#8900 = EDGE_CURVE ( 'NONE', #11686, #334, #6042, .T. ) ;
#8901 = VERTEX_POINT ( 'NONE', #5585 ) ;
#8902 = DIRECTION ( 'NONE',  ( -0.0000000000000000000, -0.0000000000000000000, -1.000000000000000000 ) ) ;
#8903 = CARTESIAN_POINT ( 'NONE',  ( 0.2445558501181105700, 0.1112594900787393400, -0.05787401574803151300 ) ) ;
#8904 = CARTESIAN_POINT ( 'NONE',  ( 0.6196850393700792400, 0.01968503937007875700, -0.04212598425196851400 ) ) ;
#8905 = AXIS2_PLACEMENT_3D ( 'NONE', #1379, #3230, #9532 ) ;
#8906 = MANIFOLD_SOLID_BREP ( 'LPattern1[14]', #10069 ) ;
#8907 = CARTESIAN_POINT ( 'NONE',  ( 0.4577900044881894600, 0.2475998051574795600, -0.04212598425196852800 ) ) ;
#8908 = EDGE_CURVE ( 'NONE', #3596, #9454, #3664, .T. ) ;
#8909 = ORIENTED_EDGE ( 'NONE', *, *, #1611, .T. ) ;
#8910 = LINE ( 'NONE', #6891, #8633 ) ;
#8911 = DIRECTION ( 'NONE',  ( 1.000000000000000000, -0.0000000000000000000, 0.0000000000000000000 ) ) ;
#8912 = LINE ( 'NONE', #9509, #4397 ) ;
#8913 = VERTEX_POINT ( 'NONE', #7449 ) ;
#8914 = EDGE_LOOP ( 'NONE', ( #3714, #8124, #8108, #6034 ) ) ;
#8915 = CARTESIAN_POINT ( 'NONE',  ( 0.2200787401574807700, 0.08959064362204712000, -0.04212598425196851400 ) ) ;
#8916 = DIRECTION ( 'NONE',  ( 0.0000000000000000000, 0.0000000000000000000, 1.000000000000000000 ) ) ;
#8918 = EDGE_CURVE ( 'NONE', #7585, #1672, #8196, .T. ) ;
#8917 = DIRECTION ( 'NONE',  ( 1.000000000000000000, 0.0000000000000000000, 0.0000000000000000000 ) ) ;
#8919 = FACE_OUTER_BOUND ( 'NONE', #7662, .T. ) ;
#8920 = ORIENTED_EDGE ( 'NONE', *, *, #3552, .F. ) ;
#8921 = DIRECTION ( 'NONE',  ( 0.0000000000000000000, -0.0000000000000000000, -1.000000000000000000 ) ) ;
#8922 = VECTOR ( 'NONE', #2375, 39.37007874015748100 ) ;
#8923 = EDGE_CURVE ( 'NONE', #5647, #9126, #3385, .T. ) ;
#8924 = ORIENTED_EDGE ( 'NONE', *, *, #5158, .F. ) ;
#8925 = ORIENTED_EDGE ( 'NONE', *, *, #5121, .T. ) ;
#8926 = APPROVAL ( #6652, 'UNSPECIFIED' ) ;
#8927 = CARTESIAN_POINT ( 'NONE',  ( 0.3795275590551186500, 0.01968503937007875700, -0.05787401574803152000 ) ) ;
#8928 = CARTESIAN_POINT ( 'NONE',  ( 0.5445558501181107000, 0.1112594900787393400, -0.05787401574803151300 ) ) ;
#8929 = VERTEX_POINT ( 'NONE', #205 ) ;
#8930 = ADVANCED_FACE ( 'NONE', ( #7912 ), #674, .T. ) ;
#8931 = CARTESIAN_POINT ( 'NONE',  ( 0.4000000000000005200, 0.01968503937007875700, -0.04212598425196851400 ) ) ;
#8932 = VECTOR ( 'NONE', #10965, 39.37007874015748100 ) ;
#8933 = CARTESIAN_POINT ( 'NONE',  ( 0.2305118110727774600, 0.2965351244027641400, -0.04212598425196851400 ) ) ;
#8934 = ORIENTED_EDGE ( 'NONE', *, *, #1027, .T. ) ;
#8935 = CIRCLE ( 'NONE', #5622, 0.03976377952755907200 ) ;
#8936 = EDGE_LOOP ( 'NONE', ( #6615, #1021, #2179, #10960, #6599, #9256, #3971, #7215 ) ) ;
#8937 = ORIENTED_EDGE ( 'NONE', *, *, #11058, .F. ) ;
#8938 = VERTEX_POINT ( 'NONE', #8399 ) ;
#8939 = DIRECTION ( 'NONE',  ( 0.0000000000000000000, -0.6000000000000002000, 0.7999999999999998200 ) ) ;
#8940 = EDGE_CURVE ( 'NONE', #4012, #4436, #5463, .T. ) ;
#8941 = DIRECTION ( 'NONE',  ( 1.000000000000000000, 0.0000000000000000000, -0.0000000000000000000 ) ) ;
#8942 = VECTOR ( 'NONE', #2040, 39.37007874015748100 ) ;
#8943 = CARTESIAN_POINT ( 'NONE',  ( 0.01968503937007930500, 0.1027140031889746500, -0.05787401574803151300 ) ) ;
#8944 = DIRECTION ( 'NONE',  ( 0.0000000000000000000, 0.0000000000000000000, 1.000000000000000000 ) ) ;
#8945 = LINE ( 'NONE', #11122, #4142 ) ;
#8946 = ADVANCED_FACE ( 'NONE', ( #10287 ), #2983, .F. ) ;
#8947 = ORIENTED_EDGE ( 'NONE', *, *, #10967, .F. ) ;
#8948 = DIRECTION ( 'NONE',  ( -1.000000000000000000, -0.0000000000000000000, 0.0000000000000000000 ) ) ;
#8949 = FACE_OUTER_BOUND ( 'NONE', #511, .T. ) ;
#8950 = ORIENTED_EDGE ( 'NONE', *, *, #9905, .T. ) ;
#8951 = ORIENTED_EDGE ( 'NONE', *, *, #1476, .T. ) ;
#8952 = DIRECTION ( 'NONE',  ( 0.9995120760987861200, -0.03123475200308707700, 0.0000000000000000000 ) ) ;
#8953 = CARTESIAN_POINT ( 'NONE',  ( 0.2568533023228350400, 0.2494168253937005800, -0.04212598425196852800 ) ) ;
#8954 = LINE ( 'NONE', #6863, #2041 ) ;
#8955 = DIRECTION ( 'NONE',  ( 0.0000000000000000000, 0.0000000000000000000, -1.000000000000000000 ) ) ;
#8956 = CARTESIAN_POINT ( 'NONE',  ( 0.3718503937007878700, 0.2287793732283450500, -0.05787401574803151300 ) ) ;
#8957 = ORIENTED_EDGE ( 'NONE', *, *, #8824, .T. ) ;
#8958 = VERTEX_POINT ( 'NONE', #5667 ) ;
#8959 = CARTESIAN_POINT ( 'NONE',  ( 0.3445558501181105700, 0.1112594900787393400, -0.05787401574803151300 ) ) ;
#8960 = EDGE_CURVE ( 'NONE', #1819, #5685, #3108, .T. ) ;
#8961 = EDGE_CURVE ( 'NONE', #8109, #1138, #1244, .T. ) ;
#8962 = FACE_OUTER_BOUND ( 'NONE', #8159, .T. ) ;
#8963 = ORIENTED_EDGE ( 'NONE', *, *, #1774, .T. ) ;
#8964 = VERTEX_POINT ( 'NONE', #3022 ) ;
#8965 = PLANE ( 'NONE',  #4733 ) ;
#8966 = AXIS2_PLACEMENT_3D ( 'NONE', #2657, #10746, #5348 ) ;
#8967 = LINE ( 'NONE', #577, #11314 ) ;
#8968 = ORIENTED_EDGE ( 'NONE', *, *, #11427, .T. ) ;
#8969 = ORIENTED_EDGE ( 'NONE', *, *, #2206, .T. ) ;
#8970 = CARTESIAN_POINT ( 'NONE',  ( 0.1895669291405918700, 0.2965351244331185800, -0.04212598425196852100 ) ) ;
#8971 = DIRECTION ( 'NONE',  ( -0.7999999999999998200, -0.6000000000000002000, 0.0000000000000000000 ) ) ;
#8972 = EDGE_CURVE ( 'NONE', #6100, #7131, #370, .T. ) ;
#8974 = CARTESIAN_POINT ( 'NONE',  ( 0.4088916445275594900, 0.2617829512992116400, -0.05787401574803151300 ) ) ;
#8973 = VECTOR ( 'NONE', #6102, 39.37007874015748100 ) ;
#8975 = ORIENTED_EDGE ( 'NONE', *, *, #5701, .F. ) ;
#8976 = ORIENTED_EDGE ( 'NONE', *, *, #8585, .F. ) ;
#8977 = PLANE ( 'NONE',  #9894 ) ;
#8978 = VECTOR ( 'NONE', #5202, 39.37007874015748100 ) ;
#8979 = EDGE_CURVE ( 'NONE', #5996, #9415, #9726, .T. ) ;
#8980 = LINE ( 'NONE', #953, #6573 ) ;
#8981 = CARTESIAN_POINT ( 'NONE',  ( 0.04015748031496117800, 0.01968503937007875700, -0.07165354330708663400 ) ) ;
#8982 = AXIS2_PLACEMENT_3D ( 'NONE', #2622, #3517, #9839 ) ;
#8983 = ORIENTED_EDGE ( 'NONE', *, *, #8748, .F. ) ;
#8984 = ORIENTED_EDGE ( 'NONE', *, *, #3041, .F. ) ;
#8985 = ORIENTED_EDGE ( 'NONE', *, *, #9361, .F. ) ;
#8986 = CARTESIAN_POINT ( 'NONE',  ( 0.5111870956299217100, 0.2432397985433058200, -0.04212598425196851400 ) ) ;
#8988 = CARTESIAN_POINT ( 'NONE',  ( 0.1765748031496069700, 0.3149606299212593400, -0.06673228346456680500 ) ) ;
#8987 = VECTOR ( 'NONE', #10034, 39.37007874015748100 ) ;
#8989 = DIRECTION ( 'NONE',  ( -1.000000000000000000, -0.0000000000000000000, 0.0000000000000000000 ) ) ;
#8990 = CARTESIAN_POINT ( 'NONE',  ( 0.6748031496145443500, 0.04456662047243921400, -0.04212598425196852800 ) ) ;
#8991 = DIRECTION ( 'NONE',  ( -1.000000000000000000, -0.0000000000000000000, 0.0000000000000000000 ) ) ;
#8992 = LINE ( 'NONE', #8121, #2074 ) ;
#8993 = DIRECTION ( 'NONE',  ( -0.0000000000000000000, -0.0000000000000000000, 1.000000000000000000 ) ) ;
#8994 = ADVANCED_FACE ( 'NONE', ( #2535 ), #4817, .F. ) ;
#8995 = VERTEX_POINT ( 'NONE', #2148 ) ;
#8996 = CARTESIAN_POINT ( 'NONE',  ( 0.4000000000000004700, 0.06031465196850320500, -0.04212598425196852800 ) ) ;
#8997 = EDGE_CURVE ( 'NONE', #2146, #2300, #87, .T. ) ;
#8998 = ORIENTED_EDGE ( 'NONE', *, *, #9922, .F. ) ;
#8999 = AXIS2_PLACEMENT_3D ( 'NONE', #1653, #8911, #3508 ) ;
#9000 = LINE ( 'NONE', #2084, #4472 ) ;
#9001 = CARTESIAN_POINT ( 'NONE',  ( 0.01968503937007930500, 0.3149606299212595600, -0.05787401574803152000 ) ) ;
#9002 = EDGE_CURVE ( 'NONE', #1688, #8818, #7336, .T. ) ;
#9003 = PLANE ( 'NONE',  #2968 ) ;
#9004 = DIRECTION ( 'NONE',  ( 1.000000000000000000, 0.0000000000000000000, 0.0000000000000000000 ) ) ;
#9005 = VECTOR ( 'NONE', #9745, 39.37007874015748100 ) ;
#9006 = PLANE ( 'NONE',  #10745 ) ;
#9007 = VERTEX_POINT ( 'NONE', #6676 ) ;
#9008 = DIRECTION ( 'NONE',  ( 1.000000000000000000, 0.0000000000000000000, -0.0000000000000000000 ) ) ;
#9009 = ADVANCED_FACE ( 'NONE', ( #11503 ), #7607, .F. ) ;
#9010 = LINE ( 'NONE', #5977, #8728 ) ;
#9011 = AXIS2_PLACEMENT_3D ( 'NONE', #7739, #7657, #7892 ) ;
#9012 = ORIENTED_EDGE ( 'NONE', *, *, #2290, .T. ) ;
#9013 = CARTESIAN_POINT ( 'NONE',  ( 0.5999999999985583500, 0.1339366992019233600, -0.04212598425196851400 ) ) ;
#9014 = DIRECTION ( 'NONE',  ( 1.000000000000000000, 0.0000000000000000000, -0.0000000000000000000 ) ) ;
#9015 = DIRECTION ( 'NONE',  ( 0.2242946050387554200, 0.9745213851683853800, 0.0000000000000000000 ) ) ;
#9016 = VECTOR ( 'NONE', #7238, 39.37007874015748100 ) ;
#9017 = EDGE_CURVE ( 'NONE', #5369, #3439, #9448, .T. ) ;
#9018 = DIRECTION ( 'NONE',  ( 0.0000000000000000000, 0.0000000000000000000, 1.000000000000000000 ) ) ;
#9019 = VERTEX_POINT ( 'NONE', #4892 ) ;
#9020 = LOCAL_TIME ( 0, 21, 42.00000000000000000, #11364 ) ;
#9021 = DIRECTION ( 'NONE',  ( 1.000000000000000000, 0.0000000000000000000, -0.0000000000000000000 ) ) ;
#9022 = VECTOR ( 'NONE', #10644, 39.37007874015748100 ) ;
#9023 = VERTEX_POINT ( 'NONE', #5789 ) ;
#9024 = VERTEX_POINT ( 'NONE', #368 ) ;
#9025 = CARTESIAN_POINT ( 'NONE',  ( 0.04527559055118158400, -0.1011811023622053900, -0.04212598425196851400 ) ) ;
#9026 = DIRECTION ( 'NONE',  ( 0.0000000000000000000, 0.0000000000000000000, 1.000000000000000000 ) ) ;
#9027 = CARTESIAN_POINT ( 'NONE',  ( 0.1795275590551181600, 0.01968503937007875700, -0.02834645669291339200 ) ) ;
#9028 = VERTEX_POINT ( 'NONE', #11169 ) ;
#9029 = CARTESIAN_POINT ( 'NONE',  ( 0.06909448818897663500, -0.1259842519685042700, -0.05787401574803151300 ) ) ;
#9030 = VECTOR ( 'NONE', #5226, 39.37007874015748100 ) ;
#9031 = LINE ( 'NONE', #8243, #2687 ) ;
#9032 = EDGE_CURVE ( 'NONE', #8929, #10130, #4631, .T. ) ;
#9033 = ORIENTED_EDGE ( 'NONE', *, *, #3222, .T. ) ;
#9034 = DIRECTION ( 'NONE',  ( 0.0000000000000000000, -1.000000000000000000, -0.0000000000000000000 ) ) ;
#9035 = ORIENTED_EDGE ( 'NONE', *, *, #8636, .F. ) ;
#9036 = VECTOR ( 'NONE', #10723, 39.37007874015748100 ) ;
#9037 = DIRECTION ( 'NONE',  ( 0.0000000000000000000, 0.0000000000000000000, -1.000000000000000000 ) ) ;
#9038 = LINE ( 'NONE', #3201, #8760 ) ;
#9039 = CARTESIAN_POINT ( 'NONE',  ( 0.5795275590551185500, 0.3149606299212595600, -0.04212598425196851400 ) ) ;
#9040 = VERTEX_POINT ( 'NONE', #3140 ) ;
#9041 = EDGE_CURVE ( 'NONE', #8660, #10598, #11231, .T. ) ;
#9042 = AXIS2_PLACEMENT_3D ( 'NONE', #5168, #669, #4285 ) ;
#9043 = ORIENTED_EDGE ( 'NONE', *, *, #101, .T. ) ;
#9044 = DIRECTION ( 'NONE',  ( 0.0000000000000000000, 0.0000000000000000000, -1.000000000000000000 ) ) ;
#9045 = PLANE ( 'NONE',  #3742 ) ;
#9046 = FACE_OUTER_BOUND ( 'NONE', #7329, .T. ) ;
#9047 = CARTESIAN_POINT ( 'NONE',  ( 0.1795275590551181600, 0.3149606299212595600, -0.02834645669291339200 ) ) ;
#9048 = LINE ( 'NONE', #9739, #9331 ) ;
#9049 = ORIENTED_EDGE ( 'NONE', *, *, #1383, .F. ) ;
#9050 = DIRECTION ( 'NONE',  ( 0.0000000000000000000, 0.0000000000000000000, -1.000000000000000000 ) ) ;
#9051 = EDGE_LOOP ( 'NONE', ( #4740, #6785, #11690, #4273 ) ) ;
#9052 = CARTESIAN_POINT ( 'NONE',  ( 0.6445558501181106700, 0.1112594900787393400, -0.05787401574803151300 ) ) ;
#9053 = FACE_OUTER_BOUND ( 'NONE', #10775, .T. ) ;
#9054 = CARTESIAN_POINT ( 'NONE',  ( 0.1702238797967448300, 0.2525113753331355000, -0.04212598425196851400 ) ) ;
#9055 = EDGE_CURVE ( 'NONE', #9708, #6995, #6464, .T. ) ;
#9056 = DIRECTION ( 'NONE',  ( 0.0000000000000000000, -0.0000000000000000000, -1.000000000000000000 ) ) ;
#9057 = LINE ( 'NONE', #7474, #3693 ) ;
#9058 = EDGE_LOOP ( 'NONE', ( #6546, #3444, #5959, #1342 ) ) ;
#9059 = ORIENTED_EDGE ( 'NONE', *, *, #4576, .T. ) ;
#9060 = ADVANCED_FACE ( 'NONE', ( #1967 ), #10957, .T. ) ;
#9061 = DIRECTION ( 'NONE',  ( 0.04217878999398427100, 0.9991100788575016900, 0.0000000000000000000 ) ) ;
#9062 = AXIS2_PLACEMENT_3D ( 'NONE', #8392, #9282, #3882 ) ;
#9063 = DIRECTION ( 'NONE',  ( 1.000000000000000000, 0.0000000000000000000, 0.0000000000000000000 ) ) ;
#9064 = EDGE_CURVE ( 'NONE', #50, #9705, #4367, .T. ) ;
#9065 = DIRECTION ( 'NONE',  ( 0.0000000000000000000, 0.0000000000000000000, 1.000000000000000000 ) ) ;
#9066 = AXIS2_PLACEMENT_3D ( 'NONE', #9330, #2152, #8481 ) ;
#9067 = VERTEX_POINT ( 'NONE', #2265 ) ;
#9068 = CARTESIAN_POINT ( 'NONE',  ( 0.3401574803149611200, 0.01968503937007875700, -0.02834645669291339200 ) ) ;
#9069 = VECTOR ( 'NONE', #433, 39.37007874015748100 ) ;
#9070 = VERTEX_POINT ( 'NONE', #3186 ) ;
#9071 = DIRECTION ( 'NONE',  ( -0.0000000000000000000, -1.000000000000000000, 0.0000000000000000000 ) ) ;
#9072 = LINE ( 'NONE', #10187, #11142 ) ;
#9073 = ORIENTED_EDGE ( 'NONE', *, *, #9992, .F. ) ;
#9074 = EDGE_LOOP ( 'NONE', ( #9073, #79, #9542, #5264 ) ) ;
#9075 = ORIENTED_EDGE ( 'NONE', *, *, #4869, .F. ) ;
#9076 = CARTESIAN_POINT ( 'NONE',  ( 0.02007874015748071700, 0.06031465196850320500, -0.04212598425196852100 ) ) ;
#9077 = LINE ( 'NONE', #1460, #11693 ) ;
#9078 = DIRECTION ( 'NONE',  ( -1.000000000000000000, 0.0000000000000000000, 0.0000000000000000000 ) ) ;
#9079 = EDGE_CURVE ( 'NONE', #8929, #11133, #6185, .T. ) ;
#9080 = LINE ( 'NONE', #10708, #1880 ) ;
#9081 = ORIENTED_EDGE ( 'NONE', *, *, #3522, .F. ) ;
#9082 = CIRCLE ( 'NONE', #2255, 0.007874015748031449100 ) ;
#9083 = ORIENTED_EDGE ( 'NONE', *, *, #4590, .F. ) ;
#9084 = ORIENTED_EDGE ( 'NONE', *, *, #9959, .T. ) ;
#9085 = DIRECTION ( 'NONE',  ( 0.0000000000000000000, 0.0000000000000000000, 1.000000000000000000 ) ) ;
#9086 = CARTESIAN_POINT ( 'NONE',  ( 0.08267716535433117200, 0.04456662047243921400, -0.04212598425196852800 ) ) ;
#9088 = FACE_OUTER_BOUND ( 'NONE', #6763, .T. ) ;
#9087 = DIRECTION ( 'NONE',  ( 1.000000000000000000, 0.0000000000000000000, -0.0000000000000000000 ) ) ;
#9089 = VECTOR ( 'NONE', #2743, 39.37007874015748100 ) ;
#9090 = ORIENTED_EDGE ( 'NONE', *, *, #10993, .F. ) ;
#9091 = CARTESIAN_POINT ( 'NONE',  ( 0.1196850393700793400, 0.3149606299212595600, -0.04212598425196851400 ) ) ;
#9092 = VECTOR ( 'NONE', #4338, 39.37007874015748100 ) ;
#9093 = ORIENTED_EDGE ( 'NONE', *, *, #10503, .T. ) ;
#9094 = ORIENTED_EDGE ( 'NONE', *, *, #1693, .T. ) ;
#9095 = EDGE_CURVE ( 'NONE', #1845, #2146, #8604, .T. ) ;
#9096 = CARTESIAN_POINT ( 'NONE',  ( 0.6401574803149611100, 0.3149606299212595600, -0.07165354330708663400 ) ) ;
#9097 = CARTESIAN_POINT ( 'NONE',  ( 0.2452755905454445400, -0.1011811023372787700, -0.05787401574803151300 ) ) ;
#9098 = DIRECTION ( 'NONE',  ( 0.0000000000000000000, 0.0000000000000000000, 1.000000000000000000 ) ) ;
#9099 = CARTESIAN_POINT ( 'NONE',  ( 0.3401574803115176000, 0.2890203332166548800, -0.05787401574803151300 ) ) ;
#9100 = LINE ( 'NONE', #1109, #11168 ) ;
#9101 = DIRECTION ( 'NONE',  ( 0.0000000000000000000, -0.0000000000000000000, -1.000000000000000000 ) ) ;
#9102 = CARTESIAN_POINT ( 'NONE',  ( 0.5200787401574810100, 0.1053386751217956200, -0.05787401574803152000 ) ) ;
#9103 = ORIENTED_EDGE ( 'NONE', *, *, #5643, .T. ) ;
#9104 = ORIENTED_EDGE ( 'NONE', *, *, #9325, .F. ) ;
#9105 = DIRECTION ( 'NONE',  ( 0.0000000000000000000, -0.0000000000000000000, -1.000000000000000000 ) ) ;
#9106 = VECTOR ( 'NONE', #77, 39.37007874015748100 ) ;
#9107 = ORIENTED_EDGE ( 'NONE', *, *, #8775, .T. ) ;
#9108 = VERTEX_POINT ( 'NONE', #7725 ) ;
#9109 = LINE ( 'NONE', #5541, #10906 ) ;
#9110 = CARTESIAN_POINT ( 'NONE',  ( 0.5242125984251974100, 0.1473225259842513800, -0.05787401574803150600 ) ) ;
#9111 = DIRECTION ( 'NONE',  ( -0.0000000000000000000, -0.0000000000000000000, 1.000000000000000000 ) ) ;
#9112 = LINE ( 'NONE', #8956, #1917 ) ;
#9113 = DIRECTION ( 'NONE',  ( 0.0000000000000000000, 0.0000000000000000000, -1.000000000000000000 ) ) ;
#9114 = EDGE_CURVE ( 'NONE', #2034, #11698, #10687, .T. ) ;
#9115 = DIRECTION ( 'NONE',  ( 0.0000000000000000000, 0.0000000000000000000, 1.000000000000000000 ) ) ;
#9116 = ORIENTED_EDGE ( 'NONE', *, *, #4919, .F. ) ;
#9117 = DIRECTION ( 'NONE',  ( -0.0000000000000000000, -0.0000000000000000000, 1.000000000000000000 ) ) ;
#9118 = CIRCLE ( 'NONE', #4363, 0.08668467618110251000 ) ;
#9119 = VERTEX_POINT ( 'NONE', #1373 ) ;
#9120 = FACE_OUTER_BOUND ( 'NONE', #7764, .T. ) ;
#9121 = ADVANCED_FACE ( 'NONE', ( #3794 ), #11285, .F. ) ;
#9122 = DIRECTION ( 'NONE',  ( 1.000000000000000000, 0.0000000000000000000, 0.0000000000000000000 ) ) ;
#9123 = LINE ( 'NONE', #5071, #6427 ) ;
#9124 = EDGE_CURVE ( 'NONE', #7355, #384, #3512, .T. ) ;
#9125 = CARTESIAN_POINT ( 'NONE',  ( 0.3755228901018722900, 0.1112594903586054400, -0.05787401574803151300 ) ) ;
#9126 = VERTEX_POINT ( 'NONE', #1407 ) ;
#9127 = ORIENTED_EDGE ( 'NONE', *, *, #8752, .T. ) ;
#9128 = CARTESIAN_POINT ( 'NONE',  ( 0.4795275590551187400, 0.3149606299212595600, -0.05787401574803152000 ) ) ;
#9129 = EDGE_CURVE ( 'NONE', #8893, #1104, #8329, .T. ) ;
#9130 = LINE ( 'NONE', #675, #4604 ) ;
#9131 = DIRECTION ( 'NONE',  ( -0.0000000000000000000, 0.0000000000000000000, 1.000000000000000000 ) ) ;
#9132 = EDGE_CURVE ( 'NONE', #6350, #9470, #6760, .T. ) ;
#9133 = AXIS2_PLACEMENT_3D ( 'NONE', #4255, #649, #6989 ) ;
#9134 = FACE_OUTER_BOUND ( 'NONE', #8000, .T. ) ;
#9135 = ORIENTED_EDGE ( 'NONE', *, *, #7505, .T. ) ;
#9136 = DIRECTION ( 'NONE',  ( 1.000000000000000000, 0.0000000000000000000, -0.0000000000000000000 ) ) ;
#9137 = DIRECTION ( 'NONE',  ( -1.000000000000000000, 0.0000000000000000000, 0.0000000000000000000 ) ) ;
#9138 = ORIENTED_EDGE ( 'NONE', *, *, #2661, .T. ) ;
#9139 = CARTESIAN_POINT ( 'NONE',  ( 0.4200787401574810300, 0.1053386751217943500, -0.05787401574803152000 ) ) ;
#9140 = VECTOR ( 'NONE', #7180, 39.37007874015748100 ) ;
#9141 = CARTESIAN_POINT ( 'NONE',  ( 0.2795275590551185000, 0.01968503937007875700, -0.02598425196850394400 ) ) ;
#9142 = VECTOR ( 'NONE', #10722, 39.37007874015748100 ) ;
#9143 = CARTESIAN_POINT ( 'NONE',  ( 0.6600393700787408100, 0.1141337039370070900, -0.05787401574803151300 ) ) ;
#9144 = EDGE_CURVE ( 'NONE', #2343, #1906, #1080, .T. ) ;
#9145 = VERTEX_POINT ( 'NONE', #534 ) ;
#9146 = CARTESIAN_POINT ( 'NONE',  ( 0.6242125984251975000, 0.1473225259842513800, -0.05787401574803151300 ) ) ;
#9147 = EDGE_CURVE ( 'NONE', #5936, #7721, #7761, .T. ) ;
#9148 = CC_DESIGN_PERSON_AND_ORGANIZATION_ASSIGNMENT ( #6322, #9306, ( #8560 ) ) ;
#9149 = PERSON_AND_ORGANIZATION ( #4812, #2956 ) ;
#9150 = VECTOR ( 'NONE', #9155, 39.37007874015748100 ) ;
#9151 = DIRECTION ( 'NONE',  ( -0.0000000000000000000, 1.000000000000000000, 0.0000000000000000000 ) ) ;
#9152 = DIRECTION ( 'NONE',  ( 0.0000000000000000000, 1.000000000000000000, 0.0000000000000000000 ) ) ;
#9153 = EDGE_LOOP ( 'NONE', ( #11699, #7257, #9645, #2742, #7550, #3026, #5394, #870, #3306, #1154, #3585, #8402, #10755, #1444, #3867, #6255, #4147, #8951, #6836, #11570, #2318, #2605, #7410, #9800, #447, #2889, #10074 ) ) ;
#9154 = EDGE_LOOP ( 'NONE', ( #389, #11067, #2991, #8656 ) ) ;
#9155 = DIRECTION ( 'NONE',  ( -0.0000000000000000000, -0.0000000000000000000, -1.000000000000000000 ) ) ;
#9156 = ORIENTED_EDGE ( 'NONE', *, *, #2276, .F. ) ;
#9157 = CARTESIAN_POINT ( 'NONE',  ( 0.6000000000000005300, 0.06031465196850320500, -0.04212598425196852100 ) ) ;
#9158 = CIRCLE ( 'NONE', #7582, 0.03976377952755907200 ) ;
#9159 = AXIS2_PLACEMENT_3D ( 'NONE', #9742, #9474, #9342 ) ;
#9160 = CARTESIAN_POINT ( 'NONE',  ( 0.05779000448818905800, 0.2475998051574795600, -0.04212598425196852800 ) ) ;
#9161 = VECTOR ( 'NONE', #10333, 39.37007874015748100 ) ;
#9162 = CARTESIAN_POINT ( 'NONE',  ( 0.6200787401574809900, 0.08959064362204660600, -0.05787401574803151300 ) ) ;
#9163 = CARTESIAN_POINT ( 'NONE',  ( 0.4958661417915769000, 0.1473225259818981600, -0.05787401574803151300 ) ) ;
#9164 = EDGE_LOOP ( 'NONE', ( #4469, #4860, #5070, #954 ) ) ;
#9165 = EDGE_CURVE ( 'NONE', #8995, #4702, #3242, .T. ) ;
#9166 = DIRECTION ( 'NONE',  ( 0.7999999999999998200, -0.6000000000000002000, 0.0000000000000000000 ) ) ;
#9167 = EDGE_LOOP ( 'NONE', ( #10979, #10608, #5802, #10458 ) ) ;
#9168 = ORIENTED_EDGE ( 'NONE', *, *, #8331, .T. ) ;
#9169 = CIRCLE ( 'NONE', #8826, 0.007874015748031449100 ) ;
#9170 = VECTOR ( 'NONE', #9725, 39.37007874015748900 ) ;
#9171 = CARTESIAN_POINT ( 'NONE',  ( 0.1000000000000005700, 0.3149606299212595600, -0.02834645669291339200 ) ) ;
#9172 = CARTESIAN_POINT ( 'NONE',  ( 0.6795275590551186400, 0.01968503937007875700, -0.04212598425196851400 ) ) ;
#9173 = ORIENTED_EDGE ( 'NONE', *, *, #9975, .T. ) ;
#9174 = DIRECTION ( 'NONE',  ( -0.0000000000000000000, -0.0000000000000000000, -1.000000000000000000 ) ) ;
#9175 = CARTESIAN_POINT ( 'NONE',  ( 0.3999999999985585100, 0.1339366992019230800, -0.04212598425196851400 ) ) ;
#9176 = ADVANCED_FACE ( 'NONE', ( #5598 ), #2381, .T. ) ;
#9177 = DIRECTION ( 'NONE',  ( 1.000000000000000000, -0.0000000000000000000, 0.0000000000000000000 ) ) ;
#9178 = DIRECTION ( 'NONE',  ( 0.2242946048210155400, 0.9745213852185001800, 0.0000000000000000000 ) ) ;
#9179 = ORIENTED_EDGE ( 'NONE', *, *, #2549, .F. ) ;
#9180 = EDGE_CURVE ( 'NONE', #11595, #11638, #2957, .T. ) ;
#9181 = EDGE_CURVE ( 'NONE', #8964, #10903, #522, .T. ) ;
#9182 = LINE ( 'NONE', #7769, #2268 ) ;
#9183 = AXIS2_PLACEMENT_3D ( 'NONE', #7479, #2066, #8390 ) ;
#9184 = DIRECTION ( 'NONE',  ( 0.04217878999398427100, -0.9991100788575016900, 0.0000000000000000000 ) ) ;
#9185 = VECTOR ( 'NONE', #5525, 39.37007874015748100 ) ;
#9186 = ORIENTED_EDGE ( 'NONE', *, *, #34, .T. ) ;
#9187 = VERTEX_POINT ( 'NONE', #5120 ) ;
#9188 = CARTESIAN_POINT ( 'NONE',  ( 0.2200787401574807700, 0.08959064362204743900, -0.05787401574803152000 ) ) ;
#9189 = DIRECTION ( 'NONE',  ( 1.000000000000000000, 0.0000000000000000000, -0.0000000000000000000 ) ) ;
#9190 = ORIENTED_EDGE ( 'NONE', *, *, #6963, .T. ) ;
#9191 = VECTOR ( 'NONE', #6806, 39.37007874015748100 ) ;
#9192 = DIRECTION ( 'NONE',  ( 0.0000000000000000000, -1.000000000000000000, -0.0000000000000000000 ) ) ;
#9193 = FACE_OUTER_BOUND ( 'NONE', #3967, .T. ) ;
#9194 = ORIENTED_EDGE ( 'NONE', *, *, #10129, .T. ) ;
#9195 = CARTESIAN_POINT ( 'NONE',  ( 0.2279527559055122300, 0.05244063622047148700, -0.05787401574803151300 ) ) ;
#9196 = EDGE_CURVE ( 'NONE', #10695, #8599, #9866, .T. ) ;
#9197 = EDGE_LOOP ( 'NONE', ( #8147, #10507, #1180, #10776 ) ) ;
#9198 = AXIS2_PLACEMENT_3D ( 'NONE', #532, #10490, #5077 ) ;
#9199 = CARTESIAN_POINT ( 'NONE',  ( 0.2401574803149612300, 0.01968503937007875700, -0.07165354330708663400 ) ) ;
#9200 = AXIS2_PLACEMENT_3D ( 'NONE', #1258, #8510, #3105 ) ;
#9201 = CIRCLE ( 'NONE', #6693, 0.09219577657480328100 ) ;
#9202 = CARTESIAN_POINT ( 'NONE',  ( 0.2000000000000005900, 0.01968503937007875700, -0.05787401574803152000 ) ) ;
#9203 = ORIENTED_EDGE ( 'NONE', *, *, #10912, .F. ) ;
#9204 = VECTOR ( 'NONE', #4998, 39.37007874015748100 ) ;
#9205 = VERTEX_POINT ( 'NONE', #8773 ) ;
#9206 = ORIENTED_EDGE ( 'NONE', *, *, #7693, .F. ) ;
#9207 = PLANE ( 'NONE',  #8267 ) ;
#9208 = DIRECTION ( 'NONE',  ( 0.0000000000000000000, 0.0000000000000000000, 1.000000000000000000 ) ) ;
#9209 = CARTESIAN_POINT ( 'NONE',  ( 0.06003937007874064800, 0.1141337039370070900, -0.04212598425196852800 ) ) ;
#9210 = EDGE_CURVE ( 'NONE', #4393, #6359, #216, .T. ) ;
#9211 = CARTESIAN_POINT ( 'NONE',  ( 0.6374015748031502900, 0.05244063622047114000, -0.05787401574803151300 ) ) ;
#9212 = PLANE ( 'NONE',  #4030 ) ;
#9213 = LINE ( 'NONE', #113, #6519 ) ;
#9214 = ORIENTED_EDGE ( 'NONE', *, *, #6074, .F. ) ;
#9215 = AXIS2_PLACEMENT_3D ( 'NONE', #7601, #2173, #8500 ) ;
#9216 = DIRECTION ( 'NONE',  ( 0.2950730660855439000, 0.9554746912769988000, 0.0000000000000000000 ) ) ;
#9217 = CIRCLE ( 'NONE', #2029, 0.03976377952755894700 ) ;
#9218 = EDGE_CURVE ( 'NONE', #11117, #10229, #2676, .T. ) ;
#9219 = VERTEX_POINT ( 'NONE', #8735 ) ;
#9220 = ORIENTED_EDGE ( 'NONE', *, *, #6183, .T. ) ;
#9221 = ORIENTED_EDGE ( 'NONE', *, *, #3830, .F. ) ;
#9222 = AXIS2_PLACEMENT_3D ( 'NONE', #7562, #2141, #8466 ) ;
#9223 = CARTESIAN_POINT ( 'NONE',  ( 0.6795275590551186400, 0.3149606299212595600, -0.02834645669291339200 ) ) ;
#9224 = DIRECTION ( 'NONE',  ( 0.0000000000000000000, 0.0000000000000000000, 1.000000000000000000 ) ) ;
#9225 = VECTOR ( 'NONE', #7455, 39.37007874015748100 ) ;
#9226 =( CONVERSION_BASED_UNIT ( 'INCH', #8327 ) LENGTH_UNIT ( ) NAMED_UNIT ( #9933 ) );
#9227 = CARTESIAN_POINT ( 'NONE',  ( 0.3200787401574807800, -0.1259842519685042700, -0.04212598425196851400 ) ) ;
#9228 = CYLINDRICAL_SURFACE ( 'NONE', #10380, 0.01574803149606289800 ) ;
#9229 = ORIENTED_EDGE ( 'NONE', *, *, #11294, .T. ) ;
#9230 = VECTOR ( 'NONE', #6402, 39.37007874015748900 ) ;
#9231 = ORIENTED_EDGE ( 'NONE', *, *, #5358, .T. ) ;
#9232 = ORIENTED_EDGE ( 'NONE', *, *, #10555, .T. ) ;
#9233 = DIRECTION ( 'NONE',  ( 0.2242946050387554200, 0.9745213851683853800, 0.0000000000000000000 ) ) ;
#9235 = AXIS2_PLACEMENT_3D ( 'NONE', #7225, #2053, #1355 ) ;
#9234 = DIRECTION ( 'NONE',  ( 0.0000000000000000000, 0.0000000000000000000, -1.000000000000000000 ) ) ;
#9236 = EDGE_CURVE ( 'NONE', #3887, #717, #7191, .T. ) ;
#9237 = ADVANCED_FACE ( 'NONE', ( #9301 ), #4493, .T. ) ;
#9238 = CIRCLE ( 'NONE', #7516, 0.03976377956692910000 ) ;
#9239 = DIRECTION ( 'NONE',  ( 1.000000000000000000, 0.0000000000000000000, -0.0000000000000000000 ) ) ;
#9240 = VERTEX_POINT ( 'NONE', #8813 ) ;
#9241 = ORIENTED_EDGE ( 'NONE', *, *, #3109, .F. ) ;
#9242 = CARTESIAN_POINT ( 'NONE',  ( 0.5305118110767169700, 0.2965351244002117400, -0.04212598425196852800 ) ) ;
#9244 = CARTESIAN_POINT ( 'NONE',  ( 0.5718503937007878300, 0.2287793732283450500, -0.05787401574803151300 ) ) ;
#9243 = VECTOR ( 'NONE', #5771, 39.37007874015748100 ) ;
#9245 = ORIENTED_EDGE ( 'NONE', *, *, #10109, .F. ) ;
#9246 = VERTEX_POINT ( 'NONE', #4317 ) ;
#9247 = PLANE ( 'NONE',  #7871 ) ;
#9248 = CARTESIAN_POINT ( 'NONE',  ( 0.07952755905511869900, 0.01968503937007875700, -0.07165354330708663400 ) ) ;
#9249 = LINE ( 'NONE', #3860, #2624 ) ;
#9250 = CARTESIAN_POINT ( 'NONE',  ( 0.5279527559055122700, 0.06031465196850320500, -0.05787401574803151300 ) ) ;
#9251 = ADVANCED_FACE ( 'NONE', ( #4772 ), #10605, .F. ) ;
#9252 = VERTEX_POINT ( 'NONE', #3404 ) ;
#9253 = ORIENTED_EDGE ( 'NONE', *, *, #3500, .T. ) ;
#9254 = EDGE_CURVE ( 'NONE', #4312, #6362, #2384, .T. ) ;
#9255 = LINE ( 'NONE', #2493, #4452 ) ;
#9256 = ORIENTED_EDGE ( 'NONE', *, *, #9963, .F. ) ;
#9257 = ORIENTED_EDGE ( 'NONE', *, *, #4237, .T. ) ;
#9258 = CARTESIAN_POINT ( 'NONE',  ( -0.4999999999999996100, 0.01968503937231178700, -0.02598425196903986900 ) ) ;
#9260 = DIRECTION ( 'NONE',  ( 1.000000000000000000, 0.0000000000000000000, 0.0000000000000000000 ) ) ;
#9259 = FACE_OUTER_BOUND ( 'NONE', #1591, .T. ) ;
#9261 = DIRECTION ( 'NONE',  ( -1.000000000000000000, 0.0000000000000000000, 0.0000000000000000000 ) ) ;
#9262 = LINE ( 'NONE', #1493, #2063 ) ;
#9263 = CARTESIAN_POINT ( 'NONE',  ( 5.463695987328526400E-016, 0.01968503937007875700, 0.0000000000000000000 ) ) ;
#9264 = ORIENTED_EDGE ( 'NONE', *, *, #10956, .F. ) ;
#9265 = VERTEX_POINT ( 'NONE', #697 ) ;
#9266 = DIRECTION ( 'NONE',  ( 0.2242946044126340700, -0.9745213853124926600, 0.0000000000000000000 ) ) ;
#9267 = ORIENTED_EDGE ( 'NONE', *, *, #1648, .T. ) ;
#9268 = MECHANICAL_CONTEXT ( 'NONE', #8370, 'mechanical' ) ;
#9269 = VECTOR ( 'NONE', #8245, 39.37007874015748100 ) ;
#9270 = DIRECTION ( 'NONE',  ( 0.0000000000000000000, -0.0000000000000000000, 1.000000000000000000 ) ) ;
#9271 = EDGE_CURVE ( 'NONE', #7268, #4498, #11636, .T. ) ;
#9272 = LINE ( 'NONE', #1730, #6586 ) ;
#9273 = AXIS2_PLACEMENT_3D ( 'NONE', #9209, #3803, #10117 ) ;
#9274 = CARTESIAN_POINT ( 'NONE',  ( 0.4452755905511816000, -0.1259842519685042700, -0.04212598425196851400 ) ) ;
#9275 = ORIENTED_EDGE ( 'NONE', *, *, #2972, .T. ) ;
#9276 = DIRECTION ( 'NONE',  ( 0.9991100788575018000, -0.04217878999398427800, 0.0000000000000000000 ) ) ;
#9277 = ORIENTED_EDGE ( 'NONE', *, *, #808, .F. ) ;
#9278 = DIRECTION ( 'NONE',  ( 1.000000000000000000, -0.0000000000000000000, 0.0000000000000000000 ) ) ;
#9279 = VECTOR ( 'NONE', #3853, 39.37007874015748100 ) ;
#9280 = CARTESIAN_POINT ( 'NONE',  ( 0.6196850393700792400, 0.1027140031889744700, -0.04212598425196851400 ) ) ;
#9281 = CARTESIAN_POINT ( 'NONE',  ( 0.1600393700787406700, 0.1141337039370070900, -0.05787401574803151300 ) ) ;
#9282 = DIRECTION ( 'NONE',  ( 1.000000000000000000, -0.0000000000000000000, 0.0000000000000000000 ) ) ;
#9283 = FACE_OUTER_BOUND ( 'NONE', #6602, .T. ) ;
#9284 = ORIENTED_EDGE ( 'NONE', *, *, #7717, .F. ) ;
#9285 = EDGE_CURVE ( 'NONE', #7914, #10670, #2105, .T. ) ;
#9286 = AXIS2_PLACEMENT_3D ( 'NONE', #11667, #6316, #893 ) ;
#9287 = DIRECTION ( 'NONE',  ( 1.000000000000000000, -0.0000000000000000000, 0.0000000000000000000 ) ) ;
#9288 = LINE ( 'NONE', #5065, #6894 ) ;
#9289 = EDGE_CURVE ( 'NONE', #1168, #8653, #6906, .T. ) ;
#9290 = CARTESIAN_POINT ( 'NONE',  ( 0.07952755905511869900, 0.01968503937007875700, -0.02598425196850394400 ) ) ;
#9291 = AXIS2_PLACEMENT_3D ( 'NONE', #3578, #9890, #4479 ) ;
#9292 = EDGE_LOOP ( 'NONE', ( #8501, #2130, #2652, #8359, #7841, #5670, #5655, #3656, #4158, #6112, #5048, #2791 ) ) ;
#9293 = VECTOR ( 'NONE', #1421, 39.37007874015748100 ) ;
#9294 = DIRECTION ( 'NONE',  ( -0.0000000000000000000, -0.0000000000000000000, 1.000000000000000000 ) ) ;
#9295 = DIRECTION ( 'NONE',  ( 0.0000000000000000000, 0.7999999995200000000, -0.6000000006400000300 ) ) ;
#9296 = ADVANCED_FACE ( 'NONE', ( #4219 ), #1662, .F. ) ;
#9297 = ORIENTED_EDGE ( 'NONE', *, *, #3268, .F. ) ;
#9298 = DIRECTION ( 'NONE',  ( 1.000000000000000000, 0.0000000000000000000, 0.0000000000000000000 ) ) ;
#9300 = CARTESIAN_POINT ( 'NONE',  ( 0.04455585011653944600, 0.1112594900323481800, -0.04212598425196852800 ) ) ;
#9299 = CALENDAR_DATE ( 2016, 19, 8 ) ;
#9301 = FACE_OUTER_BOUND ( 'NONE', #10149, .T. ) ;
#9302 = CARTESIAN_POINT ( 'NONE',  ( 0.4795275590551186800, 0.01968503937007875700, -0.05787401574803152000 ) ) ;
#9303 = EDGE_CURVE ( 'NONE', #8672, #2158, #11088, .T. ) ;
#9304 = VERTEX_POINT ( 'NONE', #5233 ) ;
#9305 = ORIENTED_EDGE ( 'NONE', *, *, #10183, .T. ) ;
#9306 = PERSON_AND_ORGANIZATION_ROLE ( 'classification_officer' ) ;
#9307 = DIRECTION ( 'NONE',  ( 0.0000000000000000000, 1.000000000000000000, 0.0000000000000000000 ) ) ;
#9308 = EDGE_CURVE ( 'NONE', #6767, #1310, #1822, .T. ) ;
#9309 = ORIENTED_EDGE ( 'NONE', *, *, #6107, .T. ) ;
#9310 = PLANE ( 'NONE',  #2675 ) ;
#9311 = ADVANCED_FACE ( 'NONE', ( #6324 ), #1699, .F. ) ;
#9312 = CARTESIAN_POINT ( 'NONE',  ( 0.6374015748425203600, 0.05244063622047148700, -0.05787401574803151300 ) ) ;
#9313 = FACE_OUTER_BOUND ( 'NONE', #4765, .T. ) ;
#9314 = CARTESIAN_POINT ( 'NONE',  ( 0.3482283464474977300, 0.2287793732319345100, -0.04212598425196851400 ) ) ;
#9315 = VECTOR ( 'NONE', #973, 39.37007874015748100 ) ;
#9316 = CARTESIAN_POINT ( 'NONE',  ( 0.6401574803149611100, 0.01968503937007875700, -0.02598425196850394400 ) ) ;
#9317 = EDGE_LOOP ( 'NONE', ( #6343, #6628, #11381, #7206 ) ) ;
#9318 = CARTESIAN_POINT ( 'NONE',  ( 0.6279685040944887900, 0.3346456691338576800, -0.01850393712598425600 ) ) ;
#9319 = ORIENTED_EDGE ( 'NONE', *, *, #2032, .T. ) ;
#9320 = AXIS2_PLACEMENT_3D ( 'NONE', #8601, #2285, #429 ) ;
#9321 = DIRECTION ( 'NONE',  ( 0.0000000000000000000, 0.0000000000000000000, 1.000000000000000000 ) ) ;
#9322 = DIRECTION ( 'NONE',  ( 1.000000000000000000, 0.0000000000000000000, 0.0000000000000000000 ) ) ;
#9323 = FACE_OUTER_BOUND ( 'NONE', #10992, .T. ) ;
#9324 = FACE_OUTER_BOUND ( 'NONE', #9481, .T. ) ;
#9325 = EDGE_CURVE ( 'NONE', #6197, #149, #3935, .T. ) ;
#9326 = EDGE_LOOP ( 'NONE', ( #2575, #3148, #7955, #8238 ) ) ;
#9327 = ORIENTED_EDGE ( 'NONE', *, *, #6655, .T. ) ;
#9328 = VECTOR ( 'NONE', #11516, 39.37007874015748100 ) ;
#9329 = CARTESIAN_POINT ( 'NONE',  ( 0.4921259842519688000, 0.06031465196850320500, -0.04212598425196852800 ) ) ;
#9330 = CARTESIAN_POINT ( 'NONE',  ( 0.4718503937007879100, 0.2287793732283450500, -0.05787401574803151300 ) ) ;
#9331 = VECTOR ( 'NONE', #4343, 39.37007874015748100 ) ;
#9332 = EDGE_LOOP ( 'NONE', ( #5339, #6319, #11186, #7090 ) ) ;
#9333 = DIRECTION ( 'NONE',  ( 0.0000000000000000000, -0.0000000000000000000, 1.000000000000000000 ) ) ;
#9334 = EDGE_LOOP ( 'NONE', ( #5510, #5644, #4847, #164 ) ) ;
#9335 = CARTESIAN_POINT ( 'NONE',  ( 0.03740157480314985900, 0.04456662047243921400, -0.05787401574803151300 ) ) ;
#9336 = EDGE_CURVE ( 'NONE', #8696, #8109, #8738, .T. ) ;
#9337 = AXIS2_PLACEMENT_3D ( 'NONE', #3169, #9463, #4059 ) ;
#9338 = DIRECTION ( 'NONE',  ( -1.000000000000000000, 0.0000000000000000000, 0.0000000000000000000 ) ) ;
#9339 = LINE ( 'NONE', #10081, #6949 ) ;
#9340 = APPROVAL_STATUS ( 'not_yet_approved' ) ;
#9341 = LINE ( 'NONE', #8271, #2425 ) ;
#9342 = DIRECTION ( 'NONE',  ( -1.000000000000000000, 0.0000000000000000000, 0.0000000000000000000 ) ) ;
#9343 = ORIENTED_EDGE ( 'NONE', *, *, #5919, .F. ) ;
#9344 = ORIENTED_EDGE ( 'NONE', *, *, #2136, .F. ) ;
#9345 = CARTESIAN_POINT ( 'NONE',  ( 0.4305118110806861500, 0.2965351243983663800, -0.05787401574803151300 ) ) ;
#9346 = DIRECTION ( 'NONE',  ( 0.03123475260614435100, -0.9995120760799406400, 0.0000000000000000000 ) ) ;
#9347 = DIRECTION ( 'NONE',  ( 0.0000000000000000000, 0.0000000000000000000, -1.000000000000000000 ) ) ;
#9348 = EDGE_CURVE ( 'NONE', #10948, #5779, #8467, .T. ) ;
#9349 = DIRECTION ( 'NONE',  ( 1.000000000000000000, 0.0000000000000000000, 0.0000000000000000000 ) ) ;
#9350 = LINE ( 'NONE', #3124, #2153 ) ;
#9351 = ADVANCED_FACE ( 'NONE', ( #1231 ), #2660, .F. ) ;
#9352 = ORIENTED_EDGE ( 'NONE', *, *, #3128, .F. ) ;
#9353 = DIRECTION ( 'NONE',  ( -1.000000000000000000, 0.0000000000000000000, 0.0000000000000000000 ) ) ;
#9354 = EDGE_CURVE ( 'NONE', #2825, #2099, #8185, .T. ) ;
#9355 = VECTOR ( 'NONE', #6552, 39.37007874015748900 ) ;
#9356 = VERTEX_POINT ( 'NONE', #1745 ) ;
#9357 = ORIENTED_EDGE ( 'NONE', *, *, #6367, .F. ) ;
#9358 = ORIENTED_EDGE ( 'NONE', *, *, #11553, .T. ) ;
#9359 = AXIS2_PLACEMENT_3D ( 'NONE', #1479, #7820, #2401 ) ;
#9360 = DIRECTION ( 'NONE',  ( -1.000000000000000000, 0.0000000000000000000, 0.0000000000000000000 ) ) ;
#9361 = EDGE_CURVE ( 'NONE', #6537, #4589, #5747, .T. ) ;
#9362 = AXIS2_PLACEMENT_3D ( 'NONE', #4727, #9276, #3872 ) ;
#9363 = ORIENTED_EDGE ( 'NONE', *, *, #9735, .F. ) ;
#9365 = LINE ( 'NONE', #6847, #6969 ) ;
#9364 = DIRECTION ( 'NONE',  ( 0.0000000000000000000, 0.0000000000000000000, 1.000000000000000000 ) ) ;
#9366 = LINE ( 'NONE', #9592, #6970 ) ;
#9367 = ORIENTED_EDGE ( 'NONE', *, *, #6886, .T. ) ;
#9368 = DIRECTION ( 'NONE',  ( 0.0000000000000000000, -0.0000000000000000000, 1.000000000000000000 ) ) ;
#9369 = LINE ( 'NONE', #2197, #2740 ) ;
#9370 = VERTEX_POINT ( 'NONE', #9907 ) ;
#9371 = ORIENTED_EDGE ( 'NONE', *, *, #8317, .T. ) ;
#9372 = ADVANCED_FACE ( 'NONE', ( #10278 ), #3599, .F. ) ;
#9373 = EDGE_CURVE ( 'NONE', #6162, #2175, #5455, .T. ) ;
#9374 = CARTESIAN_POINT ( 'NONE',  ( -0.4999999999999996100, 0.01968503937007875700, -0.07165354330708663400 ) ) ;
#9375 = CARTESIAN_POINT ( 'NONE',  ( 0.2242125984225604400, 0.1473225259865793800, -0.05787401574803150600 ) ) ;
#9376 = LINE ( 'NONE', #9891, #4007 ) ;
#9377 = CARTESIAN_POINT ( 'NONE',  ( 0.6401574803149611100, 0.3149606299212595600, -0.05787401574803152000 ) ) ;
#9378 = EDGE_CURVE ( 'NONE', #8325, #8817, #7901, .T. ) ;
#9379 = VECTOR ( 'NONE', #6232, 39.37007874015748100 ) ;
#9380 =( GEOMETRIC_REPRESENTATION_CONTEXT ( 3 ) GLOBAL_UNCERTAINTY_ASSIGNED_CONTEXT ( ( #6512 ) ) GLOBAL_UNIT_ASSIGNED_CONTEXT ( ( #9226, #3815, #10131 ) ) REPRESENTATION_CONTEXT ( 'NONE', 'WORKASPACE' ) );
#9381 = VERTEX_POINT ( 'NONE', #6309 ) ;
#9382 = FACE_OUTER_BOUND ( 'NONE', #3327, .T. ) ;
#9383 = EDGE_LOOP ( 'NONE', ( #2043, #2328, #9525, #2615 ) ) ;
#9384 = ORIENTED_EDGE ( 'NONE', *, *, #4318, .T. ) ;
#9385 = PLANE ( 'NONE',  #10568 ) ;
#9386 = DIRECTION ( 'NONE',  ( -1.000000000000000000, -0.0000000000000000000, 0.0000000000000000000 ) ) ;
#9387 = VECTOR ( 'NONE', #11496, 39.37007874015748100 ) ;
#9388 = DIRECTION ( 'NONE',  ( 0.04217878999398427100, -0.9991100788575016900, 0.0000000000000000000 ) ) ;
#9389 = DIRECTION ( 'NONE',  ( -0.1483404520011650000, -0.9889363530076594700, 0.0000000000000000000 ) ) ;
#9390 = ORIENTED_EDGE ( 'NONE', *, *, #11472, .T. ) ;
#9391 = ORIENTED_EDGE ( 'NONE', *, *, #11328, .F. ) ;
#9393 = AXIS2_PLACEMENT_3D ( 'NONE', #8986, #10157, #10075 ) ;
#9392 = CARTESIAN_POINT ( 'NONE',  ( 0.5795275590551185500, 0.01968503937007875700, -0.02834645669291339200 ) ) ;
#9394 = FACE_OUTER_BOUND ( 'NONE', #1282, .T. ) ;
#9395 = ORIENTED_EDGE ( 'NONE', *, *, #7030, .T. ) ;
#9396 = ORIENTED_EDGE ( 'NONE', *, *, #8456, .T. ) ;
#9397 = DIRECTION ( 'NONE',  ( -1.000000000000000000, -0.0000000000000000000, -0.0000000000000000000 ) ) ;
#9398 = VECTOR ( 'NONE', #1945, 39.37007874015748100 ) ;
#9399 = EDGE_CURVE ( 'NONE', #10619, #7948, #3097, .T. ) ;
#9400 = CARTESIAN_POINT ( 'NONE',  ( 0.5498548604401493100, 0.2525113748430198900, -0.04212598425196851400 ) ) ;
#9401 = VECTOR ( 'NONE', #243, 39.37007874015748100 ) ;
#9402 = DIRECTION ( 'NONE',  ( 0.04217878999398427100, -0.9991100788575016900, 0.0000000000000000000 ) ) ;
#9403 = DIRECTION ( 'NONE',  ( 0.0000000000000000000, 0.0000000000000000000, -1.000000000000000000 ) ) ;
#9404 = ORIENTED_EDGE ( 'NONE', *, *, #6336, .T. ) ;
#9405 = LINE ( 'NONE', #5750, #7008 ) ;
#9406 = VERTEX_POINT ( 'NONE', #4533 ) ;
#9407 = DIRECTION ( 'NONE',  ( -0.0000000000000000000, -0.0000000000000000000, 1.000000000000000000 ) ) ;
#9408 = VECTOR ( 'NONE', #2195, 39.37007874015748900 ) ;
#9409 = CARTESIAN_POINT ( 'NONE',  ( 0.6401574803149611100, 0.01968503937007875700, -0.02834645669291339200 ) ) ;
#9410 = FACE_OUTER_BOUND ( 'NONE', #4242, .T. ) ;
#9411 = DIRECTION ( 'NONE',  ( -0.2950730634850835000, 0.9554746920800820700, 0.0000000000000000000 ) ) ;
#9412 = EDGE_CURVE ( 'NONE', #3485, #5693, #7620, .T. ) ;
#9413 = ORIENTED_EDGE ( 'NONE', *, *, #6089, .T. ) ;
#9415 = VERTEX_POINT ( 'NONE', #3641 ) ;
#9414 = AXIS2_PLACEMENT_3D ( 'NONE', #8974, #3565, #9878 ) ;
#9416 = DIRECTION ( 'NONE',  ( 0.0000000000000000000, 0.0000000000000000000, 1.000000000000000000 ) ) ;
#9417 = CARTESIAN_POINT ( 'NONE',  ( 0.6401574803149611100, 0.01968503937007875700, -0.07165354330708663400 ) ) ;
#9418 = ORIENTED_EDGE ( 'NONE', *, *, #10409, .T. ) ;
#9419 = ADVANCED_FACE ( 'NONE', ( #2808 ), #5427, .F. ) ;
#9420 = VECTOR ( 'NONE', #7018, 39.37007874015748100 ) ;
#9421 = CARTESIAN_POINT ( 'NONE',  ( 0.2748031496145441600, 0.04456662047243921400, -0.04212598425196852800 ) ) ;
#9422 = VECTOR ( 'NONE', #6114, 39.37007874015748100 ) ;
#9423 = DIRECTION ( 'NONE',  ( 1.000000000000000000, -0.0000000000000000000, 0.0000000000000000000 ) ) ;
#9424 = VERTEX_POINT ( 'NONE', #11659 ) ;
#9425 = ORIENTED_EDGE ( 'NONE', *, *, #11254, .T. ) ;
#9426 = EDGE_CURVE ( 'NONE', #8637, #67, #9997, .T. ) ;
#9427 = VECTOR ( 'NONE', #11613, 39.37007874015748100 ) ;
#9428 = DIRECTION ( 'NONE',  ( 0.0000000000000000000, 0.0000000000000000000, 1.000000000000000000 ) ) ;
#9429 = ADVANCED_FACE ( 'NONE', ( #5181 ), #10856, .F. ) ;
#9430 = CARTESIAN_POINT ( 'NONE',  ( 0.01968503937017195400, 0.01968503937007875700, -0.04212598425196851400 ) ) ;
#9431 = AXIS2_PLACEMENT_3D ( 'NONE', #9202, #6510, #1084 ) ;
#9432 = DIRECTION ( 'NONE',  ( -0.0000000000000000000, -0.0000000000000000000, 1.000000000000000000 ) ) ;
#9433 = AXIS2_PLACEMENT_3D ( 'NONE', #9850, #820, #7173 ) ;
#9434 = FACE_OUTER_BOUND ( 'NONE', #2679, .T. ) ;
#9435 = DIRECTION ( 'NONE',  ( -0.0000000000000000000, -1.000000000000000000, -0.0000000000000000000 ) ) ;
#9436 = VERTEX_POINT ( 'NONE', #6382 ) ;
#9437 = CALENDAR_DATE ( 2016, 19, 8 ) ;
#9438 = CIRCLE ( 'NONE', #6947, 0.03976377952755907200 ) ;
#9439 = DIRECTION ( 'NONE',  ( -1.000000000000000000, -0.0000000000000000000, 0.0000000000000000000 ) ) ;
#9440 = EDGE_LOOP ( 'NONE', ( #10469, #1526, #9241, #10892, #5327, #5443, #8975, #7936 ) ) ;
#9441 = ORIENTED_EDGE ( 'NONE', *, *, #10055, .T. ) ;
#9442 = EDGE_CURVE ( 'NONE', #781, #1593, #4906, .T. ) ;
#9443 = AXIS2_PLACEMENT_3D ( 'NONE', #7909, #7951, #2532 ) ;
#9444 = ORIENTED_EDGE ( 'NONE', *, *, #2534, .F. ) ;
#9445 = EDGE_CURVE ( 'NONE', #6467, #9454, #361, .T. ) ;
#9446 = AXIS2_PLACEMENT_3D ( 'NONE', #7125, #10717, #5315 ) ;
#9447 = VECTOR ( 'NONE', #6373, 39.37007874015748900 ) ;
#9448 = LINE ( 'NONE', #9409, #2247 ) ;
#9449 = EDGE_LOOP ( 'NONE', ( #6787, #1390, #7878, #11669 ) ) ;
#9450 = CARTESIAN_POINT ( 'NONE',  ( 0.4509508751574806700, 0.2432397985433058200, -0.05787401574803151300 ) ) ;
#9451 = CARTESIAN_POINT ( 'NONE',  ( 0.5401574803149612500, 0.01968503937007875700, -0.02834645669291339200 ) ) ;
#9452 = CARTESIAN_POINT ( 'NONE',  ( 0.2452755905511816400, 0.04456662047243921400, -0.05787401574803151300 ) ) ;
#9453 = CARTESIAN_POINT ( 'NONE',  ( 0.02795275590551217500, 0.05244063622047148700, -0.04212598425196851400 ) ) ;
#9454 = VERTEX_POINT ( 'NONE', #2814 ) ;
#9455 = VECTOR ( 'NONE', #2904, 39.37007874015748900 ) ;
#9456 = CARTESIAN_POINT ( 'NONE',  ( 0.4196850393702450400, 0.09221531551194202300, -0.04212598425196851400 ) ) ;
#9457 = AXIS2_PLACEMENT_3D ( 'NONE', #9507, #7748, #8686 ) ;
#9458 = LINE ( 'NONE', #710, #11240 ) ;
#9459 = ORIENTED_EDGE ( 'NONE', *, *, #11188, .T. ) ;
#9460 = EDGE_CURVE ( 'NONE', #6995, #6212, #7043, .T. ) ;
#9461 = DIRECTION ( 'NONE',  ( 0.0000000000000000000, 0.0000000000000000000, 1.000000000000000000 ) ) ;
#9462 = ORIENTED_EDGE ( 'NONE', *, *, #9627, .T. ) ;
#9463 = DIRECTION ( 'NONE',  ( 0.0000000000000000000, -0.6000000000000002000, 0.7999999999999998200 ) ) ;
#9464 = VECTOR ( 'NONE', #4979, 39.37007874015748100 ) ;
#9465 = CARTESIAN_POINT ( 'NONE',  ( 0.2200787401574807500, 0.1053386751217925400, -0.05787401574803152000 ) ) ;
#9466 = LINE ( 'NONE', #3779, #2271 ) ;
#9467 = EDGE_LOOP ( 'NONE', ( #11043, #9821, #4698, #3886 ) ) ;
#9468 = ADVANCED_FACE ( 'NONE', ( #9715 ), #10017, .T. ) ;
#9469 = DIRECTION ( 'NONE',  ( 0.7999999999999998200, -0.6000000000000002000, 0.0000000000000000000 ) ) ;
#9470 = VERTEX_POINT ( 'NONE', #5495 ) ;
#9471 = AXIS2_PLACEMENT_3D ( 'NONE', #4864, #1265, #7616 ) ;
#9472 = PLANE ( 'NONE',  #3553 ) ;
#9473 = CARTESIAN_POINT ( 'NONE',  ( 0.2690944881890623400, -0.1259842519683448100, -0.05787401574803150600 ) ) ;
#9474 = DIRECTION ( 'NONE',  ( -0.0000000000000000000, -0.0000000000000000000, 1.000000000000000000 ) ) ;
#9475 = ORIENTED_EDGE ( 'NONE', *, *, #3356, .T. ) ;
#9476 = CARTESIAN_POINT ( 'NONE',  ( 0.4999999999956742400, 0.1339366992112627800, -0.05787401574803151300 ) ) ;
#9477 = EDGE_CURVE ( 'NONE', #4436, #533, #2523, .T. ) ;
#9478 = LINE ( 'NONE', #11252, #9191 ) ;
#9479 = DIRECTION ( 'NONE',  ( 1.000000000000000000, 0.0000000000000000000, 0.0000000000000000000 ) ) ;
#9480 = LINE ( 'NONE', #396, #2282 ) ;
#9481 = EDGE_LOOP ( 'NONE', ( #6126, #10904, #7280, #2766 ) ) ;
#9482 = CARTESIAN_POINT ( 'NONE',  ( 0.09133858266884983800, 0.3346456692933739200, -0.01850393700808295600 ) ) ;
#9483 = EDGE_LOOP ( 'NONE', ( #7819, #11544, #6407, #1621 ) ) ;
#9484 = ADVANCED_FACE ( 'NONE', ( #2235 ), #5533, .F. ) ;
#9485 = CARTESIAN_POINT ( 'NONE',  ( 0.2755228900811403400, 0.1112594902469205700, -0.04212598425196852800 ) ) ;
#9486 = CARTESIAN_POINT ( 'NONE',  ( 0.07952755905511869900, 0.01968503937007875700, -0.04212598425196851400 ) ) ;
#9487 = CARTESIAN_POINT ( 'NONE',  ( 0.2913385826699633200, 0.3346456692917118000, -0.08149606299240608200 ) ) ;
#9488 = VECTOR ( 'NONE', #4374, 39.37007874015748100 ) ;
#9489 = PLANE ( 'NONE',  #7713 ) ;
#9490 = ORIENTED_EDGE ( 'NONE', *, *, #4228, .F. ) ;
#9491 = CARTESIAN_POINT ( 'NONE',  ( 0.6452755905511814400, -0.1011811023622053900, -0.04212598425196851400 ) ) ;
#9492 = FACE_OUTER_BOUND ( 'NONE', #3164, .T. ) ;
#9493 = VERTEX_POINT ( 'NONE', #1037 ) ;
#9494 = VERTEX_POINT ( 'NONE', #3788 ) ;
#9495 = CARTESIAN_POINT ( 'NONE',  ( 0.3795275590551186500, 0.01968503937007875700, -0.02598425196850394400 ) ) ;
#9496 = EDGE_CURVE ( 'NONE', #10652, #7029, #6749, .T. ) ;
#9497 = ORIENTED_EDGE ( 'NONE', *, *, #11073, .F. ) ;
#9498 = FACE_OUTER_BOUND ( 'NONE', #4774, .T. ) ;
#9499 = ORIENTED_EDGE ( 'NONE', *, *, #6229, .T. ) ;
#9500 = LINE ( 'NONE', #10576, #11554 ) ;
#9501 = DIRECTION ( 'NONE',  ( 0.0000000000000000000, 0.0000000000000000000, -1.000000000000000000 ) ) ;
#9502 = ORIENTED_EDGE ( 'NONE', *, *, #8616, .T. ) ;
#9503 = ORIENTED_EDGE ( 'NONE', *, *, #5743, .T. ) ;
#9504 = VERTEX_POINT ( 'NONE', #5578 ) ;
#9505 = CARTESIAN_POINT ( 'NONE',  ( 0.3200787401574807800, 0.06031465196850320500, -0.05787401574803151300 ) ) ;
#9506 = VERTEX_POINT ( 'NONE', #4684 ) ;
#9507 = CARTESIAN_POINT ( 'NONE',  ( 0.6196850393700792400, 0.01968503937007875700, -0.05787401574803152000 ) ) ;
#9508 = LINE ( 'NONE', #2951, #9225 ) ;
#9509 = CARTESIAN_POINT ( 'NONE',  ( 0.3748031496227885500, -0.1259842519685042700, -0.04212598425196851400 ) ) ;
#9510 = EDGE_CURVE ( 'NONE', #10372, #5519, #11220, .T. ) ;
#9511 = FACE_OUTER_BOUND ( 'NONE', #10233, .T. ) ;
#9512 = VERTEX_POINT ( 'NONE', #7438 ) ;
#9513 = CARTESIAN_POINT ( 'NONE',  ( 0.1718503937022886900, 0.2287793731508395400, -0.04212598425196852800 ) ) ;
#9515 = DIRECTION ( 'NONE',  ( -0.2950730634851001500, 0.9554746920800770700, 0.0000000000000000000 ) ) ;
#9514 = LINE ( 'NONE', #3696, #7122 ) ;
#9516 = CARTESIAN_POINT ( 'NONE',  ( 0.6795275590551186400, 0.01968503937007875700, -0.07165354330708663400 ) ) ;
#9517 = EDGE_CURVE ( 'NONE', #11689, #7096, #9438, .T. ) ;
#9518 = ORIENTED_EDGE ( 'NONE', *, *, #1453, .F. ) ;
#9519 = VERTEX_POINT ( 'NONE', #8340 ) ;
#9521 = CARTESIAN_POINT ( 'NONE',  ( 0.6913385826771658600, 0.3346456692913383200, -0.01812598437007874300 ) ) ;
#9520 = AXIS2_PLACEMENT_3D ( 'NONE', #5597, #1100, #7459 ) ;
#9522 = PLANE ( 'NONE',  #7400 ) ;
#9523 = CYLINDRICAL_SURFACE ( 'NONE', #8722, 0.007874015748031449100 ) ;
#9524 = ORIENTED_EDGE ( 'NONE', *, *, #329, .F. ) ;
#9525 = ORIENTED_EDGE ( 'NONE', *, *, #2221, .T. ) ;
#9526 = LINE ( 'NONE', #352, #9243 ) ;
#9527 = ORIENTED_EDGE ( 'NONE', *, *, #4002, .T. ) ;
#9528 = ORIENTED_EDGE ( 'NONE', *, *, #10813, .T. ) ;
#9529 = EDGE_CURVE ( 'NONE', #8607, #8608, #6455, .T. ) ;
#9530 = CARTESIAN_POINT ( 'NONE',  ( 0.5895669291338586600, 0.2965351244488186300, -0.05787401574803151300 ) ) ;
#9531 = ADVANCED_FACE ( 'NONE', ( #4354 ), #1115, .F. ) ;
#9532 = DIRECTION ( 'NONE',  ( 0.2950730660855439000, -0.9554746912769988000, 0.0000000000000000000 ) ) ;
#9533 = DIRECTION ( 'NONE',  ( -0.0000000000000000000, -0.0000000000000000000, -1.000000000000000000 ) ) ;
#9534 = EDGE_CURVE ( 'NONE', #11394, #8818, #4068, .T. ) ;
#9535 = CC_DESIGN_APPROVAL ( #8926, ( #7119 ) ) ;
#9536 = LINE ( 'NONE', #3782, #6851 ) ;
#9537 = ORIENTED_EDGE ( 'NONE', *, *, #10956, .T. ) ;
#9538 = ORIENTED_EDGE ( 'NONE', *, *, #3500, .F. ) ;
#9539 = DIRECTION ( 'NONE',  ( -0.0000000000000000000, -0.0000000000000000000, -1.000000000000000000 ) ) ;
#9540 = VECTOR ( 'NONE', #1574, 39.37007874015748100 ) ;
#9541 = VERTEX_POINT ( 'NONE', #10179 ) ;
#9542 = ORIENTED_EDGE ( 'NONE', *, *, #9055, .T. ) ;
#9543 = VECTOR ( 'NONE', #6032, 39.37007874015748100 ) ;
#9544 = DIRECTION ( 'NONE',  ( 0.0000000000000000000, 0.0000000000000000000, 1.000000000000000000 ) ) ;
#9545 = ADVANCED_FACE ( 'NONE', ( #11490 ), #4767, .F. ) ;
#9546 = PLANE ( 'NONE',  #8754 ) ;
#9547 = FACE_OUTER_BOUND ( 'NONE', #5060, .T. ) ;
#9548 = AXIS2_PLACEMENT_3D ( 'NONE', #3865, #10173, #4762 ) ;
#9549 = VERTEX_POINT ( 'NONE', #5649 ) ;
#9550 = VERTEX_POINT ( 'NONE', #3911 ) ;
#9551 = EDGE_CURVE ( 'NONE', #11004, #3439, #10947, .T. ) ;
#9552 = ORIENTED_EDGE ( 'NONE', *, *, #2937, .F. ) ;
#9553 = DIRECTION ( 'NONE',  ( 0.0000000000000000000, -0.0000000000000000000, -1.000000000000000000 ) ) ;
#9554 = LINE ( 'NONE', #9097, #11606 ) ;
#9555 = DIRECTION ( 'NONE',  ( -0.0000000000000000000, -0.0000000000000000000, -1.000000000000000000 ) ) ;
#9556 = FACE_OUTER_BOUND ( 'NONE', #10305, .T. ) ;
#9557 = CARTESIAN_POINT ( 'NONE',  ( 0.5088916445275595300, 0.2432397985433058200, -0.04212598425196852800 ) ) ;
#9558 = ORIENTED_EDGE ( 'NONE', *, *, #2363, .T. ) ;
#9559 = VERTEX_POINT ( 'NONE', #6624 ) ;
#9560 = VECTOR ( 'NONE', #7423, 39.37007874015748100 ) ;
#9561 = EDGE_CURVE ( 'NONE', #2590, #9494, #8595, .T. ) ;
#9562 = EDGE_CURVE ( 'NONE', #9007, #2099, #1667, .T. ) ;
#9563 = LINE ( 'NONE', #909, #7174 ) ;
#9564 = DIRECTION ( 'NONE',  ( -0.0000000000000000000, -1.000000000000000000, 0.0000000000000000000 ) ) ;
#9565 = DIRECTION ( 'NONE',  ( -0.0000000000000000000, -0.0000000000000000000, 1.000000000000000000 ) ) ;
#9566 = DIRECTION ( 'NONE',  ( -0.0000000000000000000, -1.000000000000000000, -0.0000000000000000000 ) ) ;
#9567 = EDGE_LOOP ( 'NONE', ( #7253, #3318, #3717, #11234 ) ) ;
#9568 = DIRECTION ( 'NONE',  ( 1.000000000000000000, 0.0000000000000000000, 0.0000000000000000000 ) ) ;
#9569 = PLANE ( 'NONE',  #4800 ) ;
#9570 = CIRCLE ( 'NONE', #647, 0.01574803149606289800 ) ;
#9571 = CARTESIAN_POINT ( 'NONE',  ( 0.1748031496062997500, -0.1011811022887786500, -0.05787401574803151300 ) ) ;
#9572 = VERTEX_POINT ( 'NONE', #3946 ) ;
#9573 = EDGE_CURVE ( 'NONE', #8325, #4511, #8319, .T. ) ;
#9574 = DIRECTION ( 'NONE',  ( 0.2950730660855439000, -0.9554746912769988000, 0.0000000000000000000 ) ) ;
#9575 = LINE ( 'NONE', #2524, #7182 ) ;
#9576 = DIRECTION ( 'NONE',  ( 1.000000000000000000, 0.0000000000000000000, -0.0000000000000000000 ) ) ;
#9577 = ORIENTED_EDGE ( 'NONE', *, *, #10282, .T. ) ;
#9578 = EDGE_CURVE ( 'NONE', #7776, #1368, #10676, .T. ) ;
#9579 = DIRECTION ( 'NONE',  ( 0.0000000000000000000, 0.0000000000000000000, 1.000000000000000000 ) ) ;
#9580 = DIRECTION ( 'NONE',  ( 0.0000000000000000000, -0.6000000000000002000, 0.7999999999999998200 ) ) ;
#9581 = AXIS2_PLACEMENT_3D ( 'NONE', #6379, #9115, #3710 ) ;
#9582 = DATE_AND_TIME ( #213, #2672 ) ;
#9583 = DIRECTION ( 'NONE',  ( -1.000000000000000000, 0.0000000000000000000, 0.0000000000000000000 ) ) ;
#9584 = VECTOR ( 'NONE', #9672, 39.37007874015748900 ) ;
#9585 = CARTESIAN_POINT ( 'NONE',  ( 0.07952755909448872000, -0.1259842519668300500, -0.04212598425196851400 ) ) ;
#9586 = ORIENTED_EDGE ( 'NONE', *, *, #10195, .F. ) ;
#9587 = ADVANCED_FACE ( 'NONE', ( #3505 ), #8047, .T. ) ;
#9588 = ORIENTED_EDGE ( 'NONE', *, *, #6146, .T. ) ;
#9589 = CARTESIAN_POINT ( 'NONE',  ( 0.4795275590551186800, 0.01968503937007875700, -0.02598425196850394400 ) ) ;
#9590 = ORIENTED_EDGE ( 'NONE', *, *, #4903, .F. ) ;
#9591 = CARTESIAN_POINT ( 'NONE',  ( 0.4111870956299216200, 0.2617829512992116400, -0.04212598425196852800 ) ) ;
#9592 = CARTESIAN_POINT ( 'NONE',  ( 0.3795275590551186500, 0.01968503937007875700, -0.04212598425196851400 ) ) ;
#9593 = DIRECTION ( 'NONE',  ( 0.0000000000000000000, 1.000000000000000000, 0.0000000000000000000 ) ) ;
#9594 = CARTESIAN_POINT ( 'NONE',  ( 0.1401574803149614700, 0.01968503937007875700, -0.02598425196850394400 ) ) ;
#9595 = LINE ( 'NONE', #7908, #2966 ) ;
#9596 = LINE ( 'NONE', #3652, #5336 ) ;
#9597 = EDGE_CURVE ( 'NONE', #10082, #9797, #1069, .T. ) ;
#9598 = ORIENTED_EDGE ( 'NONE', *, *, #6777, .T. ) ;
#9599 = AXIS2_PLACEMENT_3D ( 'NONE', #8953, #3544, #9861 ) ;
#9600 = CARTESIAN_POINT ( 'NONE',  ( 0.5568533023228350300, 0.2494168253937005800, -0.04212598425196852800 ) ) ;
#9601 = EDGE_CURVE ( 'NONE', #3174, #5601, #1364, .T. ) ;
#9602 = AXIS2_PLACEMENT_3D ( 'NONE', #6955, #11424, #6054 ) ;
#9603 = ADVANCED_FACE ( 'NONE', ( #10134 ), #356, .T. ) ;
#9604 = ORIENTED_EDGE ( 'NONE', *, *, #6571, .F. ) ;
#9605 = VECTOR ( 'NONE', #6163, 39.37007874015748100 ) ;
#9606 = CARTESIAN_POINT ( 'NONE',  ( 0.6895669291338587500, 0.2965351244488186300, -0.05787401574803151300 ) ) ;
#9607 = FACE_OUTER_BOUND ( 'NONE', #9567, .T. ) ;
#9608 = DIRECTION ( 'NONE',  ( -0.04217878982152580700, 0.9991100788647823100, 0.0000000000000000000 ) ) ;
#9609 = CARTESIAN_POINT ( 'NONE',  ( 0.4795275590551187400, 0.01968503937007875700, -0.04212598425196851400 ) ) ;
#9610 = ORIENTED_EDGE ( 'NONE', *, *, #3187, .F. ) ;
#9611 = CARTESIAN_POINT ( 'NONE',  ( 0.04527559054544447900, -0.1011811023372786700, -0.05787401574803151300 ) ) ;
#9612 = ORIENTED_EDGE ( 'NONE', *, *, #2182, .T. ) ;
#9613 = DIRECTION ( 'NONE',  ( 0.0000000000000000000, -0.0000000000000000000, -1.000000000000000000 ) ) ;
#9614 = AXIS2_PLACEMENT_3D ( 'NONE', #7079, #7042, #7033 ) ;
#9615 = VECTOR ( 'NONE', #7924, 39.37007874015748100 ) ;
#9616 = LINE ( 'NONE', #1565, #11668 ) ;
#9617 = EDGE_CURVE ( 'NONE', #9145, #11133, #794, .T. ) ;
#9618 = ORIENTED_EDGE ( 'NONE', *, *, #6724, .F. ) ;
#9619 = ORIENTED_EDGE ( 'NONE', *, *, #3685, .F. ) ;
#9620 = DIRECTION ( 'NONE',  ( 0.0000000000000000000, -0.0000000000000000000, -1.000000000000000000 ) ) ;
#9621 = CARTESIAN_POINT ( 'NONE',  ( 0.6445558501165396000, 0.1112594900323479700, -0.04212598425196852800 ) ) ;
#9622 = VECTOR ( 'NONE', #100, 39.37007874015748100 ) ;
#9623 = VECTOR ( 'NONE', #5460, 39.37007874015748100 ) ;
#9624 = VERTEX_POINT ( 'NONE', #4917 ) ;
#9625 = ORIENTED_EDGE ( 'NONE', *, *, #9940, .T. ) ;
#9626 = CARTESIAN_POINT ( 'NONE',  ( 0.1401574803149614700, 0.01968503937007875700, -0.07165354330708663400 ) ) ;
#9627 = EDGE_CURVE ( 'NONE', #1431, #7446, #2945, .T. ) ;
#9628 = CARTESIAN_POINT ( 'NONE',  ( 0.6795275590551186400, 0.3149606299212595600, -0.02834645669291339200 ) ) ;
#9629 = LINE ( 'NONE', #4021, #10198 ) ;
#9630 = ORIENTED_EDGE ( 'NONE', *, *, #731, .F. ) ;
#9631 = CIRCLE ( 'NONE', #4816, 0.007874015748031449100 ) ;
#9632 = ORIENTED_EDGE ( 'NONE', *, *, #1417, .T. ) ;
#9633 = VERTEX_POINT ( 'NONE', #6742 ) ;
#9634 = ORIENTED_EDGE ( 'NONE', *, *, #7255, .T. ) ;
#9635 = CARTESIAN_POINT ( 'NONE',  ( 0.5279685040551187500, 0.3346456692913383200, -0.08149606299212601400 ) ) ;
#9636 = CARTESIAN_POINT ( 'NONE',  ( 0.6196850393703136100, 0.01968503937007875700, -0.05787401574803151300 ) ) ;
#9637 = ADVANCED_FACE ( 'NONE', ( #7754 ), #5036, .T. ) ;
#9638 = LINE ( 'NONE', #9487, #7247 ) ;
#9639 = CARTESIAN_POINT ( 'NONE',  ( 0.09212598425196885700, 0.05244063622047148700, -0.05787401574803151300 ) ) ;
#9640 = LINE ( 'NONE', #2621, #8802 ) ;
#9641 = ORIENTED_EDGE ( 'NONE', *, *, #11114, .F. ) ;
#9642 = EDGE_CURVE ( 'NONE', #11698, #3152, #7465, .T. ) ;
#9643 = VECTOR ( 'NONE', #339, 39.37007874015748100 ) ;
#9644 = VERTEX_POINT ( 'NONE', #3171 ) ;
#9645 = ORIENTED_EDGE ( 'NONE', *, *, #1150, .T. ) ;
#9646 = AXIS2_PLACEMENT_3D ( 'NONE', #8822, #706, #7051 ) ;
#9647 = CARTESIAN_POINT ( 'NONE',  ( 0.4431102362598425300, 0.3149606299212595600, -0.01812598417322835000 ) ) ;
#9648 = DIRECTION ( 'NONE',  ( -0.0000000000000000000, -0.0000000000000000000, 1.000000000000000000 ) ) ;
#9649 = VERTEX_POINT ( 'NONE', #4061 ) ;
#9650 = VECTOR ( 'NONE', #11527, 39.37007874015748100 ) ;
#9651 = DIRECTION ( 'NONE',  ( 0.0000000000000000000, 0.0000000000000000000, -1.000000000000000000 ) ) ;
#9652 = CIRCLE ( 'NONE', #9414, 0.03976377952755907200 ) ;
#9653 = ADVANCED_FACE ( 'NONE', ( #5586 ), #11232, .F. ) ;
#9654 = ORIENTED_EDGE ( 'NONE', *, *, #7036, .T. ) ;
#9655 = CARTESIAN_POINT ( 'NONE',  ( 0.4795275590551186800, 0.01968503937007875700, -0.07165354330708663400 ) ) ;
#9656 = CYLINDRICAL_SURFACE ( 'NONE', #1250, 0.03976377952755894700 ) ;
#9657 = ORIENTED_EDGE ( 'NONE', *, *, #4879, .F. ) ;
#9658 = VERTEX_POINT ( 'NONE', #2289 ) ;
#9659 = DIRECTION ( 'NONE',  ( 0.0000000000000000000, -1.000000000000000000, -0.0000000000000000000 ) ) ;
#9660 = EDGE_CURVE ( 'NONE', #2389, #3820, #2662, .T. ) ;
#9661 = FACE_OUTER_BOUND ( 'NONE', #4663, .T. ) ;
#9662 = CARTESIAN_POINT ( 'NONE',  ( 0.6279685040944887900, 0.3149606299212595100, -0.03326771653543288800 ) ) ;
#9663 = EDGE_CURVE ( 'NONE', #3461, #8393, #5313, .T. ) ;
#9664 = DIRECTION ( 'NONE',  ( 1.000000000000000000, 0.0000000000000000000, 0.0000000000000000000 ) ) ;
#9665 = ORIENTED_EDGE ( 'NONE', *, *, #8940, .F. ) ;
#9666 = ORIENTED_EDGE ( 'NONE', *, *, #4348, .F. ) ;
#9667 = VECTOR ( 'NONE', #2772, 39.37007874015748100 ) ;
#9668 = ORIENTED_EDGE ( 'NONE', *, *, #3738, .T. ) ;
#9669 = ORIENTED_EDGE ( 'NONE', *, *, #3469, .T. ) ;
#9670 = CARTESIAN_POINT ( 'NONE',  ( 0.3200787401574810000, 0.08959064362204678700, -0.04212598425196851400 ) ) ;
#9671 = VECTOR ( 'NONE', #928, 39.37007874015748900 ) ;
#9672 = DIRECTION ( 'NONE',  ( 0.2242946048210171500, 0.9745213852184998500, 0.0000000000000000000 ) ) ;
#9673 = LINE ( 'NONE', #1260, #318 ) ;
#9674 = ORIENTED_EDGE ( 'NONE', *, *, #2114, .F. ) ;
#9675 = ORIENTED_EDGE ( 'NONE', *, *, #4332, .F. ) ;
#9676 = AXIS2_PLACEMENT_3D ( 'NONE', #9029, #6973, #7170 ) ;
#9678 = CARTESIAN_POINT ( 'NONE',  ( 0.07952755905511869900, 0.3149606299212595600, -0.02834645669291339200 ) ) ;
#9677 = VECTOR ( 'NONE', #7522, 39.37007874015748100 ) ;
#9679 = ORIENTED_EDGE ( 'NONE', *, *, #4193, .T. ) ;
#9680 = DIRECTION ( 'NONE',  ( -1.000000000000000000, 0.0000000000000000000, 0.0000000000000000000 ) ) ;
#9681 = DIRECTION ( 'NONE',  ( -0.1483404520011599700, -0.9889363530076601400, 0.0000000000000000000 ) ) ;
#9682 = CIRCLE ( 'NONE', #10842, 0.08668467618110251000 ) ;
#9683 = EDGE_CURVE ( 'NONE', #7809, #11389, #9570, .T. ) ;
#9684 = CARTESIAN_POINT ( 'NONE',  ( 0.5401574803149610200, 0.01968503937007875700, -0.07165354330708663400 ) ) ;
#9685 = VECTOR ( 'NONE', #4031, 39.37007874015748100 ) ;
#9686 = LINE ( 'NONE', #6370, #4878 ) ;
#9687 = CARTESIAN_POINT ( 'NONE',  ( 0.2795275590551185000, 0.3149606299212595600, -0.05787401574803152000 ) ) ;
#9688 = CARTESIAN_POINT ( 'NONE',  ( 0.5958661417915768200, 0.1473225259818981600, -0.05787401574803151300 ) ) ;
#9689 = VERTEX_POINT ( 'NONE', #8606 ) ;
#9690 = ORIENTED_EDGE ( 'NONE', *, *, #1825, .T. ) ;
#9691 = VERTEX_POINT ( 'NONE', #11266 ) ;
#9692 = DIRECTION ( 'NONE',  ( 0.0000000000000000000, 0.0000000000000000000, 1.000000000000000000 ) ) ;
#9693 = FACE_OUTER_BOUND ( 'NONE', #11249, .T. ) ;
#9694 = CARTESIAN_POINT ( 'NONE',  ( 0.3200787401574809500, 0.01968503937007875700, -0.04212598425196851400 ) ) ;
#9695 = CARTESIAN_POINT ( 'NONE',  ( -0.4999999999999996100, 0.01968503937007875700, -0.07165354330708663400 ) ) ;
#9697 = AXIS2_PLACEMENT_3D ( 'NONE', #7211, #9925, #4517 ) ;
#9696 = DIRECTION ( 'NONE',  ( -0.0000000000000000000, -0.0000000000000000000, 1.000000000000000000 ) ) ;
#9698 = CYLINDRICAL_SURFACE ( 'NONE', #8048, 0.007874015748031449100 ) ;
#9699 = CARTESIAN_POINT ( 'NONE',  ( 0.2958661417783096700, 0.1473225259845757400, -0.04212598425196851400 ) ) ;
#9700 = CARTESIAN_POINT ( 'NONE',  ( 0.3401574803149611200, 0.01968503937007875700, -0.07165354330708663400 ) ) ;
#9701 = EDGE_CURVE ( 'NONE', #3497, #5351, #4761, .T. ) ;
#9702 = ADVANCED_FACE ( 'NONE', ( #11625 ), #2090, .T. ) ;
#9703 = ORIENTED_EDGE ( 'NONE', *, *, #3789, .F. ) ;
#9704 = DIRECTION ( 'NONE',  ( -0.0000000000000000000, -0.0000000000000000000, 1.000000000000000000 ) ) ;
#9705 = VERTEX_POINT ( 'NONE', #523 ) ;
#9706 = VECTOR ( 'NONE', #2607, 39.37007874015748900 ) ;
#9707 = CARTESIAN_POINT ( 'NONE',  ( 0.3374015748031499200, 0.04456662047243921400, -0.04212598425196852800 ) ) ;
#9708 = VERTEX_POINT ( 'NONE', #6867 ) ;
#9709 = DIRECTION ( 'NONE',  ( -0.0000000000000000000, -0.0000000000000000000, -1.000000000000000000 ) ) ;
#9710 = FACE_OUTER_BOUND ( 'NONE', #2761, .T. ) ;
#9711 = VERTEX_POINT ( 'NONE', #1434 ) ;
#9712 = ADVANCED_FACE ( 'NONE', ( #4482 ), #7784, .T. ) ;
#9713 = DATE_AND_TIME ( #359, #2806 ) ;
#9714 = EDGE_CURVE ( 'NONE', #8351, #3152, #9288, .T. ) ;
#9715 = FACE_OUTER_BOUND ( 'NONE', #6149, .T. ) ;
#9716 = AXIS2_PLACEMENT_3D ( 'NONE', #2602, #1681, #4409 ) ;
#9717 = CARTESIAN_POINT ( 'NONE',  ( 0.4401574803149611600, 0.01968503937007875700, -0.02834645669291339200 ) ) ;
#9718 = VERTEX_POINT ( 'NONE', #4184 ) ;
#9719 = PLANE ( 'NONE',  #6368 ) ;
#9720 = DIRECTION ( 'NONE',  ( -1.000000000000000000, -0.0000000000000000000, 0.0000000000000000000 ) ) ;
#9721 = VERTEX_POINT ( 'NONE', #10475 ) ;
#9722 = CARTESIAN_POINT ( 'NONE',  ( 0.1196850393704075600, 0.01968503937007875700, -0.02598425196850394400 ) ) ;
#9723 = ORIENTED_EDGE ( 'NONE', *, *, #3075, .F. ) ;
#9724 = FACE_OUTER_BOUND ( 'NONE', #10944, .T. ) ;
#9725 = DIRECTION ( 'NONE',  ( 0.2950730660855439000, 0.9554746912769988000, 0.0000000000000000000 ) ) ;
#9726 = LINE ( 'NONE', #5623, #4916 ) ;
#9727 = EDGE_CURVE ( 'NONE', #43, #9028, #6601, .T. ) ;
#9728 = EDGE_LOOP ( 'NONE', ( #5997, #10711, #420, #10050, #3286, #7547, #2333, #6975 ) ) ;
#9729 = EDGE_CURVE ( 'NONE', #67, #1380, #11353, .T. ) ;
#9730 = CARTESIAN_POINT ( 'NONE',  ( 0.5242125984251974100, 0.1473225259842513800, -0.05787401574803151300 ) ) ;
#9731 = CARTESIAN_POINT ( 'NONE',  ( 0.5000000000000005600, 0.01968503937007875700, -0.05787401574803152000 ) ) ;
#9732 = AXIS2_PLACEMENT_3D ( 'NONE', #4626, #10921, #5516 ) ;
#9733 = ORIENTED_EDGE ( 'NONE', *, *, #9002, .T. ) ;
#9734 = CARTESIAN_POINT ( 'NONE',  ( 0.1401574803149614700, 0.01968503937007875700, -0.05787401574803151300 ) ) ;
#9735 = EDGE_CURVE ( 'NONE', #8393, #7925, #9010, .T. ) ;
#9736 = LINE ( 'NONE', #10066, #5200 ) ;
#9737 = PLANE ( 'NONE',  #10913 ) ;
#9738 = LINE ( 'NONE', #7855, #4925 ) ;
#9739 = CARTESIAN_POINT ( 'NONE',  ( 0.09212598425196885700, 0.05244063622047148700, -0.05787401574803151300 ) ) ;
#9740 = ORIENTED_EDGE ( 'NONE', *, *, #8862, .T. ) ;
#9741 = PLANE ( 'NONE',  #255 ) ;
#9742 = CARTESIAN_POINT ( 'NONE',  ( 0.5921259842519689400, 0.06031465196850320500, -0.05787401574803151300 ) ) ;
#9743 = CARTESIAN_POINT ( 'NONE',  ( 0.1305118110806861900, 0.2965351243983662700, -0.05787401574803151300 ) ) ;
#9744 = ORIENTED_EDGE ( 'NONE', *, *, #6908, .F. ) ;
#9745 = DIRECTION ( 'NONE',  ( -0.0000000000000000000, -0.0000000000000000000, -1.000000000000000000 ) ) ;
#9746 = CYLINDRICAL_SURFACE ( 'NONE', #1794, 0.01574803149606289800 ) ;
#9747 = DIRECTION ( 'NONE',  ( -0.9995120760675666500, -0.03123475300211145400, 0.0000000000000000000 ) ) ;
#9748 = EDGE_CURVE ( 'NONE', #9549, #6588, #1813, .T. ) ;
#9749 = VECTOR ( 'NONE', #29, 39.37007874015748100 ) ;
#9750 = VERTEX_POINT ( 'NONE', #5105 ) ;
#9751 = AXIS2_PLACEMENT_3D ( 'NONE', #8057, #8939, #3530 ) ;
#9752 = DIRECTION ( 'NONE',  ( 0.0000000000000000000, 1.000000000000000000, 0.0000000000000000000 ) ) ;
#9753 = ORIENTED_EDGE ( 'NONE', *, *, #10167, .T. ) ;
#9754 = EDGE_CURVE ( 'NONE', #6282, #6726, #6310, .T. ) ;
#9755 = CC_DESIGN_DATE_AND_TIME_ASSIGNMENT ( #8465, #3902, ( #8560 ) ) ;
#9756 = ORIENTED_EDGE ( 'NONE', *, *, #3642, .T. ) ;
#9757 = PLANE ( 'NONE',  #1973 ) ;
#9758 = DIRECTION ( 'NONE',  ( -5.876167051565095900E-011, 1.000000000000000000, 0.0000000000000000000 ) ) ;
#9759 = VECTOR ( 'NONE', #6728, 39.37007874015748100 ) ;
#9760 = ADVANCED_FACE ( 'NONE', ( #1511 ), #1220, .T. ) ;
#9761 = DIRECTION ( 'NONE',  ( 0.0000000000000000000, -0.0000000000000000000, -1.000000000000000000 ) ) ;
#9762 = VECTOR ( 'NONE', #358, 39.37007874015748100 ) ;
#9763 = VERTEX_POINT ( 'NONE', #3361 ) ;
#9764 = DIRECTION ( 'NONE',  ( 1.000000000000000000, -0.0000000000000000000, 0.0000000000000000000 ) ) ;
#9765 = ORIENTED_EDGE ( 'NONE', *, *, #6689, .F. ) ;
#9766 = DIRECTION ( 'NONE',  ( 0.0000000000000000000, -0.6000000000000002000, -0.7999999999999998200 ) ) ;
#9767 = AXIS2_PLACEMENT_3D ( 'NONE', #11577, #7504, #8222 ) ;
#9768 = EDGE_CURVE ( 'NONE', #10903, #4702, #10810, .T. ) ;
#9769 = VECTOR ( 'NONE', #7899, 39.37007874015748100 ) ;
#9770 = EDGE_LOOP ( 'NONE', ( #1257, #4776, #5013, #2272 ) ) ;
#9771 = DIRECTION ( 'NONE',  ( -1.000000000000000000, 0.0000000000000000000, 0.0000000000000000000 ) ) ;
#9772 = VECTOR ( 'NONE', #1330, 39.37007874015748100 ) ;
#9773 = DIRECTION ( 'NONE',  ( 0.7999999999999998200, -0.6000000000000002000, 0.0000000000000000000 ) ) ;
#9774 = ORIENTED_EDGE ( 'NONE', *, *, #6508, .T. ) ;
#9775 = ORIENTED_EDGE ( 'NONE', *, *, #1963, .F. ) ;
#9776 = ORIENTED_EDGE ( 'NONE', *, *, #8082, .F. ) ;
#9777 = ADVANCED_FACE ( 'NONE', ( #8176 ), #11416, .F. ) ;
#9778 = DIRECTION ( 'NONE',  ( -0.0000000000000000000, 0.0000000000000000000, 1.000000000000000000 ) ) ;
#9779 = VERTEX_POINT ( 'NONE', #5148 ) ;
#9780 = DIRECTION ( 'NONE',  ( -0.1483404539571395500, 0.9889363527142632800, 0.0000000000000000000 ) ) ;
#9781 = VECTOR ( 'NONE', #8225, 39.37007874015748100 ) ;
#9782 = VERTEX_POINT ( 'NONE', #7902 ) ;
#9783 = FACE_OUTER_BOUND ( 'NONE', #7209, .T. ) ;
#9784 = ORIENTED_EDGE ( 'NONE', *, *, #5096, .T. ) ;
#9785 = ORIENTED_EDGE ( 'NONE', *, *, #3093, .T. ) ;
#9786 = ORIENTED_EDGE ( 'NONE', *, *, #3705, .T. ) ;
#9787 = DIRECTION ( 'NONE',  ( 0.0000000000000000000, 0.0000000000000000000, 1.000000000000000000 ) ) ;
#9788 = DIRECTION ( 'NONE',  ( 1.000000000000000000, 0.0000000000000000000, -0.0000000000000000000 ) ) ;
#9789 = EDGE_CURVE ( 'NONE', #10094, #10353, #5735, .T. ) ;
#9790 = EDGE_CURVE ( 'NONE', #10558, #10903, #3364, .T. ) ;
#9791 = ORIENTED_EDGE ( 'NONE', *, *, #3619, .T. ) ;
#9792 = DIRECTION ( 'NONE',  ( -0.0000000000000000000, -0.0000000000000000000, -1.000000000000000000 ) ) ;
#9793 = AXIS2_PLACEMENT_3D ( 'NONE', #8435, #3014, #9322 ) ;
#9794 = LINE ( 'NONE', #8293, #738 ) ;
#9795 = DIRECTION ( 'NONE',  ( -0.7999999999999998200, -0.6000000000000002000, 0.0000000000000000000 ) ) ;
#9796 = LINE ( 'NONE', #162, #2600 ) ;
#9797 = VERTEX_POINT ( 'NONE', #6090 ) ;
#9798 = VECTOR ( 'NONE', #9061, 39.37007874015748900 ) ;
#9799 = VERTEX_POINT ( 'NONE', #7028 ) ;
#9800 = ORIENTED_EDGE ( 'NONE', *, *, #10166, .T. ) ;
#9801 = CARTESIAN_POINT ( 'NONE',  ( 0.4401574803115176300, 0.2890203332166550500, -0.04212598425196852800 ) ) ;
#9802 = CARTESIAN_POINT ( 'NONE',  ( 0.3200787401574807800, 0.1339366992125986500, -0.05787401574803150600 ) ) ;
#9803 = CARTESIAN_POINT ( 'NONE',  ( 0.5200787401574810100, 0.08959064362175774000, -0.04212598425196851400 ) ) ;
#9804 = DIRECTION ( 'NONE',  ( 0.0000000000000000000, 0.0000000000000000000, 1.000000000000000000 ) ) ;
#9806 = VECTOR ( 'NONE', #7665, 39.37007874015748100 ) ;
#9805 = CARTESIAN_POINT ( 'NONE',  ( 0.3921259842519689300, 0.05244063622047148700, -0.05787401574803151300 ) ) ;
#9807 = EDGE_CURVE ( 'NONE', #6239, #6134, #6020, .T. ) ;
#9808 = LINE ( 'NONE', #6598, #9677 ) ;
#9809 = ORIENTED_EDGE ( 'NONE', *, *, #5470, .T. ) ;
#9810 = ORIENTED_EDGE ( 'NONE', *, *, #6089, .F. ) ;
#9811 = VECTOR ( 'NONE', #9346, 39.37007874015748100 ) ;
#9812 = ORIENTED_EDGE ( 'NONE', *, *, #8585, .T. ) ;
#9813 = ORIENTED_EDGE ( 'NONE', *, *, #1870, .T. ) ;
#9814 = CARTESIAN_POINT ( 'NONE',  ( -0.4999999999999996100, 0.01968503937007875700, -0.07165354330708663400 ) ) ;
#9815 = DIRECTION ( 'NONE',  ( 0.0000000000000000000, -0.0000000000000000000, 1.000000000000000000 ) ) ;
#9816 = PLANE ( 'NONE',  #7487 ) ;
#9817 = CARTESIAN_POINT ( 'NONE',  ( 0.2111870956299216900, 0.2432397985433058200, -0.04212598425196851400 ) ) ;
#9818 = DIRECTION ( 'NONE',  ( 1.000000000000000000, 0.0000000000000000000, -0.0000000000000000000 ) ) ;
#9819 = LINE ( 'NONE', #5822, #4995 ) ;
#9820 = DIRECTION ( 'NONE',  ( 1.000000000000000000, 0.0000000000000000000, 0.0000000000000000000 ) ) ;
#9821 = ORIENTED_EDGE ( 'NONE', *, *, #8476, .F. ) ;
#9822 = ORIENTED_EDGE ( 'NONE', *, *, #4349, .T. ) ;
#9823 = LINE ( 'NONE', #5992, #2630 ) ;
#9824 = ORIENTED_EDGE ( 'NONE', *, *, #8320, .T. ) ;
#9825 = VERTEX_POINT ( 'NONE', #8840 ) ;
#9826 = ADVANCED_FACE ( 'NONE', ( #11077 ), #9737, .F. ) ;
#9827 = EDGE_CURVE ( 'NONE', #4709, #8474, #3082, .T. ) ;
#9828 = LINE ( 'NONE', #11367, #7439 ) ;
#9829 = DIRECTION ( 'NONE',  ( 0.0000000000000000000, 0.0000000000000000000, -1.000000000000000000 ) ) ;
#9830 = PLANE ( 'NONE',  #10939 ) ;
#9831 = EDGE_CURVE ( 'NONE', #4205, #10229, #5446, .T. ) ;
#9832 = AXIS2_PLACEMENT_3D ( 'NONE', #7603, #2176, #8502 ) ;
#9833 = VECTOR ( 'NONE', #10274, 39.37007874015748100 ) ;
#9834 = CARTESIAN_POINT ( 'NONE',  ( 0.2509508751574806000, 0.2432397985433058200, -0.05787401574803151300 ) ) ;
#9835 = CARTESIAN_POINT ( 'NONE',  ( 0.4509842519685045000, -0.1259842519685042700, -0.04212598425196851400 ) ) ;
#9836 = EDGE_LOOP ( 'NONE', ( #1788, #8706, #11333, #9267 ) ) ;
#9837 = ORIENTED_EDGE ( 'NONE', *, *, #10873, .T. ) ;
#9838 = ORIENTED_EDGE ( 'NONE', *, *, #2096, .T. ) ;
#9839 = DIRECTION ( 'NONE',  ( -1.000000000000000000, 0.0000000000000000000, -0.0000000000000000000 ) ) ;
#9840 = VECTOR ( 'NONE', #11676, 39.37007874015748100 ) ;
#9841 = ADVANCED_FACE ( 'NONE', ( #7608 ), #2562, .F. ) ;
#9842 = VECTOR ( 'NONE', #4718, 39.37007874015748100 ) ;
#9843 = DIRECTION ( 'NONE',  ( 0.0000000000000000000, -0.0000000000000000000, 1.000000000000000000 ) ) ;
#9844 = CARTESIAN_POINT ( 'NONE',  ( 0.01118709562992162500, 0.2617829512992116400, -0.05787401574803151300 ) ) ;
#9845 = ORIENTED_EDGE ( 'NONE', *, *, #4723, .T. ) ;
#9846 = EDGE_CURVE ( 'NONE', #3887, #7683, #5170, .T. ) ;
#9847 = ORIENTED_EDGE ( 'NONE', *, *, #1534, .T. ) ;
#9848 = CARTESIAN_POINT ( 'NONE',  ( 0.5452755905511815800, -0.1011811023622053900, -0.05787401574803151300 ) ) ;
#9849 = VECTOR ( 'NONE', #1022, 39.37007874015748100 ) ;
#9850 = CARTESIAN_POINT ( 'NONE',  ( 0.1374015748425201900, 0.05244063622047148700, -0.05787401574803151300 ) ) ;
#9851 = LINE ( 'NONE', #4745, #2656 ) ;
#9852 = ORIENTED_EDGE ( 'NONE', *, *, #5919, .T. ) ;
#9853 = DIRECTION ( 'NONE',  ( 0.1483404520011492900, 0.9889363530076618100, 0.0000000000000000000 ) ) ;
#9854 = DIRECTION ( 'NONE',  ( -1.000000000000000000, 0.0000000000000000000, 0.0000000000000000000 ) ) ;
#9855 = MANIFOLD_SOLID_BREP ( 'Cut-Extrude1', #5114 ) ;
#9856 = DIRECTION ( 'NONE',  ( -1.000000000000000000, -0.0000000000000000000, 0.0000000000000000000 ) ) ;
#9857 = VECTOR ( 'NONE', #4025, 39.37007874015748100 ) ;
#9858 = VERTEX_POINT ( 'NONE', #1650 ) ;
#9859 = EDGE_CURVE ( 'NONE', #6121, #4851, #350, .T. ) ;
#9860 = LINE ( 'NONE', #3126, #7471 ) ;
#9861 = DIRECTION ( 'NONE',  ( 1.000000000000000000, 0.0000000000000000000, 0.0000000000000000000 ) ) ;
#9862 = ORIENTED_EDGE ( 'NONE', *, *, #11241, .T. ) ;
#9863 = CARTESIAN_POINT ( 'NONE',  ( 0.6196850393703291500, 0.01968503937007875700, -0.04212598425196851400 ) ) ;
#9864 = PERSON_AND_ORGANIZATION ( #4812, #2956 ) ;
#9865 = CARTESIAN_POINT ( 'NONE',  ( 0.3921259842519689300, 0.06031465196850320500, -0.04212598425196852800 ) ) ;
#9866 = LINE ( 'NONE', #1539, #5046 ) ;
#9867 = DIRECTION ( 'NONE',  ( 0.0000000000000000000, -0.0000000000000000000, 1.000000000000000000 ) ) ;
#9868 = CARTESIAN_POINT ( 'NONE',  ( 0.3445558501166433600, 0.1112594900317882100, -0.05787401574803151300 ) ) ;
#9869 = EDGE_LOOP ( 'NONE', ( #8387, #7384, #10480, #6705 ) ) ;
#9870 = ORIENTED_EDGE ( 'NONE', *, *, #7576, .T. ) ;
#9871 = DIRECTION ( 'NONE',  ( 0.0000000000000000000, 0.0000000000000000000, 1.000000000000000000 ) ) ;
#9872 = ORIENTED_EDGE ( 'NONE', *, *, #3308, .F. ) ;
#9873 = EDGE_CURVE ( 'NONE', #4546, #8109, #2798, .T. ) ;
#9874 = AXIS2_PLACEMENT_3D ( 'NONE', #4396, #1707, #2698 ) ;
#9875 = FACE_OUTER_BOUND ( 'NONE', #4621, .T. ) ;
#9876 = CARTESIAN_POINT ( 'NONE',  ( 0.5279685040551187500, 0.3149606299214029500, -0.03326771653532533500 ) ) ;
#9877 = FACE_OUTER_BOUND ( 'NONE', #5080, .T. ) ;
#9878 = DIRECTION ( 'NONE',  ( -1.000000000000000000, -2.833954193427455700E-014, 0.0000000000000000000 ) ) ;
#9879 = ADVANCED_FACE ( 'NONE', ( #2510 ), #10667, .F. ) ;
#9880 = CARTESIAN_POINT ( 'NONE',  ( 0.4795275590944886900, -0.1259842519685042700, -0.04212598425196851400 ) ) ;
#9881 = ORIENTED_EDGE ( 'NONE', *, *, #11123, .T. ) ;
#9882 = DIRECTION ( 'NONE',  ( -0.0000000000000000000, -1.000000000000000000, -0.0000000000000000000 ) ) ;
#9883 = ORIENTED_EDGE ( 'NONE', *, *, #1249, .T. ) ;
#9884 = CARTESIAN_POINT ( 'NONE',  ( 0.6600393700787408100, 0.1141337039370070900, -0.04212598425196852800 ) ) ;
#9885 = LINE ( 'NONE', #3453, #5064 ) ;
#9886 = CYLINDRICAL_SURFACE ( 'NONE', #9977, 0.007874015748031449100 ) ;
#9887 = DIRECTION ( 'NONE',  ( -0.0000000000000000000, -0.0000000000000000000, 1.000000000000000000 ) ) ;
#9888 = EDGE_CURVE ( 'NONE', #8422, #6999, #4893, .T. ) ;
#9889 = EDGE_LOOP ( 'NONE', ( #6791, #112, #404, #5217 ) ) ;
#9890 = DIRECTION ( 'NONE',  ( -1.000000000000000000, 0.0000000000000000000, 0.0000000000000000000 ) ) ;
#9891 = CARTESIAN_POINT ( 'NONE',  ( 0.5795275591580512100, 0.2885954232327819200, -0.04212598425196851400 ) ) ;
#9892 = ADVANCED_FACE ( 'NONE', ( #7035 ), #7144, .T. ) ;
#9893 = CARTESIAN_POINT ( 'NONE',  ( 0.07952755917439664800, 0.2885954232650427300, -0.05787401574803151300 ) ) ;
#9894 = AXIS2_PLACEMENT_3D ( 'NONE', #9880, #4468, #10758 ) ;
#9895 = PLANE ( 'NONE',  #381 ) ;
#9896 = EDGE_CURVE ( 'NONE', #8045, #4271, #4612, .T. ) ;
#9897 = ORIENTED_EDGE ( 'NONE', *, *, #811, .T. ) ;
#9898 = CARTESIAN_POINT ( 'NONE',  ( 0.3374015748031499200, 0.05244063622047114000, -0.04212598425196852800 ) ) ;
#9899 = FACE_BOUND ( 'NONE', #5588, .T. ) ;
#9900 = VECTOR ( 'NONE', #3395, 39.37007874015748100 ) ;
#9901 = VERTEX_POINT ( 'NONE', #6256 ) ;
#9902 = EDGE_LOOP ( 'NONE', ( #9245, #3525, #7185, #7010 ) ) ;
#9903 = CARTESIAN_POINT ( 'NONE',  ( 0.3401574803149611200, 0.01968503937007875700, -0.02598425196850394400 ) ) ;
#9905 = EDGE_CURVE ( 'NONE', #4827, #7686, #11479, .T. ) ;
#9904 = DIRECTION ( 'NONE',  ( 0.0000000000000000000, 0.0000000000000000000, 1.000000000000000000 ) ) ;
#9906 = VECTOR ( 'NONE', #10040, 39.37007874015748100 ) ;
#9907 = CARTESIAN_POINT ( 'NONE',  ( 0.6826771653543313200, 0.05244063622047148700, -0.04212598425196852100 ) ) ;
#9908 = LINE ( 'NONE', #1657, #2716 ) ;
#9909 = EDGE_CURVE ( 'NONE', #5196, #6656, #7314, .T. ) ;
#9910 = ORIENTED_EDGE ( 'NONE', *, *, #7777, .F. ) ;
#9911 = ORIENTED_EDGE ( 'NONE', *, *, #3356, .F. ) ;
#9912 = DIRECTION ( 'NONE',  ( -1.000000000000000000, -0.0000000000000000000, 0.0000000000000000000 ) ) ;
#9913 = CARTESIAN_POINT ( 'NONE',  ( 0.6000000000000005300, 0.06031465196873454800, -0.05787401574803151300 ) ) ;
#9914 = VECTOR ( 'NONE', #10256, 39.37007874015748100 ) ;
#9915 = CARTESIAN_POINT ( 'NONE',  ( 0.6200787401574809900, 0.08959064362204663400, -0.04212598425196851400 ) ) ;
#9916 = EDGE_LOOP ( 'NONE', ( #3047, #5415, #887, #3328 ) ) ;
#9917 = LINE ( 'NONE', #9163, #274 ) ;
#9918 = EDGE_LOOP ( 'NONE', ( #8083, #3224, #9194, #10752 ) ) ;
#9919 = ORIENTED_EDGE ( 'NONE', *, *, #10042, .T. ) ;
#9920 = ORIENTED_EDGE ( 'NONE', *, *, #3669, .T. ) ;
#9921 = ORIENTED_EDGE ( 'NONE', *, *, #7323, .F. ) ;
#9922 = EDGE_CURVE ( 'NONE', #7948, #1850, #2227, .T. ) ;
#9923 = LINE ( 'NONE', #5875, #2735 ) ;
#9924 = DIRECTION ( 'NONE',  ( 0.0000000000000000000, 0.0000000000000000000, -1.000000000000000000 ) ) ;
#9925 = DIRECTION ( 'NONE',  ( -1.000000000000000000, 0.0000000000000000000, 0.0000000000000000000 ) ) ;
#9926 = VECTOR ( 'NONE', #9515, 39.37007874015748100 ) ;
#9927 = EDGE_LOOP ( 'NONE', ( #813, #3247, #1086, #5896 ) ) ;
#9928 = CARTESIAN_POINT ( 'NONE',  ( 0.2200787401574807700, 0.06031465196850320500, -0.05787401574803151300 ) ) ;
#9929 = CYLINDRICAL_SURFACE ( 'NONE', #3467, 0.007874015748031449100 ) ;
#9930 = ORIENTED_EDGE ( 'NONE', *, *, #5321, .F. ) ;
#9931 = VERTEX_POINT ( 'NONE', #9898 ) ;
#9932 = CARTESIAN_POINT ( 'NONE',  ( 0.3196850393700790800, 0.01968503937007875700, -0.04212598425196851400 ) ) ;
#9933 = DIMENSIONAL_EXPONENTS ( 1.000000000000000000, 0.0000000000000000000, 0.0000000000000000000, 0.0000000000000000000, 0.0000000000000000000, 0.0000000000000000000, 0.0000000000000000000 ) ;
#9934 = ORIENTED_EDGE ( 'NONE', *, *, #5926, .T. ) ;
#9935 = CARTESIAN_POINT ( 'NONE',  ( 0.4000000000000005200, 0.3149606299212595600, -0.05787401574803152000 ) ) ;
#9936 = LINE ( 'NONE', #7059, #7556 ) ;
#9937 = CARTESIAN_POINT ( 'NONE',  ( 0.5279527559055122700, 0.05244063622047148700, -0.05787401574803151300 ) ) ;
#9938 = VECTOR ( 'NONE', #11549, 39.37007874015748100 ) ;
#9939 = ORIENTED_EDGE ( 'NONE', *, *, #2867, .T. ) ;
#9940 = EDGE_CURVE ( 'NONE', #8024, #2099, #6737, .T. ) ;
#9941 = LINE ( 'NONE', #10515, #5124 ) ;
#9942 = ORIENTED_EDGE ( 'NONE', *, *, #4590, .T. ) ;
#9943 = ORIENTED_EDGE ( 'NONE', *, *, #3160, .T. ) ;
#9944 = AXIS2_PLACEMENT_3D ( 'NONE', #10432, #5029, #11306 ) ;
#9945 = CARTESIAN_POINT ( 'NONE',  ( 0.3895669291338587100, 0.2965351244488186300, -0.05787401574803151300 ) ) ;
#9946 = DIRECTION ( 'NONE',  ( -1.000000000000000000, -0.0000000000000000000, 0.0000000000000000000 ) ) ;
#9947 = ADVANCED_FACE ( 'NONE', ( #6445 ), #6297, .T. ) ;
#9948 = LINE ( 'NONE', #5966, #2757 ) ;
#9949 = ORIENTED_EDGE ( 'NONE', *, *, #10901, .T. ) ;
#9950 = ORIENTED_EDGE ( 'NONE', *, *, #5276, .T. ) ;
#9951 = CARTESIAN_POINT ( 'NONE',  ( 0.3088916445275594600, 0.2617829512992116400, -0.05787401574803151300 ) ) ;
#9952 = EDGE_CURVE ( 'NONE', #5779, #9067, #11210, .T. ) ;
#9953 = VECTOR ( 'NONE', #8223, 39.37007874015748100 ) ;
#9954 = ORIENTED_EDGE ( 'NONE', *, *, #9975, .F. ) ;
#9955 = ORIENTED_EDGE ( 'NONE', *, *, #1129, .T. ) ;
#9956 = CARTESIAN_POINT ( 'NONE',  ( 0.5568533023228350300, 0.2494168253937005800, -0.05787401574803151300 ) ) ;
#9957 = LINE ( 'NONE', #8164, #315 ) ;
#9958 = CARTESIAN_POINT ( 'NONE',  ( 0.3795275590944885400, 0.05244063622047148700, -0.04212598425196851400 ) ) ;
#9959 = EDGE_CURVE ( 'NONE', #3501, #495, #1656, .T. ) ;
#9960 = FACE_OUTER_BOUND ( 'NONE', #8880, .T. ) ;
#9961 = AXIS2_PLACEMENT_3D ( 'NONE', #11303, #9580, #4179 ) ;
#9962 = CARTESIAN_POINT ( 'NONE',  ( 0.1718503937007874500, 0.2287793732283450500, -0.05787401574803151300 ) ) ;
#9963 = EDGE_CURVE ( 'NONE', #6227, #5361, #4056, .T. ) ;
#9964 = ORIENTED_EDGE ( 'NONE', *, *, #6979, .T. ) ;
#9965 = ORIENTED_EDGE ( 'NONE', *, *, #1353, .T. ) ;
#9967 = CARTESIAN_POINT ( 'NONE',  ( 0.2000000000000005900, 0.01968503937007875700, -0.05787401574803152000 ) ) ;
#9966 = CYLINDRICAL_SURFACE ( 'NONE', #8477, 0.09219577657480328100 ) ;
#9968 = DIRECTION ( 'NONE',  ( 0.2242946047231125200, -0.9745213852410333800, 0.0000000000000000000 ) ) ;
#9969 = FACE_OUTER_BOUND ( 'NONE', #6524, .T. ) ;
#9970 = DIRECTION ( 'NONE',  ( -0.0000000000000000000, -0.0000000000000000000, 1.000000000000000000 ) ) ;
#9971 = CIRCLE ( 'NONE', #9614, 0.03976377952755921100 ) ;
#9972 = CARTESIAN_POINT ( 'NONE',  ( 0.5690944881892519000, -0.1259842519673084500, -0.04212598425196851400 ) ) ;
#9973 = ORIENTED_EDGE ( 'NONE', *, *, #8200, .T. ) ;
#9974 = CARTESIAN_POINT ( 'NONE',  ( 0.1088916445275594100, 0.2617829512992116400, -0.04212598425196852800 ) ) ;
#9975 = EDGE_CURVE ( 'NONE', #384, #7267, #10938, .T. ) ;
#9976 = VERTEX_POINT ( 'NONE', #1846 ) ;
#9977 = AXIS2_PLACEMENT_3D ( 'NONE', #4830, #7540, #9338 ) ;
#9978 = VECTOR ( 'NONE', #4212, 39.37007874015748100 ) ;
#9979 = EDGE_CURVE ( 'NONE', #6113, #1193, #8583, .T. ) ;
#9980 = AXIS2_PLACEMENT_3D ( 'NONE', #9146, #7382, #1970 ) ;
#9981 = DIRECTION ( 'NONE',  ( 1.000000000000000000, 0.0000000000000000000, 0.0000000000000000000 ) ) ;
#9982 = VECTOR ( 'NONE', #5365, 39.37007874015748100 ) ;
#9983 = DIRECTION ( 'NONE',  ( 0.0000000000000000000, 0.0000000000000000000, -1.000000000000000000 ) ) ;
#9984 = VERTEX_POINT ( 'NONE', #9972 ) ;
#9985 = CARTESIAN_POINT ( 'NONE',  ( 0.2196850393700793500, 0.3149606299212595600, -0.04212598425196851400 ) ) ;
#9986 = VECTOR ( 'NONE', #7992, 39.37007874015748100 ) ;
#9987 = AXIS2_PLACEMENT_3D ( 'NONE', #9516, #1736, #1718 ) ;
#9988 = EDGE_LOOP ( 'NONE', ( #11596, #446, #5183, #9845 ) ) ;
#9989 = CARTESIAN_POINT ( 'NONE',  ( 2.731847993664263200E-016, -0.1259883101458695600, -0.09999999999999997800 ) ) ;
#9990 = DIRECTION ( 'NONE',  ( -1.000000000000000000, 0.0000000000000000000, 0.0000000000000000000 ) ) ;
#9991 = FACE_OUTER_BOUND ( 'NONE', #11161, .T. ) ;
#9992 = EDGE_CURVE ( 'NONE', #3240, #6212, #8310, .T. ) ;
#9993 = CARTESIAN_POINT ( 'NONE',  ( 0.01968503937007930500, 0.3149606299212595600, -0.04212598425196851400 ) ) ;
#9994 = ORIENTED_EDGE ( 'NONE', *, *, #2426, .F. ) ;
#9995 = APPROVAL_DATE_TIME ( #663, #1664 ) ;
#9996 = DIRECTION ( 'NONE',  ( 1.000000000000000000, 0.0000000000000000000, 0.0000000000000000000 ) ) ;
#9997 = LINE ( 'NONE', #9985, #7326 ) ;
#9998 = VERTEX_POINT ( 'NONE', #25 ) ;
#9999 = VERTEX_POINT ( 'NONE', #7297 ) ;
#10000 = DIRECTION ( 'NONE',  ( 0.0000000000000000000, 0.0000000000000000000, 1.000000000000000000 ) ) ;
#10001 = ADVANCED_FACE ( 'NONE', ( #10671, #10393 ), #3663, .T. ) ;
#10002 = ORIENTED_EDGE ( 'NONE', *, *, #3368, .T. ) ;
#10003 = PLANE ( 'NONE',  #4639 ) ;
#10005 = DIRECTION ( 'NONE',  ( 0.0000000000000000000, -0.0000000000000000000, -1.000000000000000000 ) ) ;
#10004 = VECTOR ( 'NONE', #11652, 39.37007874015748100 ) ;
#10006 = VECTOR ( 'NONE', #9287, 39.37007874015748100 ) ;
#10007 = EDGE_CURVE ( 'NONE', #533, #733, #3498, .T. ) ;
#10008 = AXIS2_PLACEMENT_3D ( 'NONE', #2631, #3523, #9843 ) ;
#10009 = PLANE ( 'NONE',  #3929 ) ;
#10010 = EDGE_LOOP ( 'NONE', ( #5251, #734, #3165, #7975 ) ) ;
#10011 = DIRECTION ( 'NONE',  ( 0.0000000000000000000, 0.0000000000000000000, 1.000000000000000000 ) ) ;
#10012 = ORIENTED_EDGE ( 'NONE', *, *, #9534, .F. ) ;
#10013 = LINE ( 'NONE', #6432, #380 ) ;
#10014 = PLANE ( 'NONE',  #6420 ) ;
#10015 = DIRECTION ( 'NONE',  ( -0.0000000000000000000, 0.0000000000000000000, 1.000000000000000000 ) ) ;
#10016 = LINE ( 'NONE', #3307, #959 ) ;
#10017 = PLANE ( 'NONE',  #5104 ) ;
#10018 = ORIENTED_EDGE ( 'NONE', *, *, #1731, .F. ) ;
#10019 = DIRECTION ( 'NONE',  ( 1.000000000000000000, 0.0000000000000000000, -0.0000000000000000000 ) ) ;
#10020 = EDGE_CURVE ( 'NONE', #4393, #3403, #3775, .T. ) ;
#10021 = ORIENTED_EDGE ( 'NONE', *, *, #6892, .T. ) ;
#10022 = DIRECTION ( 'NONE',  ( -1.000000000000000000, 0.0000000000000000000, 0.0000000000000000000 ) ) ;
#10023 = VECTOR ( 'NONE', #7654, 39.37007874015748100 ) ;
#10024 = AXIS2_PLACEMENT_3D ( 'NONE', #3765, #10070, #4655 ) ;
#10025 = LINE ( 'NONE', #950, #2840 ) ;
#10026 = ORIENTED_EDGE ( 'NONE', *, *, #6671, .F. ) ;
#10027 = CARTESIAN_POINT ( 'NONE',  ( 0.5999999999956743300, 0.1339366992112627800, -0.05787401574803151300 ) ) ;
#10028 = EDGE_LOOP ( 'NONE', ( #142, #991, #10949, #3051 ) ) ;
#10029 = DIRECTION ( 'NONE',  ( 1.000000000000000000, 0.0000000000000000000, -0.0000000000000000000 ) ) ;
#10030 = ORIENTED_EDGE ( 'NONE', *, *, #1097, .T. ) ;
#10031 = FACE_OUTER_BOUND ( 'NONE', #7223, .T. ) ;
#10032 = DIRECTION ( 'NONE',  ( 0.0000000000000000000, 0.0000000000000000000, 1.000000000000000000 ) ) ;
#10033 = EDGE_CURVE ( 'NONE', #2300, #9415, #3225, .T. ) ;
#10034 = DIRECTION ( 'NONE',  ( 0.0000000000000000000, 1.000000000000000000, 0.0000000000000000000 ) ) ;
#10035 = VECTOR ( 'NONE', #3092, 39.37007874015748100 ) ;
#10036 = CARTESIAN_POINT ( 'NONE',  ( 0.5452755905511815800, 0.04456662047243921400, -0.04212598425196851400 ) ) ;
#10037 = VERTEX_POINT ( 'NONE', #984 ) ;
#10038 = DIRECTION ( 'NONE',  ( 0.0000000000000000000, -0.0000000000000000000, 1.000000000000000000 ) ) ;
#10039 = AXIS2_PLACEMENT_3D ( 'NONE', #8230, #2817, #9122 ) ;
#10040 = DIRECTION ( 'NONE',  ( 0.0000000000000000000, 0.0000000000000000000, 1.000000000000000000 ) ) ;
#10041 = ORIENTED_EDGE ( 'NONE', *, *, #3545, .F. ) ;
#10042 = EDGE_CURVE ( 'NONE', #6998, #8958, #5581, .T. ) ;
#10043 = DIRECTION ( 'NONE',  ( 1.000000000000000000, 0.0000000000000000000, 0.0000000000000000000 ) ) ;
#10044 = LINE ( 'NONE', #11415, #7954 ) ;
#10045 = ORIENTED_EDGE ( 'NONE', *, *, #10183, .F. ) ;
#10046 = LINE ( 'NONE', #4033, #2861 ) ;
#10047 = DIRECTION ( 'NONE',  ( 0.0000000000000000000, -1.000000000000000000, -0.0000000000000000000 ) ) ;
#10048 = EDGE_LOOP ( 'NONE', ( #276, #2160, #1723, #2189 ) ) ;
#10049 = VERTEX_POINT ( 'NONE', #7335 ) ;
#10050 = ORIENTED_EDGE ( 'NONE', *, *, #3333, .F. ) ;
#10051 = VERTEX_POINT ( 'NONE', #1929 ) ;
#10052 = CARTESIAN_POINT ( 'NONE',  ( 0.6401574803115175300, 0.2890203332166552700, -0.05787401574803151300 ) ) ;
#10053 = DIRECTION ( 'NONE',  ( 1.000000000000000000, 0.0000000000000000000, -0.0000000000000000000 ) ) ;
#10054 = DIRECTION ( 'NONE',  ( -5.876167051565095900E-011, 1.000000000000000000, 0.0000000000000000000 ) ) ;
#10055 = EDGE_CURVE ( 'NONE', #659, #5647, #5305, .T. ) ;
#10056 = FACE_OUTER_BOUND ( 'NONE', #9197, .T. ) ;
#10057 = ADVANCED_FACE ( 'NONE', ( #10125 ), #2837, .F. ) ;
#10058 = ORIENTED_EDGE ( 'NONE', *, *, #1063, .T. ) ;
#10059 = FACE_OUTER_BOUND ( 'NONE', #2283, .T. ) ;
#10060 = VERTEX_POINT ( 'NONE', #104 ) ;
#10061 = ORIENTED_EDGE ( 'NONE', *, *, #7486, .F. ) ;
#10062 = ORIENTED_EDGE ( 'NONE', *, *, #836, .T. ) ;
#10063 = DIRECTION ( 'NONE',  ( 1.000000000000000000, 0.0000000000000000000, 0.0000000000000000000 ) ) ;
#10064 = DIRECTION ( 'NONE',  ( 0.0000000000000000000, 0.0000000000000000000, 1.000000000000000000 ) ) ;
#10065 = DIRECTION ( 'NONE',  ( -0.0000000000000000000, -0.0000000000000000000, 1.000000000000000000 ) ) ;
#10067 = FACE_OUTER_BOUND ( 'NONE', #5652, .T. ) ;
#10066 = CARTESIAN_POINT ( 'NONE',  ( 0.2279685038188983800, 0.3149606299187379700, -0.03326771652748181100 ) ) ;
#10068 = LINE ( 'NONE', #8312, #1010 ) ;
#10069 = CLOSED_SHELL ( 'NONE', ( #4798, #11137, #5128, #11198, #3389, #9251, #8930, #3731, #4326, #437, #2325, #8820, #1296, #3106, #20, #11028, #2208, #9587, #9702, #10751, #8360, #10920, #8028, #1651, #1705, #6014, #5081, #5355, #3264 ) ) ;
#10070 = DIRECTION ( 'NONE',  ( -0.0000000000000000000, -0.0000000000000000000, 1.000000000000000000 ) ) ;
#10071 = AXIS2_PLACEMENT_3D ( 'NONE', #2230, #8557, #3145 ) ;
#10072 = LINE ( 'NONE', #4518, #742 ) ;
#10073 = ORIENTED_EDGE ( 'NONE', *, *, #4896, .F. ) ;
#10074 = ORIENTED_EDGE ( 'NONE', *, *, #9789, .T. ) ;
#10075 = DIRECTION ( 'NONE',  ( 1.000000000000000000, 0.0000000000000000000, 0.0000000000000000000 ) ) ;
#10076 = EDGE_CURVE ( 'NONE', #5869, #11004, #2938, .T. ) ;
#10077 = CARTESIAN_POINT ( 'NONE',  ( 0.02007874015748072800, 0.06031465196850320500, -0.05787401574803151300 ) ) ;
#10078 = CARTESIAN_POINT ( 'NONE',  ( 0.2200787401574807500, 0.01968503937007875700, -0.05787401574803152000 ) ) ;
#10079 = DIRECTION ( 'NONE',  ( 0.0000000000000000000, 1.000000000000000000, 0.0000000000000000000 ) ) ;
#10080 = LINE ( 'NONE', #1315, #9806 ) ;
#10081 = CARTESIAN_POINT ( 'NONE',  ( 0.1401574803149614700, 0.01968503937007875700, -0.02834645669291339200 ) ) ;
#10082 = VERTEX_POINT ( 'NONE', #10955 ) ;
#10083 = ORIENTED_EDGE ( 'NONE', *, *, #10858, .F. ) ;
#10084 = CIRCLE ( 'NONE', #2102, 0.007874015748031449100 ) ;
#10085 = VERTEX_POINT ( 'NONE', #5566 ) ;
#10086 = ORIENTED_EDGE ( 'NONE', *, *, #1550, .F. ) ;
#10087 = DIRECTION ( 'NONE',  ( -0.0000000000000000000, -0.0000000000000000000, -1.000000000000000000 ) ) ;
#10088 = CARTESIAN_POINT ( 'NONE',  ( 0.07952755909448872000, -0.1259842519685042700, -0.04212598425196851400 ) ) ;
#10089 = FACE_OUTER_BOUND ( 'NONE', #4143, .T. ) ;
#10090 = EDGE_CURVE ( 'NONE', #1971, #1819, #197, .T. ) ;
#10091 = DIRECTION ( 'NONE',  ( 0.0000000000000000000, 0.0000000000000000000, 1.000000000000000000 ) ) ;
#10092 = CARTESIAN_POINT ( 'NONE',  ( 0.1401574803149614700, 0.01968503937007875700, -0.07165354330708663400 ) ) ;
#10093 = ORIENTED_EDGE ( 'NONE', *, *, #1814, .T. ) ;
#10094 = VERTEX_POINT ( 'NONE', #1062 ) ;
#10095 = CARTESIAN_POINT ( 'NONE',  ( 0.07185039370119664100, 0.2287793731563232700, -0.04212598425196851400 ) ) ;
#10096 = LINE ( 'NONE', #6920, #10650 ) ;
#10097 = VERTEX_POINT ( 'NONE', #8328 ) ;
#10098 = ORIENTED_EDGE ( 'NONE', *, *, #364, .F. ) ;
#10099 = CARTESIAN_POINT ( 'NONE',  ( 0.2200787401574807700, -0.1259842519685042700, -0.04212598425196851400 ) ) ;
#10100 = VECTOR ( 'NONE', #11440, 39.37007874015748900 ) ;
#10101 = DIRECTION ( 'NONE',  ( -1.000000000000000000, 0.0000000000000000000, -0.0000000000000000000 ) ) ;
#10102 = LINE ( 'NONE', #7699, #769 ) ;
#10103 = DIRECTION ( 'NONE',  ( 0.0000000000000000000, -0.9723873019850282100, -0.2333729524565293100 ) ) ;
#10104 = DIRECTION ( 'NONE',  ( -0.04217878995898854300, -0.9991100788589790700, 0.0000000000000000000 ) ) ;
#10105 = ORIENTED_EDGE ( 'NONE', *, *, #10971, .F. ) ;
#10106 = ORIENTED_EDGE ( 'NONE', *, *, #2661, .F. ) ;
#10107 = ORIENTED_EDGE ( 'NONE', *, *, #4887, .F. ) ;
#10108 = CARTESIAN_POINT ( 'NONE',  ( 0.3000000000000004300, -0.1259842519685042700, -0.04212598425196851400 ) ) ;
#10109 = EDGE_CURVE ( 'NONE', #72, #9304, #7172, .T. ) ;
#10110 = FACE_OUTER_BOUND ( 'NONE', #11281, .T. ) ;
#10111 = AXIS2_PLACEMENT_3D ( 'NONE', #4164, #1462, #7805 ) ;
#10112 = CARTESIAN_POINT ( 'NONE',  ( 0.3242125984251974000, 0.1473225259842513800, -0.05787401574803150600 ) ) ;
#10113 = EDGE_CURVE ( 'NONE', #9506, #6120, #5025, .T. ) ;
#10114 = AXIS2_PLACEMENT_3D ( 'NONE', #1191, #7537, #2122 ) ;
#10115 = LINE ( 'NONE', #7106, #8030 ) ;
#10116 = VERTEX_POINT ( 'NONE', #9223 ) ;
#10117 = DIRECTION ( 'NONE',  ( 1.000000000000000000, 1.084202172485510900E-015, 0.0000000000000000000 ) ) ;
#10118 = CARTESIAN_POINT ( 'NONE',  ( 0.2374015748031499100, 0.04456662047243921400, -0.04212598425196852800 ) ) ;
#10119 = DIRECTION ( 'NONE',  ( -1.000000000000000000, 0.0000000000000000000, -0.0000000000000000000 ) ) ;
#10120 = DIRECTION ( 'NONE',  ( -0.0000000000000000000, -0.0000000000000000000, 1.000000000000000000 ) ) ;
#10121 = ORIENTED_EDGE ( 'NONE', *, *, #7317, .T. ) ;
#10122 = ADVANCED_FACE ( 'NONE', ( #2654 ), #4710, .F. ) ;
#10123 = DIRECTION ( 'NONE',  ( 0.0000000000000000000, -0.0000000000000000000, 1.000000000000000000 ) ) ;
#10124 = CARTESIAN_POINT ( 'NONE',  ( 0.1200787401574807500, 0.08959064362204691200, -0.05787401574803152000 ) ) ;
#10125 = FACE_OUTER_BOUND ( 'NONE', #9902, .T. ) ;
#10126 = CARTESIAN_POINT ( 'NONE',  ( 0.3431102362598428800, 0.3149606299212595600, -0.06673228346456693000 ) ) ;
#10127 = FACE_OUTER_BOUND ( 'NONE', #3471, .T. ) ;
#10128 = CARTESIAN_POINT ( 'NONE',  ( 0.3958661417783096400, 0.1473225259845757400, -0.04212598425196851400 ) ) ;
#10129 = EDGE_CURVE ( 'NONE', #7425, #11197, #6882, .T. ) ;
#10130 = VERTEX_POINT ( 'NONE', #8364 ) ;
#10131 =( NAMED_UNIT ( * ) SI_UNIT ( $, .STERADIAN. ) SOLID_ANGLE_UNIT ( ) );
#10132 = EDGE_CURVE ( 'NONE', #3243, #322, #4753, .T. ) ;
#10133 = CC_DESIGN_SECURITY_CLASSIFICATION ( #7119, ( #4087 ) ) ;
#10134 = FACE_OUTER_BOUND ( 'NONE', #3825, .T. ) ;
#10135 = PLANE ( 'NONE',  #198 ) ;
#10136 = ADVANCED_FACE ( 'NONE', ( #2083 ), #10165, .F. ) ;
#10137 = CARTESIAN_POINT ( 'NONE',  ( 0.6999999999985584400, 0.1339366992019236100, -0.04212598425196851400 ) ) ;
#10138 = CARTESIAN_POINT ( 'NONE',  ( 0.2431102362595495800, 0.3149606299217919100, -0.06673228346496615200 ) ) ;
#10139 = ORIENTED_EDGE ( 'NONE', *, *, #2007, .T. ) ;
#10140 = VECTOR ( 'NONE', #5618, 39.37007874015748100 ) ;
#10141 = ORIENTED_EDGE ( 'NONE', *, *, #3268, .T. ) ;
#10142 = CARTESIAN_POINT ( 'NONE',  ( 0.4279527559055122900, 0.05244063622047148700, -0.05787401574803151300 ) ) ;
#10143 = PERSON_AND_ORGANIZATION ( #4812, #2956 ) ;
#10144 = AXIS2_PLACEMENT_3D ( 'NONE', #8635, #8805, #5831 ) ;
#10145 = DIRECTION ( 'NONE',  ( -0.0000000000000000000, -0.0000000000000000000, -1.000000000000000000 ) ) ;
#10146 = VECTOR ( 'NONE', #4269, 39.37007874015748100 ) ;
#10147 = DIRECTION ( 'NONE',  ( 0.0000000000000000000, 0.0000000000000000000, 1.000000000000000000 ) ) ;
#10148 = CARTESIAN_POINT ( 'NONE',  ( 0.5111870956299217100, 0.2432397985433058200, -0.04212598425196852800 ) ) ;
#10149 = EDGE_LOOP ( 'NONE', ( #2863, #5237, #5509, #7960 ) ) ;
#10150 = EDGE_CURVE ( 'NONE', #8929, #11371, #9000, .T. ) ;
#10151 = CARTESIAN_POINT ( 'NONE',  ( 0.3826771653543312700, 0.04456662047243921400, -0.05787401574803151300 ) ) ;
#10152 = VERTEX_POINT ( 'NONE', #2993 ) ;
#10153 = ORIENTED_EDGE ( 'NONE', *, *, #6386, .T. ) ;
#10154 = CARTESIAN_POINT ( 'NONE',  ( -0.4999999999999996100, 0.01968503937007875700, -0.04212598425196851400 ) ) ;
#10155 = VECTOR ( 'NONE', #6873, 39.37007874015748100 ) ;
#10156 = VECTOR ( 'NONE', #1803, 39.37007874015748100 ) ;
#10157 = DIRECTION ( 'NONE',  ( 0.0000000000000000000, 0.0000000000000000000, 1.000000000000000000 ) ) ;
#10158 = CARTESIAN_POINT ( 'NONE',  ( 0.5374015748425202700, 0.05244063622047148700, -0.05787401574803151300 ) ) ;
#10159 = ORIENTED_EDGE ( 'NONE', *, *, #2799, .T. ) ;
#10160 = DIRECTION ( 'NONE',  ( 0.0000000000000000000, 0.7999999999999998200, -0.6000000000000002000 ) ) ;
#10161 = DIRECTION ( 'NONE',  ( 1.000000000000000000, 0.0000000000000000000, -0.0000000000000000000 ) ) ;
#10162 = CARTESIAN_POINT ( 'NONE',  ( 0.2200787401574807700, 0.1053386751217928200, -0.04212598425196851400 ) ) ;
#10163 = DIRECTION ( 'NONE',  ( -0.0000000000000000000, -1.000000000000000000, -0.0000000000000000000 ) ) ;
#10164 = EDGE_LOOP ( 'NONE', ( #10935, #8426, #7078, #8895, #3357, #7222, #9630, #6389 ) ) ;
#10165 = PLANE ( 'NONE',  #10697 ) ;
#10166 = EDGE_CURVE ( 'NONE', #2354, #3420, #11618, .T. ) ;
#10167 = EDGE_CURVE ( 'NONE', #4289, #1431, #6595, .T. ) ;
#10168 = VECTOR ( 'NONE', #5207, 39.37007874015748100 ) ;
#10169 = DIRECTION ( 'NONE',  ( -0.0000000000000000000, -1.000000000000000000, -0.0000000000000000000 ) ) ;
#10170 = LINE ( 'NONE', #1233, #2980 ) ;
#10171 = EDGE_LOOP ( 'NONE', ( #11495, #8697, #9518, #11494 ) ) ;
#10172 = APPLICATION_CONTEXT ( 'configuration controlled 3d designs of mechanical parts and assemblies' ) ;
#10173 = DIRECTION ( 'NONE',  ( 0.0000000000000000000, 0.0000000000000000000, 1.000000000000000000 ) ) ;
#10174 = CARTESIAN_POINT ( 'NONE',  ( 0.6795275590551186400, 0.01968503937007875700, -0.04212598425196851400 ) ) ;
#10175 = ORIENTED_EDGE ( 'NONE', *, *, #2420, .T. ) ;
#10176 = DIRECTION ( 'NONE',  ( 0.0000000000000000000, -1.000000000000000000, -0.0000000000000000000 ) ) ;
#10177 = EDGE_CURVE ( 'NONE', #9040, #7800, #4198, .T. ) ;
#10178 = FACE_BOUND ( 'NONE', #9292, .T. ) ;
#10179 = CARTESIAN_POINT ( 'NONE',  ( 0.2895669291376263300, 0.2965351244314694000, -0.05787401574803151300 ) ) ;
#10180 = LINE ( 'NONE', #2372, #7797 ) ;
#10181 = VERTEX_POINT ( 'NONE', #9300 ) ;
#10182 = ADVANCED_FACE ( 'NONE', ( #3916 ), #10802, .T. ) ;
#10183 = EDGE_CURVE ( 'NONE', #4988, #4993, #6303, .T. ) ;
#10184 = ORIENTED_EDGE ( 'NONE', *, *, #8165, .T. ) ;
#10185 = CARTESIAN_POINT ( 'NONE',  ( 3.870117991024372900E-016, 0.0000000000000000000, 8.892734354375856800E-020 ) ) ;
#10186 = CARTESIAN_POINT ( 'NONE',  ( 0.5000000000000004400, 0.06031465196850320500, -0.08208661417322835100 ) ) ;
#10187 = CARTESIAN_POINT ( 'NONE',  ( 0.1196850393700793400, 0.1027140031889745700, -0.04212598425196851400 ) ) ;
#10188 = LINE ( 'NONE', #6444, #258 ) ;
#10189 = DIRECTION ( 'NONE',  ( -0.0000000000000000000, -0.0000000000000000000, 1.000000000000000000 ) ) ;
#10190 = LINE ( 'NONE', #7072, #7523 ) ;
#10191 = ORIENTED_EDGE ( 'NONE', *, *, #2, .T. ) ;
#10192 = ORIENTED_EDGE ( 'NONE', *, *, #6671, .T. ) ;
#10193 = CARTESIAN_POINT ( 'NONE',  ( 0.2279685038188983800, 0.3149606299212595600, -0.06673228346456693000 ) ) ;
#10194 = ADVANCED_FACE ( 'NONE', ( #8451 ), #1211, .T. ) ;
#10195 = EDGE_CURVE ( 'NONE', #4618, #834, #1501, .T. ) ;
#10196 = CARTESIAN_POINT ( 'NONE',  ( 0.6000000000000003100, 0.3149606299212595600, -0.05787401574803152000 ) ) ;
#10197 = CARTESIAN_POINT ( 'NONE',  ( 0.4401574803149611600, 0.01968503937007875700, -0.05787401574803152000 ) ) ;
#10198 = VECTOR ( 'NONE', #9432, 39.37007874015748100 ) ;
#10199 = DIRECTION ( 'NONE',  ( -5.876167051565095900E-011, 1.000000000000000000, 0.0000000000000000000 ) ) ;
#10200 = ORIENTED_EDGE ( 'NONE', *, *, #2584, .T. ) ;
#10201 = AXIS2_PLACEMENT_3D ( 'NONE', #6178, #11572, #6216 ) ;
#10202 = LINE ( 'NONE', #1982, #7243 ) ;
#10203 = EDGE_CURVE ( 'NONE', #50, #10082, #8717, .T. ) ;
#10204 = ORIENTED_EDGE ( 'NONE', *, *, #5804, .F. ) ;
#10205 = ORIENTED_EDGE ( 'NONE', *, *, #1090, .T. ) ;
#10206 = VERTEX_POINT ( 'NONE', #512 ) ;
#10207 = CARTESIAN_POINT ( 'NONE',  ( 0.6111870956299217900, 0.2617829512992116400, -0.04212598425196852800 ) ) ;
#10208 = CIRCLE ( 'NONE', #10665, 0.03976377952755921100 ) ;
#10209 = APPROVAL_STATUS ( 'not_yet_approved' ) ;
#10210 = CARTESIAN_POINT ( 'NONE',  ( 0.1196850393700793400, 0.1027140031889746800, -0.05787401574803151300 ) ) ;
#10211 = FACE_OUTER_BOUND ( 'NONE', #3256, .T. ) ;
#10212 = ORIENTED_EDGE ( 'NONE', *, *, #4129, .T. ) ;
#10213 = FACE_OUTER_BOUND ( 'NONE', #2125, .T. ) ;
#10214 = DIRECTION ( 'NONE',  ( 0.9554746912769989100, -0.2950730660855439600, 0.0000000000000000000 ) ) ;
#10215 = ORIENTED_EDGE ( 'NONE', *, *, #1892, .F. ) ;
#10216 = ORIENTED_EDGE ( 'NONE', *, *, #2477, .T. ) ;
#10217 = DIRECTION ( 'NONE',  ( 0.0000000000000000000, -0.0000000000000000000, 1.000000000000000000 ) ) ;
#10219 = AXIS2_PLACEMENT_3D ( 'NONE', #6954, #6913, #6911 ) ;
#10218 = CARTESIAN_POINT ( 'NONE',  ( 4.097771990496394800E-016, 0.3346456692913383200, -0.09999999999999997800 ) ) ;
#10220 = EDGE_CURVE ( 'NONE', #11389, #5669, #3635, .T. ) ;
#10221 = CIRCLE ( 'NONE', #2439, 0.007874015748031584400 ) ;
#10222 = DIRECTION ( 'NONE',  ( 0.0000000000000000000, -0.7999999999999998200, -0.6000000000000002000 ) ) ;
#10223 = LINE ( 'NONE', #8890, #9938 ) ;
#10224 = EDGE_LOOP ( 'NONE', ( #3179, #6031, #6160, #3607 ) ) ;
#10225 = ORIENTED_EDGE ( 'NONE', *, *, #6636, .F. ) ;
#10227 = DIRECTION ( 'NONE',  ( -0.0000000000000000000, -0.0000000000000000000, 1.000000000000000000 ) ) ;
#10226 = FACE_OUTER_BOUND ( 'NONE', #4909, .T. ) ;
#10228 = ORIENTED_EDGE ( 'NONE', *, *, #9041, .T. ) ;
#10229 = VERTEX_POINT ( 'NONE', #8675 ) ;
#10230 = DIRECTION ( 'NONE',  ( 0.0000000000000000000, -1.000000000000000000, 0.0000000000000000000 ) ) ;
#10231 = VECTOR ( 'NONE', #5923, 39.37007874015748100 ) ;
#10232 = CARTESIAN_POINT ( 'NONE',  ( 0.3795275590944885400, -0.1259842519668301100, -0.04212598425196851400 ) ) ;
#10233 = EDGE_LOOP ( 'NONE', ( #6662, #11408, #8515, #1576, #10318, #987, #7380, #415, #4403, #9490, #5639, #3829, #4671, #1755, #7588, #10061, #3294, #7385, #5964, #7245, #10489, #6091, #995, #8127, #11268, #3587, #2292 ) ) ;
#10234 = ORIENTED_EDGE ( 'NONE', *, *, #2745, .T. ) ;
#10235 = EDGE_CURVE ( 'NONE', #4104, #8938, #10260, .T. ) ;
#10236 = VECTOR ( 'NONE', #7192, 39.37007874015748100 ) ;
#10237 = ORIENTED_EDGE ( 'NONE', *, *, #8410, .T. ) ;
#10238 = ORIENTED_EDGE ( 'NONE', *, *, #1129, .F. ) ;
#10239 = CARTESIAN_POINT ( 'NONE',  ( 0.07480314960629971800, 0.04456662047243921400, -0.05787401574803151300 ) ) ;
#10240 = LINE ( 'NONE', #2703, #3334 ) ;
#10241 = CARTESIAN_POINT ( 'NONE',  ( 0.1111870956299216600, 0.2432397985433058200, -0.04212598425196851400 ) ) ;
#10242 = ADVANCED_FACE ( 'NONE', ( #10532 ), #10464, .F. ) ;
#10243 = CARTESIAN_POINT ( 'NONE',  ( 0.3401574803149611200, 0.3149606299212595600, -0.05787401574803152000 ) ) ;
#10244 = CYLINDRICAL_SURFACE ( 'NONE', #6123, 0.08668467618110251000 ) ;
#10245 = DIRECTION ( 'NONE',  ( -1.000000000000000000, 0.0000000000000000000, 0.0000000000000000000 ) ) ;
#10246 = VERTEX_POINT ( 'NONE', #2361 ) ;
#10247 = ORIENTED_EDGE ( 'NONE', *, *, #9064, .T. ) ;
#10248 = VERTEX_POINT ( 'NONE', #6897 ) ;
#10249 = PERSON_AND_ORGANIZATION_ROLE ( 'creator' ) ;
#10250 = LINE ( 'NONE', #5673, #5712 ) ;
#10251 = VECTOR ( 'NONE', #11087, 39.37007874015748900 ) ;
#10252 = EDGE_CURVE ( 'NONE', #844, #2304, #5439, .T. ) ;
#10253 = ADVANCED_FACE ( 'NONE', ( #917 ), #5162, .F. ) ;
#10254 = PLANE ( 'NONE',  #4510 ) ;
#10255 = FACE_OUTER_BOUND ( 'NONE', #687, .T. ) ;
#10256 = DIRECTION ( 'NONE',  ( 0.0000000000000000000, 1.000000000000000000, 0.0000000000000000000 ) ) ;
#10257 = ORIENTED_EDGE ( 'NONE', *, *, #1712, .T. ) ;
#10258 = ORIENTED_EDGE ( 'NONE', *, *, #5391, .F. ) ;
#10259 = PLANE ( 'NONE',  #9215 ) ;
#10260 = LINE ( 'NONE', #7775, #7880 ) ;
#10261 = CARTESIAN_POINT ( 'NONE',  ( 0.1690944881890317200, -0.1259842519682651000, -0.05787401574803151300 ) ) ;
#10262 = CARTESIAN_POINT ( 'NONE',  ( 0.01968503937015943200, 0.01968503937007875700, -0.04212598425196851400 ) ) ;
#10263 = CARTESIAN_POINT ( 'NONE',  ( 0.07952755905511869900, 0.3149606299212595600, -0.05787401574803152000 ) ) ;
#10264 = FACE_OUTER_BOUND ( 'NONE', #2568, .T. ) ;
#10265 = CARTESIAN_POINT ( 'NONE',  ( 0.3452755905511815100, 0.04456662047243921400, -0.05787401574803151300 ) ) ;
#10266 = ORIENTED_EDGE ( 'NONE', *, *, #11225, .T. ) ;
#10267 = EDGE_CURVE ( 'NONE', #4352, #6359, #3074, .T. ) ;
#10268 = AXIS2_PLACEMENT_3D ( 'NONE', #4808, #11090, #5707 ) ;
#10269 = VECTOR ( 'NONE', #7066, 39.37007874015748900 ) ;
#10270 = EDGE_CURVE ( 'NONE', #8393, #7889, #7602, .T. ) ;
#10271 = DIRECTION ( 'NONE',  ( -0.0000000000000000000, 0.0000000000000000000, -1.000000000000000000 ) ) ;
#10272 = AXIS2_PLACEMENT_3D ( 'NONE', #8511, #9416, #4006 ) ;
#10273 = ORIENTED_EDGE ( 'NONE', *, *, #4796, .F. ) ;
#10274 = DIRECTION ( 'NONE',  ( 1.000000000000000000, 0.0000000000000000000, -0.0000000000000000000 ) ) ;
#10275 = VECTOR ( 'NONE', #1716, 39.37007874015748100 ) ;
#10276 = ORIENTED_EDGE ( 'NONE', *, *, #1611, .F. ) ;
#10277 = APPROVAL_PERSON_ORGANIZATION ( #935, #1664, #2126 ) ;
#10278 = FACE_OUTER_BOUND ( 'NONE', #2284, .T. ) ;
#10279 = AXIS2_PLACEMENT_3D ( 'NONE', #5172, #5139, #5034 ) ;
#10280 = EDGE_LOOP ( 'NONE', ( #8984, #459, #6775, #8876 ) ) ;
#10281 = ORIENTED_EDGE ( 'NONE', *, *, #6712, .T. ) ;
#10282 = EDGE_CURVE ( 'NONE', #8621, #7462, #5726, .T. ) ;
#10283 = ORIENTED_EDGE ( 'NONE', *, *, #6107, .F. ) ;
#10284 = CARTESIAN_POINT ( 'NONE',  ( 0.5200787401574809000, 0.06031465196850320500, -0.05787401574803151300 ) ) ;
#10285 = FACE_OUTER_BOUND ( 'NONE', #8470, .T. ) ;
#10286 = DIRECTION ( 'NONE',  ( -0.0000000000000000000, -1.000000000000000000, -0.0000000000000000000 ) ) ;
#10287 = FACE_OUTER_BOUND ( 'NONE', #5223, .T. ) ;
#10288 = DIRECTION ( 'NONE',  ( -0.04217878995898864000, -0.9991100788589790700, 0.0000000000000000000 ) ) ;
#10289 = EDGE_LOOP ( 'NONE', ( #3878, #11032, #1760, #11305 ) ) ;
#10290 = ADVANCED_FACE ( 'NONE', ( #9693 ), #55, .F. ) ;
#10291 = CARTESIAN_POINT ( 'NONE',  ( 0.1452755905511816100, 0.04456662047243921400, -0.05787401574803151300 ) ) ;
#10292 = ORIENTED_EDGE ( 'NONE', *, *, #5892, .F. ) ;
#10293 = AXIS2_PLACEMENT_3D ( 'NONE', #2793, #9098, #3694 ) ;
#10294 = FACE_OUTER_BOUND ( 'NONE', #5927, .T. ) ;
#10295 = CARTESIAN_POINT ( 'NONE',  ( 0.2748031496062997600, -0.1011811023622053900, -0.05787401574803151300 ) ) ;
#10296 = VECTOR ( 'NONE', #7738, 39.37007874015748100 ) ;
#10297 = EDGE_CURVE ( 'NONE', #5351, #1075, #2499, .T. ) ;
#10298 = DIRECTION ( 'NONE',  ( 1.000000000000000000, 0.0000000000000000000, 0.0000000000000000000 ) ) ;
#10299 = ORIENTED_EDGE ( 'NONE', *, *, #2500, .F. ) ;
#10300 = ADVANCED_FACE ( 'NONE', ( #4884 ), #637, .F. ) ;
#10301 = VERTEX_POINT ( 'NONE', #5138 ) ;
#10302 = CYLINDRICAL_SURFACE ( 'NONE', #1156, 0.03976377952755907200 ) ;
#10303 = FACE_OUTER_BOUND ( 'NONE', #3086, .T. ) ;
#10304 = VERTEX_POINT ( 'NONE', #3386 ) ;
#10305 = EDGE_LOOP ( 'NONE', ( #10442, #5580, #11534, #6841, #4425, #10739, #4222, #751, #9093, #3797, #10805, #6858 ) ) ;
#10306 = EDGE_CURVE ( 'NONE', #2034, #2204, #7024, .T. ) ;
#10307 = AXIS2_PLACEMENT_3D ( 'NONE', #5333, #11611, #6251 ) ;
#10308 = ORIENTED_EDGE ( 'NONE', *, *, #8559, .T. ) ;
#10309 = CARTESIAN_POINT ( 'NONE',  ( 0.6509842519685044000, -0.1259842519685042700, -0.04212598425196851400 ) ) ;
#10310 = VECTOR ( 'NONE', #7532, 39.37007874015748100 ) ;
#10311 = VECTOR ( 'NONE', #2139, 39.37007874015748100 ) ;
#10312 = ORIENTED_EDGE ( 'NONE', *, *, #5239, .T. ) ;
#10313 = VERTEX_POINT ( 'NONE', #6075 ) ;
#10314 = CARTESIAN_POINT ( 'NONE',  ( 0.6401574803149611100, 0.01968503937007875700, -0.05787401574803152000 ) ) ;
#10315 = EDGE_CURVE ( 'NONE', #6378, #8218, #2216, .T. ) ;
#10316 = DIRECTION ( 'NONE',  ( 1.000000000000000000, 0.0000000000000000000, 0.0000000000000000000 ) ) ;
#10317 = FACE_OUTER_BOUND ( 'NONE', #3400, .T. ) ;
#10318 = ORIENTED_EDGE ( 'NONE', *, *, #10270, .F. ) ;
#10319 = CARTESIAN_POINT ( 'NONE',  ( 0.5401574803149611400, 0.01968503937007875700, -0.04212598425196851400 ) ) ;
#10320 = EDGE_CURVE ( 'NONE', #5656, #9705, #9130, .T. ) ;
#10321 = LINE ( 'NONE', #3057, #7957 ) ;
#10322 = VERTEX_POINT ( 'NONE', #7932 ) ;
#10323 = ORIENTED_EDGE ( 'NONE', *, *, #10675, .T. ) ;
#10324 = ORIENTED_EDGE ( 'NONE', *, *, #4050, .T. ) ;
#10325 = AXIS2_PLACEMENT_3D ( 'NONE', #6478, #1060, #7416 ) ;
#10326 = CARTESIAN_POINT ( 'NONE',  ( 0.5374015748031500900, 0.04456662047243921400, -0.04212598425196851400 ) ) ;
#10327 = EDGE_CURVE ( 'NONE', #834, #4286, #7304, .T. ) ;
#10328 = CARTESIAN_POINT ( 'NONE',  ( 0.3509842519810432200, -0.1259842519659371600, -0.05787401574803151300 ) ) ;
#10329 = ORIENTED_EDGE ( 'NONE', *, *, #1825, .F. ) ;
#10330 = CARTESIAN_POINT ( 'NONE',  ( 0.1401574803149614700, 0.01968503937007875700, -0.02834645669291339200 ) ) ;
#10331 = VECTOR ( 'NONE', #2734, 39.37007874015748100 ) ;
#10332 = EDGE_LOOP ( 'NONE', ( #5680, #10495, #3593, #1452 ) ) ;
#10333 = DIRECTION ( 'NONE',  ( 0.0000000000000000000, 0.0000000000000000000, 1.000000000000000000 ) ) ;
#10334 = FACE_OUTER_BOUND ( 'NONE', #6063, .T. ) ;
#10335 = EDGE_LOOP ( 'NONE', ( #288, #7534, #939, #8132 ) ) ;
#10336 = ORIENTED_EDGE ( 'NONE', *, *, #6633, .T. ) ;
#10337 = ORIENTED_EDGE ( 'NONE', *, *, #3511, .F. ) ;
#10338 = ORIENTED_EDGE ( 'NONE', *, *, #7288, .F. ) ;
#10339 = DIRECTION ( 'NONE',  ( -0.0000000000000000000, -0.0000000000000000000, 1.000000000000000000 ) ) ;
#10340 = EDGE_CURVE ( 'NONE', #2640, #138, #4335, .T. ) ;
#10341 = CARTESIAN_POINT ( 'NONE',  ( 0.3196850393700790800, 0.1027140031889747100, -0.05787401574803152000 ) ) ;
#10342 = ADVANCED_FACE ( 'NONE', ( #4048 ), #10929, .T. ) ;
#10343 = DIRECTION ( 'NONE',  ( 0.0000000000000000000, -1.000000000000000000, -0.0000000000000000000 ) ) ;
#10344 = CYLINDRICAL_SURFACE ( 'NONE', #10872, 0.03976377952755894700 ) ;
#10345 = AXIS2_PLACEMENT_3D ( 'NONE', #9884, #4473, #10766 ) ;
#10346 = CARTESIAN_POINT ( 'NONE',  ( 0.6111870956299217900, 0.2432397985433058200, -0.04212598425196852800 ) ) ;
#10347 = EDGE_CURVE ( 'NONE', #7721, #6099, #1937, .T. ) ;
#10348 = VECTOR ( 'NONE', #8277, 39.37007874015748100 ) ;
#10349 = APPROVAL ( #10209, 'UNSPECIFIED' ) ;
#10350 = CARTESIAN_POINT ( 'NONE',  ( 0.2600393700787407300, 0.1141337039370070900, -0.05787401574803151300 ) ) ;
#10351 = ORIENTED_EDGE ( 'NONE', *, *, #3997, .T. ) ;
#10352 = VECTOR ( 'NONE', #3538, 39.37007874015748100 ) ;
#10353 = VERTEX_POINT ( 'NONE', #8026 ) ;
#10354 = ORIENTED_EDGE ( 'NONE', *, *, #4348, .T. ) ;
#10355 = CARTESIAN_POINT ( 'NONE',  ( 0.6921259842519690300, 0.06031465196850320500, -0.05787401574803151300 ) ) ;
#10356 = VECTOR ( 'NONE', #8458, 39.37007874015748100 ) ;
#10357 = DIRECTION ( 'NONE',  ( -0.0000000000000000000, -0.0000000000000000000, 1.000000000000000000 ) ) ;
#10358 = ADVANCED_FACE ( 'NONE', ( #8577 ), #9816, .F. ) ;
#10359 = ORIENTED_EDGE ( 'NONE', *, *, #5358, .F. ) ;
#10360 = ORIENTED_EDGE ( 'NONE', *, *, #2441, .F. ) ;
#10361 = AXIS2_PLACEMENT_3D ( 'NONE', #8650, #8612, #8418 ) ;
#10362 = VECTOR ( 'NONE', #8377, 39.37007874015748100 ) ;
#10363 = VERTEX_POINT ( 'NONE', #6208 ) ;
#10364 = VERTEX_POINT ( 'NONE', #790 ) ;
#10365 = DIRECTION ( 'NONE',  ( -0.2950730634850790600, 0.9554746920800835100, 0.0000000000000000000 ) ) ;
#10366 = EDGE_CURVE ( 'NONE', #6408, #8995, #1348, .T. ) ;
#10367 = VECTOR ( 'NONE', #9593, 39.37007874015748100 ) ;
#10368 = DIRECTION ( 'NONE',  ( -0.0000000000000000000, 0.0000000000000000000, 1.000000000000000000 ) ) ;
#10369 = CARTESIAN_POINT ( 'NONE',  ( 0.2111870956299216900, 0.2432397985433058200, -0.05787401574803151300 ) ) ;
#10370 = CARTESIAN_POINT ( 'NONE',  ( 0.5921259842519689400, 0.05244063622047148700, -0.05787401574803151300 ) ) ;
#10371 = CARTESIAN_POINT ( 'NONE',  ( 0.5913385826685535500, 0.3346456692928425600, -0.01850393700771584000 ) ) ;
#10372 = VERTEX_POINT ( 'NONE', #7139 ) ;
#10373 = VECTOR ( 'NONE', #1447, 39.37007874015748100 ) ;
#10374 = ORIENTED_EDGE ( 'NONE', *, *, #10340, .T. ) ;
#10375 = FACE_OUTER_BOUND ( 'NONE', #2385, .T. ) ;
#10376 = CARTESIAN_POINT ( 'NONE',  ( 0.1000000000000005700, 0.01968503937007875700, -0.04212598425196851400 ) ) ;
#10377 = LINE ( 'NONE', #2048, #3209 ) ;
#10378 = EDGE_CURVE ( 'NONE', #733, #1235, #3764, .T. ) ;
#10379 = EDGE_CURVE ( 'NONE', #5303, #10558, #1644, .T. ) ;
#10381 = ORIENTED_EDGE ( 'NONE', *, *, #7500, .T. ) ;
#10380 = AXIS2_PLACEMENT_3D ( 'NONE', #9281, #11052, #2977 ) ;
#10382 = DIRECTION ( 'NONE',  ( -0.0000000000000000000, -0.0000000000000000000, 1.000000000000000000 ) ) ;
#10383 = ORIENTED_EDGE ( 'NONE', *, *, #11360, .T. ) ;
#10384 = DIRECTION ( 'NONE',  ( 0.0000000000000000000, 0.0000000000000000000, -1.000000000000000000 ) ) ;
#10385 = VECTOR ( 'NONE', #10728, 39.37007874015748900 ) ;
#10386 = CARTESIAN_POINT ( 'NONE',  ( 0.5795275590551185500, 0.01968503937007875700, -0.04212598425196851400 ) ) ;
#10387 = CARTESIAN_POINT ( 'NONE',  ( 0.1445558501164536700, 0.1112594900334894100, -0.04212598425196851400 ) ) ;
#10388 = CIRCLE ( 'NONE', #4171, 0.08668467618110251000 ) ;
#10389 = EDGE_CURVE ( 'NONE', #11154, #27, #8299, .T. ) ;
#10390 = ORIENTED_EDGE ( 'NONE', *, *, #1117, .T. ) ;
#10391 = ORIENTED_EDGE ( 'NONE', *, *, #789, .F. ) ;
#10392 = EDGE_CURVE ( 'NONE', #3163, #9504, #6155, .T. ) ;
#10393 = FACE_BOUND ( 'NONE', #109, .T. ) ;
#10394 = DIRECTION ( 'NONE',  ( 1.000000000000000000, 0.0000000000000000000, -0.0000000000000000000 ) ) ;
#10395 = CARTESIAN_POINT ( 'NONE',  ( 0.6200787401574808800, 0.06031465196850320500, -0.05787401574803151300 ) ) ;
#10396 = AXIS2_PLACEMENT_3D ( 'NONE', #6024, #1536, #7876 ) ;
#10397 = CARTESIAN_POINT ( 'NONE',  ( 0.02007874015748072800, 0.06031465196850320500, -0.05787401574803151300 ) ) ;
#10398 = AXIS2_PLACEMENT_3D ( 'NONE', #4111, #10412, #5007 ) ;
#10399 = LINE ( 'NONE', #8834, #3227 ) ;
#10400 = DIRECTION ( 'NONE',  ( 0.2242946044126387400, -0.9745213853124915500, 0.0000000000000000000 ) ) ;
#10401 = ADVANCED_FACE ( 'NONE', ( #5572 ), #8094, .F. ) ;
#10402 = EDGE_LOOP ( 'NONE', ( #1627, #1764, #9881, #6026 ) ) ;
#10403 = CARTESIAN_POINT ( 'NONE',  ( 0.6200787401574808800, 0.1339366992125986500, -0.05787401574803150600 ) ) ;
#10404 = VECTOR ( 'NONE', #9435, 39.37007874015748100 ) ;
#10405 = CARTESIAN_POINT ( 'NONE',  ( 0.4200787401574807000, 0.1339366992125986500, -0.05787401574803151300 ) ) ;
#10406 = ORIENTED_EDGE ( 'NONE', *, *, #7612, .F. ) ;
#10407 = DIRECTION ( 'NONE',  ( 0.1483404542350718600, -0.9889363526725734000, 0.0000000000000000000 ) ) ;
#10408 = LINE ( 'NONE', #10896, #8053 ) ;
#10409 = EDGE_CURVE ( 'NONE', #10206, #2175, #1051, .T. ) ;
#10410 = AXIS2_PLACEMENT_3D ( 'NONE', #3986, #7632, #2215 ) ;
#10411 = VERTEX_POINT ( 'NONE', #8988 ) ;
#10412 = DIRECTION ( 'NONE',  ( -0.0000000000000000000, -0.0000000000000000000, 1.000000000000000000 ) ) ;
#10413 = EDGE_CURVE ( 'NONE', #6227, #4271, #3217, .T. ) ;
#10414 = ADVANCED_FACE ( 'NONE', ( #10110 ), #7210, .F. ) ;
#10415 = VECTOR ( 'NONE', #11324, 39.37007874015748100 ) ;
#10416 = ORIENTED_EDGE ( 'NONE', *, *, #4101, .F. ) ;
#10417 = DIRECTION ( 'NONE',  ( -0.9991100788575018000, -0.04217878999398427800, 0.0000000000000000000 ) ) ;
#10418 = PLANE ( 'NONE',  #2151 ) ;
#10419 = CARTESIAN_POINT ( 'NONE',  ( 0.4748031496172922500, -0.1011811023110971400, -0.04212598425196851400 ) ) ;
#10420 = EDGE_LOOP ( 'NONE', ( #11093, #2895, #4302, #10416 ) ) ;
#10421 = PLANE ( 'NONE',  #3603 ) ;
#10422 = ORIENTED_EDGE ( 'NONE', *, *, #5047, .F. ) ;
#10423 = CIRCLE ( 'NONE', #2955, 0.03976377952755907200 ) ;
#10424 = AXIS2_PLACEMENT_3D ( 'NONE', #2807, #2927, #3000 ) ;
#10425 = CIRCLE ( 'NONE', #10345, 0.01574803149606289800 ) ;
#10426 = CARTESIAN_POINT ( 'NONE',  ( 0.4200787401574809800, 0.08959064362204721700, -0.04212598425196851400 ) ) ;
#10427 = ORIENTED_EDGE ( 'NONE', *, *, #4596, .F. ) ;
#10428 = EDGE_CURVE ( 'NONE', #6656, #9572, #5297, .T. ) ;
#10429 = DIRECTION ( 'NONE',  ( -0.9554746912769989100, -0.2950730660855439600, 0.0000000000000000000 ) ) ;
#10430 = DIRECTION ( 'NONE',  ( 0.9745213851683854900, -0.2242946050387554500, 0.0000000000000000000 ) ) ;
#10431 = ORIENTED_EDGE ( 'NONE', *, *, #4754, .T. ) ;
#10432 = CARTESIAN_POINT ( 'NONE',  ( 0.7088916445275595900, 0.2432397985433058200, -0.05787401574803151300 ) ) ;
#10433 = VECTOR ( 'NONE', #2465, 39.37007874015748900 ) ;
#10434 = DIRECTION ( 'NONE',  ( -0.0000000000000000000, -0.0000000000000000000, 1.000000000000000000 ) ) ;
#10435 = CIRCLE ( 'NONE', #6338, 0.03976377952755907200 ) ;
#10436 = ORIENTED_EDGE ( 'NONE', *, *, #391, .T. ) ;
#10437 = EDGE_LOOP ( 'NONE', ( #6365, #8786, #11015, #3003 ) ) ;
#10438 = CARTESIAN_POINT ( 'NONE',  ( 0.1445558501165392900, 0.1112594900323485000, -0.04212598425196852800 ) ) ;
#10439 = CARTESIAN_POINT ( 'NONE',  ( 0.5452755905492692200, -0.1011811023340691400, -0.05787401574803150600 ) ) ;
#10440 = CARTESIAN_POINT ( 'NONE',  ( 0.3718503937030367400, 0.2287793731563807500, -0.05787401574803151300 ) ) ;
#10441 = DIRECTION ( 'NONE',  ( -0.0000000000000000000, -0.0000000000000000000, 1.000000000000000000 ) ) ;
#10442 = ORIENTED_EDGE ( 'NONE', *, *, #5118, .T. ) ;
#10443 = EDGE_CURVE ( 'NONE', #1850, #7097, #2926, .T. ) ;
#10444 = VECTOR ( 'NONE', #7886, 39.37007874015748100 ) ;
#10445 = DIRECTION ( 'NONE',  ( 1.000000000000000000, 0.0000000000000000000, 0.0000000000000000000 ) ) ;
#10446 = VECTOR ( 'NONE', #4186, 39.37007874015748100 ) ;
#10447 = ORIENTED_EDGE ( 'NONE', *, *, #3001, .F. ) ;
#10448 = CARTESIAN_POINT ( 'NONE',  ( 0.5748031496062997500, -0.1011811022887786500, -0.05787401574803151300 ) ) ;
#10449 = ORIENTED_EDGE ( 'NONE', *, *, #8543, .F. ) ;
#10450 = CARTESIAN_POINT ( 'NONE',  ( 0.3088916445275594600, 0.2432397985433058200, -0.04212598425196852800 ) ) ;
#10451 = DIRECTION ( 'NONE',  ( 0.0000000000000000000, 0.0000000000000000000, 1.000000000000000000 ) ) ;
#10452 = VECTOR ( 'NONE', #1811, 39.37007874015748100 ) ;
#10453 = ADVANCED_FACE ( 'NONE', ( #8025, #7448 ), #1841, .T. ) ;
#10454 = PLANE ( 'NONE',  #10111 ) ;
#10455 = EDGE_LOOP ( 'NONE', ( #10062, #8518, #1955, #10780 ) ) ;
#10456 = DIRECTION ( 'NONE',  ( -1.000000000000000000, 0.0000000000000000000, 0.0000000000000000000 ) ) ;
#10457 = LINE ( 'NONE', #4264, #3285 ) ;
#10458 = ORIENTED_EDGE ( 'NONE', *, *, #4796, .T. ) ;
#10459 = CARTESIAN_POINT ( 'NONE',  ( 0.4242125984225603700, 0.1473225259865793800, -0.05787401574803150600 ) ) ;
#10460 = ORIENTED_EDGE ( 'NONE', *, *, #3308, .T. ) ;
#10461 = DIRECTION ( 'NONE',  ( 1.000000000000000000, -0.0000000000000000000, 0.0000000000000000000 ) ) ;
#10462 = EDGE_CURVE ( 'NONE', #9007, #4676, #5015, .T. ) ;
#10463 = ORIENTED_EDGE ( 'NONE', *, *, #1497, .F. ) ;
#10464 = PLANE ( 'NONE',  #2648 ) ;
#10465 = VECTOR ( 'NONE', #3870, 39.37007874015748100 ) ;
#10466 = ORIENTED_EDGE ( 'NONE', *, *, #3655, .F. ) ;
#10467 = FACE_OUTER_BOUND ( 'NONE', #249, .T. ) ;
#10468 = CARTESIAN_POINT ( 'NONE',  ( 0.01968503937007930500, 0.01968503937007875700, -0.04212598425196851400 ) ) ;
#10469 = ORIENTED_EDGE ( 'NONE', *, *, #2455, .F. ) ;
#10470 = VERTEX_POINT ( 'NONE', #7249 ) ;
#10471 = ORIENTED_EDGE ( 'NONE', *, *, #7343, .F. ) ;
#10472 = ADVANCED_FACE ( 'NONE', ( #2642 ), #2357, .T. ) ;
#10473 = DIRECTION ( 'NONE',  ( -0.0000000000000000000, 0.0000000000000000000, -1.000000000000000000 ) ) ;
#10474 = CARTESIAN_POINT ( 'NONE',  ( 0.6196850393700792400, 0.3149606299212595600, -0.05787401574803152000 ) ) ;
#10475 = CARTESIAN_POINT ( 'NONE',  ( 0.1509842519789331700, -0.1259842519665450600, -0.04212598425196851400 ) ) ;
#10476 = VECTOR ( 'NONE', #4116, 39.37007874015748100 ) ;
#10477 = CARTESIAN_POINT ( 'NONE',  ( 0.1826771653543312100, 0.05244063622047148700, -0.05787401574803151300 ) ) ;
#10478 = EDGE_CURVE ( 'NONE', #6398, #9691, #4742, .T. ) ;
#10479 = VECTOR ( 'NONE', #11202, 39.37007874015748100 ) ;
#10480 = ORIENTED_EDGE ( 'NONE', *, *, #494, .F. ) ;
#10481 = DIRECTION ( 'NONE',  ( -1.000000000000000000, -1.717547996016640100E-014, 0.0000000000000000000 ) ) ;
#10483 = CARTESIAN_POINT ( 'NONE',  ( 0.4374015748031501200, 0.04456662047243921400, -0.04212598425196851400 ) ) ;
#10482 = LINE ( 'NONE', #8407, #8400 ) ;
#10484 = EDGE_CURVE ( 'NONE', #7076, #7268, #9554, .T. ) ;
#10485 = EDGE_LOOP ( 'NONE', ( #2920, #8803, #3724, #11151 ) ) ;
#10486 = EDGE_LOOP ( 'NONE', ( #1581, #3990, #11146, #1874 ) ) ;
#10488 = CARTESIAN_POINT ( 'NONE',  ( 0.05095087515748057000, 0.2432397985433058200, -0.04212598425196852800 ) ) ;
#10487 = AXIS2_PLACEMENT_3D ( 'NONE', #9025, #3621, #9924 ) ;
#10489 = ORIENTED_EDGE ( 'NONE', *, *, #11277, .F. ) ;
#10490 = DIRECTION ( 'NONE',  ( 0.0000000000000000000, 0.0000000000000000000, -1.000000000000000000 ) ) ;
#10491 = VECTOR ( 'NONE', #6011, 39.37007874015748100 ) ;
#10492 = DIRECTION ( 'NONE',  ( 1.000000000000000000, 0.0000000000000000000, 0.0000000000000000000 ) ) ;
#10493 = LINE ( 'NONE', #10651, #5400 ) ;
#10494 = ORIENTED_EDGE ( 'NONE', *, *, #11339, .F. ) ;
#10495 = ORIENTED_EDGE ( 'NONE', *, *, #10235, .F. ) ;
#10496 = LINE ( 'NONE', #6864, #5974 ) ;
#10497 = ORIENTED_EDGE ( 'NONE', *, *, #418, .F. ) ;
#10498 = VERTEX_POINT ( 'NONE', #8207 ) ;
#10499 = EDGE_CURVE ( 'NONE', #3231, #8322, #6871, .T. ) ;
#10500 = CARTESIAN_POINT ( 'NONE',  ( 0.6452755905492690800, -0.1011811023193410100, -0.05787401574803151300 ) ) ;
#10501 = CARTESIAN_POINT ( 'NONE',  ( 0.1795275590551181600, 0.3149606299212595600, -0.05787401574803152000 ) ) ;
#10502 = DIRECTION ( 'NONE',  ( -1.000000000000000000, -0.0000000000000000000, -0.0000000000000000000 ) ) ;
#10503 = EDGE_CURVE ( 'NONE', #9246, #9559, #188, .T. ) ;
#10505 = LINE ( 'NONE', #2963, #3600 ) ;
#10504 = DIRECTION ( 'NONE',  ( -0.0000000000000000000, -0.0000000000000000000, -1.000000000000000000 ) ) ;
#10506 = ORIENTED_EDGE ( 'NONE', *, *, #11472, .F. ) ;
#10507 = ORIENTED_EDGE ( 'NONE', *, *, #8350, .F. ) ;
#10508 = DIRECTION ( 'NONE',  ( 0.0000000000000000000, -1.000000000000000000, -0.0000000000000000000 ) ) ;
#10509 = FACE_OUTER_BOUND ( 'NONE', #5424, .T. ) ;
#10510 = ORIENTED_EDGE ( 'NONE', *, *, #10616, .F. ) ;
#10511 = VERTEX_POINT ( 'NONE', #2832 ) ;
#10512 = CARTESIAN_POINT ( 'NONE',  ( 0.2748031496062997600, -0.1011811022887786500, -0.05787401574803151300 ) ) ;
#10513 = FACE_OUTER_BOUND ( 'NONE', #4826, .T. ) ;
#10514 = CARTESIAN_POINT ( 'NONE',  ( 0.4958661417322839900, 0.1473225259842513800, -0.05787401574803150600 ) ) ;
#10515 = CARTESIAN_POINT ( 'NONE',  ( 0.2921259842519689000, 0.05244063622047148700, -0.05787401574803151300 ) ) ;
#10516 = CIRCLE ( 'NONE', #3719, 0.03976377952755894000 ) ;
#10518 = AXIS2_PLACEMENT_3D ( 'NONE', #7744, #10429, #5026 ) ;
#10517 = CARTESIAN_POINT ( 'NONE',  ( 0.5088916445275595300, 0.2617829512992116400, -0.05787401574803151300 ) ) ;
#10519 = ORIENTED_EDGE ( 'NONE', *, *, #3399, .T. ) ;
#10520 = ORIENTED_EDGE ( 'NONE', *, *, #1279, .T. ) ;
#10521 = EDGE_CURVE ( 'NONE', #3240, #9708, #7161, .T. ) ;
#10522 = ORIENTED_EDGE ( 'NONE', *, *, #4362, .T. ) ;
#10523 = ADVANCED_FACE ( 'NONE', ( #2073 ), #1924, .F. ) ;
#10524 = LINE ( 'NONE', #4820, #5428 ) ;
#10525 = CIRCLE ( 'NONE', #5564, 0.03976377956692896800 ) ;
#10526 = DIRECTION ( 'NONE',  ( -0.7999999999999998200, -0.6000000000000002000, 0.0000000000000000000 ) ) ;
#10527 = CARTESIAN_POINT ( 'NONE',  ( 0.5200787401555557700, 0.08959064362175774000, -0.04212598425196851400 ) ) ;
#10528 = VECTOR ( 'NONE', #7698, 39.37007874015748900 ) ;
#10529 = DIRECTION ( 'NONE',  ( -0.0000000000000000000, -0.0000000000000000000, 1.000000000000000000 ) ) ;
#10530 = ORIENTED_EDGE ( 'NONE', *, *, #3183, .T. ) ;
#10531 = ORIENTED_EDGE ( 'NONE', *, *, #8156, .F. ) ;
#10532 = FACE_OUTER_BOUND ( 'NONE', #11271, .T. ) ;
#10533 = ADVANCED_FACE ( 'NONE', ( #11335 ), #7369, .F. ) ;
#10534 = EDGE_CURVE ( 'NONE', #2402, #7446, #6582, .T. ) ;
#10535 = VECTOR ( 'NONE', #5690, 39.37007874015748100 ) ;
#10536 = AXIS2_PLACEMENT_3D ( 'NONE', #8569, #1359, #7704 ) ;
#10537 = CARTESIAN_POINT ( 'NONE',  ( 0.2401574803149612300, 0.3149606299212595600, -0.05787401574803152000 ) ) ;
#10538 = DIRECTION ( 'NONE',  ( 0.2950730660855439000, -0.9554746912769988000, 0.0000000000000000000 ) ) ;
#10539 = DIRECTION ( 'NONE',  ( 0.0000000000000000000, 0.0000000000000000000, 1.000000000000000000 ) ) ;
#10540 = ORIENTED_EDGE ( 'NONE', *, *, #4154, .T. ) ;
#10541 = CARTESIAN_POINT ( 'NONE',  ( 0.6200787401574809900, 0.08959064362204663400, -0.04212598425196851400 ) ) ;
#10542 = CARTESIAN_POINT ( 'NONE',  ( 0.4242125984251972600, 0.1473225259842513800, -0.05787401574803150600 ) ) ;
#10543 = VECTOR ( 'NONE', #2440, 39.37007874015748100 ) ;
#10544 = DIRECTION ( 'NONE',  ( 0.6000000006400000300, -0.7999999995200000000, 0.0000000000000000000 ) ) ;
#10545 = EDGE_LOOP ( 'NONE', ( #9753, #9462, #8448, #7513 ) ) ;
#10546 = EDGE_CURVE ( 'NONE', #8696, #11074, #1789, .T. ) ;
#10547 = CARTESIAN_POINT ( 'NONE',  ( 0.6795275591580513000, 0.2885954232327820300, -0.04212598425196851400 ) ) ;
#10548 = VECTOR ( 'NONE', #399, 39.37007874015748100 ) ;
#10549 = ORIENTED_EDGE ( 'NONE', *, *, #270, .F. ) ;
#10550 = EDGE_CURVE ( 'NONE', #10037, #6411, #11059, .T. ) ;
#10551 = CARTESIAN_POINT ( 'NONE',  ( 0.1242125984220001100, 0.1473225259860541100, -0.04212598425196851400 ) ) ;
#10552 = CARTESIAN_POINT ( 'NONE',  ( 0.2765748031412166900, 0.3149606299213419400, -0.03326771652839415800 ) ) ;
#10553 = LOCAL_TIME ( 0, 21, 42.00000000000000000, #1228 ) ;
#10554 = VECTOR ( 'NONE', #9008, 39.37007874015748100 ) ;
#10555 = EDGE_CURVE ( 'NONE', #10322, #5147, #6292, .T. ) ;
#10556 = AXIS2_PLACEMENT_3D ( 'NONE', #8463, #3052, #9349 ) ;
#10557 = EDGE_LOOP ( 'NONE', ( #665, #3223, #3050, #3814, #2692, #5161, #4249, #7668, #7685, #6083, #11224, #5991 ) ) ;
#10558 = VERTEX_POINT ( 'NONE', #9211 ) ;
#10559 = ORIENTED_EDGE ( 'NONE', *, *, #6870, .F. ) ;
#10560 = PLANE ( 'NONE',  #9602 ) ;
#10561 = DIRECTION ( 'NONE',  ( -1.000000000000000000, 0.0000000000000000000, 0.0000000000000000000 ) ) ;
#10562 = CARTESIAN_POINT ( 'NONE',  ( 0.6921259842519690300, 0.05244063622047161900, -0.04212598425196852800 ) ) ;
#10563 = VECTOR ( 'NONE', #803, 39.37007874015748100 ) ;
#10564 = VECTOR ( 'NONE', #4699, 39.37007874015748100 ) ;
#10565 = PLANE ( 'NONE',  #10972 ) ;
#10566 = EDGE_CURVE ( 'NONE', #7866, #8224, #8440, .T. ) ;
#10567 = EDGE_LOOP ( 'NONE', ( #1024, #9740, #670, #6579, #1698, #1285, #8242, #1127, #1317, #460, #287, #927 ) ) ;
#10568 = AXIS2_PLACEMENT_3D ( 'NONE', #3119, #9423, #4013 ) ;
#10569 = EDGE_CURVE ( 'NONE', #2474, #6467, #10794, .T. ) ;
#10570 = ORIENTED_EDGE ( 'NONE', *, *, #5254, .F. ) ;
#10571 = FACE_OUTER_BOUND ( 'NONE', #3654, .T. ) ;
#10572 = CARTESIAN_POINT ( 'NONE',  ( 0.6000000000000005300, -0.1259842519685042700, -0.04212598425196851400 ) ) ;
#10573 = VECTOR ( 'NONE', #9539, 39.37007874015748100 ) ;
#10574 = CARTESIAN_POINT ( 'NONE',  ( 0.4452755905511815400, -0.1011811023622053900, -0.05787401574803150600 ) ) ;
#10575 = ADVANCED_FACE ( 'NONE', ( #3620 ), #5592, .F. ) ;
#10576 = CARTESIAN_POINT ( 'NONE',  ( -0.4999999999999996100, 0.01968503937007875700, -0.07165354330708663400 ) ) ;
#10577 = CARTESIAN_POINT ( 'NONE',  ( 0.7000000000000005100, 0.3149606299212595600, -0.05787401574803152000 ) ) ;
#10578 = ORIENTED_EDGE ( 'NONE', *, *, #1814, .F. ) ;
#10579 = CARTESIAN_POINT ( 'NONE',  ( 0.07952755917439660600, 0.2885954232650427300, -0.04212598425196852800 ) ) ;
#10580 = CARTESIAN_POINT ( 'NONE',  ( 0.5196850393700792600, 0.3149606299212595600, -0.05787401574803152000 ) ) ;
#10581 = ORIENTED_EDGE ( 'NONE', *, *, #1090, .F. ) ;
#10582 = CARTESIAN_POINT ( 'NONE',  ( -0.2320546950856725600, 0.0000000000000000000, -0.09999999999999997800 ) ) ;
#10583 = AXIS2_PLACEMENT_3D ( 'NONE', #131, #1054, #7175 ) ;
#10584 = LINE ( 'NONE', #5591, #3681 ) ;
#10585 = LINE ( 'NONE', #1729, #8217 ) ;
#10586 = EDGE_CURVE ( 'NONE', #1912, #659, #1489, .T. ) ;
#10587 = ORIENTED_EDGE ( 'NONE', *, *, #6996, .F. ) ;
#10588 = VERTEX_POINT ( 'NONE', #1130 ) ;
#10589 = PLANE ( 'NONE',  #4253 ) ;
#10590 = ADVANCED_FACE ( 'NONE', ( #8161 ), #904, .T. ) ;
#10591 = DIRECTION ( 'NONE',  ( -1.000000000000000000, -0.0000000000000000000, 0.0000000000000000000 ) ) ;
#10592 = CARTESIAN_POINT ( 'NONE',  ( 0.6000000000000004200, 0.3149606299212595600, -0.02834645669291339200 ) ) ;
#10593 = VERTEX_POINT ( 'NONE', #8405 ) ;
#10594 = CARTESIAN_POINT ( 'NONE',  ( 0.1374015748031498800, 0.04456662047243921400, -0.04212598425196852800 ) ) ;
#10595 = FACE_OUTER_BOUND ( 'NONE', #10437, .T. ) ;
#10596 = CARTESIAN_POINT ( 'NONE',  ( -0.4999999999999996100, 0.01968503937007875700, -0.07165354330708663400 ) ) ;
#10597 = LINE ( 'NONE', #11085, #8228 ) ;
#10598 = VERTEX_POINT ( 'NONE', #2988 ) ;
#10599 = DIRECTION ( 'NONE',  ( -1.000000000000000000, 0.0000000000000000000, 0.0000000000000000000 ) ) ;
#10600 = DIRECTION ( 'NONE',  ( 0.0000000000000000000, 0.0000000000000000000, -1.000000000000000000 ) ) ;
#10601 = DIRECTION ( 'NONE',  ( -1.000000000000000000, 0.0000000000000000000, 0.0000000000000000000 ) ) ;
#10602 = EDGE_CURVE ( 'NONE', #3576, #11004, #3347, .T. ) ;
#10603 = FACE_OUTER_BOUND ( 'NONE', #3780, .T. ) ;
#10604 = ORIENTED_EDGE ( 'NONE', *, *, #11092, .F. ) ;
#10605 = PLANE ( 'NONE',  #5326 ) ;
#10606 = VECTOR ( 'NONE', #3954, 39.37007874015748100 ) ;
#10607 = VERTEX_POINT ( 'NONE', #10196 ) ;
#10608 = ORIENTED_EDGE ( 'NONE', *, *, #3737, .T. ) ;
#10609 = VERTEX_POINT ( 'NONE', #4783 ) ;
#10610 = DIRECTION ( 'NONE',  ( 0.0000000000000000000, 1.000000000000000000, 0.0000000000000000000 ) ) ;
#10611 = CARTESIAN_POINT ( 'NONE',  ( 0.1401574803149614700, 0.01968503937007875700, -0.07165354330708663400 ) ) ;
#10612 = CARTESIAN_POINT ( 'NONE',  ( 0.2000000000000005900, 0.3149606299212595600, -0.05787401574803152000 ) ) ;
#10613 = LINE ( 'NONE', #6307, #10331 ) ;
#10614 = CARTESIAN_POINT ( 'NONE',  ( 0.1509842519810433200, -0.1259842519659371300, -0.05787401574803151300 ) ) ;
#10615 = ORIENTED_EDGE ( 'NONE', *, *, #9348, .F. ) ;
#10616 = EDGE_CURVE ( 'NONE', #1971, #6238, #10250, .T. ) ;
#10617 = VECTOR ( 'NONE', #6848, 39.37007874015748100 ) ;
#10618 = ORIENTED_EDGE ( 'NONE', *, *, #10150, .T. ) ;
#10619 = VERTEX_POINT ( 'NONE', #2116 ) ;
#10620 = VECTOR ( 'NONE', #8141, 39.37007874015748100 ) ;
#10621 = DIRECTION ( 'NONE',  ( 0.9991100788575018000, -0.04217878999398427800, 0.0000000000000000000 ) ) ;
#10622 = DIRECTION ( 'NONE',  ( -0.0000000000000000000, -0.0000000000000000000, 1.000000000000000000 ) ) ;
#10623 = FACE_OUTER_BOUND ( 'NONE', #1954, .T. ) ;
#10624 = DIRECTION ( 'NONE',  ( 0.0000000000000000000, 1.000000000000000000, 0.0000000000000000000 ) ) ;
#10625 = EDGE_LOOP ( 'NONE', ( #4823, #1487, #1196, #8985 ) ) ;
#10626 = CARTESIAN_POINT ( 'NONE',  ( 0.2718503937007877300, 0.2287793732283450500, -0.05787401574803151300 ) ) ;
#10627 = VECTOR ( 'NONE', #9856, 39.37007874015748100 ) ;
#10628 = ORIENTED_EDGE ( 'NONE', *, *, #1245, .T. ) ;
#10629 = ORIENTED_EDGE ( 'NONE', *, *, #10743, .T. ) ;
#10630 = DIRECTION ( 'NONE',  ( -1.000000000000000000, 0.0000000000000000000, -0.0000000000000000000 ) ) ;
#10631 = ADVANCED_FACE ( 'NONE', ( #3063 ), #9966, .T. ) ;
#10632 = EDGE_CURVE ( 'NONE', #10082, #9023, #10524, .T. ) ;
#10633 = CIRCLE ( 'NONE', #821, 0.007874015748031584400 ) ;
#10634 = AXIS2_PLACEMENT_3D ( 'NONE', #8848, #11501, #6144 ) ;
#10635 = DIRECTION ( 'NONE',  ( -0.1483404536231984800, 0.9889363527643544300, 0.0000000000000000000 ) ) ;
#10636 = EDGE_CURVE ( 'NONE', #6120, #3303, #631, .T. ) ;
#10638 = PLANE ( 'NONE',  #10634 ) ;
#10637 = AXIS2_PLACEMENT_3D ( 'NONE', #4428, #8971, #3564 ) ;
#10639 = ORIENTED_EDGE ( 'NONE', *, *, #1029, .T. ) ;
#10640 = ORIENTED_EDGE ( 'NONE', *, *, #1839, .T. ) ;
#10641 = LINE ( 'NONE', #2054, #10362 ) ;
#10642 = ORIENTED_EDGE ( 'NONE', *, *, #10668, .F. ) ;
#10643 = VERTEX_POINT ( 'NONE', #6642 ) ;
#10644 = DIRECTION ( 'NONE',  ( 0.0000000000000000000, -1.000000000000000000, -0.0000000000000000000 ) ) ;
#10645 = ADVANCED_FACE ( 'NONE', ( #7590 ), #7578, .T. ) ;
#10646 = LINE ( 'NONE', #10440, #3198 ) ;
#10647 = ORIENTED_EDGE ( 'NONE', *, *, #8505, .F. ) ;
#10648 = AXIS2_PLACEMENT_3D ( 'NONE', #7149, #8155, #2965 ) ;
#10649 = CARTESIAN_POINT ( 'NONE',  ( 0.4795275590551186800, 0.3149606299212595600, -0.02834645669291339200 ) ) ;
#10651 = CARTESIAN_POINT ( 'NONE',  ( 0.3401574803149611200, 0.01968503937007875700, -0.05787401574803152000 ) ) ;
#10650 = VECTOR ( 'NONE', #1495, 39.37007874015748100 ) ;
#10652 = VERTEX_POINT ( 'NONE', #5719 ) ;
#10653 = DIRECTION ( 'NONE',  ( 0.0000000000000000000, 0.0000000000000000000, -1.000000000000000000 ) ) ;
#10654 = LINE ( 'NONE', #3261, #1038 ) ;
#10655 = EDGE_CURVE ( 'NONE', #1055, #2315, #327, .T. ) ;
#10656 = VECTOR ( 'NONE', #3384, 39.37007874015748100 ) ;
#10657 = CARTESIAN_POINT ( 'NONE',  ( 0.4000000000000005200, 0.3149606299212595600, -0.02834645669291339200 ) ) ;
#10658 = EDGE_LOOP ( 'NONE', ( #9675, #2773, #624, #3059 ) ) ;
#10659 = ORIENTED_EDGE ( 'NONE', *, *, #5523, .T. ) ;
#10660 = ORIENTED_EDGE ( 'NONE', *, *, #5624, .F. ) ;
#10661 = VECTOR ( 'NONE', #11562, 39.37007874015748100 ) ;
#10662 = CARTESIAN_POINT ( 'NONE',  ( 0.1279685040944885700, 0.3149606299212593400, -0.06673228346456672200 ) ) ;
#10663 = CARTESIAN_POINT ( 'NONE',  ( 0.3088916445275594600, 0.2617829512992116400, -0.05787401574803151300 ) ) ;
#10665 = AXIS2_PLACEMENT_3D ( 'NONE', #4936, #11215, #5837 ) ;
#10664 = CARTESIAN_POINT ( 'NONE',  ( 0.2200787401574807700, 0.01968503937007875700, -0.04212598425196851400 ) ) ;
#10666 = CIRCLE ( 'NONE', #2360, 0.09219577657480328100 ) ;
#10667 = PLANE ( 'NONE',  #2260 ) ;
#10668 = EDGE_CURVE ( 'NONE', #1919, #1227, #2777, .T. ) ;
#10669 = ORIENTED_EDGE ( 'NONE', *, *, #10177, .T. ) ;
#10670 = VERTEX_POINT ( 'NONE', #1263 ) ;
#10671 = FACE_OUTER_BOUND ( 'NONE', #6044, .T. ) ;
#10672 = VECTOR ( 'NONE', #5229, 39.37007874015748100 ) ;
#10673 = ORIENTED_EDGE ( 'NONE', *, *, #1334, .T. ) ;
#10674 = CARTESIAN_POINT ( 'NONE',  ( 0.5452755905511816900, -0.1259842519685042700, -0.04212598425196851400 ) ) ;
#10675 = EDGE_CURVE ( 'NONE', #4989, #9494, #45, .T. ) ;
#10676 = CIRCLE ( 'NONE', #17, 0.007874015748031449100 ) ;
#10677 = AXIS2_PLACEMENT_3D ( 'NONE', #6646, #4866, #11141 ) ;
#10678 = ORIENTED_EDGE ( 'NONE', *, *, #2724, .T. ) ;
#10679 = CARTESIAN_POINT ( 'NONE',  ( 0.5401574803149611400, 0.3149606299212595600, -0.04212598425196851400 ) ) ;
#10680 = DIRECTION ( 'NONE',  ( 0.6000000000000002000, 0.7999999999999998200, 0.0000000000000000000 ) ) ;
#10681 = ADVANCED_FACE ( 'NONE', ( #2489 ), #4863, .F. ) ;
#10682 = ORIENTED_EDGE ( 'NONE', *, *, #2269, .T. ) ;
#10683 = CARTESIAN_POINT ( 'NONE',  ( 0.7000000000000005100, 0.3149606299212595600, -0.04212598425196851400 ) ) ;
#10684 = DIRECTION ( 'NONE',  ( 0.0000000000000000000, -0.0000000000000000000, 1.000000000000000000 ) ) ;
#10685 = VERTEX_POINT ( 'NONE', #7615 ) ;
#10686 = CARTESIAN_POINT ( 'NONE',  ( 0.4401574803149612100, 0.3149606299212595600, -0.02834645669291339200 ) ) ;
#10687 = CIRCLE ( 'NONE', #10398, 0.007874015748031449100 ) ;
#10688 = VERTEX_POINT ( 'NONE', #11177 ) ;
#10689 = ORIENTED_EDGE ( 'NONE', *, *, #3883, .F. ) ;
#10690 = EDGE_CURVE ( 'NONE', #11329, #2971, #7013, .T. ) ;
#10691 = DIRECTION ( 'NONE',  ( 0.2950730660855439000, 0.9554746912769988000, 0.0000000000000000000 ) ) ;
#10692 = ADVANCED_FACE ( 'NONE', ( #4876 ), #373, .F. ) ;
#10693 = CARTESIAN_POINT ( 'NONE',  ( 0.5913385826691182100, 0.3346456692917485500, -0.08149606299212601400 ) ) ;
#10694 = AXIS2_PLACEMENT_3D ( 'NONE', #4240, #10539, #5129 ) ;
#10695 = VERTEX_POINT ( 'NONE', #1300 ) ;
#10696 = EDGE_CURVE ( 'NONE', #7096, #9067, #9682, .T. ) ;
#10697 = AXIS2_PLACEMENT_3D ( 'NONE', #214, #6574, #1140 ) ;
#10699 = CARTESIAN_POINT ( 'NONE',  ( 0.2795275590551185000, 0.01968503937007875700, -0.02834645669291339200 ) ) ;
#10698 = FACE_OUTER_BOUND ( 'NONE', #10838, .T. ) ;
#10700 = VECTOR ( 'NONE', #1715, 39.37007874015748100 ) ;
#10701 = PLANE ( 'NONE',  #10201 ) ;
#10702 = ORIENTED_EDGE ( 'NONE', *, *, #10378, .T. ) ;
#10703 = CARTESIAN_POINT ( 'NONE',  ( 0.6200787401574960900, 0.1053386751215895500, -0.04212598425196851400 ) ) ;
#10704 = DIRECTION ( 'NONE',  ( -0.0000000000000000000, -0.0000000000000000000, 1.000000000000000000 ) ) ;
#10705 = ORIENTED_EDGE ( 'NONE', *, *, #3463, .F. ) ;
#10706 = CIRCLE ( 'NONE', #5395, 0.007874015748031584400 ) ;
#10707 = CARTESIAN_POINT ( 'NONE',  ( 0.3748031496158058000, -0.1011811022909666500, -0.05787401574803150600 ) ) ;
#10709 = EDGE_CURVE ( 'NONE', #8045, #5361, #11462, .T. ) ;
#10708 = CARTESIAN_POINT ( 'NONE',  ( 0.6509842519685044000, -0.1259842519685042700, -0.05787401574803150600 ) ) ;
#10710 = LINE ( 'NONE', #5636, #5911 ) ;
#10711 = ORIENTED_EDGE ( 'NONE', *, *, #3018, .T. ) ;
#10712 = CARTESIAN_POINT ( 'NONE',  ( 0.4401574803149612100, 0.01968503937007875700, -0.02834645669291339200 ) ) ;
#10713 = ORIENTED_EDGE ( 'NONE', *, *, #9124, .F. ) ;
#10714 = EDGE_CURVE ( 'NONE', #9658, #3910, #4591, .T. ) ;
#10715 = PRODUCT_RELATED_PRODUCT_CATEGORY ( 'detail', '', ( #8396 ) ) ;
#10716 = ORIENTED_EDGE ( 'NONE', *, *, #5490, .T. ) ;
#10717 = DIRECTION ( 'NONE',  ( 1.000000000000000000, -0.0000000000000000000, 0.0000000000000000000 ) ) ;
#10718 = LINE ( 'NONE', #10541, #10444 ) ;
#10719 = DIRECTION ( 'NONE',  ( -1.000000000000000000, 5.152643988049936000E-015, 0.0000000000000000000 ) ) ;
#10720 = VECTOR ( 'NONE', #5895, 39.37007874015748100 ) ;
#10721 = ORIENTED_EDGE ( 'NONE', *, *, #2393, .T. ) ;
#10722 = DIRECTION ( 'NONE',  ( 0.0000000000000000000, 0.0000000000000000000, 1.000000000000000000 ) ) ;
#10723 = DIRECTION ( 'NONE',  ( 0.0000000000000000000, 0.0000000000000000000, 1.000000000000000000 ) ) ;
#10724 = EDGE_LOOP ( 'NONE', ( #8676, #300, #2037, #9775 ) ) ;
#10725 = EDGE_CURVE ( 'NONE', #3212, #2474, #4327, .T. ) ;
#10726 = VECTOR ( 'NONE', #8991, 39.37007874015748100 ) ;
#10727 = ORIENTED_EDGE ( 'NONE', *, *, #8574, .F. ) ;
#10728 = DIRECTION ( 'NONE',  ( 0.2950730660855439000, -0.9554746912769988000, 0.0000000000000000000 ) ) ;
#10729 = CIRCLE ( 'NONE', #5188, 0.03976377952755894000 ) ;
#10730 = EDGE_LOOP ( 'NONE', ( #3192, #3025, #9012, #10381 ) ) ;
#10731 = ORIENTED_EDGE ( 'NONE', *, *, #3977, .F. ) ;
#10732 = CARTESIAN_POINT ( 'NONE',  ( 0.07022387980321807800, 0.2525113753601316300, -0.04212598425196852800 ) ) ;
#10733 = CARTESIAN_POINT ( 'NONE',  ( 0.02007874015748100200, 0.08959064362175733800, -0.04212598425196851400 ) ) ;
#10734 = ADVANCED_FACE ( 'NONE', ( #9120 ), #4973, .F. ) ;
#10735 = DIRECTION ( 'NONE',  ( 0.0000000000000000000, -0.0000000000000000000, -1.000000000000000000 ) ) ;
#10736 = VECTOR ( 'NONE', #5608, 39.37007874015748100 ) ;
#10737 = ORIENTED_EDGE ( 'NONE', *, *, #6702, .F. ) ;
#10738 = VECTOR ( 'NONE', #3524, 39.37007874015748900 ) ;
#10739 = ORIENTED_EDGE ( 'NONE', *, *, #8252, .T. ) ;
#10740 = ORIENTED_EDGE ( 'NONE', *, *, #7851, .F. ) ;
#10741 = ORIENTED_EDGE ( 'NONE', *, *, #11624, .F. ) ;
#10742 = EDGE_CURVE ( 'NONE', #3420, #11108, #11187, .T. ) ;
#10743 = EDGE_CURVE ( 'NONE', #3850, #6625, #4039, .T. ) ;
#10744 = DIRECTION ( 'NONE',  ( 0.0000000000000000000, -1.000000000000000000, 0.0000000000000000000 ) ) ;
#10745 = AXIS2_PLACEMENT_3D ( 'NONE', #6271, #10791, #5386 ) ;
#10746 = DIRECTION ( 'NONE',  ( 0.9889363530076618100, -0.1483404520011492900, 0.0000000000000000000 ) ) ;
#10747 = ORIENTED_EDGE ( 'NONE', *, *, #10267, .T. ) ;
#10748 = VECTOR ( 'NONE', #3029, 39.37007874015748100 ) ;
#10749 = DIRECTION ( 'NONE',  ( -1.000000000000000000, 0.0000000000000000000, 0.0000000000000000000 ) ) ;
#10750 = FACE_OUTER_BOUND ( 'NONE', #6219, .T. ) ;
#10751 = ADVANCED_FACE ( 'NONE', ( #1634 ), #8623, .F. ) ;
#10752 = ORIENTED_EDGE ( 'NONE', *, *, #1298, .T. ) ;
#10753 = FACE_OUTER_BOUND ( 'NONE', #230, .T. ) ;
#10754 = ORIENTED_EDGE ( 'NONE', *, *, #9017, .F. ) ;
#10755 = ORIENTED_EDGE ( 'NONE', *, *, #8082, .T. ) ;
#10756 = EDGE_CURVE ( 'NONE', #1182, #2364, #10918, .T. ) ;
#10757 = DIRECTION ( 'NONE',  ( -0.04217878982152489800, 0.9991100788647823100, 0.0000000000000000000 ) ) ;
#10758 = DIRECTION ( 'NONE',  ( 1.000000000000000000, 0.0000000000000000000, -0.0000000000000000000 ) ) ;
#10759 = ORIENTED_EDGE ( 'NONE', *, *, #8533, .F. ) ;
#10760 = VECTOR ( 'NONE', #7861, 39.37007874015748100 ) ;
#10761 = EDGE_CURVE ( 'NONE', #972, #2943, #1335, .T. ) ;
#10762 = FACE_OUTER_BOUND ( 'NONE', #5487, .T. ) ;
#10763 = ORIENTED_EDGE ( 'NONE', *, *, #10756, .T. ) ;
#10765 = ORIENTED_EDGE ( 'NONE', *, *, #1660, .T. ) ;
#10764 = AXIS2_PLACEMENT_3D ( 'NONE', #8302, #2890, #9189 ) ;
#10766 = DIRECTION ( 'NONE',  ( 1.000000000000000000, 2.168404344971021900E-015, 0.0000000000000000000 ) ) ;
#10767 = VECTOR ( 'NONE', #6779, 39.37007874015748100 ) ;
#10768 = ORIENTED_EDGE ( 'NONE', *, *, #789, .T. ) ;
#10769 = ORIENTED_EDGE ( 'NONE', *, *, #691, .F. ) ;
#10770 = AXIS2_PLACEMENT_3D ( 'NONE', #8079, #10749, #5350 ) ;
#10771 = CARTESIAN_POINT ( 'NONE',  ( 0.09586614173228372200, 0.1473225259842513800, -0.05787401574803150600 ) ) ;
#10772 = DIRECTION ( 'NONE',  ( -0.2950730634850953800, 0.9554746920800785100, 0.0000000000000000000 ) ) ;
#10773 = LINE ( 'NONE', #3289, #1173 ) ;
#10774 = CARTESIAN_POINT ( 'NONE',  ( 0.4452755905511815400, -0.1011811023622053900, -0.04212598425196851400 ) ) ;
#10775 = EDGE_LOOP ( 'NONE', ( #8947, #5692, #8815, #11297 ) ) ;
#10776 = ORIENTED_EDGE ( 'NONE', *, *, #1931, .T. ) ;
#10777 = CARTESIAN_POINT ( 'NONE',  ( 0.2000000000000005900, 0.01968503937007875700, -0.04212598425196851400 ) ) ;
#10778 = FACE_OUTER_BOUND ( 'NONE', #5740, .T. ) ;
#10779 = ORIENTED_EDGE ( 'NONE', *, *, #1877, .F. ) ;
#10780 = ORIENTED_EDGE ( 'NONE', *, *, #2007, .F. ) ;
#10781 = DIRECTION ( 'NONE',  ( 0.0000000000000000000, 0.0000000000000000000, -1.000000000000000000 ) ) ;
#10782 = EDGE_CURVE ( 'NONE', #9691, #8875, #3753, .T. ) ;
#10783 = VECTOR ( 'NONE', #6192, 39.37007874015748100 ) ;
#10784 = AXIS2_PLACEMENT_3D ( 'NONE', #4487, #10781, #5375 ) ;
#10785 = CARTESIAN_POINT ( 'NONE',  ( 0.2111870956299216900, 0.2617829512992116400, -0.05787401574803151300 ) ) ;
#10786 = EDGE_CURVE ( 'NONE', #372, #5601, #10654, .T. ) ;
#10787 = AXIS2_PLACEMENT_3D ( 'NONE', #6993, #10599, #5190 ) ;
#10788 = LINE ( 'NONE', #3904, #6284 ) ;
#10789 = ORIENTED_EDGE ( 'NONE', *, *, #5092, .T. ) ;
#10790 = ORIENTED_EDGE ( 'NONE', *, *, #2919, .T. ) ;
#10791 = DIRECTION ( 'NONE',  ( 0.0000000000000000000, 0.0000000000000000000, -1.000000000000000000 ) ) ;
#10792 = ORIENTED_EDGE ( 'NONE', *, *, #11211, .T. ) ;
#10793 = DIRECTION ( 'NONE',  ( 1.000000000000000000, -0.0000000000000000000, 0.0000000000000000000 ) ) ;
#10794 = CIRCLE ( 'NONE', #4819, 0.09219577657480328100 ) ;
#10795 = VECTOR ( 'NONE', #4691, 39.37007874015748100 ) ;
#10796 = LINE ( 'NONE', #7741, #10528 ) ;
#10797 = ADVANCED_FACE ( 'NONE', ( #10375 ), #3207, .T. ) ;
#10798 = ORIENTED_EDGE ( 'NONE', *, *, #10799, .T. ) ;
#10799 = EDGE_CURVE ( 'NONE', #6137, #810, #5557, .T. ) ;
#10800 = ORIENTED_EDGE ( 'NONE', *, *, #1397, .F. ) ;
#10801 = CARTESIAN_POINT ( 'NONE',  ( 0.2401574803149612300, 0.01968503937007875700, -0.05787401574803152000 ) ) ;
#10802 = CYLINDRICAL_SURFACE ( 'NONE', #1402, 0.03976377952755894000 ) ;
#10803 = CARTESIAN_POINT ( 'NONE',  ( -0.04220999551181069100, 0.2475998051574795600, -0.04212598425196851400 ) ) ;
#10804 = VECTOR ( 'NONE', #10339, 39.37007874015748100 ) ;
#10805 = ORIENTED_EDGE ( 'NONE', *, *, #11523, .T. ) ;
#10806 = DIRECTION ( 'NONE',  ( 0.0000000000000000000, 1.000000000000000000, 0.0000000000000000000 ) ) ;
#10807 = CARTESIAN_POINT ( 'NONE',  ( 0.03051181107277739500, 0.2965351244027641400, -0.04212598425196851400 ) ) ;
#10808 = ADVANCED_FACE ( 'NONE', ( #3477 ), #5288, .F. ) ;
#10809 = DIRECTION ( 'NONE',  ( 1.000000000000000000, -0.0000000000000000000, 0.0000000000000000000 ) ) ;
#10810 = LINE ( 'NONE', #8759, #10543 ) ;
#10811 = DIRECTION ( 'NONE',  ( 0.0000000000000000000, -0.0000000000000000000, -1.000000000000000000 ) ) ;
#10812 = VERTEX_POINT ( 'NONE', #5084 ) ;
#10813 = EDGE_CURVE ( 'NONE', #2445, #4104, #7724, .T. ) ;
#10814 = VECTOR ( 'NONE', #4287, 39.37007874015748100 ) ;
#10815 = DIRECTION ( 'NONE',  ( 1.000000000000000000, -0.0000000000000000000, 0.0000000000000000000 ) ) ;
#10816 = ORIENTED_EDGE ( 'NONE', *, *, #8710, .F. ) ;
#10817 = CALENDAR_DATE ( 2016, 19, 8 ) ;
#10818 = VECTOR ( 'NONE', #8921, 39.37007874015748100 ) ;
#10819 = CARTESIAN_POINT ( 'NONE',  ( 0.2088916445275591500, 0.2617829512992116400, -0.05787401574803151300 ) ) ;
#10820 = DIRECTION ( 'NONE',  ( 0.04217878999398427100, -0.9991100788575016900, 0.0000000000000000000 ) ) ;
#10821 = EDGE_LOOP ( 'NONE', ( #10422, #3518, #6470, #11511 ) ) ;
#10822 = VERTEX_POINT ( 'NONE', #579 ) ;
#10823 = VERTEX_POINT ( 'NONE', #7846 ) ;
#10824 = EDGE_CURVE ( 'NONE', #11350, #8120, #9828, .T. ) ;
#10825 = AXIS2_PLACEMENT_3D ( 'NONE', #9805, #4400, #10684 ) ;
#10826 = VECTOR ( 'NONE', #7107, 39.37007874015748100 ) ;
#10827 = CARTESIAN_POINT ( 'NONE',  ( 0.4283464567077991900, 0.3346456692891797700, -0.01850393698980783800 ) ) ;
#10828 = FACE_OUTER_BOUND ( 'NONE', #5475, .T. ) ;
#10829 = DIRECTION ( 'NONE',  ( 1.000000000000000000, 0.0000000000000000000, 0.0000000000000000000 ) ) ;
#10830 = EDGE_LOOP ( 'NONE', ( #10640, #1319, #3736, #1618 ) ) ;
#10831 = PLANE ( 'NONE',  #5201 ) ;
#10832 = CARTESIAN_POINT ( 'NONE',  ( 0.02007874015749599700, 0.08959064361310087300, -0.04212598425196851400 ) ) ;
#10833 = ORIENTED_EDGE ( 'NONE', *, *, #10786, .T. ) ;
#10834 = DIRECTION ( 'NONE',  ( 0.03123475300211145000, -0.9995120760675665400, 0.0000000000000000000 ) ) ;
#10835 = VECTOR ( 'NONE', #6318, 39.37007874015748100 ) ;
#10836 = FACE_OUTER_BOUND ( 'NONE', #2707, .T. ) ;
#10837 = EDGE_CURVE ( 'NONE', #6332, #8474, #473, .T. ) ;
#10838 = EDGE_LOOP ( 'NONE', ( #4268, #9352, #272, #2726 ) ) ;
#10839 = CARTESIAN_POINT ( 'NONE',  ( 0.4196850393700792300, 0.1027140031889747800, -0.04212598425196851400 ) ) ;
#10840 = PLANE ( 'NONE',  #8540 ) ;
#10841 = EDGE_CURVE ( 'NONE', #4286, #9644, #768, .T. ) ;
#10842 = AXIS2_PLACEMENT_3D ( 'NONE', #5836, #412, #6764 ) ;
#10843 = ORIENTED_EDGE ( 'NONE', *, *, #4383, .T. ) ;
#10844 = CARTESIAN_POINT ( 'NONE',  ( 0.5196850393701842900, 0.01968503937007875700, -0.02598425196850394400 ) ) ;
#10845 = CIRCLE ( 'NONE', #9273, 0.01574803149606289800 ) ;
#10846 = DIRECTION ( 'NONE',  ( -1.000000000000000000, 5.152643988049902000E-015, 0.0000000000000000000 ) ) ;
#10847 = VECTOR ( 'NONE', #5266, 39.37007874015748100 ) ;
#10848 = ORIENTED_EDGE ( 'NONE', *, *, #9729, .F. ) ;
#10849 = ORIENTED_EDGE ( 'NONE', *, *, #911, .T. ) ;
#10850 = DIRECTION ( 'NONE',  ( 0.04217878999398427100, 0.9991100788575016900, 0.0000000000000000000 ) ) ;
#10851 = CARTESIAN_POINT ( 'NONE',  ( 0.3445558501181105700, 0.1112594900787393400, -0.05787401574803151300 ) ) ;
#10852 = ORIENTED_EDGE ( 'NONE', *, *, #2206, .F. ) ;
#10854 = AXIS2_PLACEMENT_3D ( 'NONE', #5766, #5512, #5234 ) ;
#10853 = CARTESIAN_POINT ( 'NONE',  ( 0.6111870956299217900, 0.2617829512992116400, -0.05787401574803151300 ) ) ;
#10855 = LINE ( 'NONE', #4786, #6360 ) ;
#10856 = PLANE ( 'NONE',  #3319 ) ;
#10857 = VECTOR ( 'NONE', #196, 39.37007874015748100 ) ;
#10858 = EDGE_CURVE ( 'NONE', #6282, #11373, #5006, .T. ) ;
#10859 = ORIENTED_EDGE ( 'NONE', *, *, #9354, .F. ) ;
#10860 = ADVANCED_FACE ( 'NONE', ( #175 ), #1543, .F. ) ;
#10861 = CARTESIAN_POINT ( 'NONE',  ( 0.4445558501181106100, 0.1112594900787393400, -0.05787401574803151300 ) ) ;
#10862 = DIRECTION ( 'NONE',  ( 0.0000000000000000000, 0.0000000000000000000, -1.000000000000000000 ) ) ;
#10863 = CARTESIAN_POINT ( 'NONE',  ( 0.3690944881889768300, -0.1259842519685042700, -0.05787401574803151300 ) ) ;
#10864 = CARTESIAN_POINT ( 'NONE',  ( 5.463695987328526400E-016, 0.01968503937007875700, -0.07401574803149603400 ) ) ;
#10865 = VECTOR ( 'NONE', #1391, 39.37007874015748100 ) ;
#10866 = VERTEX_POINT ( 'NONE', #625 ) ;
#10867 = LINE ( 'NONE', #2219, #3422 ) ;
#10868 = EDGE_LOOP ( 'NONE', ( #3007, #7814, #10200, #8104 ) ) ;
#10869 = ORIENTED_EDGE ( 'NONE', *, *, #9754, .T. ) ;
#10870 = ORIENTED_EDGE ( 'NONE', *, *, #4731, .F. ) ;
#10871 = DIRECTION ( 'NONE',  ( 1.000000000000000000, 0.0000000000000000000, 0.0000000000000000000 ) ) ;
#10872 = AXIS2_PLACEMENT_3D ( 'NONE', #5408, #1842, #3658 ) ;
#10873 = EDGE_CURVE ( 'NONE', #1004, #3497, #4728, .T. ) ;
#10874 = VERTEX_POINT ( 'NONE', #5164 ) ;
#10875 = LINE ( 'NONE', #3450, #878 ) ;
#10876 = PLANE ( 'NONE',  #360 ) ;
#10877 = CIRCLE ( 'NONE', #8367, 0.01574803149606289800 ) ;
#10878 = DIRECTION ( 'NONE',  ( 0.04217878999398427100, -0.9991100788575016900, 0.0000000000000000000 ) ) ;
#10879 = ORIENTED_EDGE ( 'NONE', *, *, #1887, .F. ) ;
#10880 = CARTESIAN_POINT ( 'NONE',  ( 0.1200787401574806800, 0.1053386751217925000, -0.05787401574803151300 ) ) ;
#10881 = FACE_OUTER_BOUND ( 'NONE', #4092, .T. ) ;
#10882 = ORIENTED_EDGE ( 'NONE', *, *, #8704, .T. ) ;
#10883 = ORIENTED_EDGE ( 'NONE', *, *, #1692, .F. ) ;
#10884 = DIRECTION ( 'NONE',  ( 0.0000000000000000000, 0.0000000000000000000, 1.000000000000000000 ) ) ;
#10885 = LINE ( 'NONE', #2681, #8536 ) ;
#10886 = PLANE ( 'NONE',  #8183 ) ;
#10887 = DIRECTION ( 'NONE',  ( -0.1483404520011901400, -0.9889363530076557000, 0.0000000000000000000 ) ) ;
#10888 = CIRCLE ( 'NONE', #1932, 0.03976377952755907200 ) ;
#10889 = ORIENTED_EDGE ( 'NONE', *, *, #11344, .T. ) ;
#10890 = EDGE_CURVE ( 'NONE', #3957, #9519, #7150, .T. ) ;
#10891 = FACE_OUTER_BOUND ( 'NONE', #8073, .T. ) ;
#10892 = ORIENTED_EDGE ( 'NONE', *, *, #9896, .F. ) ;
#10893 = VERTEX_POINT ( 'NONE', #1583 ) ;
#10894 = CARTESIAN_POINT ( 'NONE',  ( 0.5000000000000004400, 0.3149606299212595600, -0.05787401574803152000 ) ) ;
#10895 = CARTESIAN_POINT ( 'NONE',  ( 0.2305118110806862200, 0.2965351243983662700, -0.05787401574803151300 ) ) ;
#10896 = CARTESIAN_POINT ( 'NONE',  ( 0.6795275590551186400, 0.01968503937007875700, -0.05787401574803152000 ) ) ;
#10897 = VECTOR ( 'NONE', #7466, 39.37007874015748900 ) ;
#10898 = EDGE_LOOP ( 'NONE', ( #7596, #9973, #3067, #5436 ) ) ;
#10899 = ORIENTED_EDGE ( 'NONE', *, *, #1643, .T. ) ;
#10900 = PLANE ( 'NONE',  #2571 ) ;
#10901 = EDGE_CURVE ( 'NONE', #7641, #11011, #4456, .T. ) ;
#10902 = FACE_OUTER_BOUND ( 'NONE', #2251, .T. ) ;
#10903 = VERTEX_POINT ( 'NONE', #8819 ) ;
#10904 = ORIENTED_EDGE ( 'NONE', *, *, #2986, .F. ) ;
#10905 = CARTESIAN_POINT ( 'NONE',  ( 0.6895669291338587500, 0.2965351244488186300, -0.05787401574803151300 ) ) ;
#10906 = VECTOR ( 'NONE', #1043, 39.37007874015748100 ) ;
#10907 = DIRECTION ( 'NONE',  ( 0.9745213851683854900, -0.2242946050387554500, 0.0000000000000000000 ) ) ;
#10908 = EDGE_CURVE ( 'NONE', #10874, #4627, #6861, .T. ) ;
#10909 = VECTOR ( 'NONE', #10047, 39.37007874015748100 ) ;
#10910 = AXIS2_PLACEMENT_3D ( 'NONE', #8249, #9177, #3772 ) ;
#10911 = CARTESIAN_POINT ( 'NONE',  ( 0.5431102362202077100, 0.3149606299215654800, -0.03326771653520991400 ) ) ;
#10912 = EDGE_CURVE ( 'NONE', #1906, #2497, #11599, .T. ) ;
#10913 = AXIS2_PLACEMENT_3D ( 'NONE', #684, #4341, #10630 ) ;
#10914 = ORIENTED_EDGE ( 'NONE', *, *, #7288, .T. ) ;
#10915 = ORIENTED_EDGE ( 'NONE', *, *, #9768, .F. ) ;
#10916 = FACE_BOUND ( 'NONE', #3129, .T. ) ;
#10917 = VERTEX_POINT ( 'NONE', #4322 ) ;
#10919 = DIRECTION ( 'NONE',  ( 1.000000000000000000, -0.0000000000000000000, 0.0000000000000000000 ) ) ;
#10918 = LINE ( 'NONE', #7731, #6140 ) ;
#10920 = ADVANCED_FACE ( 'NONE', ( #9259 ), #8857, .T. ) ;
#10921 = DIRECTION ( 'NONE',  ( 1.000000000000000000, -0.0000000000000000000, 0.0000000000000000000 ) ) ;
#10922 = CARTESIAN_POINT ( 'NONE',  ( 0.5748031496227885600, -0.1259842519685042700, -0.04212598425196851400 ) ) ;
#10923 = LINE ( 'NONE', #4601, #6145 ) ;
#10924 = DIRECTION ( 'NONE',  ( 0.0000000000000000000, 0.0000000000000000000, 1.000000000000000000 ) ) ;
#10925 = ORIENTED_EDGE ( 'NONE', *, *, #2051, .T. ) ;
#10926 = ORIENTED_EDGE ( 'NONE', *, *, #824, .T. ) ;
#10927 = EDGE_CURVE ( 'NONE', #11653, #5225, #4175, .T. ) ;
#10928 = VERTEX_POINT ( 'NONE', #5241 ) ;
#10929 = CYLINDRICAL_SURFACE ( 'NONE', #6876, 0.007874015748031449100 ) ;
#10930 = EDGE_CURVE ( 'NONE', #4926, #5936, #8699, .T. ) ;
#10931 = CC_DESIGN_APPROVAL ( #10349, ( #8560 ) ) ;
#10932 = DIRECTION ( 'NONE',  ( 0.0000000000000000000, 0.0000000000000000000, -1.000000000000000000 ) ) ;
#10933 = VECTOR ( 'NONE', #714, 39.37007874015748100 ) ;
#10934 = CARTESIAN_POINT ( 'NONE',  ( 0.4283464567080387300, 0.3346456692908563200, -0.01812598417322835000 ) ) ;
#10935 = ORIENTED_EDGE ( 'NONE', *, *, #215, .F. ) ;
#10936 = ORIENTED_EDGE ( 'NONE', *, *, #4176, .T. ) ;
#10937 = DIRECTION ( 'NONE',  ( 0.0000000000000000000, 0.0000000000000000000, 1.000000000000000000 ) ) ;
#10938 = LINE ( 'NONE', #7258, #1356 ) ;
#10939 = AXIS2_PLACEMENT_3D ( 'NONE', #10370, #9307, #9270 ) ;
#10940 = DIRECTION ( 'NONE',  ( 0.2242946047231138800, -0.9745213852410330400, 0.0000000000000000000 ) ) ;
#10941 = PLANE ( 'NONE',  #5411 ) ;
#10942 = LINE ( 'NONE', #4334, #5872 ) ;
#10943 = EDGE_CURVE ( 'NONE', #9572, #2302, #1780, .T. ) ;
#10944 = EDGE_LOOP ( 'NONE', ( #843, #3287, #1128, #3561 ) ) ;
#10945 = CALENDAR_DATE ( 2016, 19, 8 ) ;
#10946 = DIRECTION ( 'NONE',  ( 0.0000000000000000000, 0.0000000000000000000, -1.000000000000000000 ) ) ;
#10947 = LINE ( 'NONE', #9316, #3783 ) ;
#10948 = VERTEX_POINT ( 'NONE', #6115 ) ;
#10949 = ORIENTED_EDGE ( 'NONE', *, *, #2647, .F. ) ;
#10950 = CARTESIAN_POINT ( 'NONE',  ( 0.01118709562992162500, 0.2432397985433058200, -0.04212598425196852800 ) ) ;
#10951 = PLANE ( 'NONE',  #2827 ) ;
#10952 = DIRECTION ( 'NONE',  ( -0.0000000000000000000, -1.000000000000000000, 0.0000000000000000000 ) ) ;
#10953 = VERTEX_POINT ( 'NONE', #9802 ) ;
#10954 = DIRECTION ( 'NONE',  ( 0.0000000000000000000, -1.000000000000000000, -0.0000000000000000000 ) ) ;
#10955 = CARTESIAN_POINT ( 'NONE',  ( 0.09133858266911820700, 0.3346456692917484400, -0.08149606299212601400 ) ) ;
#10956 = EDGE_CURVE ( 'NONE', #9252, #366, #1474, .T. ) ;
#10957 = CYLINDRICAL_SURFACE ( 'NONE', #10976, 0.03976377952755907200 ) ;
#10958 = EDGE_CURVE ( 'NONE', #7097, #4406, #11050, .T. ) ;
#10959 = CARTESIAN_POINT ( 'NONE',  ( 0.4718503937007879100, 0.2287793732283450500, -0.05787401574803151300 ) ) ;
#10960 = ORIENTED_EDGE ( 'NONE', *, *, #2345, .F. ) ;
#10961 = ORIENTED_EDGE ( 'NONE', *, *, #5537, .T. ) ;
#10962 = VERTEX_POINT ( 'NONE', #2629 ) ;
#10963 = CARTESIAN_POINT ( 'NONE',  ( 0.04527559055118158400, -0.1259842519685042700, -0.04212598425196851400 ) ) ;
#10964 = VECTOR ( 'NONE', #11274, 39.37007874015748100 ) ;
#10965 = DIRECTION ( 'NONE',  ( -1.000000000000000000, -0.0000000000000000000, -0.0000000000000000000 ) ) ;
#10966 = CIRCLE ( 'NONE', #5486, 0.09219577657480328100 ) ;
#10967 = EDGE_CURVE ( 'NONE', #525, #27, #3611, .T. ) ;
#10968 = EDGE_LOOP ( 'NONE', ( #4043, #1322, #5768, #2110 ) ) ;
#10969 = ADVANCED_FACE ( 'NONE', ( #5993 ), #8050, .T. ) ;
#10970 = CARTESIAN_POINT ( 'NONE',  ( 0.1795275591580513800, 0.2885954232327824800, -0.04212598425196851400 ) ) ;
#10971 = EDGE_CURVE ( 'NONE', #5146, #7692, #8152, .T. ) ;
#10972 = AXIS2_PLACEMENT_3D ( 'NONE', #6059, #656, #7000 ) ;
#10973 = VERTEX_POINT ( 'NONE', #6231 ) ;
#10974 = CARTESIAN_POINT ( 'NONE',  ( 0.5795275590944887200, -0.1259842519685042700, -0.04212598425196851400 ) ) ;
#10975 = LINE ( 'NONE', #11336, #8622 ) ;
#10977 = CARTESIAN_POINT ( 'NONE',  ( 0.6196850393700792400, 0.1027140031889747100, -0.05787401574803152000 ) ) ;
#10976 = AXIS2_PLACEMENT_3D ( 'NONE', #1292, #1337, #6720 ) ;
#10978 = VECTOR ( 'NONE', #9224, 39.37007874015748100 ) ;
#10979 = ORIENTED_EDGE ( 'NONE', *, *, #7576, .F. ) ;
#10980 = DIRECTION ( 'NONE',  ( -0.0000000000000000000, 1.000000000000000000, 0.0000000000000000000 ) ) ;
#10981 = EDGE_LOOP ( 'NONE', ( #4708, #10639, #10889, #1748, #886, #1451, #750, #4009, #6264, #11422, #761, #3046, #2164, #3199, #9367, #6831, #8968, #4980, #10925, #11438, #9679, #903, #10522, #8438, #6291, #575, #9232 ) ) ;
#10982 = CARTESIAN_POINT ( 'NONE',  ( 0.3200787401574810000, 0.01968503937007875700, -0.05787401574803152000 ) ) ;
#10983 = ADVANCED_FACE ( 'NONE', ( #10513 ), #815, .F. ) ;
#10984 = ORIENTED_EDGE ( 'NONE', *, *, #7420, .F. ) ;
#10985 = LINE ( 'NONE', #4206, #1404 ) ;
#10986 = DIRECTION ( 'NONE',  ( 0.0000000000000000000, -0.0000000000000000000, -1.000000000000000000 ) ) ;
#10987 = EDGE_CURVE ( 'NONE', #8853, #384, #8429, .T. ) ;
#10988 = DIRECTION ( 'NONE',  ( -1.000000000000000000, 0.0000000000000000000, 0.0000000000000000000 ) ) ;
#10989 = FACE_BOUND ( 'NONE', #11637, .T. ) ;
#10990 = CARTESIAN_POINT ( 'NONE',  ( 0.3200787401574808900, 0.1053386751217951200, -0.05787401574803152000 ) ) ;
#10991 = VERTEX_POINT ( 'NONE', #11592 ) ;
#10992 = EDGE_LOOP ( 'NONE', ( #3117, #1251, #3668, #8485 ) ) ;
#10993 = EDGE_CURVE ( 'NONE', #8461, #574, #894, .T. ) ;
#10994 = DIRECTION ( 'NONE',  ( -0.5144957554275264600, 0.6859943405700352800, -0.5144957554275266800 ) ) ;
#10995 = CARTESIAN_POINT ( 'NONE',  ( 0.1795275590551181600, 0.01968503937007875700, -0.07165354330708663400 ) ) ;
#10996 = CIRCLE ( 'NONE', #8522, 0.03976377952755894000 ) ;
#10997 = EDGE_LOOP ( 'NONE', ( #11001, #2427, #6276, #1169, #10882, #4370, #1920, #11309, #10159, #8734, #1922, #120 ) ) ;
#10998 = DIRECTION ( 'NONE',  ( 0.0000000000000000000, 0.0000000000000000000, 1.000000000000000000 ) ) ;
#10999 = VECTOR ( 'NONE', #5899, 39.37007874015748100 ) ;
#11000 = VERTEX_POINT ( 'NONE', #6278 ) ;
#11001 = ORIENTED_EDGE ( 'NONE', *, *, #1172, .T. ) ;
#11002 = DIRECTION ( 'NONE',  ( 0.0000000000000000000, 0.0000000000000000000, 1.000000000000000000 ) ) ;
#11003 = DIRECTION ( 'NONE',  ( -0.2950730661818050700, -0.9554746912472711400, 0.0000000000000000000 ) ) ;
#11004 = VERTEX_POINT ( 'NONE', #845 ) ;
#11005 = CARTESIAN_POINT ( 'NONE',  ( 0.6088916445275595100, 0.2617829512992116400, -0.05787401574803151300 ) ) ;
#11006 = EDGE_CURVE ( 'NONE', #9559, #6268, #7859, .T. ) ;
#11007 = VECTOR ( 'NONE', #2891, 39.37007874015748900 ) ;
#11008 = ORIENTED_EDGE ( 'NONE', *, *, #11480, .F. ) ;
#11009 = CARTESIAN_POINT ( 'NONE',  ( 0.7000000000000006200, -0.1259842519685042700, -0.04212598425196851400 ) ) ;
#11010 = LINE ( 'NONE', #11630, #8384 ) ;
#11011 = VERTEX_POINT ( 'NONE', #9013 ) ;
#11012 = ORIENTED_EDGE ( 'NONE', *, *, #6759, .T. ) ;
#11013 = ORIENTED_EDGE ( 'NONE', *, *, #10550, .F. ) ;
#11014 = DIRECTION ( 'NONE',  ( 1.000000000000000000, 0.0000000000000000000, 0.0000000000000000000 ) ) ;
#11015 = ORIENTED_EDGE ( 'NONE', *, *, #10725, .T. ) ;
#11017 = FACE_OUTER_BOUND ( 'NONE', #8509, .T. ) ;
#11016 = DIRECTION ( 'NONE',  ( -1.000000000000000000, 0.0000000000000000000, 0.0000000000000000000 ) ) ;
#11018 = CYLINDRICAL_SURFACE ( 'NONE', #11540, 0.007874015748031449100 ) ;
#11019 = ORIENTED_EDGE ( 'NONE', *, *, #3484, .F. ) ;
#11020 = VECTOR ( 'NONE', #10952, 39.37007874015748100 ) ;
#11021 = ORIENTED_EDGE ( 'NONE', *, *, #1712, .F. ) ;
#11022 = ORIENTED_EDGE ( 'NONE', *, *, #3099, .F. ) ;
#11023 = EDGE_CURVE ( 'NONE', #10301, #3240, #10240, .T. ) ;
#11024 = ORIENTED_EDGE ( 'NONE', *, *, #11073, .T. ) ;
#11025 = CARTESIAN_POINT ( 'NONE',  ( 0.06909448818903168900, -0.1259842519682651000, -0.05787401574803151300 ) ) ;
#11026 = CARTESIAN_POINT ( 'NONE',  ( 0.2795275590551185000, 0.01968503937007875700, -0.02834645669291339200 ) ) ;
#11027 = CARTESIAN_POINT ( 'NONE',  ( 0.4279685038976383500, 0.3149606299212595600, -0.06673228346456693000 ) ) ;
#11028 = ADVANCED_FACE ( 'NONE', ( #3053 ), #5396, .T. ) ;
#11029 = CARTESIAN_POINT ( 'NONE',  ( 0.4452755905492691800, -0.1011811023193409700, -0.05787401574803151300 ) ) ;
#11030 = LINE ( 'NONE', #10468, #1758 ) ;
#11031 = EDGE_LOOP ( 'NONE', ( #3838, #8523, #722, #1585 ) ) ;
#11032 = ORIENTED_EDGE ( 'NONE', *, *, #10813, .F. ) ;
#11033 = DIRECTION ( 'NONE',  ( -0.0000000000000000000, 1.000000000000000000, 0.0000000000000000000 ) ) ;
#11034 = VECTOR ( 'NONE', #2286, 39.37007874015748100 ) ;
#11035 = VERTEX_POINT ( 'NONE', #4502 ) ;
#11036 = ORIENTED_EDGE ( 'NONE', *, *, #5637, .T. ) ;
#11037 = APPROVAL_STATUS ( 'not_yet_approved' ) ;
#11038 = CIRCLE ( 'NONE', #5888, 0.03976377952755907200 ) ;
#11039 = EDGE_CURVE ( 'NONE', #2402, #4289, #9957, .T. ) ;
#11040 = CARTESIAN_POINT ( 'NONE',  ( 0.1088916445275594100, 0.2617829512992116400, -0.05787401574803151300 ) ) ;
#11041 = ADVANCED_FACE ( 'NONE', ( #7577 ), #4862, .T. ) ;
#11042 = PLANE ( 'NONE',  #1481 ) ;
#11043 = ORIENTED_EDGE ( 'NONE', *, *, #2565, .F. ) ;
#11044 = ORIENTED_EDGE ( 'NONE', *, *, #2536, .F. ) ;
#11045 = CARTESIAN_POINT ( 'NONE',  ( 0.2795275590551185000, 0.3149606299212595600, -0.07165354330708663400 ) ) ;
#11046 = LINE ( 'NONE', #4387, #6279 ) ;
#11047 = ORIENTED_EDGE ( 'NONE', *, *, #9032, .T. ) ;
#11048 = VERTEX_POINT ( 'NONE', #6312 ) ;
#11049 = CARTESIAN_POINT ( 'NONE',  ( 0.04015748031496117800, 0.01968503937007875700, -0.07165354330708663400 ) ) ;
#11050 = LINE ( 'NONE', #10679, #6565 ) ;
#11051 = LINE ( 'NONE', #787, #3894 ) ;
#11052 = DIRECTION ( 'NONE',  ( 0.0000000000000000000, 0.0000000000000000000, 1.000000000000000000 ) ) ;
#11053 = DIRECTION ( 'NONE',  ( 1.000000000000000000, 0.0000000000000000000, 0.0000000000000000000 ) ) ;
#11054 = ORIENTED_EDGE ( 'NONE', *, *, #2321, .F. ) ;
#11055 = ORIENTED_EDGE ( 'NONE', *, *, #4256, .T. ) ;
#11056 = ORIENTED_EDGE ( 'NONE', *, *, #5263, .T. ) ;
#11057 = CARTESIAN_POINT ( 'NONE',  ( -0.4999999999999996100, 0.01968503937007875700, -0.02834645669291339200 ) ) ;
#11058 = EDGE_CURVE ( 'NONE', #9512, #9550, #2768, .T. ) ;
#11059 = LINE ( 'NONE', #3770, #3903 ) ;
#11060 = AXIS2_PLACEMENT_3D ( 'NONE', #9956, #4539, #10829 ) ;
#11061 = DIRECTION ( 'NONE',  ( 0.0000000000000000000, 0.7999999999999998200, -0.6000000000000002000 ) ) ;
#11062 = EDGE_CURVE ( 'NONE', #108, #3618, #5140, .T. ) ;
#11063 = CYLINDRICAL_SURFACE ( 'NONE', #8424, 0.007874015748031449100 ) ;
#11064 = ORIENTED_EDGE ( 'NONE', *, *, #4831, .T. ) ;
#11065 = CARTESIAN_POINT ( 'NONE',  ( 0.3283464567322838500, 0.3346456692913383200, -0.01812598413385827300 ) ) ;
#11066 = PLANE ( 'NONE',  #7064 ) ;
#11067 = ORIENTED_EDGE ( 'NONE', *, *, #10327, .T. ) ;
#11068 = CARTESIAN_POINT ( 'NONE',  ( 0.2826771653543312400, 0.04456662047243921400, -0.04212598425196851400 ) ) ;
#11069 = DIRECTION ( 'NONE',  ( -0.2950730661818177200, -0.9554746912472672500, 0.0000000000000000000 ) ) ;
#11070 = VECTOR ( 'NONE', #7584, 39.37007874015748100 ) ;
#11071 = LINE ( 'NONE', #8703, #8723 ) ;
#11072 = DIRECTION ( 'NONE',  ( -1.000000000000000000, 0.0000000000000000000, 0.0000000000000000000 ) ) ;
#11073 = EDGE_CURVE ( 'NONE', #1994, #4321, #7282, .T. ) ;
#11074 = VERTEX_POINT ( 'NONE', #3678 ) ;
#11075 = APPLICATION_PROTOCOL_DEFINITION ( 'international standard', 'config_control_design', 1994, #7463 ) ;
#11076 = EDGE_CURVE ( 'NONE', #4460, #1193, #2476, .T. ) ;
#11077 = FACE_OUTER_BOUND ( 'NONE', #5250, .T. ) ;
#11078 = CARTESIAN_POINT ( 'NONE',  ( 0.6498548604404902300, 0.2525113748366327700, -0.04212598425196852800 ) ) ;
#11079 = DIRECTION ( 'NONE',  ( -0.0000000000000000000, -0.0000000000000000000, -1.000000000000000000 ) ) ;
#11080 = EDGE_LOOP ( 'NONE', ( #5426, #8232, #8403, #4957 ) ) ;
#11081 = LINE ( 'NONE', #9476, #10814 ) ;
#11082 = DIRECTION ( 'NONE',  ( -0.0000000000000000000, -0.0000000000000000000, 1.000000000000000000 ) ) ;
#11083 = ADVANCED_FACE ( 'NONE', ( #2194 ), #4315, .T. ) ;
#11084 = VERTEX_POINT ( 'NONE', #1908 ) ;
#11085 = CARTESIAN_POINT ( 'NONE',  ( 0.5279685040551187500, 0.3149606299233369500, -0.06673228346612494800 ) ) ;
#11086 = PERSON_AND_ORGANIZATION ( #4812, #2956 ) ;
#11087 = DIRECTION ( 'NONE',  ( 0.1483404520264748600, 0.9889363530038629600, 0.0000000000000000000 ) ) ;
#11088 = LINE ( 'NONE', #10674, #9022 ) ;
#11089 = PLANE ( 'NONE',  #461 ) ;
#11090 = DIRECTION ( 'NONE',  ( 1.000000000000000000, -0.0000000000000000000, 0.0000000000000000000 ) ) ;
#11091 = VERTEX_POINT ( 'NONE', #8234 ) ;
#11092 = EDGE_CURVE ( 'NONE', #10593, #659, #6706, .T. ) ;
#11093 = ORIENTED_EDGE ( 'NONE', *, *, #1892, .T. ) ;
#11094 = ORIENTED_EDGE ( 'NONE', *, *, #8997, .F. ) ;
#11095 = DIRECTION ( 'NONE',  ( 1.000000000000000000, 0.0000000000000000000, 0.0000000000000000000 ) ) ;
#11096 = ADVANCED_FACE ( 'NONE', ( #4585 ), #10900, .F. ) ;
#11097 = VECTOR ( 'NONE', #3478, 39.37007874015748900 ) ;
#11098 = VECTOR ( 'NONE', #10029, 39.37007874015748100 ) ;
#11099 = EDGE_LOOP ( 'NONE', ( #10427, #11633, #11460, #9765 ) ) ;
#11100 = DIRECTION ( 'NONE',  ( -0.5144957553993133600, -0.6859943405835775600, 0.5144957554376831100 ) ) ;
#11101 = DIRECTION ( 'NONE',  ( -0.0000000000000000000, -0.0000000000000000000, 1.000000000000000000 ) ) ;
#11102 = VERTEX_POINT ( 'NONE', #2819 ) ;
#11103 = DIRECTION ( 'NONE',  ( 0.0000000000000000000, -0.0000000000000000000, -1.000000000000000000 ) ) ;
#11104 = EDGE_CURVE ( 'NONE', #1881, #1680, #8832, .T. ) ;
#11105 = VECTOR ( 'NONE', #2670, 39.37007874015748100 ) ;
#11106 = CARTESIAN_POINT ( 'NONE',  ( 0.5509842519782490700, -0.1259842519674359600, -0.05787401574803150600 ) ) ;
#11107 = VECTOR ( 'NONE', #1351, 39.37007874015748100 ) ;
#11108 = VERTEX_POINT ( 'NONE', #8275 ) ;
#11109 = SECURITY_CLASSIFICATION_LEVEL ( 'unclassified' ) ;
#11110 = DIRECTION ( 'NONE',  ( 0.0000000000000000000, 0.0000000000000000000, -1.000000000000000000 ) ) ;
#11111 = CARTESIAN_POINT ( 'NONE',  ( 0.5748031496062997500, -0.1011811023622053900, -0.05787401574803151300 ) ) ;
#11112 = ORIENTED_EDGE ( 'NONE', *, *, #6064, .T. ) ;
#11113 = DIRECTION ( 'NONE',  ( -1.000000000000000000, 0.0000000000000000000, 0.0000000000000000000 ) ) ;
#11114 = EDGE_CURVE ( 'NONE', #2158, #7925, #6413, .T. ) ;
#11115 = FACE_OUTER_BOUND ( 'NONE', #97, .T. ) ;
#11116 = CYLINDRICAL_SURFACE ( 'NONE', #7799, 0.007874015748031449100 ) ;
#11117 = VERTEX_POINT ( 'NONE', #4646 ) ;
#11118 = CARTESIAN_POINT ( 'NONE',  ( 0.4279685038976383500, 0.3149606299197279500, -0.06673228346341822400 ) ) ;
#11119 = EDGE_CURVE ( 'NONE', #8817, #9246, #9109, .T. ) ;
#11120 = ORIENTED_EDGE ( 'NONE', *, *, #4669, .T. ) ;
#11121 = CARTESIAN_POINT ( 'NONE',  ( 0.4600393700787407400, 0.1141337039370070900, -0.05787401574803151300 ) ) ;
#11122 = CARTESIAN_POINT ( 'NONE',  ( 0.4401574803112103800, 0.2890203332169818400, -0.05787401574803151300 ) ) ;
#11123 = EDGE_CURVE ( 'NONE', #3618, #3938, #1914, .T. ) ;
#11125 = CARTESIAN_POINT ( 'NONE',  ( 0.07657480314270843900, 0.3149606299251853600, -0.01812598440944882300 ) ) ;
#11124 = AXIS2_PLACEMENT_3D ( 'NONE', #11049, #8428, #3005 ) ;
#11126 = VERTEX_POINT ( 'NONE', #6463 ) ;
#11127 = VECTOR ( 'NONE', #5596, 39.37007874015748100 ) ;
#11128 = CARTESIAN_POINT ( 'NONE',  ( 0.4431102362606745800, 0.3149606299200561900, -0.06673228346341822400 ) ) ;
#11129 = LINE ( 'NONE', #11009, #4260 ) ;
#11130 = ORIENTED_EDGE ( 'NONE', *, *, #4422, .T. ) ;
#11131 = VERTEX_POINT ( 'NONE', #8311 ) ;
#11132 = DIRECTION ( 'NONE',  ( 1.000000000000000000, 0.0000000000000000000, -0.0000000000000000000 ) ) ;
#11133 = VERTEX_POINT ( 'NONE', #3793 ) ;
#11134 = EDGE_CURVE ( 'NONE', #7585, #2389, #1490, .T. ) ;
#11135 = DIRECTION ( 'NONE',  ( 0.0000000000000000000, -1.000000000000000000, -0.0000000000000000000 ) ) ;
#11136 = LINE ( 'NONE', #9505, #4541 ) ;
#11137 = ADVANCED_FACE ( 'NONE', ( #6294 ), #2897, .T. ) ;
#11138 = DIRECTION ( 'NONE',  ( 1.000000000000000000, -0.0000000000000000000, 0.0000000000000000000 ) ) ;
#11139 = EDGE_LOOP ( 'NONE', ( #2264, #6755, #8160, #5913 ) ) ;
#11140 = AXIS2_PLACEMENT_3D ( 'NONE', #5918, #509, #6856 ) ;
#11141 = DIRECTION ( 'NONE',  ( 0.2950730660855439000, -0.9554746912769988000, 0.0000000000000000000 ) ) ;
#11142 = VECTOR ( 'NONE', #2979, 39.37007874015748900 ) ;
#11143 = EDGE_CURVE ( 'NONE', #754, #6308, #8711, .T. ) ;
#11144 = ORIENTED_EDGE ( 'NONE', *, *, #3396, .T. ) ;
#11145 = ORIENTED_EDGE ( 'NONE', *, *, #7505, .F. ) ;
#11146 = ORIENTED_EDGE ( 'NONE', *, *, #10824, .F. ) ;
#11147 = CC_DESIGN_PERSON_AND_ORGANIZATION_ASSIGNMENT ( #10143, #259, ( #8396 ) ) ;
#11148 = VECTOR ( 'NONE', #8779, 39.37007874015748100 ) ;
#11149 = DIRECTION ( 'NONE',  ( -0.0000000000000000000, 0.0000000000000000000, 1.000000000000000000 ) ) ;
#11150 = VECTOR ( 'NONE', #1787, 39.37007874015748100 ) ;
#11151 = ORIENTED_EDGE ( 'NONE', *, *, #8737, .T. ) ;
#11152 = LINE ( 'NONE', #6766, #1592 ) ;
#11153 = PLANE ( 'NONE',  #5658 ) ;
#11154 = VERTEX_POINT ( 'NONE', #9242 ) ;
#11155 = ORIENTED_EDGE ( 'NONE', *, *, #9180, .F. ) ;
#11156 = ADVANCED_FACE ( 'NONE', ( #1623 ), #8345, .F. ) ;
#11157 = CARTESIAN_POINT ( 'NONE',  ( 0.4509842519810432500, -0.1259842519659371300, -0.05787401574803151300 ) ) ;
#11158 = EDGE_CURVE ( 'NONE', #8818, #1055, #3626, .T. ) ;
#11159 = LINE ( 'NONE', #11608, #8812 ) ;
#11160 = LINE ( 'NONE', #4505, #4008 ) ;
#11161 = EDGE_LOOP ( 'NONE', ( #6200, #1691, #1979, #4385 ) ) ;
#11162 = CARTESIAN_POINT ( 'NONE',  ( 0.4795275590551187400, 0.3149606299212595600, -0.07165354330708663400 ) ) ;
#11163 = VECTOR ( 'NONE', #1679, 39.37007874015748100 ) ;
#11164 = VERTEX_POINT ( 'NONE', #1121 ) ;
#11165 = ORIENTED_EDGE ( 'NONE', *, *, #4276, .F. ) ;
#11166 = DIRECTION ( 'NONE',  ( -0.0000000000000000000, -1.000000000000000000, 0.0000000000000000000 ) ) ;
#11167 = DIRECTION ( 'NONE',  ( -0.0000000000000000000, -0.0000000000000000000, 1.000000000000000000 ) ) ;
#11168 = VECTOR ( 'NONE', #7430, 39.37007874015748100 ) ;
#11169 = CARTESIAN_POINT ( 'NONE',  ( 0.06909448818925187400, -0.1259842519673083900, -0.04212598425196851400 ) ) ;
#11170 = ORIENTED_EDGE ( 'NONE', *, *, #6743, .T. ) ;
#11171 = ORIENTED_EDGE ( 'NONE', *, *, #8769, .F. ) ;
#11172 = EDGE_CURVE ( 'NONE', #1227, #11133, #6001, .T. ) ;
#11173 = VECTOR ( 'NONE', #9151, 39.37007874015748100 ) ;
#11174 = VERTEX_POINT ( 'NONE', #2939 ) ;
#11175 = ORIENTED_EDGE ( 'NONE', *, *, #8492, .F. ) ;
#11177 = CARTESIAN_POINT ( 'NONE',  ( 0.1748031496172922600, -0.1011811023110971000, -0.04212598425196851400 ) ) ;
#11176 = VECTOR ( 'NONE', #5462, 39.37007874015748100 ) ;
#11178 = CARTESIAN_POINT ( 'NONE',  ( 0.3111870956299217000, 0.2432397985433058200, -0.05787401574803151300 ) ) ;
#11179 = DIRECTION ( 'NONE',  ( 0.9991100788575018000, -0.04217878999398427800, 0.0000000000000000000 ) ) ;
#11180 = DIRECTION ( 'NONE',  ( 0.03123475200308707700, 0.9995120760987861200, 0.0000000000000000000 ) ) ;
#11181 = MANIFOLD_SOLID_BREP ( 'LPattern1[16]', #1471 ) ;
#11182 = LINE ( 'NONE', #11276, #6417 ) ;
#11183 = ORIENTED_EDGE ( 'NONE', *, *, #1216, .T. ) ;
#11184 = PLANE ( 'NONE',  #32 ) ;
#11185 = CIRCLE ( 'NONE', #5539, 0.01574803149606289800 ) ;
#11186 = ORIENTED_EDGE ( 'NONE', *, *, #1297, .F. ) ;
#11187 = LINE ( 'NONE', #1377, #6424 ) ;
#11188 = EDGE_CURVE ( 'NONE', #1770, #4989, #10525, .T. ) ;
#11189 = CARTESIAN_POINT ( 'NONE',  ( 0.6999999999956743000, 0.1339366992112627800, -0.08208661417322835100 ) ) ;
#11190 = CIRCLE ( 'NONE', #3944, 0.007874015748031449100 ) ;
#11191 = AXIS2_PLACEMENT_3D ( 'NONE', #1124, #7481, #2072 ) ;
#11192 = CARTESIAN_POINT ( 'NONE',  ( 0.1305118110727774300, 0.2965351244027641400, -0.04212598425196851400 ) ) ;
#11193 = AXIS2_PLACEMENT_3D ( 'NONE', #10803, #2712, #5402 ) ;
#11194 = EDGE_LOOP ( 'NONE', ( #9919, #10792, #5296, #3214 ) ) ;
#11195 = ORIENTED_EDGE ( 'NONE', *, *, #10366, .T. ) ;
#11196 = CARTESIAN_POINT ( 'NONE',  ( 0.05095087515748057000, 0.2432397985433058200, -0.04212598425196851400 ) ) ;
#11197 = VERTEX_POINT ( 'NONE', #10185 ) ;
#11198 = ADVANCED_FACE ( 'NONE', ( #1202 ), #2104, .F. ) ;
#11199 = CARTESIAN_POINT ( 'NONE',  ( 0.3755228900811402600, 0.1112594902469211500, -0.04212598425196852800 ) ) ;
#11200 = VECTOR ( 'NONE', #8902, 39.37007874015748100 ) ;
#11201 = DIRECTION ( 'NONE',  ( 0.0000000000000000000, 0.0000000000000000000, 1.000000000000000000 ) ) ;
#11202 = DIRECTION ( 'NONE',  ( -0.0000000000000000000, 0.0000000000000000000, 1.000000000000000000 ) ) ;
#11203 = CARTESIAN_POINT ( 'NONE',  ( 0.3305118110806862200, 0.2965351243983662700, -0.05787401574803151300 ) ) ;
#11204 = VECTOR ( 'NONE', #6453, 39.37007874015748100 ) ;
#11205 = DIRECTION ( 'NONE',  ( 0.0000000000000000000, 0.0000000000000000000, 1.000000000000000000 ) ) ;
#11206 = VERTEX_POINT ( 'NONE', #5659 ) ;
#11207 = EDGE_CURVE ( 'NONE', #4373, #11519, #8162, .T. ) ;
#11208 = ORIENTED_EDGE ( 'NONE', *, *, #11254, .F. ) ;
#11209 = DIRECTION ( 'NONE',  ( -0.0000000000000000000, -0.0000000000000000000, 1.000000000000000000 ) ) ;
#11210 = LINE ( 'NONE', #2721, #4346 ) ;
#11211 = EDGE_CURVE ( 'NONE', #8958, #8669, #3349, .T. ) ;
#11212 = ADVANCED_FACE ( 'NONE', ( #3065 ), #4807, .F. ) ;
#11213 = VECTOR ( 'NONE', #10538, 39.37007874015748900 ) ;
#11214 = DIRECTION ( 'NONE',  ( 0.0000000000000000000, 0.0000000000000000000, 1.000000000000000000 ) ) ;
#11215 = DIRECTION ( 'NONE',  ( -0.0000000000000000000, -0.0000000000000000000, 1.000000000000000000 ) ) ;
#11216 = ORIENTED_EDGE ( 'NONE', *, *, #2745, .F. ) ;
#11217 = DIRECTION ( 'NONE',  ( 1.000000000000000000, 0.0000000000000000000, 0.0000000000000000000 ) ) ;
#11218 = CARTESIAN_POINT ( 'NONE',  ( 0.6718503937030367900, 0.2287793731563805800, -0.05787401574803151300 ) ) ;
#11219 = DATE_AND_TIME ( #1951, #4353 ) ;
#11220 = LINE ( 'NONE', #10099, #8871 ) ;
#11221 = DIRECTION ( 'NONE',  ( 0.0000000000000000000, 1.000000000000000000, 0.0000000000000000000 ) ) ;
#11222 = AXIS2_PLACEMENT_3D ( 'NONE', #9865, #9887, #9771 ) ;
#11223 = ORIENTED_EDGE ( 'NONE', *, *, #5769, .T. ) ;
#11224 = ORIENTED_EDGE ( 'NONE', *, *, #1195, .T. ) ;
#11225 = EDGE_CURVE ( 'NONE', #7073, #9649, #5432, .T. ) ;
#11226 = ORIENTED_EDGE ( 'NONE', *, *, #7730, .T. ) ;
#11227 = DIRECTION ( 'NONE',  ( 0.0000000000000000000, 0.0000000000000000000, -1.000000000000000000 ) ) ;
#11228 = DIRECTION ( 'NONE',  ( -1.000000000000000000, 0.0000000000000000000, 0.0000000000000000000 ) ) ;
#11229 = VECTOR ( 'NONE', #6490, 39.37007874015748100 ) ;
#11230 = PLANE ( 'NONE',  #10536 ) ;
#11231 = CIRCLE ( 'NONE', #8605, 0.007874015748031449100 ) ;
#11232 = PLANE ( 'NONE',  #4304 ) ;
#11233 = EDGE_LOOP ( 'NONE', ( #1984, #6666, #8798, #3832 ) ) ;
#11234 = ORIENTED_EDGE ( 'NONE', *, *, #11062, .F. ) ;
#11235 = CARTESIAN_POINT ( 'NONE',  ( 0.6305118110767169400, 0.2965351244002116800, -0.04212598425196852800 ) ) ;
#11236 = ORIENTED_EDGE ( 'NONE', *, *, #6963, .F. ) ;
#11237 = DIRECTION ( 'NONE',  ( 1.000000000000000000, 0.0000000000000000000, 0.0000000000000000000 ) ) ;
#11238 = DIRECTION ( 'NONE',  ( 0.03123475300211145000, -0.9995120760675665400, 0.0000000000000000000 ) ) ;
#11239 = LINE ( 'NONE', #3884, #94 ) ;
#11240 = VECTOR ( 'NONE', #6122, 39.37007874015748100 ) ;
#11241 = EDGE_CURVE ( 'NONE', #5359, #3212, #633, .T. ) ;
#11242 = DIRECTION ( 'NONE',  ( -0.0000000000000000000, -0.0000000000000000000, -1.000000000000000000 ) ) ;
#11243 = ORIENTED_EDGE ( 'NONE', *, *, #9627, .F. ) ;
#11244 = ORIENTED_EDGE ( 'NONE', *, *, #3234, .T. ) ;
#11245 = VECTOR ( 'NONE', #1463, 39.37007874015748100 ) ;
#11246 = DIRECTION ( 'NONE',  ( 0.0000000000000000000, 0.0000000000000000000, 1.000000000000000000 ) ) ;
#11247 = LINE ( 'NONE', #10959, #4100 ) ;
#11248 = DIRECTION ( 'NONE',  ( 1.000000000000000000, -0.0000000000000000000, 0.0000000000000000000 ) ) ;
#11249 = EDGE_LOOP ( 'NONE', ( #10337, #5810, #8254, #8530 ) ) ;
#11250 = ADVANCED_FACE ( 'NONE', ( #907 ), #3952, .F. ) ;
#11251 = DIRECTION ( 'NONE',  ( -0.0000000000000000000, -0.0000000000000000000, 1.000000000000000000 ) ) ;
#11252 = CARTESIAN_POINT ( 'NONE',  ( 0.1748031496062997500, 0.04456662047243921400, -0.04212598425196851400 ) ) ;
#11253 = VERTEX_POINT ( 'NONE', #6669 ) ;
#11254 = EDGE_CURVE ( 'NONE', #11102, #8893, #7591, .T. ) ;
#11255 = AXIS2_PLACEMENT_3D ( 'NONE', #10346, #4939, #11217 ) ;
#11256 = ORIENTED_EDGE ( 'NONE', *, *, #8182, .T. ) ;
#11257 = DIRECTION ( 'NONE',  ( 1.000000000000000000, 0.0000000000000000000, 0.0000000000000000000 ) ) ;
#11258 = LINE ( 'NONE', #5956, #6498 ) ;
#11259 = VECTOR ( 'NONE', #4103, 39.37007874015748100 ) ;
#11260 = EDGE_LOOP ( 'NONE', ( #11456, #7005, #40, #2484 ) ) ;
#11261 = VERTEX_POINT ( 'NONE', #11162 ) ;
#11262 = DIRECTION ( 'NONE',  ( -0.0000000000000000000, -0.0000000000000000000, -1.000000000000000000 ) ) ;
#11263 = ADVANCED_FACE ( 'NONE', ( #9969 ), #6710, .F. ) ;
#11264 = DIRECTION ( 'NONE',  ( -0.0000000000000000000, -0.0000000000000000000, -1.000000000000000000 ) ) ;
#11265 = DIRECTION ( 'NONE',  ( -0.0000000000000000000, -0.0000000000000000000, -1.000000000000000000 ) ) ;
#11266 = CARTESIAN_POINT ( 'NONE',  ( 0.2702238798032181000, 0.2525113753601322400, -0.04212598425196852800 ) ) ;
#11267 = LINE ( 'NONE', #3539, #8642 ) ;
#11268 = ORIENTED_EDGE ( 'NONE', *, *, #5863, .T. ) ;
#11269 = EDGE_CURVE ( 'NONE', #2786, #5531, #7872, .T. ) ;
#11270 = FACE_OUTER_BOUND ( 'NONE', #1968, .T. ) ;
#11271 = EDGE_LOOP ( 'NONE', ( #10281, #10225, #1014, #6327 ) ) ;
#11272 = ORIENTED_EDGE ( 'NONE', *, *, #10252, .F. ) ;
#11273 = AXIS2_PLACEMENT_3D ( 'NONE', #8708, #5087, #11370 ) ;
#11274 = DIRECTION ( 'NONE',  ( -0.2950730661818170600, -0.9554746912472673600, 0.0000000000000000000 ) ) ;
#11275 = DIRECTION ( 'NONE',  ( 0.2950730660855439000, 0.9554746912769988000, 0.0000000000000000000 ) ) ;
#11276 = CARTESIAN_POINT ( 'NONE',  ( 0.2795275590551185000, 0.01968503937007875700, -0.07165354330708663400 ) ) ;
#11277 = EDGE_CURVE ( 'NONE', #9067, #8673, #5154, .T. ) ;
#11279 = CARTESIAN_POINT ( 'NONE',  ( 0.2958661417322839300, 0.1473225259842513800, -0.05787401574803150600 ) ) ;
#11278 = AXIS2_PLACEMENT_3D ( 'NONE', #9335, #3934, #10245 ) ;
#11280 = ORIENTED_EDGE ( 'NONE', *, *, #3926, .F. ) ;
#11281 = EDGE_LOOP ( 'NONE', ( #10689, #2340, #5975, #6921 ) ) ;
#11282 = DIRECTION ( 'NONE',  ( 0.0000000000000000000, -0.0000000000000000000, -1.000000000000000000 ) ) ;
#11283 = LINE ( 'NONE', #3785, #8932 ) ;
#11284 = ORIENTED_EDGE ( 'NONE', *, *, #2096, .F. ) ;
#11285 = PLANE ( 'NONE',  #481 ) ;
#11286 = CIRCLE ( 'NONE', #3834, 0.09219577657480328100 ) ;
#11287 = ORIENTED_EDGE ( 'NONE', *, *, #2032, .F. ) ;
#11288 = ORIENTED_EDGE ( 'NONE', *, *, #3093, .F. ) ;
#11289 = ORIENTED_EDGE ( 'NONE', *, *, #11327, .F. ) ;
#11290 = EDGE_CURVE ( 'NONE', #2718, #10322, #328, .T. ) ;
#11291 = DIRECTION ( 'NONE',  ( 0.9995120760987861200, -0.03123475200308707700, 0.0000000000000000000 ) ) ;
#11292 = CARTESIAN_POINT ( 'NONE',  ( 0.2895669291405919600, 0.2965351244331185200, -0.05787401574803151300 ) ) ;
#11293 = CIRCLE ( 'NONE', #3428, 0.03976377956692896800 ) ;
#11294 = EDGE_CURVE ( 'NONE', #159, #10411, #6473, .T. ) ;
#11295 = VECTOR ( 'NONE', #278, 39.37007874015748900 ) ;
#11296 = CARTESIAN_POINT ( 'NONE',  ( 0.07952755905511869900, 0.01968503937007875700, -0.02834645669291339200 ) ) ;
#11297 = ORIENTED_EDGE ( 'NONE', *, *, #1469, .F. ) ;
#11298 = VECTOR ( 'NONE', #6568, 39.37007874015748100 ) ;
#11299 = ORIENTED_EDGE ( 'NONE', *, *, #8331, .F. ) ;
#11300 = ORIENTED_EDGE ( 'NONE', *, *, #2305, .F. ) ;
#11301 = LINE ( 'NONE', #11410, #3310 ) ;
#11302 = DIRECTION ( 'NONE',  ( -1.000000000000000000, -0.0000000000000000000, 0.0000000000000000000 ) ) ;
#11303 = CARTESIAN_POINT ( 'NONE',  ( 0.2279685038188983800, 0.3346456694881887500, -0.01850393685039370200 ) ) ;
#11304 = EDGE_LOOP ( 'NONE', ( #2060, #4454, #2344, #4726 ) ) ;
#11305 = ORIENTED_EDGE ( 'NONE', *, *, #10873, .F. ) ;
#11307 = AXIS2_PLACEMENT_3D ( 'NONE', #5108, #10091, #4679 ) ;
#11306 = DIRECTION ( 'NONE',  ( 1.000000000000000000, 0.0000000000000000000, 0.0000000000000000000 ) ) ;
#11308 = VECTOR ( 'NONE', #8531, 39.37007874015748100 ) ;
#11309 = ORIENTED_EDGE ( 'NONE', *, *, #4114, .T. ) ;
#11310 = ORIENTED_EDGE ( 'NONE', *, *, #3469, .F. ) ;
#11311 = EDGE_CURVE ( 'NONE', #62, #7844, #8614, .T. ) ;
#11312 = ADVANCED_FACE ( 'NONE', ( #1385 ), #9472, .F. ) ;
#11313 = PLANE ( 'NONE',  #3548 ) ;
#11314 = VECTOR ( 'NONE', #500, 39.37007874015748900 ) ;
#11315 = DIRECTION ( 'NONE',  ( -0.0000000000000000000, -0.0000000000000000000, 1.000000000000000000 ) ) ;
#11316 = DIRECTION ( 'NONE',  ( 0.0000000000000000000, 1.000000000000000000, 0.0000000000000000000 ) ) ;
#11317 = DIRECTION ( 'NONE',  ( 0.9554746912769989100, -0.2950730660855439600, 0.0000000000000000000 ) ) ;
#11318 = EDGE_LOOP ( 'NONE', ( #1485, #6288, #8702, #1786, #4183, #6576, #2069, #6866, #4739, #7158, #9837, #483, #772, #5568, #8023, #3483, #5856, #3761, #6151, #10926, #1640, #6430, #8852, #11195, #2212, #4599, #335 ) ) ;
#11319 = ORIENTED_EDGE ( 'NONE', *, *, #7137, .F. ) ;
#11320 = LINE ( 'NONE', #8810, #8973 ) ;
#11321 = ORIENTED_EDGE ( 'NONE', *, *, #7183, .T. ) ;
#11322 = ORIENTED_EDGE ( 'NONE', *, *, #5001, .F. ) ;
#11323 = VECTOR ( 'NONE', #4356, 39.37007874015748100 ) ;
#11324 = DIRECTION ( 'NONE',  ( 0.0000000000000000000, 0.0000000000000000000, 1.000000000000000000 ) ) ;
#11325 = ADVANCED_FACE ( 'NONE', ( #10698 ), #5900, .T. ) ;
#11326 = FACE_OUTER_BOUND ( 'NONE', #11627, .T. ) ;
#11327 = EDGE_CURVE ( 'NONE', #348, #2354, #1683, .T. ) ;
#11328 = EDGE_CURVE ( 'NONE', #5632, #1387, #8338, .T. ) ;
#11329 = VERTEX_POINT ( 'NONE', #9513 ) ;
#11330 = ORIENTED_EDGE ( 'NONE', *, *, #326, .T. ) ;
#11331 = DIRECTION ( 'NONE',  ( 1.000000000000000000, 0.0000000000000000000, 0.0000000000000000000 ) ) ;
#11332 = CARTESIAN_POINT ( 'NONE',  ( 0.2509508751574806000, 0.2432397985433058200, -0.04212598425196851400 ) ) ;
#11333 = ORIENTED_EDGE ( 'NONE', *, *, #14, .T. ) ;
#11334 = DIRECTION ( 'NONE',  ( 0.03123475300211145000, -0.9995120760675665400, 0.0000000000000000000 ) ) ;
#11335 = FACE_OUTER_BOUND ( 'NONE', #4793, .T. ) ;
#11336 = CARTESIAN_POINT ( 'NONE',  ( 0.1452755905492692500, -0.1011811023363984900, -0.04212598425196851400 ) ) ;
#11337 = VECTOR ( 'NONE', #1999, 39.37007874015748900 ) ;
#11338 = DIRECTION ( 'NONE',  ( 0.0000000000000000000, 0.0000000000000000000, 1.000000000000000000 ) ) ;
#11339 = EDGE_CURVE ( 'NONE', #9689, #1182, #3519, .T. ) ;
#11340 = DIRECTION ( 'NONE',  ( 0.0000000000000000000, 0.0000000000000000000, 1.000000000000000000 ) ) ;
#11341 = VERTEX_POINT ( 'NONE', #2337 ) ;
#11342 = CARTESIAN_POINT ( 'NONE',  ( 0.4690944881892520300, -0.1259842519673084200, -0.04212598425196851400 ) ) ;
#11343 = ORIENTED_EDGE ( 'NONE', *, *, #4747, .T. ) ;
#11344 = EDGE_CURVE ( 'NONE', #7817, #4393, #5607, .T. ) ;
#11345 = VECTOR ( 'NONE', #11033, 39.37007874015748100 ) ;
#11346 = DIRECTION ( 'NONE',  ( 0.0000000000000000000, -0.0000000000000000000, 1.000000000000000000 ) ) ;
#11347 = AXIS2_PLACEMENT_3D ( 'NONE', #7272, #1860, #8189 ) ;
#11348 = FACE_OUTER_BOUND ( 'NONE', #6821, .T. ) ;
#11349 = DIRECTION ( 'NONE',  ( 0.0000000000000000000, 0.0000000000000000000, 1.000000000000000000 ) ) ;
#11350 = VERTEX_POINT ( 'NONE', #10438 ) ;
#11351 = CARTESIAN_POINT ( 'NONE',  ( 0.5509842519789331900, -0.1259842519665450900, -0.04212598425196851400 ) ) ;
#11352 = DIRECTION ( 'NONE',  ( -1.000000000000000000, 0.0000000000000000000, 0.0000000000000000000 ) ) ;
#11353 = LINE ( 'NONE', #7822, #2374 ) ;
#11354 = CARTESIAN_POINT ( 'NONE',  ( 0.3765748031496067800, 0.3149606299212595100, -0.01812598425196851300 ) ) ;
#11355 = DIRECTION ( 'NONE',  ( 0.0000000000000000000, 0.0000000000000000000, 1.000000000000000000 ) ) ;
#11356 = DIRECTION ( 'NONE',  ( 0.0000000000000000000, -0.0000000000000000000, 1.000000000000000000 ) ) ;
#11357 = ORIENTED_EDGE ( 'NONE', *, *, #1792, .T. ) ;
#11358 = CARTESIAN_POINT ( 'NONE',  ( 0.2196850393700793500, 0.3149606299212595600, -0.05787401574803152000 ) ) ;
#11359 = LINE ( 'NONE', #7242, #9016 ) ;
#11360 = EDGE_CURVE ( 'NONE', #9549, #6501, #3800, .T. ) ;
#11361 = VERTEX_POINT ( 'NONE', #5897 ) ;
#11362 = CARTESIAN_POINT ( 'NONE',  ( 0.05098425196850438900, -0.1259842519685042700, -0.04212598425196851400 ) ) ;
#11363 = EDGE_CURVE ( 'NONE', #550, #3174, #10423, .T. ) ;
#11364 = COORDINATED_UNIVERSAL_TIME_OFFSET ( 8, 0, .BEHIND. ) ;
#11365 = VECTOR ( 'NONE', #2498, 39.37007874015748100 ) ;
#11366 = VERTEX_POINT ( 'NONE', #1441 ) ;
#11367 = CARTESIAN_POINT ( 'NONE',  ( 0.1445558501166959400, 0.1112594900334818400, -0.05787401574803151300 ) ) ;
#11368 = DIRECTION ( 'NONE',  ( -1.000000000000000000, 0.0000000000000000000, 0.0000000000000000000 ) ) ;
#11369 = ADVANCED_FACE ( 'NONE', ( #5334 ), #2373, .F. ) ;
#11370 = DIRECTION ( 'NONE',  ( -1.000000000000000000, 0.0000000000000000000, -0.0000000000000000000 ) ) ;
#11371 = VERTEX_POINT ( 'NONE', #7789 ) ;
#11372 = CARTESIAN_POINT ( 'NONE',  ( 0.4111870956299216200, 0.2432397985433058200, -0.04212598425196851400 ) ) ;
#11373 = VERTEX_POINT ( 'NONE', #6914 ) ;
#11374 = LINE ( 'NONE', #5342, #947 ) ;
#11375 = AXIS2_PLACEMENT_3D ( 'NONE', #6613, #6580, #6590 ) ;
#11376 = FACE_OUTER_BOUND ( 'NONE', #9889, .T. ) ;
#11377 = VERTEX_POINT ( 'NONE', #1491 ) ;
#11378 = EDGE_CURVE ( 'NONE', #493, #7425, #7771, .T. ) ;
#11379 = ADVANCED_FACE ( 'NONE', ( #9875 ), #7829, .F. ) ;
#11380 = DIRECTION ( 'NONE',  ( -0.9991100788575018000, -0.04217878999398427800, 0.0000000000000000000 ) ) ;
#11381 = ORIENTED_EDGE ( 'NONE', *, *, #10655, .T. ) ;
#11382 = DIRECTION ( 'NONE',  ( -1.000000000000000000, -8.587739980083200600E-015, 0.0000000000000000000 ) ) ;
#11383 = LINE ( 'NONE', #1711, #9036 ) ;
#11384 = VECTOR ( 'NONE', #7656, 39.37007874015748100 ) ;
#11385 = DIRECTION ( 'NONE',  ( 0.0000000000000000000, 0.0000000000000000000, 1.000000000000000000 ) ) ;
#11386 = ORIENTED_EDGE ( 'NONE', *, *, #9909, .F. ) ;
#11387 = CARTESIAN_POINT ( 'NONE',  ( 0.08267716535433117200, 0.05244063622047148700, -0.05787401574803151300 ) ) ;
#11388 = DIRECTION ( 'NONE',  ( 0.0000000000000000000, 0.0000000000000000000, -1.000000000000000000 ) ) ;
#11389 = VERTEX_POINT ( 'NONE', #609 ) ;
#11390 = EDGE_CURVE ( 'NONE', #2445, #1075, #5056, .T. ) ;
#11391 = VECTOR ( 'NONE', #1956, 39.37007874015748100 ) ;
#11392 = CARTESIAN_POINT ( 'NONE',  ( 0.4795275590551186800, 0.3149606299212595600, -0.05787401574803152000 ) ) ;
#11393 = FACE_OUTER_BOUND ( 'NONE', #9836, .T. ) ;
#11394 = VERTEX_POINT ( 'NONE', #6019 ) ;
#11395 = CARTESIAN_POINT ( 'NONE',  ( 0.2690944881890317600, -0.1259842519682651000, -0.04212598425196851400 ) ) ;
#11396 = ORIENTED_EDGE ( 'NONE', *, *, #2933, .T. ) ;
#11397 = PLANE ( 'NONE',  #4563 ) ;
#11398 = LINE ( 'NONE', #7457, #11127 ) ;
#11399 = CARTESIAN_POINT ( 'NONE',  ( 0.4111870956299216200, 0.2617829512992116400, -0.05787401574803151300 ) ) ;
#11400 = DIRECTION ( 'NONE',  ( 0.0000000000000000000, -0.0000000000000000000, 1.000000000000000000 ) ) ;
#11401 = VECTOR ( 'NONE', #6462, 39.37007874015748100 ) ;
#11402 = ORIENTED_EDGE ( 'NONE', *, *, #8752, .F. ) ;
#11403 = ORIENTED_EDGE ( 'NONE', *, *, #8619, .F. ) ;
#11404 = CARTESIAN_POINT ( 'NONE',  ( 0.4374015748031501200, 0.04456662047243921400, -0.04212598425196852800 ) ) ;
#11405 = EDGE_CURVE ( 'NONE', #9519, #10248, #814, .T. ) ;
#11406 = DIRECTION ( 'NONE',  ( 0.0000000000000000000, 1.000000000000000000, 0.0000000000000000000 ) ) ;
#11407 = FACE_OUTER_BOUND ( 'NONE', #5205, .T. ) ;
#11408 = ORIENTED_EDGE ( 'NONE', *, *, #2186, .T. ) ;
#11409 = FACE_OUTER_BOUND ( 'NONE', #8881, .T. ) ;
#11410 = CARTESIAN_POINT ( 'NONE',  ( 0.09999999999567404900, 0.1339366992112627200, -0.05787401574803151300 ) ) ;
#11411 = EDGE_LOOP ( 'NONE', ( #9954, #10713, #9319, #4882 ) ) ;
#11412 = ORIENTED_EDGE ( 'NONE', *, *, #4768, .F. ) ;
#11413 = ORIENTED_EDGE ( 'NONE', *, *, #84, .T. ) ;
#11414 = CARTESIAN_POINT ( 'NONE',  ( 0.3196850393700790800, 0.3149606299212595600, -0.04212598425196851400 ) ) ;
#11415 = CARTESIAN_POINT ( 'NONE',  ( 0.1755228900915321000, 0.1112594903029018500, -0.05787401574803151300 ) ) ;
#11416 = PLANE ( 'NONE',  #9133 ) ;
#11417 = ADVANCED_FACE ( 'NONE', ( #2685 ), #10560, .F. ) ;
#11418 = LINE ( 'NONE', #6888, #6673 ) ;
#11419 = DIRECTION ( 'NONE',  ( -0.9745213851683854900, -0.2242946050387554500, 0.0000000000000000000 ) ) ;
#11420 = EDGE_CURVE ( 'NONE', #10588, #10206, #9595, .T. ) ;
#11421 = FACE_OUTER_BOUND ( 'NONE', #8088, .T. ) ;
#11422 = ORIENTED_EDGE ( 'NONE', *, *, #6367, .T. ) ;
#11423 = AXIS2_PLACEMENT_3D ( 'NONE', #279, #2143, #8469 ) ;
#11424 = DIRECTION ( 'NONE',  ( 0.9889363530076618100, -0.1483404520011492900, 0.0000000000000000000 ) ) ;
#11425 = LINE ( 'NONE', #1302, #6677 ) ;
#11426 = DIRECTION ( 'NONE',  ( 0.0000000000000000000, -0.0000000000000000000, 1.000000000000000000 ) ) ;
#11427 = EDGE_CURVE ( 'NONE', #2497, #11584, #529, .T. ) ;
#11428 = ORIENTED_EDGE ( 'NONE', *, *, #4504, .T. ) ;
#11429 = ORIENTED_EDGE ( 'NONE', *, *, #4930, .F. ) ;
#11431 = CARTESIAN_POINT ( 'NONE',  ( 0.4452755905492691800, -0.1011811023422309500, -0.04212598425196851400 ) ) ;
#11430 = AXIS2_PLACEMENT_3D ( 'NONE', #7648, #2229, #8556 ) ;
#11432 = VECTOR ( 'NONE', #8944, 39.37007874015748100 ) ;
#11433 = CARTESIAN_POINT ( 'NONE',  ( 0.4200787401574807000, 0.06031465196850320500, -0.05787401574803151300 ) ) ;
#11434 = LINE ( 'NONE', #1796, #4297 ) ;
#11435 = ADVANCED_FACE ( 'NONE', ( #7198 ), #4306, .F. ) ;
#11436 = VERTEX_POINT ( 'NONE', #1571 ) ;
#11437 = VECTOR ( 'NONE', #10624, 39.37007874015748100 ) ;
#11438 = ORIENTED_EDGE ( 'NONE', *, *, #3128, .T. ) ;
#11439 = ORIENTED_EDGE ( 'NONE', *, *, #5239, .F. ) ;
#11440 = DIRECTION ( 'NONE',  ( -0.04217878982152441900, 0.9991100788647823100, 0.0000000000000000000 ) ) ;
#11441 = DIRECTION ( 'NONE',  ( 1.000000000000000000, 0.0000000000000000000, 0.0000000000000000000 ) ) ;
#11442 = DIRECTION ( 'NONE',  ( 0.0000000000000000000, 0.0000000000000000000, -1.000000000000000000 ) ) ;
#11443 = DIRECTION ( 'NONE',  ( -0.0000000000000000000, -0.0000000000000000000, 1.000000000000000000 ) ) ;
#11444 = EDGE_CURVE ( 'NONE', #7462, #3824, #11647, .T. ) ;
#11446 = LINE ( 'NONE', #152, #4575 ) ;
#11445 = DIRECTION ( 'NONE',  ( 0.0000000000000000000, 0.0000000000000000000, -1.000000000000000000 ) ) ;
#11447 = ORIENTED_EDGE ( 'NONE', *, *, #2114, .T. ) ;
#11448 = ORIENTED_EDGE ( 'NONE', *, *, #8725, .F. ) ;
#11449 = CARTESIAN_POINT ( 'NONE',  ( 0.4921259842519688000, 0.05244063622047161900, -0.05787401574803151300 ) ) ;
#11450 = LINE ( 'NONE', #10963, #3739 ) ;
#11451 = ORIENTED_EDGE ( 'NONE', *, *, #4731, .T. ) ;
#11452 = VERTEX_POINT ( 'NONE', #7949 ) ;
#11453 = VECTOR ( 'NONE', #48, 39.37007874015748100 ) ;
#11454 = DIRECTION ( 'NONE',  ( 1.000000000000000000, 0.0000000000000000000, 0.0000000000000000000 ) ) ;
#11455 = LINE ( 'NONE', #11203, #36 ) ;
#11456 = ORIENTED_EDGE ( 'NONE', *, *, #5503, .F. ) ;
#11457 = DIRECTION ( 'NONE',  ( -1.000000000000000000, 0.0000000000000000000, 0.0000000000000000000 ) ) ;
#11458 = EDGE_CURVE ( 'NONE', #2302, #5196, #4501, .T. ) ;
#11459 = LINE ( 'NONE', #2181, #6716 ) ;
#11460 = ORIENTED_EDGE ( 'NONE', *, *, #7440, .T. ) ;
#11461 = DIRECTION ( 'NONE',  ( -1.000000000000000000, -0.0000000000000000000, 0.0000000000000000000 ) ) ;
#11462 = LINE ( 'NONE', #10341, #6719 ) ;
#11463 = CARTESIAN_POINT ( 'NONE',  ( 0.4196850393704073500, 0.01968503937007875700, -0.02598425196850394400 ) ) ;
#11464 = DIRECTION ( 'NONE',  ( -0.0000000000000000000, 0.0000000000000000000, 1.000000000000000000 ) ) ;
#11465 = LINE ( 'NONE', #6043, #1928 ) ;
#11466 = CARTESIAN_POINT ( 'NONE',  ( 0.04311023622020768900, 0.3149606299215654800, -0.03326771653520992800 ) ) ;
#11467 = ORIENTED_EDGE ( 'NONE', *, *, #9663, .T. ) ;
#11468 = VERTEX_POINT ( 'NONE', #4345 ) ;
#11469 = ORIENTED_EDGE ( 'NONE', *, *, #940, .T. ) ;
#11470 = DIRECTION ( 'NONE',  ( 0.0000000000000000000, -0.0000000000000000000, 1.000000000000000000 ) ) ;
#11471 = VECTOR ( 'NONE', #1555, 39.37007874015748100 ) ;
#11472 = EDGE_CURVE ( 'NONE', #3910, #9252, #6918, .T. ) ;
#11473 = LINE ( 'NONE', #4055, #58 ) ;
#11474 = CARTESIAN_POINT ( 'NONE',  ( 0.09586614173228372200, 0.1473225259842513800, -0.05787401574803151300 ) ) ;
#11475 = ADVANCED_FACE ( 'NONE', ( #9313 ), #9741, .F. ) ;
#11476 = ORIENTED_EDGE ( 'NONE', *, *, #8636, .T. ) ;
#11477 = ORIENTED_EDGE ( 'NONE', *, *, #8537, .T. ) ;
#11478 = CARTESIAN_POINT ( 'NONE',  ( 0.2826771653543312400, 0.05244063622047148700, -0.04212598425196852100 ) ) ;
#11479 = LINE ( 'NONE', #4451, #9140 ) ;
#11480 = EDGE_CURVE ( 'NONE', #5041, #11011, #6622, .T. ) ;
#11481 = FACE_OUTER_BOUND ( 'NONE', #118, .T. ) ;
#11482 = ORIENTED_EDGE ( 'NONE', *, *, #2426, .T. ) ;
#11483 = EDGE_CURVE ( 'NONE', #5328, #5996, #4231, .T. ) ;
#11484 = CARTESIAN_POINT ( 'NONE',  ( 0.5765748031427379000, 0.3149606299239247600, -0.03326771653539702800 ) ) ;
#11485 = DIRECTION ( 'NONE',  ( 0.0000000000000000000, 0.0000000000000000000, 1.000000000000000000 ) ) ;
#11486 = ADVANCED_FACE ( 'NONE', ( #6333 ), #8877, .T. ) ;
#11487 = PLANE ( 'NONE',  #3094 ) ;
#11488 = AXIS2_PLACEMENT_3D ( 'NONE', #8361, #2952, #9261 ) ;
#11489 = PERSON_AND_ORGANIZATION ( #4812, #2956 ) ;
#11490 = FACE_OUTER_BOUND ( 'NONE', #5759, .T. ) ;
#11491 = EDGE_CURVE ( 'NONE', #4160, #1770, #3942, .T. ) ;
#11492 = AXIS2_PLACEMENT_3D ( 'NONE', #763, #7101, #1684 ) ;
#11493 = CARTESIAN_POINT ( 'NONE',  ( 0.4200787401574809800, 0.08959064362204691200, -0.05787401574803152000 ) ) ;
#11494 = ORIENTED_EDGE ( 'NONE', *, *, #8885, .F. ) ;
#11495 = ORIENTED_EDGE ( 'NONE', *, *, #11614, .T. ) ;
#11496 = DIRECTION ( 'NONE',  ( 0.0000000000000000000, 0.0000000000000000000, 1.000000000000000000 ) ) ;
#11497 = DIRECTION ( 'NONE',  ( -1.000000000000000000, 0.0000000000000000000, 0.0000000000000000000 ) ) ;
#11498 = ORIENTED_EDGE ( 'NONE', *, *, #2150, .F. ) ;
#11499 = CARTESIAN_POINT ( 'NONE',  ( 0.3452755905492691500, -0.1011811023193409800, -0.05787401574803151300 ) ) ;
#11500 = CARTESIAN_POINT ( 'NONE',  ( 0.2795275590551185000, 0.01968503937007875700, -0.07165354330708663400 ) ) ;
#11501 = DIRECTION ( 'NONE',  ( -1.000000000000000000, 0.0000000000000000000, 0.0000000000000000000 ) ) ;
#11502 = LINE ( 'NONE', #5488, #1965 ) ;
#11503 = FACE_OUTER_BOUND ( 'NONE', #3374, .T. ) ;
#11504 = CARTESIAN_POINT ( 'NONE',  ( 0.6498548604404902300, 0.2525113748366328300, -0.05787401574803151300 ) ) ;
#11505 = EDGE_CURVE ( 'NONE', #2158, #3461, #1831, .T. ) ;
#11506 = EDGE_LOOP ( 'NONE', ( #2317, #11223, #11615, #9668, #2982, #8202, #9127, #3684, #3557, #2021, #5236, #1371 ) ) ;
#11507 = ORIENTED_EDGE ( 'NONE', *, *, #10927, .F. ) ;
#11508 = CARTESIAN_POINT ( 'NONE',  ( 0.1431102362204727000, 0.3149606299212595600, -0.01812598440944882300 ) ) ;
#11509 = EDGE_CURVE ( 'NONE', #8626, #11671, #1531, .T. ) ;
#11510 = CC_DESIGN_SECURITY_CLASSIFICATION ( #8560, ( #5491 ) ) ;
#11511 = ORIENTED_EDGE ( 'NONE', *, *, #7873, .F. ) ;
#11512 = LINE ( 'NONE', #8352, #6771 ) ;
#11513 = VECTOR ( 'NONE', #672, 39.37007874015748100 ) ;
#11514 = DIRECTION ( 'NONE',  ( -0.0000000000000000000, -1.000000000000000000, 0.0000000000000000000 ) ) ;
#11515 = PLANE ( 'NONE',  #6250 ) ;
#11516 = DIRECTION ( 'NONE',  ( -0.0000000000000000000, 0.0000000000000000000, 1.000000000000000000 ) ) ;
#11517 = EDGE_LOOP ( 'NONE', ( #5961, #2946, #4331, #6125 ) ) ;
#11518 = CARTESIAN_POINT ( 'NONE',  ( 0.4795275590551186800, 0.3149606299212595600, -0.07165354330708663400 ) ) ;
#11519 = VERTEX_POINT ( 'NONE', #10703 ) ;
#11520 = CARTESIAN_POINT ( 'NONE',  ( 0.5452755905511816900, 0.04456662047243921400, -0.04212598425196852800 ) ) ;
#11521 = VECTOR ( 'NONE', #3233, 39.37007874015748100 ) ;
#11522 = LINE ( 'NONE', #6448, #4388 ) ;
#11523 = EDGE_CURVE ( 'NONE', #6268, #5685, #1242, .T. ) ;
#11524 = EDGE_LOOP ( 'NONE', ( #788, #2910, #9619, #7365 ) ) ;
#11525 = EDGE_LOOP ( 'NONE', ( #1873, #2434, #3283, #10727 ) ) ;
#11526 = DIRECTION ( 'NONE',  ( 0.0000000000000000000, 0.0000000000000000000, -1.000000000000000000 ) ) ;
#11527 = DIRECTION ( 'NONE',  ( 0.03123475200308707700, 0.9995120760987861200, 0.0000000000000000000 ) ) ;
#11528 = DIRECTION ( 'NONE',  ( -1.000000000000000000, -3.435095992033268200E-015, 0.0000000000000000000 ) ) ;
#11529 = CARTESIAN_POINT ( 'NONE',  ( 0.4196850393700792800, 0.3149606299212595600, -0.05787401574803152000 ) ) ;
#11530 = VERTEX_POINT ( 'NONE', #11576 ) ;
#11531 = LINE ( 'NONE', #8628, #4395 ) ;
#11532 = ADVANCED_FACE ( 'NONE', ( #3662 ), #1734, .F. ) ;
#11533 = FACE_OUTER_BOUND ( 'NONE', #10730, .T. ) ;
#11534 = ORIENTED_EDGE ( 'NONE', *, *, #578, .T. ) ;
#11535 = ORIENTED_EDGE ( 'NONE', *, *, #7395, .F. ) ;
#11536 = DIRECTION ( 'NONE',  ( -0.9995120760675666500, -0.03123475300211145400, 0.0000000000000000000 ) ) ;
#11537 = CARTESIAN_POINT ( 'NONE',  ( 0.3795275590551186500, 0.3149606299212595600, -0.07165354330708663400 ) ) ;
#11538 = EDGE_CURVE ( 'NONE', #8913, #3576, #8478, .T. ) ;
#11539 = EDGE_CURVE ( 'NONE', #10301, #262, #11374, .T. ) ;
#11540 = AXIS2_PLACEMENT_3D ( 'NONE', #5705, #2142, #9360 ) ;
#11541 = VECTOR ( 'NONE', #3468, 39.37007874015748100 ) ;
#11542 = ORIENTED_EDGE ( 'NONE', *, *, #7115, .F. ) ;
#11543 = LINE ( 'NONE', #4105, #2002 ) ;
#11544 = ORIENTED_EDGE ( 'NONE', *, *, #11360, .F. ) ;
#11545 = ORIENTED_EDGE ( 'NONE', *, *, #3818, .F. ) ;
#11546 = ADVANCED_FACE ( 'NONE', ( #10285 ), #3510, .F. ) ;
#11547 = ORIENTED_EDGE ( 'NONE', *, *, #1660, .F. ) ;
#11548 = EDGE_CURVE ( 'NONE', #1235, #4651, #7910, .T. ) ;
#11549 = DIRECTION ( 'NONE',  ( 0.0000000000000000000, -0.0000000000000000000, -1.000000000000000000 ) ) ;
#11550 = CARTESIAN_POINT ( 'NONE',  ( -0.4999999999999996100, 0.01968503937007875700, -0.05787401574803151300 ) ) ;
#11551 = LINE ( 'NONE', #7349, #2013 ) ;
#11552 = ORIENTED_EDGE ( 'NONE', *, *, #3087, .F. ) ;
#11553 = EDGE_CURVE ( 'NONE', #2752, #2786, #5754, .T. ) ;
#11554 = VECTOR ( 'NONE', #9720, 39.37007874015748100 ) ;
#11555 = ORIENTED_EDGE ( 'NONE', *, *, #10534, .T. ) ;
#11556 = ORIENTED_EDGE ( 'NONE', *, *, #6183, .F. ) ;
#11557 = ORIENTED_EDGE ( 'NONE', *, *, #1453, .T. ) ;
#11558 = CARTESIAN_POINT ( 'NONE',  ( 0.4577900044881894600, 0.2475998051574795600, -0.05787401574803151300 ) ) ;
#11559 = AXIS2_PLACEMENT_3D ( 'NONE', #9600, #4197, #10492 ) ;
#11560 = ORIENTED_EDGE ( 'NONE', *, *, #1588, .F. ) ;
#11561 = LINE ( 'NONE', #177, #4696 ) ;
#11562 = DIRECTION ( 'NONE',  ( 0.0000000000000000000, -1.000000000000000000, -0.0000000000000000000 ) ) ;
#11563 = DIRECTION ( 'NONE',  ( 1.000000000000000000, 0.0000000000000000000, 0.0000000000000000000 ) ) ;
#11564 = CIRCLE ( 'NONE', #9793, 0.03976377952755907200 ) ;
#11565 = PLANE ( 'NONE',  #6087 ) ;
#11566 = EDGE_LOOP ( 'NONE', ( #4969, #7398, #9785, #431 ) ) ;
#11567 = DIRECTION ( 'NONE',  ( -0.0000000000000000000, -0.0000000000000000000, 1.000000000000000000 ) ) ;
#11568 = FACE_OUTER_BOUND ( 'NONE', #2872, .T. ) ;
#11569 = ORIENTED_EDGE ( 'NONE', *, *, #3143, .T. ) ;
#11570 = ORIENTED_EDGE ( 'NONE', *, *, #11104, .T. ) ;
#11571 = DIRECTION ( 'NONE',  ( 0.0000000000000000000, 0.0000000000000000000, -1.000000000000000000 ) ) ;
#11572 = DIRECTION ( 'NONE',  ( 1.000000000000000000, 5.876167051565095900E-011, -0.0000000000000000000 ) ) ;
#11573 = EDGE_CURVE ( 'NONE', #10695, #11604, #5461, .T. ) ;
#11574 = CYLINDRICAL_SURFACE ( 'NONE', #9320, 0.03976377956692910000 ) ;
#11575 = AXIS2_PLACEMENT_3D ( 'NONE', #6746, #9469, #4063 ) ;
#11576 = CARTESIAN_POINT ( 'NONE',  ( 0.3000000000000002700, 0.3149606299212595600, -0.05787401574803152000 ) ) ;
#11577 = CARTESIAN_POINT ( 'NONE',  ( 0.6600393700787408100, 0.1141337039370070900, -0.05787401574803151300 ) ) ;
#11578 = EDGE_CURVE ( 'NONE', #5147, #7076, #3107, .T. ) ;
#11579 = AXIS2_PLACEMENT_3D ( 'NONE', #1252, #3096, #9402 ) ;
#11580 = ORIENTED_EDGE ( 'NONE', *, *, #9271, .F. ) ;
#11581 = ORIENTED_EDGE ( 'NONE', *, *, #2411, .F. ) ;
#11582 = LINE ( 'NONE', #6739, #11308 ) ;
#11583 = VERTEX_POINT ( 'NONE', #9937 ) ;
#11584 = VERTEX_POINT ( 'NONE', #3634 ) ;
#11585 = DIRECTION ( 'NONE',  ( 0.0000000000000000000, 1.000000000000000000, 0.0000000000000000000 ) ) ;
#11586 = CARTESIAN_POINT ( 'NONE',  ( 0.1482283464474976600, 0.2287793732319348100, -0.04212598425196852800 ) ) ;
#11587 = DIRECTION ( 'NONE',  ( 1.000000000000000000, 0.0000000000000000000, -0.0000000000000000000 ) ) ;
#11588 = FACE_OUTER_BOUND ( 'NONE', #2859, .T. ) ;
#11589 = VERTEX_POINT ( 'NONE', #4528 ) ;
#11590 = ORIENTED_EDGE ( 'NONE', *, *, #2903, .F. ) ;
#11591 = AXIS2_PLACEMENT_3D ( 'NONE', #3817, #6046, #6583 ) ;
#11592 = CARTESIAN_POINT ( 'NONE',  ( 0.2921259842519689000, 0.05244063622047161900, -0.04212598425196852800 ) ) ;
#11594 = CARTESIAN_POINT ( 'NONE',  ( 0.4196850393700792300, 0.01968503937007875700, -0.04212598425196851400 ) ) ;
#11593 = LINE ( 'NONE', #7913, #9540 ) ;
#11595 = VERTEX_POINT ( 'NONE', #7187 ) ;
#11596 = ORIENTED_EDGE ( 'NONE', *, *, #3396, .F. ) ;
#11597 = ADVANCED_FACE ( 'NONE', ( #9724 ), #2727, .T. ) ;
#11598 = DIRECTION ( 'NONE',  ( 0.0000000000000000000, 0.0000000000000000000, -1.000000000000000000 ) ) ;
#11599 = CIRCLE ( 'NONE', #4005, 0.01574803149606289800 ) ;
#11600 = EDGE_CURVE ( 'NONE', #11035, #4460, #7627, .T. ) ;
#11601 = FACE_OUTER_BOUND ( 'NONE', #9916, .T. ) ;
#11602 = DIRECTION ( 'NONE',  ( 0.0000000000000000000, -0.0000000000000000000, 1.000000000000000000 ) ) ;
#11603 = ORIENTED_EDGE ( 'NONE', *, *, #1806, .F. ) ;
#11604 = VERTEX_POINT ( 'NONE', #3667 ) ;
#11605 = ORIENTED_EDGE ( 'NONE', *, *, #11172, .F. ) ;
#11607 = CARTESIAN_POINT ( 'NONE',  ( 0.6374015748031501800, 0.04456662047243921400, -0.05787401574803151300 ) ) ;
#11606 = VECTOR ( 'NONE', #7292, 39.37007874015748100 ) ;
#11608 = CARTESIAN_POINT ( 'NONE',  ( -0.4999999999999996100, 0.01968503937007875700, -0.05787401574803151300 ) ) ;
#11609 = ADVANCED_FACE ( 'NONE', ( #7334 ), #5421, .F. ) ;
#11610 = CARTESIAN_POINT ( 'NONE',  ( 0.5748031496158059200, -0.1011811022909665900, -0.05787401574803150600 ) ) ;
#11611 = DIRECTION ( 'NONE',  ( 1.000000000000000000, -0.0000000000000000000, 0.0000000000000000000 ) ) ;
#11612 = VECTOR ( 'NONE', #4366, 39.37007874015748100 ) ;
#11613 = DIRECTION ( 'NONE',  ( 0.0000000000000000000, 1.000000000000000000, 0.0000000000000000000 ) ) ;
#11614 = EDGE_CURVE ( 'NONE', #11084, #10593, #2533, .T. ) ;
#11615 = ORIENTED_EDGE ( 'NONE', *, *, #4711, .T. ) ;
#11616 = ORIENTED_EDGE ( 'NONE', *, *, #1410, .F. ) ;
#11617 = CARTESIAN_POINT ( 'NONE',  ( -0.4999999999999996100, 0.0000000000000000000, -0.02125984251968503900 ) ) ;
#11618 = LINE ( 'NONE', #3895, #1802 ) ;
#11619 = DIRECTION ( 'NONE',  ( -0.1483404520011492900, 0.9889363530076618100, 0.0000000000000000000 ) ) ;
#11620 = CARTESIAN_POINT ( 'NONE',  ( 0.04015748031496117800, 0.3149606299212595600, -0.05787401574803152000 ) ) ;
#11621 = VECTOR ( 'NONE', #8887, 39.37007874015748100 ) ;
#11622 = ORIENTED_EDGE ( 'NONE', *, *, #6957, .F. ) ;
#11623 = CARTESIAN_POINT ( 'NONE',  ( -0.4999999999999996100, 0.01968503937007875700, -0.04212598425196851400 ) ) ;
#11624 = EDGE_CURVE ( 'NONE', #6411, #6842, #671, .T. ) ;
#11625 = FACE_OUTER_BOUND ( 'NONE', #4157, .T. ) ;
#11626 = AXIS2_PLACEMENT_3D ( 'NONE', #2912, #4703, #10986 ) ;
#11627 = EDGE_LOOP ( 'NONE', ( #2190, #9657, #7338, #204 ) ) ;
#11628 = CARTESIAN_POINT ( 'NONE',  ( 0.4196850393703293000, 0.01968503937007875700, -0.04212598425196851400 ) ) ;
#11629 = CARTESIAN_POINT ( 'NONE',  ( 0.5000000000000005600, 0.01968503937007875700, -0.04212598425196851400 ) ) ;
#11630 = CARTESIAN_POINT ( 'NONE',  ( 0.5196850393700792600, 0.01968503937007875700, -0.04212598425196851400 ) ) ;
#11631 = LINE ( 'NONE', #181, #4486 ) ;
#11632 = DIRECTION ( 'NONE',  ( 0.2242946050387554200, -0.9745213851683853800, 0.0000000000000000000 ) ) ;
#11633 = ORIENTED_EDGE ( 'NONE', *, *, #6892, .F. ) ;
#11634 = LOCAL_TIME ( 0, 21, 42.00000000000000000, #2383 ) ;
#11635 = DIRECTION ( 'NONE',  ( 0.2242946044126347100, -0.9745213853124924400, 0.0000000000000000000 ) ) ;
#11636 = LINE ( 'NONE', #2539, #6611 ) ;
#11637 = EDGE_LOOP ( 'NONE', ( #7482, #7572, #603, #3387 ) ) ;
#11638 = VERTEX_POINT ( 'NONE', #8221 ) ;
#11639 = EDGE_CURVE ( 'NONE', #10206, #2640, #4629, .T. ) ;
#11640 = PLANE ( 'NONE',  #9697 ) ;
#11641 = CARTESIAN_POINT ( 'NONE',  ( 0.5958661417737544100, 0.1473225259763942000, -0.05787401574803150600 ) ) ;
#11642 = AXIS2_PLACEMENT_3D ( 'NONE', #5398, #3610, #2667 ) ;
#11643 = ORIENTED_EDGE ( 'NONE', *, *, #8269, .T. ) ;
#11644 = DIRECTION ( 'NONE',  ( -0.0000000000000000000, -0.0000000000000000000, 1.000000000000000000 ) ) ;
#11645 = EDGE_CURVE ( 'NONE', #525, #8653, #7053, .T. ) ;
#11646 = AXIS2_PLACEMENT_3D ( 'NONE', #6330, #2754, #9056 ) ;
#11648 = DIRECTION ( 'NONE',  ( -0.0000000000000000000, -1.000000000000000000, -0.0000000000000000000 ) ) ;
#11647 = LINE ( 'NONE', #6096, #225 ) ;
#11649 = VECTOR ( 'NONE', #936, 39.37007874015748100 ) ;
#11650 = ADVANCED_FACE ( 'NONE', ( #6758 ), #10886, .F. ) ;
#11651 = EDGE_LOOP ( 'NONE', ( #3506, #913, #9107, #11386 ) ) ;
#11652 = DIRECTION ( 'NONE',  ( -1.000000000000000000, -0.0000000000000000000, 0.0000000000000000000 ) ) ;
#11653 = VERTEX_POINT ( 'NONE', #73 ) ;
#11654 = FACE_OUTER_BOUND ( 'NONE', #11031, .T. ) ;
#11655 = PLANE ( 'NONE',  #6547 ) ;
#11657 = EDGE_CURVE ( 'NONE', #541, #3959, #11502, .T. ) ;
#11656 = CARTESIAN_POINT ( 'NONE',  ( 0.6196850393700792400, 0.01968503937007875700, -0.05787401574803152000 ) ) ;
#11658 = VECTOR ( 'NONE', #2201, 39.37007874015748100 ) ;
#11659 = CARTESIAN_POINT ( 'NONE',  ( 0.2795275590551185000, 0.01968503937007875700, -0.07165354330708663400 ) ) ;
#11660 = ORIENTED_EDGE ( 'NONE', *, *, #6633, .F. ) ;
#11661 = EDGE_CURVE ( 'NONE', #11126, #2474, #9158, .T. ) ;
#11662 = ADVANCED_FACE ( 'NONE', ( #4364 ), #1936, .F. ) ;
#11663 = ORIENTED_EDGE ( 'NONE', *, *, #9529, .F. ) ;
#11664 = CARTESIAN_POINT ( 'NONE',  ( 0.5718503937007878300, 0.2287793732283450500, -0.05787401574803151300 ) ) ;
#11665 = DIRECTION ( 'NONE',  ( 0.9995120760987861200, -0.03123475200308707700, 0.0000000000000000000 ) ) ;
#11666 = VECTOR ( 'NONE', #6196, 39.37007874015748100 ) ;
#11667 = CARTESIAN_POINT ( 'NONE',  ( 0.5111870956299217100, 0.2432397985433058200, -0.04212598425196852800 ) ) ;
#11668 = VECTOR ( 'NONE', #2488, 39.37007874015748100 ) ;
#11669 = ORIENTED_EDGE ( 'NONE', *, *, #5701, .T. ) ;
#11670 = DIRECTION ( 'NONE',  ( 0.0000000000000000000, 0.0000000000000000000, 1.000000000000000000 ) ) ;
#11671 = VERTEX_POINT ( 'NONE', #9188 ) ;
#11672 = CARTESIAN_POINT ( 'NONE',  ( 0.5283464566927375000, 0.3346456692915734700, -0.01812598437007874300 ) ) ;
#11673 = AXIS2_PLACEMENT_3D ( 'NONE', #8679, #9579, #4178 ) ;
#11674 = EDGE_CURVE ( 'NONE', #8123, #5544, #4914, .T. ) ;
#11675 = VECTOR ( 'NONE', #9178, 39.37007874015748900 ) ;
#11676 = DIRECTION ( 'NONE',  ( -1.000000000000000000, -0.0000000000000000000, 0.0000000000000000000 ) ) ;
#11677 = CIRCLE ( 'NONE', #1336, 0.08668467618110251000 ) ;
#11678 = CARTESIAN_POINT ( 'NONE',  ( 0.2445558501165394900, 0.1112594900323482800, -0.04212598425196852800 ) ) ;
#11679 = ORIENTED_EDGE ( 'NONE', *, *, #11294, .F. ) ;
#11680 = ORIENTED_EDGE ( 'NONE', *, *, #8688, .F. ) ;
#11681 = DIRECTION ( 'NONE',  ( -0.0000000000000000000, -0.0000000000000000000, -1.000000000000000000 ) ) ;
#11682 = CARTESIAN_POINT ( 'NONE',  ( 0.1452755905511816100, -0.1011811023622053900, -0.05787401574803150600 ) ) ;
#11683 = ORIENTED_EDGE ( 'NONE', *, *, #10020, .T. ) ;
#11684 = CARTESIAN_POINT ( 'NONE',  ( 0.08267716535433117200, 0.04456662047243921400, -0.05787401574803151300 ) ) ;
#11685 = LINE ( 'NONE', #11192, #6958 ) ;
#11686 = VERTEX_POINT ( 'NONE', #5527 ) ;
#11687 = CARTESIAN_POINT ( 'NONE',  ( 0.1999999999956741700, 0.1339366992112627800, -0.08208661417322835100 ) ) ;
#11688 = CIRCLE ( 'NONE', #6018, 0.03976377952755907200 ) ;
#11689 = VERTEX_POINT ( 'NONE', #4672 ) ;
#11690 = ORIENTED_EDGE ( 'NONE', *, *, #245, .T. ) ;
#11691 = ORIENTED_EDGE ( 'NONE', *, *, #9196, .F. ) ;
#11692 = EDGE_CURVE ( 'NONE', #1680, #5531, #1673, .T. ) ;
#11693 = VECTOR ( 'NONE', #9608, 39.37007874015748100 ) ;
#11694 = CARTESIAN_POINT ( 'NONE',  ( 0.01968503937007930500, 0.1027140031889747100, -0.05787401574803152000 ) ) ;
#11695 = FACE_OUTER_BOUND ( 'NONE', #8825, .T. ) ;
#11696 = EDGE_LOOP ( 'NONE', ( #682, #5469, #7917, #3390 ) ) ;
#11697 = LINE ( 'NONE', #6727, #4558 ) ;
#11698 = VERTEX_POINT ( 'NONE', #8258 ) ;
#11699 = ORIENTED_EDGE ( 'NONE', *, *, #8584, .T. ) ;
ENDSEC;
END-ISO-10303-21;
