ISO-10303-21;
HEADER;
FILE_DESCRIPTION (( 'STEP AP214' ),
    '1' );
FILE_NAME ('FA20C0G2A473JNU00.STEP',
    '2023-04-20T11:49:55',
    ( '' ),
    ( '' ),
    'SwSTEP 2.0',
    'SolidWorks 2021',
    '' );
FILE_SCHEMA (( 'AUTOMOTIVE_DESIGN' ));
ENDSEC;

DATA;
#1 = DIRECTION ( 'NONE',  ( 0.000000000000000000, 0.000000000000000000, 1.000000000000000000 ) ) ;
#2 = EDGE_CURVE ( 'NONE', #1946, #2492, #3429, .T. ) ;
#3 = CARTESIAN_POINT ( 'NONE',  ( -2.141607978309961080, 2.506940475009473701, -0.2070924259019275293 ) ) ;
#4 = DIRECTION ( 'NONE',  ( -0.8047467058313307886, -0.5936183449436360782, 0.000000000000000000 ) ) ;
#5 = PRODUCT_RELATED_PRODUCT_CATEGORY ( 'part', '', ( #1234 ) ) ;
#6 = DIRECTION ( 'NONE',  ( 0.000000000000000000, 0.000000000000000000, -1.000000000000000000 ) ) ;
#7 = VERTEX_POINT ( 'NONE', #2897 ) ;
#8 = CARTESIAN_POINT ( 'NONE',  ( -2.141607978309961080, 2.506940475009473701, -0.2070924259019275293 ) ) ;
#9 = LINE ( 'NONE', #550, #266 ) ;
#10 = VERTEX_POINT ( 'NONE', #1883 ) ;
#11 = CARTESIAN_POINT ( 'NONE',  ( -0.6488223283612586378, 6.944130910375418964, -1.303903630721231277 ) ) ;
#12 = CARTESIAN_POINT ( 'NONE',  ( -2.665827438479943190, 2.588758656827625959, -0.01373712374808155716 ) ) ;
#13 = CARTESIAN_POINT ( 'NONE',  ( -1.549999999999999378, 3.306940475009473523, 0.4129643021938408376 ) ) ;
#14 = ORIENTED_EDGE ( 'NONE', *, *, #3228, .T. ) ;
#15 = CARTESIAN_POINT ( 'NONE',  ( 2.080848495598523140, 2.424611037471215536, -0.2274630712059544646 ) ) ;
#16 = CARTESIAN_POINT ( 'NONE',  ( 1.716666666666667229, 1.302229073219968614, 0.000000000000000000 ) ) ;
#17 = ADVANCED_FACE ( 'NONE', ( #803 ), #2966, .T. ) ;
#18 = CARTESIAN_POINT ( 'NONE',  ( -2.130628989975492882, 2.111184696803140692, 0.000000000000000000 ) ) ;
#19 = CYLINDRICAL_SURFACE ( 'NONE', #1950, 0.7618199211509527613 ) ;
#20 = ADVANCED_FACE ( 'NONE', ( #2682 ), #936, .T. ) ;
#21 = CARTESIAN_POINT ( 'NONE',  ( 2.499999999999999556, 0.000000000000000000, 0.000000000000000000 ) ) ;
#22 = AXIS2_PLACEMENT_3D ( 'NONE', #763, #1582, #2138 ) ;
#23 = ORIENTED_EDGE ( 'NONE', *, *, #2463, .F. ) ;
#24 = CARTESIAN_POINT ( 'NONE',  ( 2.368083000015510198, 6.226586592580632740, 1.699999999999999734 ) ) ;
#25 = EDGE_CURVE ( 'NONE', #3466, #1172, #9, .T. ) ;
#26 = EDGE_CURVE ( 'NONE', #2274, #1860, #718, .T. ) ;
#27 = CARTESIAN_POINT ( 'NONE',  ( -2.450000000000000178, 4.381755167708339727, -2.000000000000000000 ) ) ;
#28 = EDGE_LOOP ( 'NONE', ( #2078, #1938, #773, #450, #2513 ) ) ;
#29 = CARTESIAN_POINT ( 'NONE',  ( -2.445883160151003821, 3.114826972843348862, 0.6385308920835255364 ) ) ;
#30 = DIRECTION ( 'NONE',  ( -0.4999999999999996669, 0.8660254037844389297, 0.000000000000000000 ) ) ;
#31 = DIRECTION ( 'NONE',  ( 1.000000000000000000, 0.000000000000000000, 0.000000000000000000 ) ) ;
#32 = ORIENTED_EDGE ( 'NONE', *, *, #1776, .T. ) ;
#33 = CARTESIAN_POINT ( 'NONE',  ( -2.418209845750442177, 2.784156087349194841, -0.5204341472641860200 ) ) ;
#34 = DIRECTION ( 'NONE',  ( 1.000000000000000000, 0.000000000000000000, 0.000000000000000000 ) ) ;
#35 = CARTESIAN_POINT ( 'NONE',  ( 0.8183208329076386844, 6.883620949105796250, -1.400338794383928720 ) ) ;
#36 = DIRECTION ( 'NONE',  ( -1.000000000000000000, -1.239088197126290817E-16, 0.000000000000000000 ) ) ;
#37 = DIRECTION ( 'NONE',  ( -0.000000000000000000, -0.000000000000000000, 1.000000000000000000 ) ) ;
#38 = AXIS2_PLACEMENT_3D ( 'NONE', #1880, #2158, #1337 ) ;
#39 = ORIENTED_EDGE ( 'NONE', *, *, #1581, .T. ) ;
#40 = DIRECTION ( 'NONE',  ( -1.014779945215093876E-15, 0.7019769727693436767, 0.7121996417449171224 ) ) ;
#41 = EDGE_CURVE ( 'NONE', #1394, #400, #1120, .T. ) ;
#42 = DIRECTION ( 'NONE',  ( 0.000000000000000000, 0.000000000000000000, 1.000000000000000000 ) ) ;
#43 = EDGE_LOOP ( 'NONE', ( #1441, #429, #1504, #2355 ) ) ;
#44 = CARTESIAN_POINT ( 'NONE',  ( -1.612605166189534200, 6.534286774823371502, -1.831560790586563625 ) ) ;
#45 = CARTESIAN_POINT ( 'NONE',  ( -2.750000000000000888, 5.894709581221616368, -0.8947095812216140365 ) ) ;
#46 = VECTOR ( 'NONE', #1761, 1000.000000000000114 ) ;
#47 = CARTESIAN_POINT ( 'NONE',  ( -2.433203980775002773, 3.006940475009473257, -0.5999999999999999778 ) ) ;
#48 = ORIENTED_EDGE ( 'NONE', *, *, #2211, .T. ) ;
#49 = CARTESIAN_POINT ( 'NONE',  ( 1.606091268862164911, 6.539448612195499777, 1.829545778261593370 ) ) ;
#50 = CIRCLE ( 'NONE', #1509, 0.7166666666666671182 ) ;
#51 = CARTESIAN_POINT ( 'NONE',  ( 2.619274853978772910, 2.348544387243457265, 0.1322852240676206104 ) ) ;
#52 = FACE_OUTER_BOUND ( 'NONE', #377, .T. ) ;
#53 = DIRECTION ( 'NONE',  ( 0.8480480961564292874, 0.5299192642331994607, 0.000000000000000000 ) ) ;
#54 =( BOUNDED_SURFACE ( )  B_SPLINE_SURFACE ( 3, 2, ( 
 ( #1183, #1452, #1129 ),
 ( #1644, #880, #1662 ),
 ( #308, #1396, #646 ),
 ( #2502, #51, #326 ) ),
 .UNSPECIFIED., .F., .F., .T. ) 
 B_SPLINE_SURFACE_WITH_KNOTS ( ( 4, 4 ),
 ( 3, 3 ),
 ( -4.878909776184769953E-19, 0.0006281782732173570114 ),
 ( 0.000000000000000000, 1.000000000000000000 ),
 .UNSPECIFIED. ) 
 GEOMETRIC_REPRESENTATION_ITEM ( )  RATIONAL_B_SPLINE_SURFACE ( (
 ( 1.000000000000000000, 0.7170283373182733122, 1.000000000000000000),
 ( 1.000000000000000000, 0.7267374956885244153, 1.000000000000000000),
 ( 1.000000000000000000, 0.7427923284345649968, 1.000000000000000000),
 ( 1.000000000000000000, 0.7570673079055755261, 1.000000000000000000) ) ) 
 REPRESENTATION_ITEM ( '' )  SURFACE ( )  );
#55 = VERTEX_POINT ( 'NONE', #2404 ) ;
#56 = CARTESIAN_POINT ( 'NONE',  ( -2.299999999999986944, 3.506940475009473701, -2.000000000000000000 ) ) ;
#57 = EDGE_CURVE ( 'NONE', #382, #787, #1104, .T. ) ;
#58 = CARTESIAN_POINT ( 'NONE',  ( 2.324129199875283103, 2.506940475009473701, 0.2999999999999999889 ) ) ;
#59 = ORIENTED_EDGE ( 'NONE', *, *, #1742, .F. ) ;
#60 = DIRECTION ( 'NONE',  ( 0.000000000000000000, 1.000000000000000000, 0.000000000000000000 ) ) ;
#61 = EDGE_CURVE ( 'NONE', #566, #642, #1514, .T. ) ;
#62 = CARTESIAN_POINT ( 'NONE',  ( 2.656857473593305041, 2.541505864855997388, 0.03617878454256864135 ) ) ;
#63 = DIRECTION ( 'NONE',  ( 0.000000000000000000, 0.000000000000000000, 1.000000000000000000 ) ) ;
#64 = ORIENTED_EDGE ( 'NONE', *, *, #935, .T. ) ;
#65 = VERTEX_POINT ( 'NONE', #58 ) ;
#66 = LINE ( 'NONE', #2184, #1855 ) ;
#67 = CIRCLE ( 'NONE', #2025, 0.2500000000000003886 ) ;
#68 = CARTESIAN_POINT ( 'NONE',  ( 2.750000000000000000, 3.506940475009473701, -0.5720646149599997177 ) ) ;
#69 = CARTESIAN_POINT ( 'NONE',  ( -2.433203980775002329, 3.107841394108918021, 0.3174774265215475344 ) ) ;
#70 = CARTESIAN_POINT ( 'NONE',  ( -2.045595634823346387, 2.574957159253244754, 0.07641487507724077644 ) ) ;
#71 = CARTESIAN_POINT ( 'NONE',  ( 1.732053981721134450, 6.638137888216754767, -1.575809653204925276 ) ) ;
#72 = B_SPLINE_CURVE_WITH_KNOTS ( 'NONE', 3,
 ( #1757, #2606, #2055, #2071 ),
 .UNSPECIFIED., .F., .F.,
 ( 4, 4 ),
 ( 0.0009943323350466149162, 0.001074170883285373171 ),
 .UNSPECIFIED. ) ;
#73 = VERTEX_POINT ( 'NONE', #584 ) ;
#74 = TOROIDAL_SURFACE ( 'NONE', #2262, 0.4666666666666669516, 0.2500000000000003886 ) ;
#75 = CARTESIAN_POINT ( 'NONE',  ( -2.047868714568941151, 6.189369024945153619, 1.966205388430388501 ) ) ;
#76 = TOROIDAL_SURFACE ( 'NONE', #742, 1.061819921150952917, 0.2999999999999999889 ) ;
#77 = CARTESIAN_POINT ( 'NONE',  ( 1.975856044868701922, 2.775329948230996102, -0.2452822661609465049 ) ) ;
#78 = ORIENTED_EDGE ( 'NONE', *, *, #798, .F. ) ;
#79 = CARTESIAN_POINT ( 'NONE',  ( 2.402288308895204061, 2.652707500474885016, 0.4325154776958448632 ) ) ;
#80 = EDGE_CURVE ( 'NONE', #787, #1766, #105, .T. ) ;
#81 = CARTESIAN_POINT ( 'NONE',  ( -2.500000000000000444, -9.000000000000000000, 0.000000000000000000 ) ) ;
#82 = CARTESIAN_POINT ( 'NONE',  ( -2.744985981480013493, 3.209835541816957960, -0.6979974567626449078 ) ) ;
#83 = AXIS2_PLACEMENT_3D ( 'NONE', #3454, #1045, #1028 ) ;
#84 = ORIENTED_EDGE ( 'NONE', *, *, #2416, .F. ) ;
#85 = VERTEX_POINT ( 'NONE', #27 ) ;
#86 = FACE_OUTER_BOUND ( 'NONE', #2384, .T. ) ;
#87 = DIRECTION ( 'NONE',  ( 1.000000000000000000, -0.000000000000000000, -0.000000000000000000 ) ) ;
#88 = DIRECTION ( 'NONE',  ( 0.07915757789728417038, -0.9387868345036040063, -0.3352810123227059624 ) ) ;
#89 = ADVANCED_FACE ( 'NONE', ( #1352 ), #1008, .F. ) ;
#90 = CYLINDRICAL_SURFACE ( 'NONE', #1119, 0.2500000000000003886 ) ;
#91 = CARTESIAN_POINT ( 'NONE',  ( -1.880079349731715643, 2.882503549446627567, 0.3174774265215485891 ) ) ;
#92 = VERTEX_POINT ( 'NONE', #533 ) ;
#93 = CARTESIAN_POINT ( 'NONE',  ( -1.912499999999999645, 6.296639832727858987, -1.924330376838830015 ) ) ;
#94 = PLANE ( 'NONE',  #695 ) ;
#95 = CIRCLE ( 'NONE', #543, 0.2500000000000003886 ) ;
#96 = ORIENTED_EDGE ( 'NONE', *, *, #510, .T. ) ;
#97 = SURFACE_SIDE_STYLE ('',( #1727 ) ) ;
#98 = CARTESIAN_POINT ( 'NONE',  ( 2.388561481102514872, 2.537616321595520308, -0.3570666624218293839 ) ) ;
#99 = DIRECTION ( 'NONE',  ( 0.8660254037844388186, 0.4999999999999997224, 0.000000000000000000 ) ) ;
#100 = EDGE_LOOP ( 'NONE', ( #3399, #2167, #1502, #2973 ) ) ;
#101 = VERTEX_POINT ( 'NONE', #821 ) ;
#102 = CARTESIAN_POINT ( 'NONE',  ( 0.6488223283612584158, 6.944130910375418964, 1.303903630721231277 ) ) ;
#103 = DIRECTION ( 'NONE',  ( 0.000000000000000000, 0.000000000000000000, 1.000000000000000000 ) ) ;
#104 = PLANE ( 'NONE',  #3383 ) ;
#105 = CIRCLE ( 'NONE', #213, 0.7166666666666675622 ) ;
#106 = CARTESIAN_POINT ( 'NONE',  ( -2.160758898648735382, 2.542205887735466963, 0.2749920652850590397 ) ) ;
#107 = DIRECTION ( 'NONE',  ( 1.000000000000000000, 0.000000000000000000, 0.000000000000000000 ) ) ;
#108 = ADVANCED_FACE ( 'NONE', ( #564 ), #1636, .T. ) ;
#109 = ORIENTED_EDGE ( 'NONE', *, *, #1684, .T. ) ;
#110 = DIRECTION ( 'NONE',  ( -1.000000000000000000, -1.239088197126290817E-16, 0.000000000000000000 ) ) ;
#111 = CARTESIAN_POINT ( 'NONE',  ( 2.240102708768680451, 5.894709581221616368, 2.000000000000000000 ) ) ;
#112 = CARTESIAN_POINT ( 'NONE',  ( -2.732143179560791779, 3.082635136367829709, -0.3174774265215474789 ) ) ;
#113 = EDGE_LOOP ( 'NONE', ( #3229, #2201, #1411, #3175, #306, #1854 ) ) ;
#114 = SURFACE_STYLE_USAGE ( .BOTH. , #97 ) ;
#115 = CARTESIAN_POINT ( 'NONE',  ( 1.549999999999999378, 3.006940475009473257, -0.4129643021938411707 ) ) ;
#116 = CARTESIAN_POINT ( 'NONE',  ( -2.732143179560792667, 3.082635136367829709, -0.3174774265215473679 ) ) ;
#117 = EDGE_LOOP ( 'NONE', ( #2195, #1617, #1390, #2435 ) ) ;
#118 = ORIENTED_EDGE ( 'NONE', *, *, #2350, .T. ) ;
#119 = CARTESIAN_POINT ( 'NONE',  ( 2.367946095326251221, 6.226772189266839064, -1.699999890310757156 ) ) ;
#120 = CARTESIAN_POINT ( 'NONE',  ( 0.000000000000000000, 0.000000000000000000, 2.000000000000000000 ) ) ;
#121 = CARTESIAN_POINT ( 'NONE',  ( 1.673450793179208418, 3.006940475009473701, 0.4129642613674659457 ) ) ;
#122 = CYLINDRICAL_SURFACE ( 'NONE', #2581, 1.486606874731850381 ) ;
#123 = AXIS2_PLACEMENT_3D ( 'NONE', #3153, #504, #2083 ) ;
#124 = EDGE_CURVE ( 'NONE', #3024, #722, #3177, .T. ) ;
#125 = CARTESIAN_POINT ( 'NONE',  ( 0.3390292097936327687, 6.999999999978988363, -1.072281015086673728 ) ) ;
#126 = FACE_OUTER_BOUND ( 'NONE', #1587, .T. ) ;
#127 = CARTESIAN_POINT ( 'NONE',  ( 1.880079349731715199, 2.882503549446628011, 0.3174774265215486446 ) ) ;
#128 = EDGE_CURVE ( 'NONE', #899, #2123, #2896, .T. ) ;
#129 = CARTESIAN_POINT ( 'NONE',  ( -2.230569874378176554, 0.4666666666666664520, 0.000000000000000000 ) ) ;
#130 = EDGE_LOOP ( 'NONE', ( #1890, #1350, #3311, #2882 ) ) ;
#131 = CARTESIAN_POINT ( 'NONE',  ( -2.445846716701104651, 3.114517009802410641, 0.6384201909974761557 ) ) ;
#132 = FACE_OUTER_BOUND ( 'NONE', #1993, .T. ) ;
#133 = AXIS2_PLACEMENT_3D ( 'NONE', #1381, #1663, #1997 ) ;
#134 = ADVANCED_FACE ( 'NONE', ( #2006 ), #2805, .T. ) ;
#135 = VERTEX_POINT ( 'NONE', #376 ) ;
#136 = ORIENTED_EDGE ( 'NONE', *, *, #883, .T. ) ;
#137 = TOROIDAL_SURFACE ( 'NONE', #2541, 0.4666666666666670626, 0.2500000000000003886 ) ;
#138 = CARTESIAN_POINT ( 'NONE',  ( 2.355569874378174777, 0.6831730176127764897, 0.000000000000000000 ) ) ;
#139 = CARTESIAN_POINT ( 'NONE',  ( -2.567494328329206432, 2.506940475009473701, 0.06884188971664011170 ) ) ;
#140 = CARTESIAN_POINT ( 'NONE',  ( 2.433203980775002773, 3.006940475009473701, 0.5999999999999996447 ) ) ;
#141 = CARTESIAN_POINT ( 'NONE',  ( -2.105569874378174777, 0.2501603157205564143, 3.061616997868387948E-17 ) ) ;
#142 = DIRECTION ( 'NONE',  ( 0.000000000000000000, 0.000000000000000000, 1.000000000000000000 ) ) ;
#143 = DIRECTION ( 'NONE',  ( 0.000000000000000000, 0.000000000000000000, 1.000000000000000000 ) ) ;
#144 = CARTESIAN_POINT ( 'NONE',  ( -2.750000000000000888, 5.256569860407206640, -2.000000000000000000 ) ) ;
#145 = VERTEX_POINT ( 'NONE', #112 ) ;
#146 = CARTESIAN_POINT ( 'NONE',  ( -2.097998284475932174, 2.516917388612423867, -0.04232039618479838811 ) ) ;
#147 = CARTESIAN_POINT ( 'NONE',  ( -0.3260369505492293207, 7.000000000000001776, 1.100038198990974214 ) ) ;
#148 = ADVANCED_FACE ( 'NONE', ( #2563 ), #2547, .T. ) ;
#149 = AXIS2_PLACEMENT_3D ( 'NONE', #1158, #110, #2753 ) ;
#150 = ORIENTED_EDGE ( 'NONE', *, *, #1848, .F. ) ;
#151 = ORIENTED_EDGE ( 'NONE', *, *, #80, .T. ) ;
#152 = CARTESIAN_POINT ( 'NONE',  ( -2.443702739402723090, 2.506940475009473701, 0.2548358284840487320 ) ) ;
#153 = CARTESIAN_POINT ( 'NONE',  ( -2.074923094556817560, 2.397637625894012636, 0.1901190383451635268 ) ) ;
#154 = CARTESIAN_POINT ( 'NONE',  ( 1.880079349731715643, 2.882503549446627122, 0.3174774265215480340 ) ) ;
#155 = CARTESIAN_POINT ( 'NONE',  ( -1.734082482782991042, 6.636966732582640027, 1.576233621946570462 ) ) ;
#156 = CARTESIAN_POINT ( 'NONE',  ( 1.716666666666667229, 1.302229073219968614, 0.000000000000000000 ) ) ;
#157 = AXIS2_PLACEMENT_3D ( 'NONE', #684, #160, #961 ) ;
#158 = CARTESIAN_POINT ( 'NONE',  ( -1.912500000000000533, 6.296639832727858987, -1.924330376838830237 ) ) ;
#159 = CIRCLE ( 'NONE', #2567, 1.061819921150952695 ) ;
#160 = DIRECTION ( 'NONE',  ( -0.07915757789729355176, 0.9387868345036002315, -0.3352810123227142891 ) ) ;
#161 = EDGE_LOOP ( 'NONE', ( #109, #371, #2351, #967 ) ) ;
#162 = CARTESIAN_POINT ( 'NONE',  ( -2.282198476048105107, 2.670171035205837207, -0.4328428537445364044 ) ) ;
#163 = EDGE_CURVE ( 'NONE', #322, #268, #2300, .T. ) ;
#164 = CARTESIAN_POINT ( 'NONE',  ( -1.395477840224746524, 6.773414221705057692, 1.459712886981934465 ) ) ;
#165 = B_SPLINE_CURVE_WITH_KNOTS ( 'NONE', 3,
 ( #2873, #406, #3154, #2841 ),
 .UNSPECIFIED., .F., .F.,
 ( 4, 4 ),
 ( 0.000000000000000000, 0.0001943389729424351768 ),
 .UNSPECIFIED. ) ;
#166 = ORIENTED_EDGE ( 'NONE', *, *, #427, .F. ) ;
#167 = VERTEX_POINT ( 'NONE', #409 ) ;
#168 = VERTEX_POINT ( 'NONE', #3053 ) ;
#169 = CARTESIAN_POINT ( 'NONE',  ( -2.495757997609740819, 2.506940475009474145, 0.2205768263252887162 ) ) ;
#170 = DIRECTION ( 'NONE',  ( 0.000000000000000000, -1.000000000000000000, 0.000000000000000000 ) ) ;
#171 = EDGE_CURVE ( 'NONE', #1850, #3195, #2774, .T. ) ;
#172 = CARTESIAN_POINT ( 'NONE',  ( -2.481526720518079099, 6.072795084704708302, 2.000000000000000000 ) ) ;
#173 = CARTESIAN_POINT ( 'NONE',  ( -2.750000000000000444, 4.381755167708339727, 1.700000000000000400 ) ) ;
#174 = CARTESIAN_POINT ( 'NONE',  ( -0.7017228796682190017, 6.943696004544808176, 1.189794480592256676 ) ) ;
#175 = EDGE_CURVE ( 'NONE', #949, #85, #1838, .T. ) ;
#176 = AXIS2_PLACEMENT_3D ( 'NONE', #680, #2787, #940 ) ;
#177 = DIRECTION ( 'NONE',  ( 0.000000000000000000, -0.7121996417449170114, -0.7019769727693438988 ) ) ;
#178 = CIRCLE ( 'NONE', #3200, 0.7166666666666675622 ) ;
#179 = ORIENTED_EDGE ( 'NONE', *, *, #2718, .F. ) ;
#180 = CARTESIAN_POINT ( 'NONE',  ( 2.030824685049617440, 2.695240753317780236, 0.4550672239935692476 ) ) ;
#181 = CARTESIAN_POINT ( 'NONE',  ( 1.549999999999999378, 3.006940475009473257, -2.000000000000000000 ) ) ;
#182 =( BOUNDED_SURFACE ( )  B_SPLINE_SURFACE ( 3, 2, ( 
 ( #2777, #2255, #639 ),
 ( #707, #931, #2533 ),
 ( #3309, #1447, #164 ),
 ( #672, #894, #2566 ),
 ( #147, #1748, #2044 ),
 ( #398, #2582, #915 ) ),
 .UNSPECIFIED., .F., .F., .T. ) 
 B_SPLINE_SURFACE_WITH_KNOTS ( ( 4, 2, 4 ),
 ( 3, 3 ),
 ( 0.000000000000000000, 0.001066283753924612528, 0.002132567507849225056 ),
 ( 0.000000000000000000, 1.000000000000000000 ),
 .UNSPECIFIED. ) 
 GEOMETRIC_REPRESENTATION_ITEM ( )  RATIONAL_B_SPLINE_SURFACE ( (
 ( 1.000000000000000000, 0.8108401175561297247, 1.000000000000000000),
 ( 1.000000000000000000, 0.8745700083399956526, 1.000000000000000000),
 ( 1.000000000000000000, 0.9214554812692894448, 1.000000000000000000),
 ( 1.000000000000000000, 0.9846359408866822704, 1.000000000000000000),
 ( 1.000000000000000000, 0.9998820271062514031, 1.000000000000000000),
 ( 1.000000000000000000, 1.000000000000000000, 1.000000000000000000) ) ) 
 REPRESENTATION_ITEM ( '' )  SURFACE ( )  );
#183 = EDGE_CURVE ( 'NONE', #3195, #3364, #1507, .T. ) ;
#184 = ORIENTED_EDGE ( 'NONE', *, *, #1784, .F. ) ;
#185 = ORIENTED_EDGE ( 'NONE', *, *, #2142, .T. ) ;
#186 = VERTEX_POINT ( 'NONE', #635 ) ;
#187 = CARTESIAN_POINT ( 'NONE',  ( -2.260122226895355801, 2.506940475009473701, 0.2469561911393886589 ) ) ;
#188 = CARTESIAN_POINT ( 'NONE',  ( -1.967087952717469834, 2.788827382989010228, 0.2565518898217515886 ) ) ;
#189 = CARTESIAN_POINT ( 'NONE',  ( 2.450000000000000622, 2.750712707568149007, 1.317437748835728506 ) ) ;
#190 = CIRCLE ( 'NONE', #1924, 0.7166666666666675622 ) ;
#191 = CARTESIAN_POINT ( 'NONE',  ( 2.078126959570745225, 3.006940475009475033, 0.6000000000000000888 ) ) ;
#192 = CARTESIAN_POINT ( 'NONE',  ( -2.663066166956531422, 2.573824797732915837, 0.09093072808343657942 ) ) ;
#193 = AXIS2_PLACEMENT_3D ( 'NONE', #558, #2638, #34 ) ;
#194 = DIRECTION ( 'NONE',  ( 1.000000000000000000, -0.000000000000000000, -0.000000000000000000 ) ) ;
#195 = EDGE_CURVE ( 'NONE', #2583, #1336, #654, .T. ) ;
#196 = DIRECTION ( 'NONE',  ( 0.000000000000000000, 1.000000000000000000, 0.000000000000000000 ) ) ;
#197 = DIRECTION ( 'NONE',  ( -0.07915757789728404548, -0.9387868345036038953, 0.3352810123227059069 ) ) ;
#198 = EDGE_LOOP ( 'NONE', ( #2367, #1807, #1823, #876, #2570 ) ) ;
#199 = CARTESIAN_POINT ( 'NONE',  ( 1.880079349731708982, 2.882503549446633340, -0.3174774265215518088 ) ) ;
#200 = ORIENTED_EDGE ( 'NONE', *, *, #745, .F. ) ;
#201 = EDGE_LOOP ( 'NONE', ( #1145, #2063, #2325, #1685, #2098, #2762, #555, #1690 ) ) ;
#202 = CARTESIAN_POINT ( 'NONE',  ( 2.689838729133077866, 2.725018251921562662, 0.1361357219164139876 ) ) ;
#203 = CARTESIAN_POINT ( 'NONE',  ( -0.7017512729997668064, 6.943690956406559422, -1.189806062233315087 ) ) ;
#204 = AXIS2_PLACEMENT_3D ( 'NONE', #1947, #907, #2999 ) ;
#205 = CARTESIAN_POINT ( 'NONE',  ( -2.750000000000000000, 5.256569860407206640, 1.700000000000000178 ) ) ;
#206 = ORIENTED_EDGE ( 'NONE', *, *, #3352, .F. ) ;
#207 = AXIS2_PLACEMENT_3D ( 'NONE', #976, #925, #2560 ) ;
#208 = CARTESIAN_POINT ( 'NONE',  ( 2.382454451940482443, 2.506940475009473701, -0.2999999999999999889 ) ) ;
#209 = CARTESIAN_POINT ( 'NONE',  ( -2.387143312442184140, 2.506940475009473701, 0.2548358284840485100 ) ) ;
#210 = CARTESIAN_POINT ( 'NONE',  ( 1.674687644737583803, 2.994808133420202356, 0.4004761289203387364 ) ) ;
#211 = CARTESIAN_POINT ( 'NONE',  ( -2.351333562040453629, 6.249292983714698657, -1.974326706975914059 ) ) ;
#212 = ADVANCED_FACE ( 'NONE', ( #943 ), #2067, .T. ) ;
#213 = AXIS2_PLACEMENT_3D ( 'NONE', #284, #1105, #2721 ) ;
#214 = CIRCLE ( 'NONE', #3013, 0.2999999999999999889 ) ;
#215 = ORIENTED_EDGE ( 'NONE', *, *, #2510, .F. ) ;
#216 = CARTESIAN_POINT ( 'NONE',  ( -2.750000000000000000, 7.000000000000000000, -1.700000000000000178 ) ) ;
#217 = VERTEX_POINT ( 'NONE', #2530 ) ;
#218 = ORIENTED_EDGE ( 'NONE', *, *, #2273, .T. ) ;
#219 = CARTESIAN_POINT ( 'NONE',  ( 1.601850826082808155, 1.485972827387193940, 0.000000000000000000 ) ) ;
#220 = CARTESIAN_POINT ( 'NONE',  ( -1.250000000000000000, 1.302229073219968614, 0.000000000000000000 ) ) ;
#221 = CARTESIAN_POINT ( 'NONE',  ( -1.998149173917193933, 2.323196720842247043, 3.061616997868387948E-17 ) ) ;
#222 = ORIENTED_EDGE ( 'NONE', *, *, #3211, .T. ) ;
#223 = DIRECTION ( 'NONE',  ( 0.000000000000000000, 1.000000000000000000, 0.000000000000000000 ) ) ;
#224 = CARTESIAN_POINT ( 'NONE',  ( 1.912499999999999867, 6.187547169475479336, 1.644868767982617053 ) ) ;
#225 = CARTESIAN_POINT ( 'NONE',  ( 2.181426390388316872, 2.506940475009474145, 0.2605074111254543356 ) ) ;
#226 = DIRECTION ( 'NONE',  ( 1.000000000000000000, -0.000000000000000000, -0.000000000000000000 ) ) ;
#227 = EDGE_CURVE ( 'NONE', #1860, #2274, #1386, .T. ) ;
#228 = AXIS2_PLACEMENT_3D ( 'NONE', #1737, #388, #2523 ) ;
#229 = ORIENTED_EDGE ( 'NONE', *, *, #510, .F. ) ;
#230 = CARTESIAN_POINT ( 'NONE',  ( 2.450000000000001954, 3.212384711734388443, 0.7005837750197214664 ) ) ;
#231 = PRESENTATION_LAYER_ASSIGNMENT (  '', '', ( #1749 ) ) ;
#232 = EDGE_CURVE ( 'NONE', #1865, #341, #2270, .T. ) ;
#233 = ORIENTED_EDGE ( 'NONE', *, *, #2090, .T. ) ;
#234 = ORIENTED_EDGE ( 'NONE', *, *, #2159, .F. ) ;
#235 = CARTESIAN_POINT ( 'NONE',  ( -1.716666666666667229, 1.302229073219968614, -3.061616997868387948E-17 ) ) ;
#236 = FACE_OUTER_BOUND ( 'NONE', #944, .T. ) ;
#237 = B_SPLINE_CURVE_WITH_KNOTS ( 'NONE', 3,
 ( #1312, #472, #2605, #744 ),
 .UNSPECIFIED., .F., .F.,
 ( 4, 4 ),
 ( 1.439393946149640706E-15, 0.0002357254935115350204 ),
 .UNSPECIFIED. ) ;
#238 = EDGE_CURVE ( 'NONE', #1432, #167, #2713, .T. ) ;
#239 = CARTESIAN_POINT ( 'NONE',  ( 2.240102708768680451, 5.894709581221616368, -2.000000000000000000 ) ) ;
#240 = ORIENTED_EDGE ( 'NONE', *, *, #1101, .T. ) ;
#241 = STYLED_ITEM ( 'NONE', ( #2496 ), #3207 ) ;
#242 = CYLINDRICAL_SURFACE ( 'NONE', #2023, 0.09999999999999982514 ) ;
#243 = AXIS2_PLACEMENT_3D ( 'NONE', #1130, #2206, #1453 ) ;
#244 = CARTESIAN_POINT ( 'NONE',  ( 2.061223766249976386, 2.506940475009473701, 1.352095985009285636E-14 ) ) ;
#245 = CARTESIAN_POINT ( 'NONE',  ( -2.103300191220294657, 2.514506959452106116, 0.08369644026507434831 ) ) ;
#246 = CIRCLE ( 'NONE', #1868, 0.2500000000000003886 ) ;
#247 = LINE ( 'NONE', #2945, #2479 ) ;
#248 = CIRCLE ( 'NONE', #1026, 0.2999999999999999334 ) ;
#249 = ORIENTED_EDGE ( 'NONE', *, *, #2890, .F. ) ;
#250 = DIRECTION ( 'NONE',  ( 0.000000000000000000, -1.000000000000000000, 0.000000000000000000 ) ) ;
#251 = ORIENTED_EDGE ( 'NONE', *, *, #2133, .T. ) ;
#252 = VERTEX_POINT ( 'NONE', #1969 ) ;
#253 = CARTESIAN_POINT ( 'NONE',  ( -0.9999999999999995559, 1.302229073219968614, 0.000000000000000000 ) ) ;
#254 = EDGE_CURVE ( 'NONE', #3466, #145, #3356, .T. ) ;
#255 = DIRECTION ( 'NONE',  ( 0.8499859302578145481, 0.4907396056417466790, 0.1915686765062101782 ) ) ;
#256 = ORIENTED_EDGE ( 'NONE', *, *, #3011, .T. ) ;
#257 = CARTESIAN_POINT ( 'NONE',  ( 2.078126959570732790, 3.006940475009486580, -0.6000000000000048628 ) ) ;
#258 = AXIS2_PLACEMENT_3D ( 'NONE', #2418, #1570, #3230 ) ;
#259 = CARTESIAN_POINT ( 'NONE',  ( -2.750000000000000888, -9.000000000000000000, 0.000000000000000000 ) ) ;
#260 = CARTESIAN_POINT ( 'NONE',  ( -2.535405829993467197, 2.509676566445496082, 0.2004392239778205465 ) ) ;
#261 = CIRCLE ( 'NONE', #2222, 0.2999999999999999334 ) ;
#262 = DIRECTION ( 'NONE',  ( 0.000000000000000000, 0.000000000000000000, 1.000000000000000000 ) ) ;
#263 = LINE ( 'NONE', #1366, #2646 ) ;
#264 = VERTEX_POINT ( 'NONE', #3017 ) ;
#265 = CARTESIAN_POINT ( 'NONE',  ( 2.449999999999999734, 4.381755167708339727, 1.118716226900177357 ) ) ;
#266 = VECTOR ( 'NONE', #853, 1000.000000000000000 ) ;
#267 = CARTESIAN_POINT ( 'NONE',  ( 2.043994103078073721, 2.584205124924309871, -7.411233236672927599E-13 ) ) ;
#268 = VERTEX_POINT ( 'NONE', #617 ) ;
#269 = CARTESIAN_POINT ( 'NONE',  ( -2.750000000000000444, 3.804738319268580860, -1.189018300026190245 ) ) ;
#270 = CARTESIAN_POINT ( 'NONE',  ( -2.449999999999999734, 3.293280582485998753, 0.7826577067908028207 ) ) ;
#271 = ADVANCED_FACE ( 'NONE', ( #1688 ), #2116, .T. ) ;
#272 = FACE_OUTER_BOUND ( 'NONE', #2914, .T. ) ;
#273 = EDGE_CURVE ( 'NONE', #2722, #3302, #2051, .T. ) ;
#274 = ORIENTED_EDGE ( 'NONE', *, *, #408, .F. ) ;
#275 = FACE_OUTER_BOUND ( 'NONE', #117, .T. ) ;
#276 = CARTESIAN_POINT ( 'NONE',  ( -2.036374661100725625, 2.629509175457174219, 0.07763514088467086960 ) ) ;
#277 = CARTESIAN_POINT ( 'NONE',  ( 1.612614749702347750, 6.534279180519441788, -1.831563755154198336 ) ) ;
#278 = EDGE_CURVE ( 'NONE', #3302, #1992, #2562, .T. ) ;
#279 = CARTESIAN_POINT ( 'NONE',  ( -2.750000000000000888, 2.506940475009473701, -0.2999999999999999889 ) ) ;
#280 = DIRECTION ( 'NONE',  ( -0.000000000000000000, -0.000000000000000000, 1.000000000000000000 ) ) ;
#281 = EDGE_CURVE ( 'NONE', #252, #2388, #2016, .T. ) ;
#282 = ORIENTED_EDGE ( 'NONE', *, *, #995, .F. ) ;
#283 = CARTESIAN_POINT ( 'NONE',  ( -1.375000000000000444, 5.256569860407206640, 1.700000000000000178 ) ) ;
#284 = CARTESIAN_POINT ( 'NONE',  ( 1.716666666666667229, 1.302229073219968614, 0.000000000000000000 ) ) ;
#285 = CIRCLE ( 'NONE', #2249, 0.2999999999999999334 ) ;
#286 = ORIENTED_EDGE ( 'NONE', *, *, #3075, .F. ) ;
#287 = CARTESIAN_POINT ( 'NONE',  ( 0.000000000000000000, 7.000000000000001776, -0.8947095812216140365 ) ) ;
#288 = DIRECTION ( 'NONE',  ( 1.000000000000000000, 0.000000000000000000, 0.000000000000000000 ) ) ;
#289 = CARTESIAN_POINT ( 'NONE',  ( -2.327275356585331245, 2.508424658543372487, -0.3093412612418868224 ) ) ;
#290 = ORIENTED_EDGE ( 'NONE', *, *, #574, .T. ) ;
#291 = DIRECTION ( 'NONE',  ( 0.000000000000000000, 0.000000000000000000, 1.000000000000000000 ) ) ;
#292 = DIRECTION ( 'NONE',  ( -0.6601586994634311978, 0.7511261488743092851, 0.000000000000000000 ) ) ;
#293 = CARTESIAN_POINT ( 'NONE',  ( -2.567494338109296059, 2.506940475009473701, 0.07390449046904865038 ) ) ;
#294 = CARTESIAN_POINT ( 'NONE',  ( 2.450000000000000622, 5.256569860407206640, -1.700000000000000178 ) ) ;
#295 = AXIS2_PLACEMENT_3D ( 'NONE', #1693, #1376, #1640 ) ;
#296 = DIRECTION ( 'NONE',  ( -1.000000000000000000, 0.000000000000000000, 5.244771456314496368E-13 ) ) ;
#297 = EDGE_CURVE ( 'NONE', #3195, #1126, #50, .T. ) ;
#298 = AXIS2_PLACEMENT_3D ( 'NONE', #1027, #2690, #1873 ) ;
#299 = ORIENTED_EDGE ( 'NONE', *, *, #2544, .F. ) ;
#300 = CARTESIAN_POINT ( 'NONE',  ( -1.961139748756348444, -7.824555232024774898E-18, 0.000000000000000000 ) ) ;
#301 = AXIS2_PLACEMENT_3D ( 'NONE', #3004, #1409, #358 ) ;
#302 = CARTESIAN_POINT ( 'NONE',  ( 1.375000000000000444, 5.256569860407206640, 1.700000000000000178 ) ) ;
#303 = ORIENTED_EDGE ( 'NONE', *, *, #647, .F. ) ;
#304 = CARTESIAN_POINT ( 'NONE',  ( 2.367934015254000713, 6.226788565779515672, -1.699999999999999734 ) ) ;
#305 = CARTESIAN_POINT ( 'NONE',  ( 2.362390692983801443, 2.369275541020908094, -0.1569318146936036773 ) ) ;
#306 = ORIENTED_EDGE ( 'NONE', *, *, #2952, .F. ) ;
#307 = CARTESIAN_POINT ( 'NONE',  ( -2.665377115057799617, 2.586326492245643482, -0.01130230283166493502 ) ) ;
#308 = CARTESIAN_POINT ( 'NONE',  ( 2.388561481102315920, 2.537616321595504321, 0.3570666624218195029 ) ) ;
#309 = DIRECTION ( 'NONE',  ( 0.000000000000000000, 0.000000000000000000, 1.000000000000000000 ) ) ;
#310 = CARTESIAN_POINT ( 'NONE',  ( -2.316280530781340108, 2.506940475009473701, 0.3009668814495892186 ) ) ;
#311 = EDGE_CURVE ( 'NONE', #3398, #734, #2010, .T. ) ;
#312 = DIRECTION ( 'NONE',  ( 0.000000000000000000, 0.9926594808636931555, 0.1209427759373137568 ) ) ;
#313 = CIRCLE ( 'NONE', #483, 0.2500000000000003886 ) ;
#314 = ADVANCED_FACE ( 'NONE', ( #2575 ), #1792, .T. ) ;
#315 = ORIENTED_EDGE ( 'NONE', *, *, #1531, .F. ) ;
#316 = CARTESIAN_POINT ( 'NONE',  ( -2.240102708768680451, 5.894709581221616368, -2.000000000000000000 ) ) ;
#317 = B_SPLINE_CURVE_WITH_KNOTS ( 'NONE', 3,
 ( #3238, #1410, #2741, #1165 ),
 .UNSPECIFIED., .F., .F.,
 ( 4, 4 ),
 ( 0.000000000000000000, 0.0005572542958554541504 ),
 .UNSPECIFIED. ) ;
#318 = CARTESIAN_POINT ( 'NONE',  ( -2.187029309080627204, 2.506940475009473701, 0.2080634124586479006 ) ) ;
#319 = EDGE_LOOP ( 'NONE', ( #2129, #179, #1813, #691 ) ) ;
#320 = CARTESIAN_POINT ( 'NONE',  ( 2.456263222768098498, 2.506940475009474145, 0.3000000000024833913 ) ) ;
#321 = DIRECTION ( 'NONE',  ( -1.272169411489506286E-15, -0.7019769727693436767, -0.7121996417449171224 ) ) ;
#322 = VERTEX_POINT ( 'NONE', #954 ) ;
#323 = ORIENTED_EDGE ( 'NONE', *, *, #1477, .T. ) ;
#324 = CARTESIAN_POINT ( 'NONE',  ( -1.737565173839931809, 3.149787339239030093, -0.6685086073886866709 ) ) ;
#325 = AXIS2_PLACEMENT_3D ( 'NONE', #2640, #1013, #815 ) ;
#326 = CARTESIAN_POINT ( 'NONE',  ( 2.656857473593301489, 2.541505864855980512, -0.03617878454258784127 ) ) ;
#327 = CARTESIAN_POINT ( 'NONE',  ( -1.336891193966208036, 1.909996875465409305, 3.061616997868387948E-17 ) ) ;
#328 = CARTESIAN_POINT ( 'NONE',  ( -2.090320593268286675, 2.506940475009473257, 0.1398762612840014075 ) ) ;
#329 = DIRECTION ( 'NONE',  ( 0.000000000000000000, 0.000000000000000000, 1.000000000000000000 ) ) ;
#330 = B_SPLINE_CURVE_WITH_KNOTS ( 'NONE', 3,
 ( #1910, #1398, #1700, #576 ),
 .UNSPECIFIED., .F., .F.,
 ( 4, 4 ),
 ( 0.000000000000000000, 0.0005391881735618089290 ),
 .UNSPECIFIED. ) ;
#331 = ADVANCED_FACE ( 'NONE', ( #1736 ), #2396, .T. ) ;
#332 = ORIENTED_EDGE ( 'NONE', *, *, #444, .F. ) ;
#333 = FACE_OUTER_BOUND ( 'NONE', #836, .T. ) ;
#334 = CARTESIAN_POINT ( 'NONE',  ( -2.230569874378176554, 0.4666666666666664520, 0.000000000000000000 ) ) ;
#335 = ORIENTED_EDGE ( 'NONE', *, *, #2401, .T. ) ;
#336 = FILL_AREA_STYLE_COLOUR ( '', #513 ) ;
#337 = DIRECTION ( 'NONE',  ( -1.000000000000000000, 0.000000000000000000, 0.000000000000000000 ) ) ;
#338 = EDGE_CURVE ( 'NONE', #1704, #2123, #3387, .T. ) ;
#339 = CARTESIAN_POINT ( 'NONE',  ( -2.736999764742074515, 3.103350741308485539, -0.6307549681040369727 ) ) ;
#340 = AXIS2_PLACEMENT_3D ( 'NONE', #842, #1643, #2956 ) ;
#341 = VERTEX_POINT ( 'NONE', #140 ) ;
#342 = VERTEX_POINT ( 'NONE', #173 ) ;
#343 = CARTESIAN_POINT ( 'NONE',  ( -2.481526720518079099, 6.072795084704707413, -1.700000000000000178 ) ) ;
#344 = EDGE_CURVE ( 'NONE', #2796, #2851, #439, .T. ) ;
#345 = AXIS2_PLACEMENT_3D ( 'NONE', #2440, #567, #1071 ) ;
#346 = CARTESIAN_POINT ( 'NONE',  ( 2.750000000000000444, 3.804738319268580860, -1.189018300026190245 ) ) ;
#347 = DIRECTION ( 'NONE',  ( 1.000000000000000000, 0.000000000000000000, 0.000000000000000000 ) ) ;
#348 = LINE ( 'NONE', #2208, #2188 ) ;
#349 = DIRECTION ( 'NONE',  ( 0.000000000000000000, 1.000000000000000000, 0.000000000000000000 ) ) ;
#350 = ORIENTED_EDGE ( 'NONE', *, *, #2090, .F. ) ;
#351 = CIRCLE ( 'NONE', #2314, 0.2999999999999998779 ) ;
#352 = CARTESIAN_POINT ( 'NONE',  ( -2.649999999999999467, 2.506940475009473701, -2.000000000000000000 ) ) ;
#353 = CIRCLE ( 'NONE', #1310, 0.5812837730998230423 ) ;
#354 = DIRECTION ( 'NONE',  ( 0.000000000000000000, 1.000000000000000000, 0.000000000000000000 ) ) ;
#355 = ORIENTED_EDGE ( 'NONE', *, *, #1304, .T. ) ;
#356 = CARTESIAN_POINT ( 'NONE',  ( 2.433203980775002773, 3.006940475009473701, 0.5999999999999996447 ) ) ;
#357 = CIRCLE ( 'NONE', #1764, 0.2500000000000003886 ) ;
#358 = DIRECTION ( 'NONE',  ( 1.000000000000000000, 0.000000000000000000, 0.000000000000000000 ) ) ;
#359 = CARTESIAN_POINT ( 'NONE',  ( 1.549999999999999378, 3.149787339239029649, 0.6685086073886865599 ) ) ;
#360 = CIRCLE ( 'NONE', #83, 0.2500000000000003886 ) ;
#361 = ORIENTED_EDGE ( 'NONE', *, *, #453, .F. ) ;
#362 = ORIENTED_EDGE ( 'NONE', *, *, #1159, .T. ) ;
#363 = CARTESIAN_POINT ( 'NONE',  ( -2.450000000000000178, 3.506940475009473257, -1.225301132807386839 ) ) ;
#364 = B_SPLINE_CURVE_WITH_KNOTS ( 'NONE', 3,
 ( #2373, #1851, #2079, #2884 ),
 .UNSPECIFIED., .F., .F.,
 ( 4, 4 ),
 ( 0.001002182342263028148, 0.001072985206848097936 ),
 .UNSPECIFIED. ) ;
#365 = EDGE_CURVE ( 'NONE', #65, #2409, #2311, .T. ) ;
#366 = DIRECTION ( 'NONE',  ( -0.000000000000000000, -1.000000000000000000, -0.000000000000000000 ) ) ;
#367 = CARTESIAN_POINT ( 'NONE',  ( 1.912500000000000533, 6.296639832727858987, 1.924330376838829793 ) ) ;
#368 = FACE_OUTER_BOUND ( 'NONE', #727, .T. ) ;
#369 = DIRECTION ( 'NONE',  ( 0.000000000000000000, 0.000000000000000000, 1.000000000000000000 ) ) ;
#370 =( BOUNDED_SURFACE ( )  B_SPLINE_SURFACE ( 3, 2, ( 
 ( #1073, #2149, #1821 ),
 ( #1309, #2954, #554 ),
 ( #2097, #3201, #1559 ),
 ( #3167, #2113, #2686 ),
 ( #2635, #790, #289 ),
 ( #3184, #755, #2620 ) ),
 .UNSPECIFIED., .F., .F., .T. ) 
 B_SPLINE_SURFACE_WITH_KNOTS ( ( 4, 2, 4 ),
 ( 3, 3 ),
 ( 0.001520483651968397012, 0.001838370869678789682, 0.002156258087389182135 ),
 ( 0.000000000000000000, 1.000000000000000000 ),
 .UNSPECIFIED. ) 
 GEOMETRIC_REPRESENTATION_ITEM ( )  RATIONAL_B_SPLINE_SURFACE ( (
 ( 1.000000000000000000, 0.7914009927345272422, 1.000000000000000000),
 ( 1.000000000000000000, 0.7962283222696503460, 1.000000000000000000),
 ( 1.000000000000000000, 0.7962501621343180958, 1.000000000000000000),
 ( 1.000000000000000000, 0.7816496832808339512, 1.000000000000000000),
 ( 1.000000000000000000, 0.7671547367234778925, 1.000000000000000000),
 ( 1.000000000000000000, 0.7482416608585881201, 1.000000000000000000) ) ) 
 REPRESENTATION_ITEM ( '' )  SURFACE ( )  );
#371 = ORIENTED_EDGE ( 'NONE', *, *, #1263, .F. ) ;
#372 = DIRECTION ( 'NONE',  ( 0.000000000000000000, -0.000000000000000000, -1.000000000000000000 ) ) ;
#373 = AXIS2_PLACEMENT_3D ( 'NONE', #283, #3427, #1015 ) ;
#374 = CARTESIAN_POINT ( 'NONE',  ( 2.736999764742070518, 3.103350741308488647, 0.6307549681040872658 ) ) ;
#375 = AXIS2_PLACEMENT_3D ( 'NONE', #3416, #1291, #2867 ) ;
#376 = CARTESIAN_POINT ( 'NONE',  ( 2.449999999999999734, 5.256569860407206640, 2.000000000000000000 ) ) ;
#377 = EDGE_LOOP ( 'NONE', ( #2174, #3114, #1836, #249 ) ) ;
#378 = CARTESIAN_POINT ( 'NONE',  ( 1.549999999999999378, 3.006940475009473257, 0.4129643021938407266 ) ) ;
#379 = FILL_AREA_STYLE ('',( #587 ) ) ;
#380 = ADVANCED_FACE ( 'NONE', ( #2052 ), #870, .T. ) ;
#381 = ORIENTED_EDGE ( 'NONE', *, *, #128, .F. ) ;
#382 = VERTEX_POINT ( 'NONE', #2818 ) ;
#383 = CARTESIAN_POINT ( 'NONE',  ( -2.316280530781339664, 2.506940475009473701, 0.2548358284840499532 ) ) ;
#384 = FACE_OUTER_BOUND ( 'NONE', #2990, .T. ) ;
#385 = EDGE_CURVE ( 'NONE', #3024, #101, #387, .T. ) ;
#386 = CARTESIAN_POINT ( 'NONE',  ( 2.150520884084564432, 6.061394228788302030, 2.000000000000000000 ) ) ;
#387 = LINE ( 'NONE', #1259, #1729 ) ;
#388 = DIRECTION ( 'NONE',  ( 0.8660254037844388186, 0.4999999999999997224, 0.000000000000000000 ) ) ;
#389 = CARTESIAN_POINT ( 'NONE',  ( -1.673919781565396558, 2.995078228976095769, 0.4007139480821295674 ) ) ;
#390 = EDGE_CURVE ( 'NONE', #1766, #1830, #2734, .T. ) ;
#391 = CARTESIAN_POINT ( 'NONE',  ( -2.418209845750527442, 2.784156087349219710, 0.5204341472641950128 ) ) ;
#392 = EDGE_CURVE ( 'NONE', #2761, #734, #3358, .T. ) ;
#393 = CARTESIAN_POINT ( 'NONE',  ( -2.750000000000000000, 0.000000000000000000, 0.000000000000000000 ) ) ;
#394 = AXIS2_PLACEMENT_3D ( 'NONE', #294, #2226, #2187 ) ;
#395 = DIRECTION ( 'NONE',  ( -0.000000000000000000, -0.000000000000000000, -1.000000000000000000 ) ) ;
#396 = ORIENTED_EDGE ( 'NONE', *, *, #1263, .T. ) ;
#397 = CARTESIAN_POINT ( 'NONE',  ( -2.750000000000000888, 3.506940475009473701, -0.7999999999999996003 ) ) ;
#398 = CARTESIAN_POINT ( 'NONE',  ( 0.000000000000000000, 7.000000000000001776, 0.8947095812216140365 ) ) ;
#399 = ORIENTED_EDGE ( 'NONE', *, *, #1784, .T. ) ;
#400 = VERTEX_POINT ( 'NONE', #3335 ) ;
#401 = FACE_OUTER_BOUND ( 'NONE', #2752, .T. ) ;
#402 = CIRCLE ( 'NONE', #2356, 0.2999999999999999334 ) ;
#403 = CARTESIAN_POINT ( 'NONE',  ( -2.387143312442184140, 2.506940475009473701, 0.2548358284840488985 ) ) ;
#404 = DIRECTION ( 'NONE',  ( 1.000000000000000000, 0.000000000000000000, 0.000000000000000000 ) ) ;
#405 = CARTESIAN_POINT ( 'NONE',  ( 0.000000000000000000, 7.000000000000001776, 0.8947095812216140365 ) ) ;
#406 = CARTESIAN_POINT ( 'NONE',  ( -2.596012199204525750, 2.511017287582912871, 0.07933754042742530155 ) ) ;
#407 = DIRECTION ( 'NONE',  ( 1.000000000000000000, -0.000000000000000000, -0.000000000000000000 ) ) ;
#408 = EDGE_CURVE ( 'NONE', #135, #55, #609, .T. ) ;
#409 = CARTESIAN_POINT ( 'NONE',  ( -2.732143179560791335, 3.082635136367830153, 0.3174774265215478120 ) ) ;
#410 = EDGE_LOOP ( 'NONE', ( #2247, #151, #786, #299 ) ) ;
#411 =( BOUNDED_SURFACE ( )  B_SPLINE_SURFACE ( 3, 2, ( 
 ( #573, #1434, #2765 ),
 ( #2745, #1697, #119 ),
 ( #591, #2707, #1148 ),
 ( #2482, #2223, #2992 ) ),
 .UNSPECIFIED., .F., .F., .T. ) 
 B_SPLINE_SURFACE_WITH_KNOTS ( ( 4, 4 ),
 ( 3, 3 ),
 ( 0.000000000000000000, 0.0004434500954620845987 ),
 ( 0.000000000000000000, 1.000000000000000000 ),
 .UNSPECIFIED. ) 
 GEOMETRIC_REPRESENTATION_ITEM ( )  RATIONAL_B_SPLINE_SURFACE ( (
 ( 1.000000000000000000, 0.7071067811865475727, 1.000000000000000000),
 ( 1.000000000000000000, 0.7387549867232550138, 1.000000000000000000),
 ( 1.000000000000000000, 0.7788124115926897684, 1.000000000000000000),
 ( 1.000000000000000000, 0.8108401175561281704, 1.000000000000000000) ) ) 
 REPRESENTATION_ITEM ( '' )  SURFACE ( )  );
#412 = CARTESIAN_POINT ( 'NONE',  ( 2.433203980775002773, 3.006940475009473257, -0.5999999999999999778 ) ) ;
#413 = DIRECTION ( 'NONE',  ( 1.000000000000000000, -0.000000000000000000, -0.000000000000000000 ) ) ;
#414 = AXIS2_PLACEMENT_3D ( 'NONE', #189, #1491, #1258 ) ;
#415 = ORIENTED_EDGE ( 'NONE', *, *, #2464, .F. ) ;
#416 = ORIENTED_EDGE ( 'NONE', *, *, #183, .T. ) ;
#417 = VECTOR ( 'NONE', #1063, 1000.000000000000000 ) ;
#418 = CARTESIAN_POINT ( 'NONE',  ( 1.880079349731708760, 2.882503549446633340, -0.3174774265215513647 ) ) ;
#419 = CARTESIAN_POINT ( 'NONE',  ( -2.036393402084052617, 2.629398302306961366, -0.07744545254147322533 ) ) ;
#420 = B_SPLINE_CURVE_WITH_KNOTS ( 'NONE', 3,
 ( #813, #2960, #2397, #3 ),
 .UNSPECIFIED., .F., .F.,
 ( 4, 4 ),
 ( -4.997574808674664608E-06, 0.0002373261037411530895 ),
 .UNSPECIFIED. ) ;
#421 = CARTESIAN_POINT ( 'NONE',  ( -1.841037703238988632, 2.932986059537677548, 0.5518885734887457595 ) ) ;
#422 = CARTESIAN_POINT ( 'NONE',  ( 2.155882492167513931, 6.051417925228292916, -2.000000000000001776 ) ) ;
#423 = DIRECTION ( 'NONE',  ( 0.000000000000000000, 0.000000000000000000, 1.000000000000000000 ) ) ;
#424 = FACE_OUTER_BOUND ( 'NONE', #3095, .T. ) ;
#425 = ADVANCED_FACE ( 'NONE', ( #3422 ), #524, .T. ) ;
#426 = FACE_OUTER_BOUND ( 'NONE', #2813, .T. ) ;
#427 = EDGE_CURVE ( 'NONE', #3202, #264, #2086, .T. ) ;
#428 = DIRECTION ( 'NONE',  ( 0.8660254037844377084, 0.5000000000000016653, 0.000000000000000000 ) ) ;
#429 = ORIENTED_EDGE ( 'NONE', *, *, #3237, .F. ) ;
#430 = VECTOR ( 'NONE', #1584, 1000.000000000000000 ) ;
#431 = CARTESIAN_POINT ( 'NONE',  ( 2.080801901110664431, 2.424276442956252442, 0.2270470411180789683 ) ) ;
#432 = DIRECTION ( 'NONE',  ( 0.000000000000000000, 1.000000000000000000, 0.000000000000000000 ) ) ;
#433 = CIRCLE ( 'NONE', #866, 0.2500000000000003886 ) ;
#434 = ORIENTED_EDGE ( 'NONE', *, *, #2118, .F. ) ;
#435 = ORIENTED_EDGE ( 'NONE', *, *, #2401, .F. ) ;
#436 = ORIENTED_EDGE ( 'NONE', *, *, #41, .T. ) ;
#437 = CARTESIAN_POINT ( 'NONE',  ( 1.716666666666667229, 1.302229073219968614, 0.000000000000000000 ) ) ;
#438 = CARTESIAN_POINT ( 'NONE',  ( -2.665827438479948519, 2.588758656827655269, 0.01373712374811116368 ) ) ;
#439 = LINE ( 'NONE', #1239, #3069 ) ;
#440 = CARTESIAN_POINT ( 'NONE',  ( -2.387143312440485499, 2.542033830134133421, 0.3309090001743790754 ) ) ;
#441 = DIRECTION ( 'NONE',  ( 0.8480480961564292874, 0.5299192642331994607, 0.000000000000000000 ) ) ;
#442 = CARTESIAN_POINT ( 'NONE',  ( -2.665377115057807167, 2.586326492245685227, 0.01130230283170638970 ) ) ;
#443 = CIRCLE ( 'NONE', #394, 0.2999999999999999334 ) ;
#444 = EDGE_CURVE ( 'NONE', #1035, #1125, #765, .T. ) ;
#445 = CARTESIAN_POINT ( 'NONE',  ( -1.961139748756348444, -7.824555232024774898E-18, 0.000000000000000000 ) ) ;
#446 = EDGE_LOOP ( 'NONE', ( #3178, #997, #858, #1677 ) ) ;
#447 = CARTESIAN_POINT ( 'NONE',  ( -2.307667995011192907, 2.586051903751183101, -0.3719194806742810999 ) ) ;
#448 = CARTESIAN_POINT ( 'NONE',  ( -1.549999999999999378, 3.006940475009473701, -0.4129643021938411707 ) ) ;
#449 = ORIENTED_EDGE ( 'NONE', *, *, #2212, .F. ) ;
#450 = ORIENTED_EDGE ( 'NONE', *, *, #3014, .F. ) ;
#451 = CARTESIAN_POINT ( 'NONE',  ( -2.237657749932680407, 2.538253567551806089, 0.3276836297118085328 ) ) ;
#452 = CARTESIAN_POINT ( 'NONE',  ( -2.043006648591633834, 2.590273808342806738, -0.01050895371351580343 ) ) ;
#453 = EDGE_CURVE ( 'NONE', #55, #899, #2619, .T. ) ;
#454 = B_SPLINE_CURVE_WITH_KNOTS ( 'NONE', 3,
 ( #452, #419, #1523, #1489, #2586, #951 ),
 .UNSPECIFIED., .F., .F.,
 ( 4, 2, 4 ),
 ( 0.0001916279797911258232, 0.0004263185483335709520, 0.0006610091168760160807 ),
 .UNSPECIFIED. ) ;
#455 = CARTESIAN_POINT ( 'NONE',  ( 1.700493858898816768, 3.006940416124864512, 0.5806614598866185473 ) ) ;
#456 = CARTESIAN_POINT ( 'NONE',  ( 0.3292075618782809854, 6.981736908561981814, 1.101425332953701819 ) ) ;
#457 = ADVANCED_FACE ( 'NONE', ( #1300 ), #2001, .T. ) ;
#458 = DIRECTION ( 'NONE',  ( 1.000000000000000000, 0.000000000000000000, 0.000000000000000000 ) ) ;
#459 = LINE ( 'NONE', #2232, #3440 ) ;
#460 = B_SPLINE_CURVE_WITH_KNOTS ( 'NONE', 3,
 ( #1080, #1097, #225, #2625, #559, #244 ),
 .UNSPECIFIED., .F., .F.,
 ( 4, 2, 4 ),
 ( 0.000000000000000000, 0.0002176593178111197715, 0.0004353186356222394347 ),
 .UNSPECIFIED. ) ;
#461 = ORIENTED_EDGE ( 'NONE', *, *, #1320, .T. ) ;
#462 = CARTESIAN_POINT ( 'NONE',  ( -2.100220973875779773, 2.515906877563447885, 0.01050895372699018997 ) ) ;
#463 = VERTEX_POINT ( 'NONE', #2366 ) ;
#464 = VERTEX_POINT ( 'NONE', #1875 ) ;
#465 = CARTESIAN_POINT ( 'NONE',  ( -2.026575086699501149, 6.468096048975468193, -1.857399483045644617 ) ) ;
#466 = CARTESIAN_POINT ( 'NONE',  ( -0.3520720119311098739, 6.988726564359390103, -1.044511507341068679 ) ) ;
#467 = AXIS2_PLACEMENT_3D ( 'NONE', #825, #640, #63 ) ;
#468 = CARTESIAN_POINT ( 'NONE',  ( -2.460999900854895728, 2.506940475009473701, 0.2991471290269832606 ) ) ;
#469 = CIRCLE ( 'NONE', #1023, 0.2500000000000003886 ) ;
#470 = EDGE_CURVE ( 'NONE', #264, #1031, #159, .T. ) ;
#471 = ORIENTED_EDGE ( 'NONE', *, *, #1848, .T. ) ;
#472 = CARTESIAN_POINT ( 'NONE',  ( -2.617070163908214564, 2.506940475009473701, -0.1435053672116207435 ) ) ;
#473 = AXIS2_PLACEMENT_3D ( 'NONE', #1566, #747, #1459 ) ;
#474 = CARTESIAN_POINT ( 'NONE',  ( -2.382454451940491325, 2.506940475009473701, -0.2999999999999999889 ) ) ;
#475 = CARTESIAN_POINT ( 'NONE',  ( -2.350000000000000533, 2.506940475009471925, 0.000000000000000000 ) ) ;
#476 = CARTESIAN_POINT ( 'NONE',  ( -2.224262783328514903, 6.353961004111229549, -1.673372270623450841 ) ) ;
#477 = ORIENTED_EDGE ( 'NONE', *, *, #647, .T. ) ;
#478 = CARTESIAN_POINT ( 'NONE',  ( -2.201939990978800665, 2.843576451732326316, -0.5341786874477567615 ) ) ;
#479 = VERTEX_POINT ( 'NONE', #2349 ) ;
#480 = ORIENTED_EDGE ( 'NONE', *, *, #2969, .T. ) ;
#481 = DIRECTION ( 'NONE',  ( 1.000000000000000000, 0.000000000000000000, 0.000000000000000000 ) ) ;
#482 = CARTESIAN_POINT ( 'NONE',  ( -2.080116876825827354, 2.472422047860907579, 0.2744312050561736327 ) ) ;
#483 = AXIS2_PLACEMENT_3D ( 'NONE', #3289, #60, #3268 ) ;
#484 = EDGE_CURVE ( 'NONE', #2920, #1246, #2420, .T. ) ;
#485 = CYLINDRICAL_SURFACE ( 'NONE', #2926, 0.8812837730998227537 ) ;
#486 = ORIENTED_EDGE ( 'NONE', *, *, #3021, .F. ) ;
#487 = CARTESIAN_POINT ( 'NONE',  ( 2.062500000000000444, 6.447354790610810404, 1.644868767982617497 ) ) ;
#488 = CARTESIAN_POINT ( 'NONE',  ( -1.250000000000000000, 1.302229073219968614, 0.000000000000000000 ) ) ;
#489 = CARTESIAN_POINT ( 'NONE',  ( 1.549999999999999378, 3.006940475009473257, 0.4129643021938407266 ) ) ;
#490 = LINE ( 'NONE', #279, #2173 ) ;
#491 = EDGE_CURVE ( 'NONE', #1601, #1864, #996, .T. ) ;
#492 = VECTOR ( 'NONE', #3071, 1000.000000000000000 ) ;
#493 = AXIS2_PLACEMENT_3D ( 'NONE', #2838, #648, #2801 ) ;
#494 = EDGE_CURVE ( 'NONE', #948, #514, #1631, .T. ) ;
#495 = ORIENTED_EDGE ( 'NONE', *, *, #2785, .T. ) ;
#496 = CARTESIAN_POINT ( 'NONE',  ( -2.599622297543968230, 2.512242076111192102, 0.01373712374811106827 ) ) ;
#497 = ORIENTED_EDGE ( 'NONE', *, *, #227, .F. ) ;
#498 = ORIENTED_EDGE ( 'NONE', *, *, #1112, .F. ) ;
#499 = CARTESIAN_POINT ( 'NONE',  ( 2.663303882850233339, 2.575213816335485628, -6.789316715465979592E-18 ) ) ;
#500 = CARTESIAN_POINT ( 'NONE',  ( 2.481526720518079099, 6.072795084704708302, -1.700000000000000178 ) ) ;
#501 = B_SPLINE_CURVE_WITH_KNOTS ( 'NONE', 3,
 ( #127, #1190, #2269, #210, #1282, #489 ),
 .UNSPECIFIED., .F., .F.,
 ( 4, 2, 4 ),
 ( 0.000000000000000000, 0.0001883689446418839039, 0.0003767378892837678077 ),
 .UNSPECIFIED. ) ;
#502 = DIRECTION ( 'NONE',  ( 0.000000000000000000, 0.000000000000000000, -1.000000000000000000 ) ) ;
#503 = EDGE_LOOP ( 'NONE', ( #1017, #1286, #2672, #873 ) ) ;
#504 = DIRECTION ( 'NONE',  ( -0.000000000000000000, -0.000000000000000000, 1.000000000000000000 ) ) ;
#505 = CARTESIAN_POINT ( 'NONE',  ( -1.973842230800783915, 2.778309751003614103, 0.2476443332507779760 ) ) ;
#506 = CARTESIAN_POINT ( 'NONE',  ( -1.608333333333333171, 1.114590235733340373, 0.000000000000000000 ) ) ;
#507 = DIRECTION ( 'NONE',  ( 1.000000000000000000, -0.000000000000000000, -0.000000000000000000 ) ) ;
#508 = DIRECTION ( 'NONE',  ( -1.000000000000000000, 0.000000000000000000, 0.000000000000000000 ) ) ;
#509 = AXIS2_PLACEMENT_3D ( 'NONE', #3276, #1940, #827 ) ;
#510 = EDGE_CURVE ( 'NONE', #341, #719, #214, .T. ) ;
#511 = ORIENTED_EDGE ( 'NONE', *, *, #2305, .F. ) ;
#512 = CARTESIAN_POINT ( 'NONE',  ( -2.567494221876385652, 2.606940475009473346, 0.01373712374811120358 ) ) ;
#513 = COLOUR_RGB ( '',0.000000000000000000, 0.000000000000000000, 1.000000000000000000 ) ;
#514 = VERTEX_POINT ( 'NONE', #2924 ) ;
#515 = ORIENTED_EDGE ( 'NONE', *, *, #1317, .F. ) ;
#516 = CARTESIAN_POINT ( 'NONE',  ( -2.567494221876384319, 2.506940475009473701, -2.000000000000000000 ) ) ;
#517 = FILL_AREA_STYLE ('',( #1852 ) ) ;
#518 = DIRECTION ( 'NONE',  ( 1.000000000000000000, -0.000000000000000000, -0.000000000000000000 ) ) ;
#519 = EDGE_LOOP ( 'NONE', ( #1846, #1058, #1373, #2074 ) ) ;
#520 = CARTESIAN_POINT ( 'NONE',  ( 0.9999999999999995559, 1.302229073219968614, 0.000000000000000000 ) ) ;
#521 = CARTESIAN_POINT ( 'NONE',  ( 1.998149173917193933, 2.323196720842247043, -3.061616997868387948E-17 ) ) ;
#522 = AXIS2_PLACEMENT_3D ( 'NONE', #1116, #2189, #329 ) ;
#523 = DIRECTION ( 'NONE',  ( -0.000000000000000000, 0.000000000000000000, 1.000000000000000000 ) ) ;
#524 = CYLINDRICAL_SURFACE ( 'NONE', #325, 0.2999999999999999889 ) ;
#525 = VECTOR ( 'NONE', #2608, 1000.000000000000000 ) ;
#526 = DIRECTION ( 'NONE',  ( 0.000000000000000000, 0.000000000000000000, 1.000000000000000000 ) ) ;
#527 = VECTOR ( 'NONE', #1909, 1000.000000000000000 ) ;
#528 = EDGE_CURVE ( 'NONE', #217, #3138, #490, .T. ) ;
#529 = B_SPLINE_CURVE_WITH_KNOTS ( 'NONE', 3,
 ( #3073, #2862, #478, #162, #447, #3344 ),
 .UNSPECIFIED., .F., .F.,
 ( 4, 2, 4 ),
 ( 0.000000000000000000, 0.0003254732720082406444, 0.0006509465440164812888 ),
 .UNSPECIFIED. ) ;
#530 = ORIENTED_EDGE ( 'NONE', *, *, #3278, .F. ) ;
#531 = CARTESIAN_POINT ( 'NONE',  ( 2.445883160151003377, 3.114826972843348862, 0.6385308920835255364 ) ) ;
#532 = ADVANCED_FACE ( 'NONE', ( #1348 ), #19, .F. ) ;
#533 = CARTESIAN_POINT ( 'NONE',  ( -2.449999999999999734, 5.256569860407206640, -2.000000000000000000 ) ) ;
#534 = ORIENTED_EDGE ( 'NONE', *, *, #616, .T. ) ;
#535 = CARTESIAN_POINT ( 'NONE',  ( -2.078126959570744781, 3.006940475009473257, -0.5999999999999999778 ) ) ;
#536 = ADVANCED_FACE ( 'NONE', ( #3174 ), #2907, .T. ) ;
#537 = DIRECTION ( 'NONE',  ( -0.5000000000000022204, 0.8660254037844372643, 0.000000000000000000 ) ) ;
#538 = EDGE_LOOP ( 'NONE', ( #1449, #1520, #891, #841 ) ) ;
#539 = CARTESIAN_POINT ( 'NONE',  ( 2.029997758492048554, 2.660810998122630000, -0.1231611716286612063 ) ) ;
#540 = ADVANCED_FACE ( 'NONE', ( #2121 ), #778, .T. ) ;
#541 = CARTESIAN_POINT ( 'NONE',  ( -1.883333333333332860, 2.506940475009473701, 0.000000000000000000 ) ) ;
#542 = CARTESIAN_POINT ( 'NONE',  ( -2.141607978309961080, 2.506940475009473701, -0.1381041827604736760 ) ) ;
#543 = AXIS2_PLACEMENT_3D ( 'NONE', #1196, #1164, #1178 ) ;
#544 = CARTESIAN_POINT ( 'NONE',  ( -2.750000000000000000, 3.506940475009473701, -2.000000000000000000 ) ) ;
#545 =( BOUNDED_SURFACE ( )  B_SPLINE_SURFACE ( 3, 2, ( 
 ( #1955, #2164, #2987 ),
 ( #3236, #1142, #3290 ),
 ( #1656, #2758, #98 ),
 ( #62, #1639, #305 ) ),
 .UNSPECIFIED., .F., .F., .T. ) 
 B_SPLINE_SURFACE_WITH_KNOTS ( ( 4, 4 ),
 ( 3, 3 ),
 ( 0.000000000000000000, 0.0006281782732173316411 ),
 ( 0.000000000000000000, 1.000000000000000000 ),
 .UNSPECIFIED. ) 
 GEOMETRIC_REPRESENTATION_ITEM ( )  RATIONAL_B_SPLINE_SURFACE ( (
 ( 1.000000000000000000, 0.7170283373182733122, 1.000000000000000000),
 ( 1.000000000000000000, 0.7267374956885256365, 1.000000000000000000),
 ( 1.000000000000000000, 0.7427923284345624433, 1.000000000000000000),
 ( 1.000000000000000000, 0.7570673079055739718, 1.000000000000000000) ) ) 
 REPRESENTATION_ITEM ( '' )  SURFACE ( )  );
#546 = CARTESIAN_POINT ( 'NONE',  ( -2.250000000000000444, -9.000000000000000000, 3.061616997868387948E-17 ) ) ;
#547 = ORIENTED_EDGE ( 'NONE', *, *, #344, .T. ) ;
#548 = CARTESIAN_POINT ( 'NONE',  ( 2.433203980775002773, 3.006940475009473701, 0.5999999999999996447 ) ) ;
#549 = AXIS2_PLACEMENT_3D ( 'NONE', #129, #428, #1193 ) ;
#550 = CARTESIAN_POINT ( 'NONE',  ( -2.750000000000000888, 3.006940475009473257, -0.5999999999999999778 ) ) ;
#551 = ORIENTED_EDGE ( 'NONE', *, *, #3231, .F. ) ;
#552 = CARTESIAN_POINT ( 'NONE',  ( -1.305126233592438512, 6.706410141046534434, -1.676099877866347843 ) ) ;
#553 = DIRECTION ( 'NONE',  ( -0.000000000000000000, -0.000000000000000000, -1.000000000000000000 ) ) ;
#554 = CARTESIAN_POINT ( 'NONE',  ( -2.156086317967575106, 2.921099867260297245, -0.5693426400903061069 ) ) ;
#555 = ORIENTED_EDGE ( 'NONE', *, *, #995, .T. ) ;
#556 = FACE_OUTER_BOUND ( 'NONE', #3002, .T. ) ;
#557 = EDGE_CURVE ( 'NONE', #2796, #1704, #443, .T. ) ;
#558 = CARTESIAN_POINT ( 'NONE',  ( 1.716666666666667229, 1.302229073219968614, -3.061616997868387948E-17 ) ) ;
#559 = CARTESIAN_POINT ( 'NONE',  ( 2.072484560419338706, 2.506940475009473701, 0.07132074186622355816 ) ) ;
#560 = CARTESIAN_POINT ( 'NONE',  ( -2.554026062165748012, 2.506940475009473701, 0.1365087386539400871 ) ) ;
#561 = CARTESIAN_POINT ( 'NONE',  ( -2.567494221876385652, 2.606940475009473346, 0.01373712374811120358 ) ) ;
#562 = ORIENTED_EDGE ( 'NONE', *, *, #365, .F. ) ;
#563 = DIRECTION ( 'NONE',  ( 0.000000000000000000, -1.000000000000000000, 3.388131789017207273E-16 ) ) ;
#564 = FACE_OUTER_BOUND ( 'NONE', #130, .T. ) ;
#565 = AXIS2_PLACEMENT_3D ( 'NONE', #1575, #2637, #2378 ) ;
#566 = VERTEX_POINT ( 'NONE', #1364 ) ;
#567 = DIRECTION ( 'NONE',  ( 0.000000000000000000, 1.000000000000000000, 0.000000000000000000 ) ) ;
#568 = CYLINDRICAL_SURFACE ( 'NONE', #1138, 0.2500000000000002220 ) ;
#569 = ADVANCED_FACE ( 'NONE', ( #2447 ), #2847, .T. ) ;
#570 = ORIENTED_EDGE ( 'NONE', *, *, #2720, .T. ) ;
#571 = FACE_OUTER_BOUND ( 'NONE', #1917, .T. ) ;
#572 = B_SPLINE_CURVE_WITH_KNOTS ( 'NONE', 3,
 ( #2951, #44, #552, #805, #1090, #1325, #2163, #2700, #1885, #2374 ),
 .UNSPECIFIED., .F., .F.,
 ( 4, 2, 2, 2, 4 ),
 ( 4.848699518061080308E-19, 0.001154935244682938787, 0.001732402867024408289, 0.002021136678195143040, 0.002309870489365877574 ),
 .UNSPECIFIED. ) ;
#573 = CARTESIAN_POINT ( 'NONE',  ( 2.240102708768680451, 5.894709581221616368, -2.000000000000000000 ) ) ;
#574 = EDGE_CURVE ( 'NONE', #1035, #2508, #348, .T. ) ;
#575 = CYLINDRICAL_SURFACE ( 'NONE', #2486, 0.2500000000000003886 ) ;
#576 = CARTESIAN_POINT ( 'NONE',  ( -2.387143312440485499, 2.542033830134133421, 0.3309090001743790754 ) ) ;
#577 = CIRCLE ( 'NONE', #960, 0.09999999999999982514 ) ;
#578 = CARTESIAN_POINT ( 'NONE',  ( -2.665827438479943190, 2.588758656827625959, -0.01373712374808155716 ) ) ;
#579 = AXIS2_PLACEMENT_3D ( 'NONE', #2018, #1242, #3083 ) ;
#580 = ORIENTED_EDGE ( 'NONE', *, *, #1408, .F. ) ;
#581 = FACE_OUTER_BOUND ( 'NONE', #201, .T. ) ;
#582 = VECTOR ( 'NONE', #1360, 1000.000000000000000 ) ;
#583 = CARTESIAN_POINT ( 'NONE',  ( 0.000000000000000000, 0.000000000000000000, 0.000000000000000000 ) ) ;
#584 = CARTESIAN_POINT ( 'NONE',  ( 2.450000000000000622, 3.293280582485998753, 0.7826577067908028207 ) ) ;
#585 = ORIENTED_EDGE ( 'NONE', *, *, #2527, .T. ) ;
#586 = CARTESIAN_POINT ( 'NONE',  ( -2.450000000000000178, 4.381755167708339727, -1.700000000000000178 ) ) ;
#587 = FILL_AREA_STYLE_COLOUR ( '', #1245 ) ;
#588 = ORIENTED_EDGE ( 'NONE', *, *, #1267, .T. ) ;
#589 = ORIENTED_EDGE ( 'NONE', *, *, #895, .F. ) ;
#590 = CARTESIAN_POINT ( 'NONE',  ( 0.6997103540780003073, 6.956102457295898489, 1.192839415335509079 ) ) ;
#591 = CARTESIAN_POINT ( 'NONE',  ( 2.040404943566547225, 6.195283532300453366, -1.963896558384442548 ) ) ;
#592 = EDGE_CURVE ( 'NONE', #167, #264, #869, .T. ) ;
#593 = CARTESIAN_POINT ( 'NONE',  ( 2.240102708768680451, 5.894709581221616368, 2.000000000000000000 ) ) ;
#594 = CARTESIAN_POINT ( 'NONE',  ( 2.037823947443169637, 2.623654219703636326, 0.06914452396948925217 ) ) ;
#595 = CARTESIAN_POINT ( 'NONE',  ( 1.395477840224746302, 6.773414221705057692, -1.459712886981934465 ) ) ;
#596 = AXIS2_PLACEMENT_3D ( 'NONE', #614, #1705, #1442 ) ;
#597 = EDGE_LOOP ( 'NONE', ( #185, #233, #1034, #1162, #166, #1801 ) ) ;
#598 = CARTESIAN_POINT ( 'NONE',  ( 2.062500000000000444, 6.447354790610810404, -2.000000000000000000 ) ) ;
#599 = ADVANCED_FACE ( 'NONE', ( #1682 ), #90, .T. ) ;
#600 = DIRECTION ( 'NONE',  ( -0.8660254037844388186, 0.4999999999999996114, 0.000000000000000000 ) ) ;
#601 = ORIENTED_EDGE ( 'NONE', *, *, #1485, .T. ) ;
#602 = CARTESIAN_POINT ( 'NONE',  ( -2.750000000000000444, 3.506940475009474145, 0.5720646149600000507 ) ) ;
#603 = DIRECTION ( 'NONE',  ( -0.000000000000000000, -0.000000000000000000, -1.000000000000000000 ) ) ;
#604 = AXIS2_PLACEMENT_3D ( 'NONE', #445, #3108, #703 ) ;
#605 = CARTESIAN_POINT ( 'NONE',  ( -1.483333333333332948, 0.8980838847872305575, 0.000000000000000000 ) ) ;
#606 = ORIENTED_EDGE ( 'NONE', *, *, #3021, .T. ) ;
#607 = ORIENTED_EDGE ( 'NONE', *, *, #1403, .T. ) ;
#608 = CYLINDRICAL_SURFACE ( 'NONE', #2863, 1.486606874731850159 ) ;
#609 = CIRCLE ( 'NONE', #1388, 1.075000000000000400 ) ;
#610 = PLANE ( 'NONE',  #1481 ) ;
#611 = CYLINDRICAL_SURFACE ( 'NONE', #1131, 1.375000000000000444 ) ;
#612 = CARTESIAN_POINT ( 'NONE',  ( -2.212635579411954545, 2.506940475009473701, 0.2174623675912547016 ) ) ;
#613 = EDGE_LOOP ( 'NONE', ( #2105, #1970, #3376, #2680 ) ) ;
#614 = CARTESIAN_POINT ( 'NONE',  ( 1.912500000000000977, 6.187547169475479336, -1.644868767982616609 ) ) ;
#615 = SHAPE_DEFINITION_REPRESENTATION ( #731, #3207 ) ;
#616 = EDGE_CURVE ( 'NONE', #2705, #1014, #781, .T. ) ;
#617 = CARTESIAN_POINT ( 'NONE',  ( -2.750000000000000888, 5.256569860407206640, 1.700000000000000178 ) ) ;
#618 = ORIENTED_EDGE ( 'NONE', *, *, #1219, .F. ) ;
#619 = CYLINDRICAL_SURFACE ( 'NONE', #3389, 1.105290418778386075 ) ;
#620 = CARTESIAN_POINT ( 'NONE',  ( -2.449999999999999289, 3.293280582485998753, -0.7826577067908029317 ) ) ;
#621 = CIRCLE ( 'NONE', #732, 0.2166666666666666463 ) ;
#622 = EDGE_LOOP ( 'NONE', ( #2088, #756, #2793 ) ) ;
#623 = ORIENTED_EDGE ( 'NONE', *, *, #2180, .T. ) ;
#624 = CARTESIAN_POINT ( 'NONE',  ( 2.130628989975492882, 2.111184696803140692, 0.000000000000000000 ) ) ;
#625 = AXIS2_PLACEMENT_3D ( 'NONE', #2684, #1867, #2407 ) ;
#626 = CARTESIAN_POINT ( 'NONE',  ( 2.307698016450862699, 2.585907622758099489, -0.3717883161351140942 ) ) ;
#627 = CARTESIAN_POINT ( 'NONE',  ( 2.450000000000000622, 2.750712707568149007, -1.317437748835728506 ) ) ;
#628 = CARTESIAN_POINT ( 'NONE',  ( 1.293988542719470392, 6.711620753314052834, -1.670197191141586712 ) ) ;
#629 = ORIENTED_EDGE ( 'NONE', *, *, #1907, .T. ) ;
#630 = AXIS2_PLACEMENT_3D ( 'NONE', #2391, #31, #1889 ) ;
#631 = FACE_OUTER_BOUND ( 'NONE', #1122, .T. ) ;
#632 = EDGE_CURVE ( 'NONE', #400, #1181, #1465, .T. ) ;
#633 = CYLINDRICAL_SURFACE ( 'NONE', #1983, 0.09999999999999982514 ) ;
#634 = CIRCLE ( 'NONE', #579, 0.7618199211509527613 ) ;
#635 = CARTESIAN_POINT ( 'NONE',  ( 2.105569874378175665, 0.2501603157205559702, -3.061616997868387948E-17 ) ) ;
#636 = EDGE_LOOP ( 'NONE', ( #2887, #3247, #362, #2771 ) ) ;
#637 = AXIS2_PLACEMENT_3D ( 'NONE', #2181, #603, #1903 ) ;
#638 = EDGE_CURVE ( 'NONE', #2387, #2499, #330, .T. ) ;
#639 = CARTESIAN_POINT ( 'NONE',  ( -2.062500000000001332, 6.447354790610811293, 1.644868767982617053 ) ) ;
#640 = DIRECTION ( 'NONE',  ( 0.000000000000000000, 1.000000000000000000, 0.000000000000000000 ) ) ;
#641 = ADVANCED_FACE ( 'NONE', ( #368 ), #952, .T. ) ;
#642 = VERTEX_POINT ( 'NONE', #1438 ) ;
#643 = ORIENTED_EDGE ( 'NONE', *, *, #2572, .F. ) ;
#644 = CARTESIAN_POINT ( 'NONE',  ( -2.450000000000000622, 5.256569860407206640, 1.700000000000000178 ) ) ;
#645 = EDGE_CURVE ( 'NONE', #1125, #382, #621, .T. ) ;
#646 = CARTESIAN_POINT ( 'NONE',  ( 2.684680119871457826, 2.684356442915425411, 0.1235626518661135237 ) ) ;
#647 = EDGE_CURVE ( 'NONE', #2274, #464, #2033, .T. ) ;
#648 = DIRECTION ( 'NONE',  ( -1.000000000000000000, -1.239088197126290817E-16, 0.000000000000000000 ) ) ;
#649 = CARTESIAN_POINT ( 'NONE',  ( -2.280324571451090243, 2.506940475009473257, 0.2993875028491992940 ) ) ;
#650 = CYLINDRICAL_SURFACE ( 'NONE', #2928, 0.2999999999999999334 ) ;
#651 = CIRCLE ( 'NONE', #2835, 0.09999999999999999167 ) ;
#652 = FACE_OUTER_BOUND ( 'NONE', #3018, .T. ) ;
#653 = VECTOR ( 'NONE', #2066, 1000.000000000000000 ) ;
#654 = LINE ( 'NONE', #1725, #492 ) ;
#655 = ORIENTED_EDGE ( 'NONE', *, *, #338, .F. ) ;
#656 = FACE_OUTER_BOUND ( 'NONE', #2182, .T. ) ;
#657 = CARTESIAN_POINT ( 'NONE',  ( -0.3294519513821357326, 6.985358480029648653, 1.102193503922772377 ) ) ;
#658 = EDGE_LOOP ( 'NONE', ( #782, #1305, #580, #2109 ) ) ;
#659 = ORIENTED_EDGE ( 'NONE', *, *, #1155, .F. ) ;
#660 = CARTESIAN_POINT ( 'NONE',  ( 0.000000000000000000, 7.000000000000001776, 0.8947095812216140365 ) ) ;
#661 = DIRECTION ( 'NONE',  ( 1.000000000000000000, -1.239088197126291063E-16, 0.000000000000000000 ) ) ;
#662 = CARTESIAN_POINT ( 'NONE',  ( -1.549999999999999156, 3.006940475009473257, 0.5806614818910830200 ) ) ;
#663 = ADVANCED_FACE ( 'NONE', ( #1221 ), #2590, .F. ) ;
#664 = DIRECTION ( 'NONE',  ( -1.000000000000000000, -0.000000000000000000, -0.000000000000000000 ) ) ;
#665 = DIRECTION ( 'NONE',  ( 1.000000000000000000, -8.068481283613052836E-16, 0.000000000000000000 ) ) ;
#666 = DIRECTION ( 'NONE',  ( 1.000000000000000000, -1.239088197126291063E-16, 0.000000000000000000 ) ) ;
#667 = DIRECTION ( 'NONE',  ( 0.000000000000000000, 0.000000000000000000, -1.000000000000000000 ) ) ;
#668 = DIRECTION ( 'NONE',  ( -0.000000000000000000, -0.000000000000000000, 1.000000000000000000 ) ) ;
#669 = DIRECTION ( 'NONE',  ( 1.000000000000000000, -0.000000000000000000, -0.000000000000000000 ) ) ;
#670 = EDGE_LOOP ( 'NONE', ( #1849, #477, #3006, #2253 ) ) ;
#671 = CARTESIAN_POINT ( 'NONE',  ( 2.449999999999999734, 3.212384711734387999, -0.7005837750197229097 ) ) ;
#672 = CARTESIAN_POINT ( 'NONE',  ( -0.6488223283612586378, 6.944130910375418964, 1.303903630721231277 ) ) ;
#673 = ORIENTED_EDGE ( 'NONE', *, *, #2647, .F. ) ;
#674 = ORIENTED_EDGE ( 'NONE', *, *, #1518, .T. ) ;
#675 = CARTESIAN_POINT ( 'NONE',  ( 1.790249460519555580, 2.961454312809234324, -0.3625922529166020758 ) ) ;
#676 = AXIS2_PLACEMENT_3D ( 'NONE', #2802, #2819, #2557 ) ;
#677 = ADVANCED_FACE ( 'NONE', ( #1472 ), #3196, .T. ) ;
#678 = CARTESIAN_POINT ( 'NONE',  ( 2.186553185732190929, 2.506940475009474145, -0.2560242150033985586 ) ) ;
#679 = CARTESIAN_POINT ( 'NONE',  ( 1.841019422616802625, 2.933005929577344961, 0.5518906143863711034 ) ) ;
#680 = CARTESIAN_POINT ( 'NONE',  ( 1.883333333333332860, 2.506940475009473701, 0.000000000000000000 ) ) ;
#681 = CARTESIAN_POINT ( 'NONE',  ( 1.601850826082807933, 1.485972827387193718, 0.000000000000000000 ) ) ;
#682 = ADVANCED_FACE ( 'NONE', ( #2330 ), #122, .T. ) ;
#683 = FACE_OUTER_BOUND ( 'NONE', #912, .T. ) ;
#684 = CARTESIAN_POINT ( 'NONE',  ( -2.433203980775002773, 3.107841394108920241, -0.3174774265215487556 ) ) ;
#685 = ORIENTED_EDGE ( 'NONE', *, *, #171, .T. ) ;
#686 = DIRECTION ( 'NONE',  ( -0.000000000000000000, -0.000000000000000000, 1.000000000000000000 ) ) ;
#687 = CARTESIAN_POINT ( 'NONE',  ( -2.450000000000000178, 3.506940475009473701, 1.225301132807386395 ) ) ;
#688 = TOROIDAL_SURFACE ( 'NONE', #1590, 0.5812837730998230423, 0.2999999999999999889 ) ;
#689 = ORIENTED_EDGE ( 'NONE', *, *, #1285, .F. ) ;
#690 = ORIENTED_EDGE ( 'NONE', *, *, #2757, .T. ) ;
#691 = ORIENTED_EDGE ( 'NONE', *, *, #1418, .F. ) ;
#692 = VECTOR ( 'NONE', #2322, 1000.000000000000000 ) ;
#693 = LINE ( 'NONE', #138, #1966 ) ;
#694 = CARTESIAN_POINT ( 'NONE',  ( -2.366889802104597873, 6.228204167401878877, -1.699999906655275561 ) ) ;
#695 = AXIS2_PLACEMENT_3D ( 'NONE', #2004, #3305, #730 ) ;
#696 = CARTESIAN_POINT ( 'NONE',  ( 2.287287636609697028, 2.506940475009474145, -0.3000000000001316613 ) ) ;
#697 = DIRECTION ( 'NONE',  ( -0.000000000000000000, -0.000000000000000000, -1.000000000000000000 ) ) ;
#698 = DIRECTION ( 'NONE',  ( 1.000000000000000000, -0.000000000000000000, -0.000000000000000000 ) ) ;
#699 = ADVANCED_FACE ( 'NONE', ( #3406 ), #2312, .T. ) ;
#700 = CARTESIAN_POINT ( 'NONE',  ( -1.549999999999999378, 3.149787339239030093, -0.6685086073886866709 ) ) ;
#701 = DIRECTION ( 'NONE',  ( -0.000000000000000000, -0.000000000000000000, 1.000000000000000000 ) ) ;
#702 = EDGE_CURVE ( 'NONE', #2499, #1448, #1455, .T. ) ;
#703 = DIRECTION ( 'NONE',  ( -1.000000000000000000, 0.000000000000000000, 0.000000000000000000 ) ) ;
#704 = ORIENTED_EDGE ( 'NONE', *, *, #2464, .T. ) ;
#705 = AXIS2_PLACEMENT_3D ( 'NONE', #2696, #783, #2368 ) ;
#706 = DIRECTION ( 'NONE',  ( 0.7310812906115965459, -0.6425414355970510139, 0.2294790841418083704 ) ) ;
#707 = CARTESIAN_POINT ( 'NONE',  ( -1.606091268862231525, 6.539448612195574384, 1.829545778261564282 ) ) ;
#708 = AXIS2_PLACEMENT_3D ( 'NONE', #352, #2057, #3339 ) ;
#709 = ORIENTED_EDGE ( 'NONE', *, *, #128, .T. ) ;
#710 = ORIENTED_EDGE ( 'NONE', *, *, #3123, .T. ) ;
#711 = EDGE_LOOP ( 'NONE', ( #2461, #3169, #3307, #282 ) ) ;
#712 = DIRECTION ( 'NONE',  ( -0.8047467058313307886, 0.5936183449436360782, 0.000000000000000000 ) ) ;
#713 = CARTESIAN_POINT ( 'NONE',  ( -2.078126959570743448, 3.006940475009475477, 0.6000000000000005329 ) ) ;
#714 = CARTESIAN_POINT ( 'NONE',  ( -2.639885734286213648, 2.506940475009473257, 0.07673203556344869447 ) ) ;
#715 = CARTESIAN_POINT ( 'NONE',  ( 1.549999999999999378, 3.149787339239030093, 0.6685086073886867819 ) ) ;
#716 = CARTESIAN_POINT ( 'NONE',  ( -2.750000000000000888, 2.542033830134079686, 0.3309090001743333342 ) ) ;
#717 = CARTESIAN_POINT ( 'NONE',  ( -2.433203980775002329, 3.006940475009473701, 0.5999999999999996447 ) ) ;
#718 = CIRCLE ( 'NONE', #820, 0.2500000000000003886 ) ;
#719 = VERTEX_POINT ( 'NONE', #3388 ) ;
#720 = CARTESIAN_POINT ( 'NONE',  ( 2.047368680458350632, 2.558169331127076784, -0.04816906039490741892 ) ) ;
#721 = EDGE_CURVE ( 'NONE', #3058, #464, #1065, .T. ) ;
#722 = VERTEX_POINT ( 'NONE', #1493 ) ;
#723 = ORIENTED_EDGE ( 'NONE', *, *, #2497, .F. ) ;
#724 = FACE_OUTER_BOUND ( 'NONE', #1311, .T. ) ;
#725 = FACE_OUTER_BOUND ( 'NONE', #2613, .T. ) ;
#726 = DIRECTION ( 'NONE',  ( 0.000000000000000000, -0.000000000000000000, -1.000000000000000000 ) ) ;
#727 = EDGE_LOOP ( 'NONE', ( #2046, #1251, #704, #1212 ) ) ;
#728 = CARTESIAN_POINT ( 'NONE',  ( -2.540777229192661579, 2.543793496861013193, 0.2892251506287009111 ) ) ;
#729 = FACE_OUTER_BOUND ( 'NONE', #1498, .T. ) ;
#730 = DIRECTION ( 'NONE',  ( 0.000000000000000000, 0.000000000000000000, -1.000000000000000000 ) ) ;
#731 = PRODUCT_DEFINITION_SHAPE ( 'NONE', 'NONE',  #2997 ) ;
#732 = AXIS2_PLACEMENT_3D ( 'NONE', #1240, #423, #955 ) ;
#733 = CARTESIAN_POINT ( 'NONE',  ( -2.370404217133581071, 2.422092019282972242, 0.2164171526040990223 ) ) ;
#734 = VERTEX_POINT ( 'NONE', #1756 ) ;
#735 = FACE_OUTER_BOUND ( 'NONE', #28, .T. ) ;
#736 = EDGE_CURVE ( 'NONE', #1432, #2499, #2339, .T. ) ;
#737 = ORIENTED_EDGE ( 'NONE', *, *, #1477, .F. ) ;
#738 = ORIENTED_EDGE ( 'NONE', *, *, #2144, .F. ) ;
#739 = DIRECTION ( 'NONE',  ( -0.000000000000000000, 0.000000000000000000, 1.000000000000000000 ) ) ;
#740 = CARTESIAN_POINT ( 'NONE',  ( -0.1754458559227731473, 7.000000000000000888, -0.9693560857289491572 ) ) ;
#741 = CARTESIAN_POINT ( 'NONE',  ( -2.240102708768680451, 5.894709581221616368, 1.700000000000000178 ) ) ;
#742 = AXIS2_PLACEMENT_3D ( 'NONE', #3407, #941, #2281 ) ;
#743 = EDGE_LOOP ( 'NONE', ( #303, #2422, #1194, #3032 ) ) ;
#744 = CARTESIAN_POINT ( 'NONE',  ( -2.665827438479943190, 2.588758656827625959, -0.01373712374808155716 ) ) ;
#745 = EDGE_CURVE ( 'NONE', #2780, #766, #1878, .T. ) ;
#746 = CARTESIAN_POINT ( 'NONE',  ( -2.043006648590791396, 2.590273808347891116, 0.01050895372227036648 ) ) ;
#747 = DIRECTION ( 'NONE',  ( -1.000000000000000000, 1.239088197126291063E-16, -0.000000000000000000 ) ) ;
#748 = EDGE_CURVE ( 'NONE', #3302, #2796, #2632, .T. ) ;
#749 = CARTESIAN_POINT ( 'NONE',  ( -1.880079349731716531, 2.882503549446626678, -0.3174774265215478675 ) ) ;
#750 = ORIENTED_EDGE ( 'NONE', *, *, #2335, .F. ) ;
#751 = DIRECTION ( 'NONE',  ( -0.000000000000000000, -0.000000000000000000, 1.000000000000000000 ) ) ;
#752 = ORIENTED_EDGE ( 'NONE', *, *, #254, .T. ) ;
#753 = VERTEX_POINT ( 'NONE', #2296 ) ;
#754 = CARTESIAN_POINT ( 'NONE',  ( -2.450000000000000622, 3.035766082959414387E-16, -2.000000000000000000 ) ) ;
#755 = CARTESIAN_POINT ( 'NONE',  ( -2.074923365203162007, 2.397641523092266524, -0.1901234320419192270 ) ) ;
#756 = ORIENTED_EDGE ( 'NONE', *, *, #385, .T. ) ;
#757 = CARTESIAN_POINT ( 'NONE',  ( 2.042519510698545204, 2.605238281817308543, -0.04378517860376189563 ) ) ;
#758 =( BOUNDED_SURFACE ( )  B_SPLINE_SURFACE ( 3, 2, ( 
 ( #3317, #3030, #2524 ),
 ( #2995, #1683, #71 ),
 ( #628, #2750, #595 ),
 ( #1153, #884, #1134 ),
 ( #2227, #125, #3263 ),
 ( #3300, #1187, #1702 ) ),
 .UNSPECIFIED., .F., .F., .T. ) 
 B_SPLINE_SURFACE_WITH_KNOTS ( ( 4, 2, 4 ),
 ( 3, 3 ),
 ( 0.000000000000000000, 0.001066283753924612528, 0.002132567507849225056 ),
 ( 0.000000000000000000, 1.000000000000000000 ),
 .UNSPECIFIED. ) 
 GEOMETRIC_REPRESENTATION_ITEM ( )  RATIONAL_B_SPLINE_SURFACE ( (
 ( 1.000000000000000000, 0.8108401175561295027, 1.000000000000000000),
 ( 1.000000000000000000, 0.8745700083399959857, 1.000000000000000000),
 ( 1.000000000000000000, 0.9214554812692893337, 1.000000000000000000),
 ( 1.000000000000000000, 0.9846359408866821594, 1.000000000000000000),
 ( 1.000000000000000000, 0.9998820271062514031, 1.000000000000000000),
 ( 1.000000000000000000, 1.000000000000000000, 1.000000000000000000) ) ) 
 REPRESENTATION_ITEM ( '' )  SURFACE ( )  );
#759 = FACE_OUTER_BOUND ( 'NONE', #113, .T. ) ;
#760 = EDGE_CURVE ( 'NONE', #2870, #342, #3029, .T. ) ;
#761 = CARTESIAN_POINT ( 'NONE',  ( 0.1638507603895432707, 7.000000000000003553, -0.9978980930866440113 ) ) ;
#762 = CARTESIAN_POINT ( 'NONE',  ( -1.790277506274436492, 2.961429663622019870, -0.3625781753575526012 ) ) ;
#763 = CARTESIAN_POINT ( 'NONE',  ( -1.716666666666667229, 1.302229073219968614, 0.000000000000000000 ) ) ;
#764 = AXIS2_PLACEMENT_3D ( 'NONE', #911, #1478, #354 ) ;
#765 = CIRCLE ( 'NONE', #1218, 0.2500000000000003886 ) ;
#766 = VERTEX_POINT ( 'NONE', #405 ) ;
#767 = DIRECTION ( 'NONE',  ( -1.000000000000000000, -1.239088197126290817E-16, 0.000000000000000000 ) ) ;
#768 = ORIENTED_EDGE ( 'NONE', *, *, #3428, .F. ) ;
#769 = ORIENTED_EDGE ( 'NONE', *, *, #2588, .T. ) ;
#770 = DIRECTION ( 'NONE',  ( 1.000000000000000000, 0.000000000000000000, -9.366015992287606897E-12 ) ) ;
#771 = CARTESIAN_POINT ( 'NONE',  ( 1.469371010024507873, 1.697984851426302289, 0.000000000000000000 ) ) ;
#772 = CARTESIAN_POINT ( 'NONE',  ( -2.567494221873894755, 2.506940475009473701, -0.2058916651750073434 ) ) ;
#773 = ORIENTED_EDGE ( 'NONE', *, *, #2354, .F. ) ;
#774 = FACE_OUTER_BOUND ( 'NONE', #1711, .T. ) ;
#775 = EDGE_CURVE ( 'NONE', #1973, #766, #1079, .T. ) ;
#776 = CARTESIAN_POINT ( 'NONE',  ( 1.305145892471145430, 6.706398971891962546, -1.676109595604837743 ) ) ;
#777 = CARTESIAN_POINT ( 'NONE',  ( 2.750000000000000888, -9.000000000000000000, 0.000000000000000000 ) ) ;
#778 =( BOUNDED_SURFACE ( )  B_SPLINE_SURFACE ( 3, 2, ( 
 ( #1419, #310, #1382 ),
 ( #2748, #649, #2505 ),
 ( #2978, #2769, #1980 ),
 ( #612, #2243, #106 ),
 ( #1170, #2732, #1664 ),
 ( #2432, #328, #3315 ),
 ( #1720, #903, #70 ),
 ( #2485, #3049, #1115 ) ),
 .UNSPECIFIED., .F., .F., .F. ) 
 B_SPLINE_SURFACE_WITH_KNOTS ( ( 4, 2, 2, 4 ),
 ( 3, 3 ),
 ( 0.0008556125355852758430, 0.0009396672719194892453, 0.001023722008253702539, 0.001191831480922129127 ),
 ( 0.000000000000000000, 1.000000000000000000 ),
 .UNSPECIFIED. ) 
 GEOMETRIC_REPRESENTATION_ITEM ( )  RATIONAL_B_SPLINE_SURFACE ( (
 ( 1.000000000000000000, 0.9080381183483615670, 1.000000000000000000),
 ( 1.000000000000000000, 0.9135965177582721086, 1.000000000000000000),
 ( 1.000000000000000000, 0.9150790087379300219, 1.000000000000000000),
 ( 1.000000000000000000, 0.9075720971610442556, 1.000000000000000000),
 ( 1.000000000000000000, 0.8983947685468536282, 1.000000000000000000),
 ( 1.000000000000000000, 0.8579428685710634994, 1.000000000000000000),
 ( 1.000000000000000000, 0.8143497052732712183, 1.000000000000000000),
 ( 1.000000000000000000, 0.7637626158387461617, 1.000000000000000000) ) ) 
 REPRESENTATION_ITEM ( '' )  SURFACE ( )  );
#779 = ADVANCED_FACE ( 'NONE', ( #3203 ), #1576, .T. ) ;
#780 = CARTESIAN_POINT ( 'NONE',  ( 1.250000000000000000, 1.302229073219968614, 0.000000000000000000 ) ) ;
#781 = CIRCLE ( 'NONE', #1009, 0.5812837730998230423 ) ;
#782 = ORIENTED_EDGE ( 'NONE', *, *, #1968, .T. ) ;
#783 = DIRECTION ( 'NONE',  ( -0.000000000000000000, 0.000000000000000000, 1.000000000000000000 ) ) ;
#784 = STYLED_ITEM ( 'NONE', ( #2112 ), #1270 ) ;
#785 = ADVANCED_FACE ( 'NONE', ( #774 ), #2888, .F. ) ;
#786 = ORIENTED_EDGE ( 'NONE', *, *, #2315, .F. ) ;
#787 = VERTEX_POINT ( 'NONE', #520 ) ;
#788 = DIRECTION ( 'NONE',  ( 0.000000000000000000, 0.000000000000000000, 1.000000000000000000 ) ) ;
#789 = CARTESIAN_POINT ( 'NONE',  ( -2.100220973875779773, 2.515906877563447885, 0.01050895372699018997 ) ) ;
#790 = CARTESIAN_POINT ( 'NONE',  ( -2.080098001381885275, 2.472156596406298146, -0.2741312730585941937 ) ) ;
#791 = ORIENTED_EDGE ( 'NONE', *, *, #1483, .T. ) ;
#792 = AXIS2_PLACEMENT_3D ( 'NONE', #1835, #2671, #3465 ) ;
#793 = CARTESIAN_POINT ( 'NONE',  ( 1.982902141269520024, 2.781903976624592989, -0.5073453890818637735 ) ) ;
#794 = DIRECTION ( 'NONE',  ( -1.000000000000000000, 1.239088197126291310E-16, 0.000000000000000000 ) ) ;
#795 = VECTOR ( 'NONE', #280, 1000.000000000000000 ) ;
#796 = DIRECTION ( 'NONE',  ( 0.000000000000000000, 0.000000000000000000, 1.000000000000000000 ) ) ;
#797 = CARTESIAN_POINT ( 'NONE',  ( -2.567494221876385208, 2.506940475009473701, 0.07445653374568149407 ) ) ;
#798 = EDGE_CURVE ( 'NONE', #1448, #566, #3080, .T. ) ;
#799 = AXIS2_PLACEMENT_3D ( 'NONE', #3223, #811, #3453 ) ;
#800 = DIRECTION ( 'NONE',  ( 0.5000000000000011102, -0.8660254037844379305, 0.000000000000000000 ) ) ;
#801 = ORIENTED_EDGE ( 'NONE', *, *, #3125, .F. ) ;
#802 = EDGE_CURVE ( 'NONE', #2258, #2963, #1349, .T. ) ;
#803 = FACE_OUTER_BOUND ( 'NONE', #1213, .T. ) ;
#804 = ORIENTED_EDGE ( 'NONE', *, *, #1925, .F. ) ;
#805 = CARTESIAN_POINT ( 'NONE',  ( -0.8182839894747431231, 6.883632354858153057, -1.400317214464181115 ) ) ;
#806 = CARTESIAN_POINT ( 'NONE',  ( 2.525291963958665953, 2.506940475009473701, 0.2606620976978191173 ) ) ;
#807 = CARTESIAN_POINT ( 'NONE',  ( -1.912500000000000311, 6.296639832727858987, 1.924330376838829793 ) ) ;
#808 = ORIENTED_EDGE ( 'NONE', *, *, #1038, .F. ) ;
#809 = FACE_OUTER_BOUND ( 'NONE', #1543, .T. ) ;
#810 = CIRCLE ( 'NONE', #2719, 1.375000000000000444 ) ;
#811 = DIRECTION ( 'NONE',  ( 1.000000000000000000, -1.239088197126291063E-16, 0.000000000000000000 ) ) ;
#812 = B_SPLINE_CURVE_WITH_KNOTS ( 'NONE', 3,
 ( #2028, #919, #1994, #2048, #3365, #187, #3115, #383 ),
 .UNSPECIFIED., .F., .F.,
 ( 4, 2, 2, 4 ),
 ( 0.0002886183404685482997, 0.0004562618984514787025, 0.0005400836774429435515, 0.0006239054564344084005 ),
 .UNSPECIFIED. ) ;
#813 = CARTESIAN_POINT ( 'NONE',  ( -2.043006648591633834, 2.590273808342806738, -0.01050895371351580343 ) ) ;
#814 = AXIS2_PLACEMENT_3D ( 'NONE', #300, #2715, #1369 ) ;
#815 = DIRECTION ( 'NONE',  ( 0.000000000000000000, 0.000000000000000000, -1.000000000000000000 ) ) ;
#816 = CARTESIAN_POINT ( 'NONE',  ( -1.549999999999999378, 3.006940475009473701, -0.4129643021938411707 ) ) ;
#817 = VERTEX_POINT ( 'NONE', #1344 ) ;
#818 = CARTESIAN_POINT ( 'NONE',  ( -2.185273906366794083, 2.506940475009473701, -0.2628832677394981610 ) ) ;
#819 = B_SPLINE_CURVE_WITH_KNOTS ( 'NONE', 3,
 ( #3325, #3055, #657, #2009, #1728, #2794, #1464, #1842 ),
 .UNSPECIFIED., .F., .F.,
 ( 4, 2, 2, 4 ),
 ( -1.239865244252081561E-05, 0.0005685089218115832411, 0.001149416496065687335, 0.002311231644573894656 ),
 .UNSPECIFIED. ) ;
#820 = AXIS2_PLACEMENT_3D ( 'NONE', #334, #1916, #42 ) ;
#821 = CARTESIAN_POINT ( 'NONE',  ( -2.141607978309961080, 2.506940475009473701, 0.01050895372737782087 ) ) ;
#822 = EDGE_LOOP ( 'NONE', ( #1180, #1400, #3380 ) ) ;
#823 = FILL_AREA_STYLE_COLOUR ( '', #1913 ) ;
#824 = EDGE_CURVE ( 'NONE', #1850, #3162, #1402, .T. ) ;
#825 = CARTESIAN_POINT ( 'NONE',  ( -2.350000000000000533, 2.506940475009471925, 0.000000000000000000 ) ) ;
#826 = VERTEX_POINT ( 'NONE', #208 ) ;
#827 = DIRECTION ( 'NONE',  ( -0.5299192642331999048, -0.8480480961564292874, 0.000000000000000000 ) ) ;
#828 = DIRECTION ( 'NONE',  ( 0.000000000000000000, -1.000000000000000000, 0.000000000000000000 ) ) ;
#829 = CARTESIAN_POINT ( 'NONE',  ( -2.516843447085396868, 2.506940475009473701, 0.1864688971515707228 ) ) ;
#830 = DIRECTION ( 'NONE',  ( 0.000000000000000000, 0.000000000000000000, 1.000000000000000000 ) ) ;
#831 = CARTESIAN_POINT ( 'NONE',  ( -2.714229615265350226, 2.901147054401044922, -0.2449856205182054103 ) ) ;
#832 = ORIENTED_EDGE ( 'NONE', *, *, #3368, .F. ) ;
#833 = CARTESIAN_POINT ( 'NONE',  ( -2.450000000000000178, 5.256569860407206640, 2.000000000000000000 ) ) ;
#834 = VECTOR ( 'NONE', #3400, 1000.000000000000000 ) ;
#835 = CARTESIAN_POINT ( 'NONE',  ( -2.122842125366133814, 2.511932910177674838, 0.1586123807297816490 ) ) ;
#836 = EDGE_LOOP ( 'NONE', ( #2275, #3250, #750, #3461 ) ) ;
#837 = ADVANCED_FACE ( 'NONE', ( #275 ), #3419, .T. ) ;
#838 = FACE_OUTER_BOUND ( 'NONE', #2946, .T. ) ;
#839 = CARTESIAN_POINT ( 'NONE',  ( -2.749999999999999556, 3.506940475009474145, -0.5720646149600000507 ) ) ;
#840 = ORIENTED_EDGE ( 'NONE', *, *, #1174, .F. ) ;
#841 = ORIENTED_EDGE ( 'NONE', *, *, #1370, .T. ) ;
#842 = CARTESIAN_POINT ( 'NONE',  ( -2.649999999999999467, 2.506940475009473701, -2.000000000000000000 ) ) ;
#843 = CARTESIAN_POINT ( 'NONE',  ( 2.745492729908941776, 3.240957086663586395, -0.3706619572078858060 ) ) ;
#844 = CARTESIAN_POINT ( 'NONE',  ( 1.398274483422062620, 6.772438545577359470, -1.460707214478229377 ) ) ;
#845 = ADVANCED_FACE ( 'NONE', ( #2871 ), #2708, .T. ) ;
#846 = CARTESIAN_POINT ( 'NONE',  ( -2.745492729908941332, 3.240957086663586839, 0.3706619572078860281 ) ) ;
#847 = CARTESIAN_POINT ( 'NONE',  ( 2.061223766249976386, 2.506940475009473701, 1.352095985009285636E-14 ) ) ;
#848 = EDGE_CURVE ( 'NONE', #1516, #1252, #237, .T. ) ;
#849 = ADVANCED_FACE ( 'NONE', ( #3222 ), #242, .F. ) ;
#850 = AXIS2_PLACEMENT_3D ( 'NONE', #561, #1047, #1632 ) ;
#851 = ORIENTED_EDGE ( 'NONE', *, *, #1238, .T. ) ;
#852 = AXIS2_PLACEMENT_3D ( 'NONE', #1392, #553, #2425 ) ;
#853 = DIRECTION ( 'NONE',  ( 1.000000000000000000, -0.000000000000000000, -0.000000000000000000 ) ) ;
#854 = VERTEX_POINT ( 'NONE', #487 ) ;
#855 = DIRECTION ( 'NONE',  ( 1.239088197126290817E-16, -1.000000000000000000, -0.000000000000000000 ) ) ;
#856 = CYLINDRICAL_SURFACE ( 'NONE', #301, 0.2999999999999999334 ) ;
#857 = ORIENTED_EDGE ( 'NONE', *, *, #2666, .T. ) ;
#858 = ORIENTED_EDGE ( 'NONE', *, *, #2103, .T. ) ;
#859 = CARTESIAN_POINT ( 'NONE',  ( -2.078126959570744781, 3.006940475009473257, -0.5999999999999999778 ) ) ;
#860 = CARTESIAN_POINT ( 'NONE',  ( 1.912500000000000977, 6.296639832727860764, -1.924330376838829126 ) ) ;
#861 = B_SPLINE_CURVE_WITH_KNOTS ( 'NONE', 3,
 ( #3332, #1996, #920, #806, #320, #1935 ),
 .UNSPECIFIED., .F., .F.,
 ( 4, 2, 4 ),
 ( 0.0003008076268746012142, 0.0005165818405472694889, 0.0007323560542199378720 ),
 .UNSPECIFIED. ) ;
#862 = VECTOR ( 'NONE', #2811, 1000.000000000000000 ) ;
#863 = DIRECTION ( 'NONE',  ( 1.000000000000000000, 0.000000000000000000, 0.000000000000000000 ) ) ;
#864 = CARTESIAN_POINT ( 'NONE',  ( -2.105569874378175665, 0.2501603157205559702, 3.061616997868387948E-17 ) ) ;
#865 = EDGE_CURVE ( 'NONE', #948, #1946, #2081, .T. ) ;
#866 = AXIS2_PLACEMENT_3D ( 'NONE', #220, #170, #1803 ) ;
#867 = EDGE_LOOP ( 'NONE', ( #48, #2599, #240, #2151, #3160 ) ) ;
#868 = FACE_OUTER_BOUND ( 'NONE', #3329, .T. ) ;
#869 = B_SPLINE_CURVE_WITH_KNOTS ( 'NONE', 3,
 ( #1099, #846, #3262, #3299 ),
 .UNSPECIFIED., .F., .F.,
 ( 4, 4 ),
 ( 5.421010862427521568E-20, 0.0004959844665822969820 ),
 .UNSPECIFIED. ) ;
#870 =( BOUNDED_SURFACE ( )  B_SPLINE_SURFACE ( 3, 2, ( 
 ( #2856, #3119, #715 ),
 ( #121, #455, #1202 ),
 ( #1526, #679, #1718 ),
 ( #154, #2589, #191 ) ),
 .UNSPECIFIED., .F., .F., .T. ) 
 B_SPLINE_SURFACE_WITH_KNOTS ( ( 4, 4 ),
 ( 3, 3 ),
 ( -2.168404344971008868E-19, 0.0005825538255114757775 ),
 ( 0.000000000000000000, 1.000000000000000000 ),
 .UNSPECIFIED. ) 
 GEOMETRIC_REPRESENTATION_ITEM ( )  RATIONAL_B_SPLINE_SURFACE ( (
 ( 1.000000000000000000, 0.8728813739281755524, 1.000000000000000000),
 ( 1.000000000000000000, 0.8736850479634951094, 1.000000000000000000),
 ( 1.000000000000000000, 0.8368669084101196809, 1.000000000000000000),
 ( 1.000000000000000000, 0.7914009927348714113, 1.000000000000000000) ) ) 
 REPRESENTATION_ITEM ( '' )  SURFACE ( )  );
#871 = PRODUCT_CONTEXT ( 'NONE', #1229, 'mechanical' ) ;
#872 = DIRECTION ( 'NONE',  ( 0.000000000000000000, 1.000000000000000000, 0.000000000000000000 ) ) ;
#873 = ORIENTED_EDGE ( 'NONE', *, *, #2176, .T. ) ;
#874 = CARTESIAN_POINT ( 'NONE',  ( -2.745583827922740028, 3.242037483743370530, 0.3710249148803326236 ) ) ;
#875 = CARTESIAN_POINT ( 'NONE',  ( -1.375000000000000444, 5.256569860407206640, -1.700000000000000178 ) ) ;
#876 = ORIENTED_EDGE ( 'NONE', *, *, #2054, .T. ) ;
#877 = ORIENTED_EDGE ( 'NONE', *, *, #3191, .F. ) ;
#878 = CARTESIAN_POINT ( 'NONE',  ( 1.293988542719470392, 6.711620753314052834, 1.670197191141586490 ) ) ;
#879 = VECTOR ( 'NONE', #1510, 1000.000000000000000 ) ;
#880 = CARTESIAN_POINT ( 'NONE',  ( 2.698610499995790502, 2.733001163709166903, 0.4978771759095463323 ) ) ;
#881 = CARTESIAN_POINT ( 'NONE',  ( 2.148461676474685333, 2.929495277823527033, -0.5723410010068482601 ) ) ;
#882 = CARTESIAN_POINT ( 'NONE',  ( -2.230569874378174777, 0.4666666666666664520, 0.000000000000000000 ) ) ;
#883 = EDGE_CURVE ( 'NONE', #2508, #1634, #897, .T. ) ;
#884 = CARTESIAN_POINT ( 'NONE',  ( 0.6849403920081226227, 6.956890904066800552, -1.253458267434217843 ) ) ;
#885 = ADVANCED_FACE ( 'NONE', ( #556 ), #2168, .T. ) ;
#886 = EDGE_LOOP ( 'NONE', ( #399, #335, #3292, #59, #1167, #3288, #2967, #2883, #2830, #2234 ) ) ;
#887 = FACE_OUTER_BOUND ( 'NONE', #867, .T. ) ;
#888 = CARTESIAN_POINT ( 'NONE',  ( 1.912500000000000977, 6.296639832727860764, 1.924330376838829126 ) ) ;
#889 = EDGE_CURVE ( 'NONE', #1860, #3058, #66, .T. ) ;
#890 = CARTESIAN_POINT ( 'NONE',  ( 2.749999999999999556, 3.506940475009474145, -0.5720646149600000507 ) ) ;
#891 = ORIENTED_EDGE ( 'NONE', *, *, #25, .T. ) ;
#892 =( BOUNDED_SURFACE ( )  B_SPLINE_SURFACE ( 3, 2, ( 
 ( #260, #1874, #829 ),
 ( #2943, #1578, #2639 ),
 ( #1613, #2413, #293 ),
 ( #2906, #3438, #2677 ) ),
 .UNSPECIFIED., .F., .F., .T. ) 
 B_SPLINE_SURFACE_WITH_KNOTS ( ( 4, 4 ),
 ( 3, 3 ),
 ( 0.001007930196298825265, 0.001190806100692695700 ),
 ( 0.7571030417736210882, 1.000000000000000000 ),
 .UNSPECIFIED. ) 
 GEOMETRIC_REPRESENTATION_ITEM ( )  RATIONAL_B_SPLINE_SURFACE ( (
 ( 0.9566523820708128234, 0.9713727091707099470, 1.000000000000000000),
 ( 0.9470778491122382459, 0.9650495718761186170, 1.000000000000000000),
 ( 0.9323599164934159855, 0.9553296712768928334, 1.000000000000000000),
 ( 0.9149310222077640109, 0.9438194188251114447, 1.000000000000000000) ) ) 
 REPRESENTATION_ITEM ( '' )  SURFACE ( )  );
#893 = CARTESIAN_POINT ( 'NONE',  ( -2.732143179560792223, 3.082635136367830153, 0.3174774265215475344 ) ) ;
#894 = CARTESIAN_POINT ( 'NONE',  ( -0.6849403920081226227, 6.956890904066799663, 1.253458267434217843 ) ) ;
#895 = EDGE_CURVE ( 'NONE', #2370, #1172, #3338, .T. ) ;
#896 = CARTESIAN_POINT ( 'NONE',  ( -2.450000000000000178, 3.293280582485998753, -0.7826577067908028207 ) ) ;
#897 = CIRCLE ( 'NONE', #3372, 0.2500000000000003886 ) ;
#898 = ORIENTED_EDGE ( 'NONE', *, *, #1361, .T. ) ;
#899 = VERTEX_POINT ( 'NONE', #3240 ) ;
#900 = CARTESIAN_POINT ( 'NONE',  ( -2.043006648590791396, 2.590273808347891116, 0.01050895372227036648 ) ) ;
#901 = DIRECTION ( 'NONE',  ( 0.7310812906115848886, 0.6425414355970641145, -0.2294790841418085647 ) ) ;
#902 = FACE_OUTER_BOUND ( 'NONE', #2531, .T. ) ;
#903 = CARTESIAN_POINT ( 'NONE',  ( -2.069613400057534580, 2.506940475009473701, 0.07100153556267746469 ) ) ;
#904 = B_SPLINE_CURVE_WITH_KNOTS ( 'NONE', 3,
 ( #2909, #2382, #3457, #2122 ),
 .UNSPECIFIED., .F., .F.,
 ( 4, 4 ),
 ( 0.000000000000000000, 0.0005855333024937060338 ),
 .UNSPECIFIED. ) ;
#905 = DIRECTION ( 'NONE',  ( 1.239088197126291063E-16, 1.000000000000000000, 0.000000000000000000 ) ) ;
#906 = ORIENTED_EDGE ( 'NONE', *, *, #1332, .F. ) ;
#907 = DIRECTION ( 'NONE',  ( -0.000000000000000000, 0.000000000000000000, 1.000000000000000000 ) ) ;
#908 = CARTESIAN_POINT ( 'NONE',  ( -2.450000000000000178, 4.381755167708339727, 2.000000000000000444 ) ) ;
#909 = AXIS2_PLACEMENT_3D ( 'NONE', #3397, #2979, #6 ) ;
#910 = B_SPLINE_CURVE_WITH_KNOTS ( 'NONE', 3,
 ( #2958, #3436, #2942, #1313 ),
 .UNSPECIFIED., .F., .F.,
 ( 4, 4 ),
 ( 4.161133473900145571E-18, 0.0005616614534650651684 ),
 .UNSPECIFIED. ) ;
#911 = CARTESIAN_POINT ( 'NONE',  ( -2.450000000000000178, 4.381755167708339727, -1.118716226900177357 ) ) ;
#912 = EDGE_LOOP ( 'NONE', ( #1745, #3413, #2472, #3221 ) ) ;
#913 = CARTESIAN_POINT ( 'NONE',  ( -2.750000000000000444, 3.387438051489626289, 0.4580244416706707455 ) ) ;
#914 = AXIS2_PLACEMENT_3D ( 'NONE', #541, #1077, #1096 ) ;
#915 = CARTESIAN_POINT ( 'NONE',  ( 0.000000000000000000, 7.000000000000001776, 0.8947095812216140365 ) ) ;
#916 = ADVANCED_FACE ( 'NONE', ( #809 ), #3256, .F. ) ;
#917 = ORIENTED_EDGE ( 'NONE', *, *, #2416, .T. ) ;
#918 = VERTEX_POINT ( 'NONE', #3007 ) ;
#919 = CARTESIAN_POINT ( 'NONE',  ( -2.141607978311544258, 2.506940475009474145, 0.06639928862653458885 ) ) ;
#920 = CARTESIAN_POINT ( 'NONE',  ( 2.614984030792272485, 2.506940475009474145, 0.1443671182203948022 ) ) ;
#921 = CARTESIAN_POINT ( 'NONE',  ( 0.8761204591234681427, 6.909901656545133442, -1.260543269186848558 ) ) ;
#922 = DIRECTION ( 'NONE',  ( -0.000000000000000000, 0.000000000000000000, 1.000000000000000000 ) ) ;
#923 = CARTESIAN_POINT ( 'NONE',  ( 1.612605166189533978, 6.534286774823371502, 1.831560790586562515 ) ) ;
#924 = CARTESIAN_POINT ( 'NONE',  ( -2.450000000000000178, 4.381755167708339727, 1.118716226900177357 ) ) ;
#925 = DIRECTION ( 'NONE',  ( 0.000000000000000000, 1.000000000000000000, 0.000000000000000000 ) ) ;
#926 = CARTESIAN_POINT ( 'NONE',  ( 2.156000078679269016, 6.051199132303286987, 2.000000000000000000 ) ) ;
#927 = CARTESIAN_POINT ( 'NONE',  ( -2.750000000000000888, 3.006940475009473701, 0.5999999999999996447 ) ) ;
#928 = ORIENTED_EDGE ( 'NONE', *, *, #1108, .T. ) ;
#929 = LINE ( 'NONE', #2061, #1095 ) ;
#930 = ADVANCED_FACE ( 'NONE', ( #2706 ), #608, .T. ) ;
#931 = CARTESIAN_POINT ( 'NONE',  ( -1.709668149882879629, 6.646964480509574891, 1.744480656489039161 ) ) ;
#932 = ORIENTED_EDGE ( 'NONE', *, *, #775, .T. ) ;
#933 = ORIENTED_EDGE ( 'NONE', *, *, #2527, .F. ) ;
#934 = CARTESIAN_POINT ( 'NONE',  ( 1.673450793179171781, 3.006940475009473701, -0.4129642613674659457 ) ) ;
#935 = EDGE_CURVE ( 'NONE', #1930, #3411, #1495, .T. ) ;
#936 = TOROIDAL_SURFACE ( 'NONE', #1280, 1.075000000000000400, 0.2999999999999999889 ) ;
#937 = CARTESIAN_POINT ( 'NONE',  ( 1.883333333333332860, 2.506940475009473701, 0.000000000000000000 ) ) ;
#938 = VECTOR ( 'NONE', #1755, 1000.000000000000000 ) ;
#939 = CARTESIAN_POINT ( 'NONE',  ( 2.047868714568941595, 6.189369024945153619, -1.966205388430388057 ) ) ;
#940 = DIRECTION ( 'NONE',  ( 1.000000000000000000, 0.000000000000000000, 0.000000000000000000 ) ) ;
#941 = DIRECTION ( 'NONE',  ( 1.000000000000000000, -1.239088197126291063E-16, 0.000000000000000000 ) ) ;
#942 = CARTESIAN_POINT ( 'NONE',  ( -2.750000000000000888, 3.506940475009473257, -1.225301132807386839 ) ) ;
#943 = FACE_OUTER_BOUND ( 'NONE', #3379, .T. ) ;
#944 = EDGE_LOOP ( 'NONE', ( #2219, #206, #1074, #2271 ) ) ;
#945 = FACE_OUTER_BOUND ( 'NONE', #2622, .T. ) ;
#946 = CARTESIAN_POINT ( 'NONE',  ( -1.375000000000000444, 5.256569860407206640, -2.000000000000000000 ) ) ;
#947 = ADVANCED_FACE ( 'NONE', ( #86 ), #2353, .T. ) ;
#948 = VERTEX_POINT ( 'NONE', #1891 ) ;
#949 = VERTEX_POINT ( 'NONE', #363 ) ;
#950 = DIRECTION ( 'NONE',  ( -0.000000000000000000, 0.000000000000000000, 1.000000000000000000 ) ) ;
#951 = CARTESIAN_POINT ( 'NONE',  ( -1.880079349731715643, 2.882503549446627567, -0.3174774265215485891 ) ) ;
#952 = TOROIDAL_SURFACE ( 'NONE', #2915, 0.4666666666666670626, 0.2500000000000003886 ) ;
#953 = DIRECTION ( 'NONE',  ( 9.366013524408608684E-12, 0.000000000000000000, 1.000000000000000000 ) ) ;
#954 = CARTESIAN_POINT ( 'NONE',  ( -2.750000000000000888, 5.256569860407206640, -1.700000000000000178 ) ) ;
#955 = DIRECTION ( 'NONE',  ( 1.000000000000000000, 0.000000000000000000, 0.000000000000000000 ) ) ;
#956 = CIRCLE ( 'NONE', #2361, 0.2166666666666666463 ) ;
#957 = CARTESIAN_POINT ( 'NONE',  ( -2.750000000000000888, 4.381755167708339727, -2.000000000000000000 ) ) ;
#958 = ADVANCED_FACE ( 'NONE', ( #571 ), #1030, .T. ) ;
#959 = CARTESIAN_POINT ( 'NONE',  ( -2.750000000000000888, -9.000000000000000000, 0.000000000000000000 ) ) ;
#960 = AXIS2_PLACEMENT_3D ( 'NONE', #3367, #953, #1508 ) ;
#961 = DIRECTION ( 'NONE',  ( 0.000000000000000000, 0.3363363969981560953, 0.9417419115948374442 ) ) ;
#962 = ORIENTED_EDGE ( 'NONE', *, *, #2354, .T. ) ;
#963 = CARTESIAN_POINT ( 'NONE',  ( -1.469371010024507873, 1.697984851426301400, 0.000000000000000000 ) ) ;
#964 = DIRECTION ( 'NONE',  ( 0.000000000000000000, -0.000000000000000000, -1.000000000000000000 ) ) ;
#965 = AXIS2_PLACEMENT_3D ( 'NONE', #1439, #2506, #3337 ) ;
#966 = EDGE_LOOP ( 'NONE', ( #1069, #2631, #3093, #2162 ) ) ;
#967 = ORIENTED_EDGE ( 'NONE', *, *, #273, .F. ) ;
#968 = ORIENTED_EDGE ( 'NONE', *, *, #592, .F. ) ;
#969 = CIRCLE ( 'NONE', #2150, 0.2999999999999999334 ) ;
#970 = DIRECTION ( 'NONE',  ( 0.000000000000000000, -1.000000000000000000, 0.000000000000000000 ) ) ;
#971 = PLANE ( 'NONE',  #375 ) ;
#972 = CIRCLE ( 'NONE', #1642, 0.2888602512436516667 ) ;
#973 = CARTESIAN_POINT ( 'NONE',  ( -1.700970622523110487, 3.006940514981406132, 0.5806614963056420109 ) ) ;
#974 = CARTESIAN_POINT ( 'NONE',  ( -2.750000000000000888, 2.506940475009473701, 0.2999999999999999889 ) ) ;
#975 = CARTESIAN_POINT ( 'NONE',  ( 0.8182839894747430121, 6.883632354858153057, 1.400317214464179782 ) ) ;
#976 = CARTESIAN_POINT ( 'NONE',  ( -2.350000000000000533, 2.506940475009471925, 0.000000000000000000 ) ) ;
#977 = EDGE_CURVE ( 'NONE', #10, #1830, #693, .T. ) ;
#978 = ORIENTED_EDGE ( 'NONE', *, *, #2849, .F. ) ;
#979 = CARTESIAN_POINT ( 'NONE',  ( 2.433203980775002773, 3.006940475009473257, -0.5999999999999999778 ) ) ;
#980 = CARTESIAN_POINT ( 'NONE',  ( -2.445883160151003377, 3.114826972843348862, -0.6385308920835258695 ) ) ;
#981 = B_SPLINE_CURVE_WITH_KNOTS ( 'NONE', 3,
 ( #1407, #79, #3019, #356 ),
 .UNSPECIFIED., .F., .F.,
 ( 4, 4 ),
 ( 9.291494013063778237E-17, 0.0005937458050205096866 ),
 .UNSPECIFIED. ) ;
#982 = AXIS2_PLACEMENT_3D ( 'NONE', #2268, #3142, #177 ) ;
#983 = VERTEX_POINT ( 'NONE', #1522 ) ;
#984 = EDGE_LOOP ( 'NONE', ( #1479, #118, #2775, #1989 ) ) ;
#985 = CARTESIAN_POINT ( 'NONE',  ( 1.880079349731715199, 2.882503549446628011, 0.3174774265215486446 ) ) ;
#986 = CARTESIAN_POINT ( 'NONE',  ( -2.339242525640121251, 2.417928413638325225, 0.2119549052147340074 ) ) ;
#987 = CARTESIAN_POINT ( 'NONE',  ( -2.556164301470070122, 2.506940475009473701, 0.1260789665588495645 ) ) ;
#988 = ORIENTED_EDGE ( 'NONE', *, *, #1581, .F. ) ;
#989 = CARTESIAN_POINT ( 'NONE',  ( -2.665827438479944522, 2.588758656827621962, 0.01373712374814626581 ) ) ;
#990 = DIRECTION ( 'NONE',  ( -0.000000000000000000, -1.000000000000000000, -0.000000000000000000 ) ) ;
#991 = B_SPLINE_CURVE_WITH_KNOTS ( 'NONE', 3,
 ( #3106, #1265, #2334, #3409, #2317, #1206 ),
 .UNSPECIFIED., .F., .F.,
 ( 4, 2, 4 ),
 ( 0.0002886183404685482997, 0.0003883263196209285010, 0.0004880342987733086481 ),
 .UNSPECIFIED. ) ;
#992 = CARTESIAN_POINT ( 'NONE',  ( 2.750000000000000000, 3.385681998088980738, 0.4563486649243234106 ) ) ;
#993 = EDGE_CURVE ( 'NONE', #3411, #322, #1747, .T. ) ;
#994 = LINE ( 'NONE', #2299, #2947 ) ;
#995 = EDGE_CURVE ( 'NONE', #1336, #252, #812, .T. ) ;
#996 = B_SPLINE_CURVE_WITH_KNOTS ( 'NONE', 3,
 ( #2678, #560, #797, #1614 ),
 .UNSPECIFIED., .F., .F.,
 ( 4, 4 ),
 ( 0.0001523839949402529281, 0.0003342639922311043624 ),
 .UNSPECIFIED. ) ;
#997 = ORIENTED_EDGE ( 'NONE', *, *, #484, .F. ) ;
#998 = CARTESIAN_POINT ( 'NONE',  ( 1.880079349728696725, 2.882503549449535907, 0.3174774265235015269 ) ) ;
#999 = EDGE_CURVE ( 'NONE', #1786, #1538, #1012, .T. ) ;
#1000 = VERTEX_POINT ( 'NONE', #3060 ) ;
#1001 = ORIENTED_EDGE ( 'NONE', *, *, #1776, .F. ) ;
#1002 = DIRECTION ( 'NONE',  ( 1.000000000000000000, -0.000000000000000000, -0.000000000000000000 ) ) ;
#1003 = DIRECTION ( 'NONE',  ( 0.000000000000000000, -1.000000000000000000, -0.000000000000000000 ) ) ;
#1004 = EDGE_CURVE ( 'NONE', #1445, #3411, #2749, .T. ) ;
#1005 = FACE_OUTER_BOUND ( 'NONE', #2649, .T. ) ;
#1006 = ORIENTED_EDGE ( 'NONE', *, *, #1387, .T. ) ;
#1007 = CARTESIAN_POINT ( 'NONE',  ( 2.338037166442215486, 2.451086615301143468, -0.2570250486867829420 ) ) ;
#1008 =( BOUNDED_SURFACE ( )  B_SPLINE_SURFACE ( 3, 2, ( 
 ( #2177, #318, #2194 ),
 ( #1404, #3266, #835 ),
 ( #1932, #2421, #2161 ),
 ( #3233, #2471, #3001 ) ),
 .UNSPECIFIED., .F., .F., .T. ) 
 B_SPLINE_SURFACE_WITH_KNOTS ( ( 4, 4 ),
 ( 3, 3 ),
 ( 0.0009906614850834286057, 0.001191831480922129127 ),
 ( 0.000000000000000000, 0.3168044599616401946 ),
 .UNSPECIFIED. ) 
 GEOMETRIC_REPRESENTATION_ITEM ( )  RATIONAL_B_SPLINE_SURFACE ( (
 ( 1.000000000000000000, 0.9679402471287273935, 0.9561938396472291490),
 ( 1.000000000000000000, 0.9603423267248811790, 0.9458121089802806747),
 ( 1.000000000000000000, 0.9443356231996904437, 0.9239406920620274466),
 ( 1.000000000000000000, 0.9251589430880106102, 0.8977378474119435126) ) ) 
 REPRESENTATION_ITEM ( '' )  SURFACE ( )  );
#1009 = AXIS2_PLACEMENT_3D ( 'NONE', #2994, #1647, #2171 ) ;
#1010 = DIRECTION ( 'NONE',  ( 0.000000000000000000, 0.000000000000000000, 1.000000000000000000 ) ) ;
#1011 = DIRECTION ( 'NONE',  ( 1.000000000000000000, 0.000000000000000000, 0.000000000000000000 ) ) ;
#1012 = CIRCLE ( 'NONE', #2528, 0.2500000000000003886 ) ;
#1013 = DIRECTION ( 'NONE',  ( 1.000000000000000000, -0.000000000000000000, -0.000000000000000000 ) ) ;
#1014 = VERTEX_POINT ( 'NONE', #1254 ) ;
#1015 = DIRECTION ( 'NONE',  ( 1.000000000000000000, 0.000000000000000000, 0.000000000000000000 ) ) ;
#1016 = CARTESIAN_POINT ( 'NONE',  ( 2.250000000000000444, -9.000000000000000000, -3.061616997868387948E-17 ) ) ;
#1017 = ORIENTED_EDGE ( 'NONE', *, *, #2, .F. ) ;
#1018 = CARTESIAN_POINT ( 'NONE',  ( -1.364268769979043672, 6.784910376055605319, -1.587161602929463289 ) ) ;
#1019 = FACE_OUTER_BOUND ( 'NONE', #1555, .T. ) ;
#1020 = CIRCLE ( 'NONE', #414, 0.7618199211509527613 ) ;
#1021 = EDGE_CURVE ( 'NONE', #1448, #2345, #1451, .T. ) ;
#1022 = CARTESIAN_POINT ( 'NONE',  ( 2.324129199875283103, 2.506940475009473701, -0.2999999999999999889 ) ) ;
#1023 = AXIS2_PLACEMENT_3D ( 'NONE', #1316, #3129, #2962 ) ;
#1024 = ORIENTED_EDGE ( 'NONE', *, *, #491, .T. ) ;
#1025 = CARTESIAN_POINT ( 'NONE',  ( 2.165552139565378287, 2.910677073352198718, -0.5656202136938316416 ) ) ;
#1026 = AXIS2_PLACEMENT_3D ( 'NONE', #1113, #2204, #3277 ) ;
#1027 = CARTESIAN_POINT ( 'NONE',  ( 2.078126959570745669, 3.107841394108920241, 0.3174774265215481450 ) ) ;
#1028 = DIRECTION ( 'NONE',  ( 0.000000000000000000, 0.000000000000000000, -1.000000000000000000 ) ) ;
#1029 = CARTESIAN_POINT ( 'NONE',  ( -2.750000000000000888, 2.750712707568149007, -1.317437748835728506 ) ) ;
#1030 =( BOUNDED_SURFACE ( )  B_SPLINE_SURFACE ( 3, 2, ( 
 ( #1378, #1679, #2444 ),
 ( #1414, #2991, #49 ),
 ( #2462, #2480, #878 ),
 ( #590, #1433, #102 ),
 ( #2240, #1660, #1395 ),
 ( #660, #1713, #2291 ) ),
 .UNSPECIFIED., .F., .F., .T. ) 
 B_SPLINE_SURFACE_WITH_KNOTS ( ( 4, 2, 4 ),
 ( 3, 3 ),
 ( 0.000000000000000000, 0.001066283753924612528, 0.002132567507849225056 ),
 ( 0.000000000000000000, 1.000000000000000000 ),
 .UNSPECIFIED. ) 
 GEOMETRIC_REPRESENTATION_ITEM ( )  RATIONAL_B_SPLINE_SURFACE ( (
 ( 1.000000000000000000, 0.8108401175561297247, 1.000000000000000000),
 ( 1.000000000000000000, 0.8745700083399956526, 1.000000000000000000),
 ( 1.000000000000000000, 0.9214554812692894448, 1.000000000000000000),
 ( 1.000000000000000000, 0.9846359408866822704, 1.000000000000000000),
 ( 1.000000000000000000, 0.9998820271062514031, 1.000000000000000000),
 ( 1.000000000000000000, 1.000000000000000000, 1.000000000000000000) ) ) 
 REPRESENTATION_ITEM ( '' )  SURFACE ( )  );
#1031 = VERTEX_POINT ( 'NONE', #1975 ) ;
#1032 = DIRECTION ( 'NONE',  ( 1.000000000000000000, -0.000000000000000000, -0.000000000000000000 ) ) ;
#1033 = B_SPLINE_CURVE_WITH_KNOTS ( 'NONE', 3,
 ( #1967, #992, #2072, #3141 ),
 .UNSPECIFIED., .F., .F.,
 ( 4, 4 ),
 ( 4.848699518061080308E-19, 0.0005019745305112194560 ),
 .UNSPECIFIED. ) ;
#1034 = ORIENTED_EDGE ( 'NONE', *, *, #238, .T. ) ;
#1035 = VERTEX_POINT ( 'NONE', #1769 ) ;
#1036 = CARTESIAN_POINT ( 'NONE',  ( 2.724004259184923171, 2.986109806779640330, 0.2850520152383860251 ) ) ;
#1037 = CARTESIAN_POINT ( 'NONE',  ( 2.449999999999999734, 3.293280582485998753, -0.7826577067908028207 ) ) ;
#1038 = EDGE_CURVE ( 'NONE', #2388, #918, #1367, .T. ) ;
#1039 = TOROIDAL_SURFACE ( 'NONE', #1603, 0.5388602512436521108, 0.2500000000000003886 ) ;
#1040 = CYLINDRICAL_SURFACE ( 'NONE', #792, 5.049999999999986500 ) ;
#1041 = EDGE_CURVE ( 'NONE', #1731, #268, #285, .T. ) ;
#1042 = EDGE_LOOP ( 'NONE', ( #1136, #1109 ) ) ;
#1043 = DIRECTION ( 'NONE',  ( -1.000000000000000000, 0.000000000000000000, 0.000000000000000000 ) ) ;
#1044 = CYLINDRICAL_SURFACE ( 'NONE', #3159, 0.2999999999999999334 ) ;
#1045 = DIRECTION ( 'NONE',  ( 0.000000000000000000, 1.000000000000000000, 0.000000000000000000 ) ) ;
#1046 = DIRECTION ( 'NONE',  ( 0.000000000000000000, 0.000000000000000000, -1.000000000000000000 ) ) ;
#1047 = DIRECTION ( 'NONE',  ( -6.264657894015953561E-17, 3.388131789017199384E-16, 1.000000000000000000 ) ) ;
#1048 = VECTOR ( 'NONE', #2693, 1000.000000000000000 ) ;
#1049 = ORIENTED_EDGE ( 'NONE', *, *, #2035, .F. ) ;
#1050 = UNCERTAINTY_MEASURE_WITH_UNIT (LENGTH_MEASURE( 1.000000000000000082E-05 ), #3057, 'distance_accuracy_value', 'NONE');
#1051 = CARTESIAN_POINT ( 'NONE',  ( -1.375000000000000444, 5.256569860407206640, 1.700000000000000178 ) ) ;
#1052 = ORIENTED_EDGE ( 'NONE', *, *, #3192, .T. ) ;
#1053 = ORIENTED_EDGE ( 'NONE', *, *, #2905, .F. ) ;
#1054 = CARTESIAN_POINT ( 'NONE',  ( -1.375000000000000444, 5.256569860407206640, 2.000000000000000000 ) ) ;
#1055 = SURFACE_SIDE_STYLE ('',( #3199 ) ) ;
#1056 = ADVANCED_FACE ( 'NONE', ( #401 ), #2525, .T. ) ;
#1057 = CARTESIAN_POINT ( 'NONE',  ( -2.382454451940491325, 2.506940475009473701, -0.2999999999999999889 ) ) ;
#1058 = ORIENTED_EDGE ( 'NONE', *, *, #444, .T. ) ;
#1059 = CARTESIAN_POINT ( 'NONE',  ( 1.716666666666667229, 1.302229073219968614, 0.000000000000000000 ) ) ;
#1060 = CARTESIAN_POINT ( 'NONE',  ( -2.024246679077250199, 2.675385148264427304, 0.1402580341594791002 ) ) ;
#1061 = CARTESIAN_POINT ( 'NONE',  ( 1.912500000000000977, 6.296639832727860764, -1.924330376838829126 ) ) ;
#1062 = CARTESIAN_POINT ( 'NONE',  ( -1.841037703239026380, 2.932986059537683765, -0.5518885734888318018 ) ) ;
#1063 = DIRECTION ( 'NONE',  ( -0.000000000000000000, -0.000000000000000000, 1.000000000000000000 ) ) ;
#1064 = ADVANCED_FACE ( 'NONE', ( #2259 ), #1512, .T. ) ;
#1065 = CIRCLE ( 'NONE', #228, 0.2500000000000003886 ) ;
#1066 = ORIENTED_EDGE ( 'NONE', *, *, #993, .T. ) ;
#1067 = DIRECTION ( 'NONE',  ( 1.000000000000000000, 0.000000000000000000, 0.000000000000000000 ) ) ;
#1068 = DIRECTION ( 'NONE',  ( 0.000000000000000000, 1.000000000000000000, -0.000000000000000000 ) ) ;
#1069 = ORIENTED_EDGE ( 'NONE', *, *, #2674, .F. ) ;
#1070 = CARTESIAN_POINT ( 'NONE',  ( -0.3390292097934164417, 6.999999999991439736, -1.072281015087048539 ) ) ;
#1071 = DIRECTION ( 'NONE',  ( 0.000000000000000000, -0.000000000000000000, 1.000000000000000000 ) ) ;
#1072 = B_SPLINE_CURVE_WITH_KNOTS ( 'NONE', 3,
 ( #1233, #740, #466, #203, #2029, #3116, #2359, #2080 ),
 .UNSPECIFIED., .F., .F.,
 ( 4, 2, 2, 4 ),
 ( -1.284646344221354707E-05, 0.0005591496660896005727, 0.001131145795621414738, 0.002275138054685043286 ),
 .UNSPECIFIED. ) ;
#1073 = CARTESIAN_POINT ( 'NONE',  ( -1.880079349728696725, 2.882503549449535907, -0.3174774265235015269 ) ) ;
#1074 = ORIENTED_EDGE ( 'NONE', *, *, #1144, .F. ) ;
#1075 = AXIS2_PLACEMENT_3D ( 'NONE', #2919, #3151, #1592 ) ;
#1076 = CARTESIAN_POINT ( 'NONE',  ( 2.345788029052365609, 2.356830363314021515, -0.1419377532384370477 ) ) ;
#1077 = DIRECTION ( 'NONE',  ( -0.000000000000000000, -0.000000000000000000, -1.000000000000000000 ) ) ;
#1078 = AXIS2_PLACEMENT_3D ( 'NONE', #1774, #1494, #1281 ) ;
#1079 = B_SPLINE_CURVE_WITH_KNOTS ( 'NONE', 3,
 ( #2540, #155, #3370, #2576, #174, #1328, #2623, #2394 ),
 .UNSPECIFIED., .F., .F.,
 ( 4, 2, 2, 4 ),
 ( 0.000000000000000000, 0.001139883401105193936, 0.001709825101657791013, 0.002279766802210387872 ),
 .UNSPECIFIED. ) ;
#1080 = CARTESIAN_POINT ( 'NONE',  ( 2.324129199875283103, 2.506940475009473701, 0.2999999999999999889 ) ) ;
#1081 = B_SPLINE_CURVE_WITH_KNOTS ( 'NONE', 3,
 ( #1375, #3219, #1886, #2198 ),
 .UNSPECIFIED., .F., .F.,
 ( 4, 4 ),
 ( 0.000000000000000000, 0.0001419838250447572709 ),
 .UNSPECIFIED. ) ;
#1082 = DIRECTION ( 'NONE',  ( -0.000000000000000000, -0.000000000000000000, 1.000000000000000000 ) ) ;
#1083 = CIRCLE ( 'NONE', #1703, 0.7166666666666675622 ) ;
#1084 = LINE ( 'NONE', #2927, #417 ) ;
#1085 = EDGE_CURVE ( 'NONE', #2114, #2370, #1463, .T. ) ;
#1086 = ORIENTED_EDGE ( 'NONE', *, *, #183, .F. ) ;
#1087 = CYLINDRICAL_SURFACE ( 'NONE', #1775, 4.125000000000000888 ) ;
#1088 = CARTESIAN_POINT ( 'NONE',  ( 1.936966183534437835, 2.832506171141961460, -0.2889074960617395993 ) ) ;
#1089 = ORIENTED_EDGE ( 'NONE', *, *, #3123, .F. ) ;
#1090 = CARTESIAN_POINT ( 'NONE',  ( -0.6555859165410234946, 6.927236625763409705, -1.302696283014174838 ) ) ;
#1091 = FACE_OUTER_BOUND ( 'NONE', #3146, .T. ) ;
#1092 = CARTESIAN_POINT ( 'NONE',  ( -2.043006648591633834, 2.590273808342806738, -2.000000000000000000 ) ) ;
#1093 = ORIENTED_EDGE ( 'NONE', *, *, #1267, .F. ) ;
#1094 = CARTESIAN_POINT ( 'NONE',  ( -2.701145618002115167, 2.758255050814787612, -0.5073257349803199645 ) ) ;
#1095 = VECTOR ( 'NONE', #1535, 1000.000000000000000 ) ;
#1096 = DIRECTION ( 'NONE',  ( -1.000000000000000000, 0.000000000000000000, 0.000000000000000000 ) ) ;
#1097 = CARTESIAN_POINT ( 'NONE',  ( 2.250509012881025228, 2.506940475009473257, 0.2999999999999998779 ) ) ;
#1098 = VECTOR ( 'NONE', #3362, 1000.000000000000000 ) ;
#1099 = CARTESIAN_POINT ( 'NONE',  ( -2.732143179560791335, 3.082635136367830153, 0.3174774265215478120 ) ) ;
#1100 = CARTESIAN_POINT ( 'NONE',  ( -2.732143179560791779, 3.082635136367829709, -0.3174774265215474789 ) ) ;
#1101 = EDGE_CURVE ( 'NONE', #719, #2850, #1197, .T. ) ;
#1102 = ORIENTED_EDGE ( 'NONE', *, *, #1633, .F. ) ;
#1103 = CARTESIAN_POINT ( 'NONE',  ( -2.745492729908941776, 3.240957086663586839, -0.3706619572078858060 ) ) ;
#1104 = CIRCLE ( 'NONE', #2675, 0.2500000000000003886 ) ;
#1105 = DIRECTION ( 'NONE',  ( 0.000000000000000000, 0.000000000000000000, 1.000000000000000000 ) ) ;
#1106 = ORIENTED_EDGE ( 'NONE', *, *, #80, .F. ) ;
#1107 = CARTESIAN_POINT ( 'NONE',  ( -1.880079349731715643, 2.882503549446627567, -0.3174774265215485891 ) ) ;
#1108 = EDGE_CURVE ( 'NONE', #3328, #826, #2326, .T. ) ;
#1109 = ORIENTED_EDGE ( 'NONE', *, *, #2674, .T. ) ;
#1110 = ORIENTED_EDGE ( 'NONE', *, *, #993, .F. ) ;
#1111 = CARTESIAN_POINT ( 'NONE',  ( -2.394256587693951221, 2.583266096423674885, -0.3884424359646579394 ) ) ;
#1112 = EDGE_CURVE ( 'NONE', #92, #322, #402, .T. ) ;
#1113 = CARTESIAN_POINT ( 'NONE',  ( 2.449999999999999734, 5.256569860407206640, 1.700000000000000178 ) ) ;
#1114 = CARTESIAN_POINT ( 'NONE',  ( 2.062500000000000444, 6.447354790610810404, 1.644868767982617275 ) ) ;
#1115 = CARTESIAN_POINT ( 'NONE',  ( -2.043006648592293750, 2.590273808338904526, 0.01050895373013632263 ) ) ;
#1116 = CARTESIAN_POINT ( 'NONE',  ( 1.483333333333332948, 0.8980838847872305575, 0.000000000000000000 ) ) ;
#1117 = ORIENTED_EDGE ( 'NONE', *, *, #1986, .F. ) ;
#1118 = CARTESIAN_POINT ( 'NONE',  ( 1.469371010024507873, 1.697984851426301400, 0.000000000000000000 ) ) ;
#1119 = AXIS2_PLACEMENT_3D ( 'NONE', #882, #1927, #1962 ) ;
#1120 = B_SPLINE_CURVE_WITH_KNOTS ( 'NONE', 3,
 ( #1653, #1088, #77, #3249, #1900, #267 ),
 .UNSPECIFIED., .F., .F.,
 ( 4, 2, 4 ),
 ( 0.000000000000000000, 0.0002423546405624432210, 0.0004847092811248864420 ),
 .UNSPECIFIED. ) ;
#1121 = AXIS2_PLACEMENT_3D ( 'NONE', #1638, #2148, #1308 ) ;
#1122 = EDGE_LOOP ( 'NONE', ( #832, #2832, #710, #1659 ) ) ;
#1123 = DIRECTION ( 'NONE',  ( 9.637352644315595243E-17, 1.000000000000000000, 0.000000000000000000 ) ) ;
#1124 =( LENGTH_UNIT ( ) NAMED_UNIT ( * ) SI_UNIT ( .MILLI., .METRE. ) );
#1125 = VERTEX_POINT ( 'NONE', #219 ) ;
#1126 = VERTEX_POINT ( 'NONE', #2936 ) ;
#1127 = CARTESIAN_POINT ( 'NONE',  ( -2.732143179560792667, 3.082635136367832374, -0.3174774265215487556 ) ) ;
#1128 = EDGE_CURVE ( 'NONE', #2114, #2045, #3180, .T. ) ;
#1129 = CARTESIAN_POINT ( 'NONE',  ( 2.732143179560792667, 3.082635136367832374, 0.3174774265215487556 ) ) ;
#1130 = CARTESIAN_POINT ( 'NONE',  ( 2.130628989975492882, 2.111184696803140692, 0.000000000000000000 ) ) ;
#1131 = AXIS2_PLACEMENT_3D ( 'NONE', #1150, #2446, #347 ) ;
#1132 = CARTESIAN_POINT ( 'NONE',  ( 1.976174717889868093, 2.774707200931286533, 0.2446513424108025248 ) ) ;
#1133 = AXIS2_PLACEMENT_3D ( 'NONE', #21, #3190, #526 ) ;
#1134 = CARTESIAN_POINT ( 'NONE',  ( 0.6997103540780003073, 6.956102457295898489, -1.192839415335509079 ) ) ;
#1135 = CIRCLE ( 'NONE', #473, 0.7618199211509527613 ) ;
#1136 = ORIENTED_EDGE ( 'NONE', *, *, #865, .T. ) ;
#1137 = CARTESIAN_POINT ( 'NONE',  ( -2.155882492167514375, 6.051417925228292916, 2.000000000000001776 ) ) ;
#1138 = AXIS2_PLACEMENT_3D ( 'NONE', #81, #1123, #337 ) ;
#1139 = DIRECTION ( 'NONE',  ( 0.000000000000000000, 0.000000000000000000, -1.000000000000000000 ) ) ;
#1140 = ORIENTED_EDGE ( 'NONE', *, *, #1951, .F. ) ;
#1141 = CYLINDRICAL_SURFACE ( 'NONE', #2495, 1.486606874731850381 ) ;
#1142 = CARTESIAN_POINT ( 'NONE',  ( 2.698610499995420575, 2.733001163709174453, -0.4978771759095718674 ) ) ;
#1143 = FACE_OUTER_BOUND ( 'NONE', #966, .T. ) ;
#1144 = EDGE_CURVE ( 'NONE', #1336, #2345, #2468, .T. ) ;
#1145 = ORIENTED_EDGE ( 'NONE', *, *, #1038, .T. ) ;
#1146 = EDGE_LOOP ( 'NONE', ( #2845, #64, #1066, #1958, #39, #355 ) ) ;
#1147 = CARTESIAN_POINT ( 'NONE',  ( -2.723927543037172327, 2.985199974626904673, -0.5922355355776538488 ) ) ;
#1148 = CARTESIAN_POINT ( 'NONE',  ( 2.226100807812598781, 6.352899820180565982, -1.673696141722312403 ) ) ;
#1149 = EDGE_CURVE ( 'NONE', #168, #2850, #364, .T. ) ;
#1150 = CARTESIAN_POINT ( 'NONE',  ( 1.375000000000000444, 5.256569860407206640, -2.000000000000000000 ) ) ;
#1151 = MECHANICAL_DESIGN_GEOMETRIC_PRESENTATION_REPRESENTATION (  '', ( #2661 ), #2056 ) ;
#1152 = DIRECTION ( 'NONE',  ( 1.239088197126290817E-16, -1.000000000000000000, 0.000000000000000000 ) ) ;
#1153 = CARTESIAN_POINT ( 'NONE',  ( 0.6488223283612584158, 6.944130910375418964, -1.303903630721231499 ) ) ;
#1154 = AXIS2_PLACEMENT_3D ( 'NONE', #1541, #1003, #1789 ) ;
#1155 = EDGE_CURVE ( 'NONE', #918, #1516, #1324, .T. ) ;
#1156 = B_SPLINE_CURVE_WITH_KNOTS ( 'NONE', 3,
 ( #772, #1853, #2939, #1057 ),
 .UNSPECIFIED., .F., .F.,
 ( 4, 4 ),
 ( 0.0005207777323295590191, 0.0007323560542199082733 ),
 .UNSPECIFIED. ) ;
#1157 = ORIENTED_EDGE ( 'NONE', *, *, #3321, .T. ) ;
#1158 = CARTESIAN_POINT ( 'NONE',  ( 2.449999999999999734, 4.381755167708339727, 1.118716226900177357 ) ) ;
#1159 = EDGE_CURVE ( 'NONE', #7, #1850, #2918, .T. ) ;
#1160 = CARTESIAN_POINT ( 'NONE',  ( 2.749999999999999556, 3.506940475009474145, 0.5720646149600000507 ) ) ;
#1161 = CARTESIAN_POINT ( 'NONE',  ( -2.691438912027082075, 2.735563854571398945, 0.1435292166561193128 ) ) ;
#1162 = ORIENTED_EDGE ( 'NONE', *, *, #592, .T. ) ;
#1163 = CARTESIAN_POINT ( 'NONE',  ( -2.367934015254000713, 6.226788565779514784, 1.699999999999999956 ) ) ;
#1164 = DIRECTION ( 'NONE',  ( 0.000000000000000000, 1.000000000000000000, 0.000000000000000000 ) ) ;
#1165 = CARTESIAN_POINT ( 'NONE',  ( 2.078126959570745225, 3.006940475009473701, 0.5999999999999996447 ) ) ;
#1166 = ORIENTED_EDGE ( 'NONE', *, *, #999, .F. ) ;
#1167 = ORIENTED_EDGE ( 'NONE', *, *, #2503, .T. ) ;
#1168 = FACE_OUTER_BOUND ( 'NONE', #2916, .T. ) ;
#1169 = CARTESIAN_POINT ( 'NONE',  ( 2.281660075355828710, 2.671440936655923970, -0.4336268704984878597 ) ) ;
#1170 = CARTESIAN_POINT ( 'NONE',  ( -2.193044053149912020, 2.506940475009473701, 0.1958589791783139356 ) ) ;
#1171 = FACE_OUTER_BOUND ( 'NONE', #3005, .T. ) ;
#1172 = VERTEX_POINT ( 'NONE', #535 ) ;
#1173 = CARTESIAN_POINT ( 'NONE',  ( 2.449999999999999734, 3.506940475009473701, 0.5720646149599998287 ) ) ;
#1174 = EDGE_CURVE ( 'NONE', #85, #92, #2651, .T. ) ;
#1175 = CARTESIAN_POINT ( 'NONE',  ( 2.047775927891371417, 6.189442552287760968, 1.966176685762927923 ) ) ;
#1176 = CARTESIAN_POINT ( 'NONE',  ( -1.601850826082807933, 1.485972827387193718, 0.000000000000000000 ) ) ;
#1177 = ORIENTED_EDGE ( 'NONE', *, *, #2076, .F. ) ;
#1178 = DIRECTION ( 'NONE',  ( 0.000000000000000000, 0.000000000000000000, 1.000000000000000000 ) ) ;
#1179 = VECTOR ( 'NONE', #2070, 1000.000000000000000 ) ;
#1180 = ORIENTED_EDGE ( 'NONE', *, *, #3084, .F. ) ;
#1181 = VERTEX_POINT ( 'NONE', #985 ) ;
#1182 = CARTESIAN_POINT ( 'NONE',  ( -2.240102708768680451, 5.894709581221616368, -1.700000000000000178 ) ) ;
#1183 = CARTESIAN_POINT ( 'NONE',  ( 2.433203980775002773, 3.006940475009473257, 0.5999999999999998668 ) ) ;
#1184 = CARTESIAN_POINT ( 'NONE',  ( 0.1754458559228051218, 7.000000000000000888, 0.9693560857288739951 ) ) ;
#1185 = DIRECTION ( 'NONE',  ( 0.000000000000000000, -0.9926594808636929335, 0.1209427759373146311 ) ) ;
#1186 = DIRECTION ( 'NONE',  ( 1.000000000000000000, 0.000000000000000000, 0.000000000000000000 ) ) ;
#1187 = CARTESIAN_POINT ( 'NONE',  ( 0.000000000000000000, 7.000000000000001776, -0.8947095812216140365 ) ) ;
#1188 = CIRCLE ( 'NONE', #467, 0.2500000000000003886 ) ;
#1189 = CARTESIAN_POINT ( 'NONE',  ( -1.716666666666667229, 1.302229073219968614, 0.000000000000000000 ) ) ;
#1190 = CARTESIAN_POINT ( 'NONE',  ( 1.835899879422786540, 2.921332528714404297, 0.3396654146745633485 ) ) ;
#1191 = VECTOR ( 'NONE', #441, 1000.000000000000114 ) ;
#1192 = EDGE_CURVE ( 'NONE', #464, #1199, #178, .T. ) ;
#1193 = DIRECTION ( 'NONE',  ( 0.000000000000000000, 0.000000000000000000, 1.000000000000000000 ) ) ;
#1194 = ORIENTED_EDGE ( 'NONE', *, *, #889, .T. ) ;
#1195 = AXIS2_PLACEMENT_3D ( 'NONE', #3295, #366, #2783 ) ;
#1196 = CARTESIAN_POINT ( 'NONE',  ( -2.499999999999999556, 0.000000000000000000, 0.000000000000000000 ) ) ;
#1197 = B_SPLINE_CURVE_WITH_KNOTS ( 'NONE', 3,
 ( #1866, #1036, #1819, #202, #3164, #499 ),
 .UNSPECIFIED., .F., .F.,
 ( 4, 2, 4 ),
 ( 0.000000000000000000, 0.0003023507143719688099, 0.0006047014287439376199 ),
 .UNSPECIFIED. ) ;
#1198 = VERTEX_POINT ( 'NONE', #269 ) ;
#1199 = VERTEX_POINT ( 'NONE', #253 ) ;
#1200 = CARTESIAN_POINT ( 'NONE',  ( -2.567494221876385652, 2.506940475009473701, 0.01373712374811123828 ) ) ;
#1201 = CARTESIAN_POINT ( 'NONE',  ( -2.567494221876385208, 2.506940475009473701, 0.01373712374811110817 ) ) ;
#1202 = CARTESIAN_POINT ( 'NONE',  ( 1.746995600446414443, 3.149787292032658836, 0.6685085783579898244 ) ) ;
#1203 = DIRECTION ( 'NONE',  ( -0.000000000000000000, -0.000000000000000000, 1.000000000000000000 ) ) ;
#1204 = CARTESIAN_POINT ( 'NONE',  ( 2.324129199875283103, 2.506940475009473701, 0.2999999999999999889 ) ) ;
#1205 = B_SPLINE_CURVE_WITH_KNOTS ( 'NONE', 3,
 ( #3047, #626, #1169, #1416, #881, #3064 ),
 .UNSPECIFIED., .F., .F.,
 ( 4, 2, 4 ),
 ( 5.421010862427522170E-20, 0.0003217923699713812744, 0.0006435847399427624405 ),
 .UNSPECIFIED. ) ;
#1206 = CARTESIAN_POINT ( 'NONE',  ( -2.197206255029652056, 2.506940475009473701, 0.1978738777521735770 ) ) ;
#1207 = EDGE_CURVE ( 'NONE', #2644, #2508, #956, .T. ) ;
#1208 = CARTESIAN_POINT ( 'NONE',  ( -2.130628989975492882, 2.111184696803140692, 0.000000000000000000 ) ) ;
#1209 = ORIENTED_EDGE ( 'NONE', *, *, #1692, .F. ) ;
#1210 = CARTESIAN_POINT ( 'NONE',  ( 1.549999999999999378, 2.506940475009473701, -2.000000000000000000 ) ) ;
#1211 = CARTESIAN_POINT ( 'NONE',  ( -1.674620820925053488, 2.994860995197230924, -0.4005157616917283669 ) ) ;
#1212 = ORIENTED_EDGE ( 'NONE', *, *, #1881, .T. ) ;
#1213 = EDGE_LOOP ( 'NONE', ( #1487, #2405, #2898, #1327 ) ) ;
#1214 = DIRECTION ( 'NONE',  ( 1.000000000000000000, 0.000000000000000000, 0.000000000000000000 ) ) ;
#1215 = CARTESIAN_POINT ( 'NONE',  ( -2.020546446024893861, 2.714337042982346571, 0.4667762406053087010 ) ) ;
#1216 = ADVANCED_FACE ( 'NONE', ( #1274 ), #2389, .T. ) ;
#1217 = CARTESIAN_POINT ( 'NONE',  ( -2.663376412382032488, 2.575502706417351018, 0.08225769556972738206 ) ) ;
#1218 = AXIS2_PLACEMENT_3D ( 'NONE', #2155, #1333, #262 ) ;
#1219 = EDGE_CURVE ( 'NONE', #2668, #1731, #2975, .T. ) ;
#1220 = DIRECTION ( 'NONE',  ( 1.000000000000000000, 1.239088197126290817E-16, -0.000000000000000000 ) ) ;
#1221 = FACE_OUTER_BOUND ( 'NONE', #1042, .T. ) ;
#1222 = ADVANCED_FACE ( 'NONE', ( #724 ), #1734, .T. ) ;
#1223 = CARTESIAN_POINT ( 'NONE',  ( 2.382454451940482443, 2.506940475009473701, 0.2999999999999999889 ) ) ;
#1224 = CARTESIAN_POINT ( 'NONE',  ( -2.716201756655641120, 2.893574299185188270, 0.2539668643775778722 ) ) ;
#1225 = DIRECTION ( 'NONE',  ( -1.000000000000000000, 0.000000000000000000, 0.000000000000000000 ) ) ;
#1226 = ORIENTED_EDGE ( 'NONE', *, *, #2305, .T. ) ;
#1227 = CARTESIAN_POINT ( 'NONE',  ( 2.078126959570734567, 3.107841394108929123, -0.3174774265215514202 ) ) ;
#1228 = CARTESIAN_POINT ( 'NONE',  ( -2.062500000000001332, 6.447354790610811293, 1.644868767982617497 ) ) ;
#1229 = APPLICATION_CONTEXT ( 'automotive_design' ) ;
#1230 = ORIENTED_EDGE ( 'NONE', *, *, #2996, .F. ) ;
#1231 = ORIENTED_EDGE ( 'NONE', *, *, #1266, .F. ) ;
#1232 = CARTESIAN_POINT ( 'NONE',  ( 1.549999999999999378, 3.006940475009473701, -0.4129643021938410041 ) ) ;
#1233 = CARTESIAN_POINT ( 'NONE',  ( 0.000000000000000000, 7.000000000000002665, -0.8947095812216139255 ) ) ;
#1234 = PRODUCT ( 'FA20C0G2A473JNU00', 'FA20C0G2A473JNU00', '', ( #871 ) ) ;
#1235 = AXIS2_PLACEMENT_3D ( 'NONE', #437, #1469, #1505 ) ;
#1236 = B_SPLINE_CURVE_WITH_KNOTS ( 'NONE', 3,
 ( #3279, #1184, #3009, #2225, #1961, #1435, #3027, #2504 ),
 .UNSPECIFIED., .F., .F.,
 ( 4, 2, 2, 4 ),
 ( -1.284646344221345898E-05, 0.0005591496660896005727, 0.001131145795621414738, 0.002275138054685042852 ),
 .UNSPECIFIED. ) ;
#1237 = CARTESIAN_POINT ( 'NONE',  ( -2.352411319086908481, 6.247831853052999485, 1.974539212618114492 ) ) ;
#1238 = EDGE_CURVE ( 'NONE', #1964, #983, #3374, .T. ) ;
#1239 = CARTESIAN_POINT ( 'NONE',  ( 2.450000000000000622, 3.035766082959413894E-16, -2.000000000000000000 ) ) ;
#1240 = CARTESIAN_POINT ( 'NONE',  ( 1.716666666666667229, 1.302229073219968614, -3.061616997868387948E-17 ) ) ;
#1241 = VECTOR ( 'NONE', #3198, 1000.000000000000000 ) ;
#1242 = DIRECTION ( 'NONE',  ( 1.000000000000000000, 1.239088197126290817E-16, -0.000000000000000000 ) ) ;
#1243 = B_SPLINE_CURVE_WITH_KNOTS ( 'NONE', 3,
 ( #3111, #2848, #2236, #1211, #2812, #448 ),
 .UNSPECIFIED., .F., .F.,
 ( 4, 2, 4 ),
 ( 0.000000000000000000, 0.0001864063173013237422, 0.0003728126346026474844 ),
 .UNSPECIFIED. ) ;
#1244 = CARTESIAN_POINT ( 'NONE',  ( 1.358333333333332948, 0.6815775338411202977, -3.061616997868387948E-17 ) ) ;
#1245 = COLOUR_RGB ( '',0.7921568627450980005, 0.8196078431372548767, 0.9333333333333333481 ) ;
#1246 = VERTEX_POINT ( 'NONE', #789 ) ;
#1247 = CARTESIAN_POINT ( 'NONE',  ( 2.445883160151003377, 3.114826972843348862, -0.6385308920835255364 ) ) ;
#1248 = CARTESIAN_POINT ( 'NONE',  ( 2.732143179560791779, 3.082635136367829709, -0.3174774265215474789 ) ) ;
#1249 = AXIS2_PLACEMENT_3D ( 'NONE', #780, #1858, #1615 ) ;
#1250 = ORIENTED_EDGE ( 'NONE', *, *, #3391, .T. ) ;
#1251 = ORIENTED_EDGE ( 'NONE', *, *, #3393, .T. ) ;
#1252 = VERTEX_POINT ( 'NONE', #12 ) ;
#1253 = CIRCLE ( 'NONE', #1195, 0.2500000000000003886 ) ;
#1254 = CARTESIAN_POINT ( 'NONE',  ( 2.750000000000000444, 4.381755167708339727, -1.700000000000000400 ) ) ;
#1255 = CARTESIAN_POINT ( 'NONE',  ( -1.920021659653140977, 2.847398576186395580, 0.5430207504203297120 ) ) ;
#1256 = ADVANCED_FACE ( 'NONE', ( #1374 ), #3235, .F. ) ;
#1257 = ADVANCED_FACE ( 'NONE', ( #236 ), #1354, .T. ) ;
#1258 = DIRECTION ( 'NONE',  ( 0.000000000000000000, -1.000000000000000000, -1.707808592110584823E-15 ) ) ;
#1259 = CARTESIAN_POINT ( 'NONE',  ( -2.141607978309961080, 2.506940475009473701, -2.000000000000000000 ) ) ;
#1260 = DIRECTION ( 'NONE',  ( 0.000000000000000000, 1.000000000000000000, 0.000000000000000000 ) ) ;
#1261 =( BOUNDED_SURFACE ( )  B_SPLINE_SURFACE ( 3, 2, ( 
 ( #367, #1977, #1114 ),
 ( #2242, #2186, #1397 ),
 ( #386, #1926, #2484 ),
 ( #593, #3314, #2784 ) ),
 .UNSPECIFIED., .F., .F., .F. ) 
 B_SPLINE_SURFACE_WITH_KNOTS ( ( 4, 4 ),
 ( 3, 3 ),
 ( -8.131516293641283255E-19, 0.0004437928298185867112 ),
 ( 0.000000000000000000, 1.000000000000000000 ),
 .UNSPECIFIED. ) 
 GEOMETRIC_REPRESENTATION_ITEM ( )  RATIONAL_B_SPLINE_SURFACE ( (
 ( 1.000000000000000000, 0.8108401175561282814, 1.000000000000000000),
 ( 1.000000000000000000, 0.7792104941827344700, 1.000000000000000000),
 ( 1.000000000000000000, 0.7390807061152803170, 1.000000000000000000),
 ( 1.000000000000000000, 0.7071067811865475727, 1.000000000000000000) ) ) 
 REPRESENTATION_ITEM ( '' )  SURFACE ( )  );
#1262 = CARTESIAN_POINT ( 'NONE',  ( 2.078126959570745225, 3.006940475009473701, 0.5999999999999996447 ) ) ;
#1263 = EDGE_CURVE ( 'NONE', #1992, #463, #1743, .T. ) ;
#1264 = CARTESIAN_POINT ( 'NONE',  ( 2.744985981480012160, 3.209835541816937976, 0.6979974567626250348 ) ) ;
#1265 = CARTESIAN_POINT ( 'NONE',  ( -2.141607978310902549, 2.506940475009473701, 0.04375038819700473314 ) ) ;
#1266 = EDGE_CURVE ( 'NONE', #983, #2387, #1284, .T. ) ;
#1267 = EDGE_CURVE ( 'NONE', #2047, #1785, #572, .T. ) ;
#1268 = ORIENTED_EDGE ( 'NONE', *, *, #1041, .F. ) ;
#1269 = CARTESIAN_POINT ( 'NONE',  ( 1.982482864400323397, 2.782340706861840207, 0.5075832822600032657 ) ) ;
#1270 = MANIFOLD_SOLID_BREP ( 'Combine1', #2231 ) ;
#1271 = AXIS2_PLACEMENT_3D ( 'NONE', #1515, #2282, #667 ) ;
#1272 = ORIENTED_EDGE ( 'NONE', *, *, #470, .T. ) ;
#1273 = VERTEX_POINT ( 'NONE', #1037 ) ;
#1274 = FACE_OUTER_BOUND ( 'NONE', #3441, .T. ) ;
#1275 = CARTESIAN_POINT ( 'NONE',  ( -2.156761401226313879, 2.920356508677824703, 0.5690771548815538594 ) ) ;
#1276 = CARTESIAN_POINT ( 'NONE',  ( 2.159163991017495121, 2.506940475009474589, -0.2307498291143169067 ) ) ;
#1277 = ORIENTED_EDGE ( 'NONE', *, *, #1907, .F. ) ;
#1278 = MANIFOLD_SOLID_BREP ( 'Combine2', #2843 ) ;
#1279 = CARTESIAN_POINT ( 'NONE',  ( 1.880079349731707872, 2.882503549446634228, -0.3174774265215526969 ) ) ;
#1280 = AXIS2_PLACEMENT_3D ( 'NONE', #1672, #2454, #2949 ) ;
#1281 = DIRECTION ( 'NONE',  ( 0.000000000000000000, 0.7121996417449170114, 0.7019769727693438988 ) ) ;
#1282 = CARTESIAN_POINT ( 'NONE',  ( 1.613127859873190850, 3.006940475009475033, 0.4129643021937902669 ) ) ;
#1283 = CARTESIAN_POINT ( 'NONE',  ( -2.750000000000000444, 2.750712707568149007, 1.317437748835728506 ) ) ;
#1284 = B_SPLINE_CURVE_WITH_KNOTS ( 'NONE', 3,
 ( #270, #2968, #29, #2652 ),
 .UNSPECIFIED., .F., .F.,
 ( 4, 4 ),
 ( 0.000000000000000000, 0.0003451145571566128275 ),
 .UNSPECIFIED. ) ;
#1285 = EDGE_CURVE ( 'NONE', #1125, #1035, #67, .T. ) ;
#1286 = ORIENTED_EDGE ( 'NONE', *, *, #865, .F. ) ;
#1287 = DIRECTION ( 'NONE',  ( 0.000000000000000000, 0.000000000000000000, -1.000000000000000000 ) ) ;
#1288 = ORIENTED_EDGE ( 'NONE', *, *, #2159, .T. ) ;
#1289 = ORIENTED_EDGE ( 'NONE', *, *, #2211, .F. ) ;
#1290 = CARTESIAN_POINT ( 'NONE',  ( -1.912500000000001199, 6.296639832727860764, -1.924330376838829348 ) ) ;
#1291 = DIRECTION ( 'NONE',  ( -1.000000000000000000, -1.239088197126290817E-16, 0.000000000000000000 ) ) ;
#1292 = DIRECTION ( 'NONE',  ( -0.5936183449436368553, -0.8047467058313302335, 0.000000000000000000 ) ) ;
#1293 = EDGE_LOOP ( 'NONE', ( #3318, #323, #607 ) ) ;
#1294 = MANIFOLD_SOLID_BREP ( 'Fillet2', #2790 ) ;
#1295 = CARTESIAN_POINT ( 'NONE',  ( -2.316280530781339664, 2.542033830132409911, 0.3309090001729085295 ) ) ;
#1296 = FACE_OUTER_BOUND ( 'NONE', #2324, .T. ) ;
#1297 = DIRECTION ( 'NONE',  ( 0.5299192642331999048, -0.8480480961564292874, 0.000000000000000000 ) ) ;
#1298 = B_SPLINE_CURVE_WITH_KNOTS ( 'NONE', 3,
 ( #111, #926, #1175, #888 ),
 .UNSPECIFIED., .F., .F.,
 ( 4, 4 ),
 ( 0.000000000000000000, 0.0005317811708019666963 ),
 .UNSPECIFIED. ) ;
#1299 = VECTOR ( 'NONE', #3148, 1000.000000000000000 ) ;
#1300 = FACE_OUTER_BOUND ( 'NONE', #1583, .T. ) ;
#1301 = ADVANCED_FACE ( 'NONE', ( #656 ), #1141, .T. ) ;
#1302 = ORIENTED_EDGE ( 'NONE', *, *, #1004, .F. ) ;
#1303 = CARTESIAN_POINT ( 'NONE',  ( 2.450000000000000622, 3.293280582485998753, 0.7826577067908028207 ) ) ;
#1304 = EDGE_CURVE ( 'NONE', #2950, #1973, #2449, .T. ) ;
#1305 = ORIENTED_EDGE ( 'NONE', *, *, #1501, .T. ) ;
#1306 = ORIENTED_EDGE ( 'NONE', *, *, #484, .T. ) ;
#1307 = CARTESIAN_POINT ( 'NONE',  ( -2.750000000000000888, 2.506940475009473701, -0.2999999999999999889 ) ) ;
#1308 = DIRECTION ( 'NONE',  ( 1.000000000000000000, 0.000000000000000000, 0.000000000000000000 ) ) ;
#1309 = CARTESIAN_POINT ( 'NONE',  ( -1.928798187160279731, 2.839684957118725261, -0.2930097353841730201 ) ) ;
#1310 = AXIS2_PLACEMENT_3D ( 'NONE', #2415, #2433, #2679 ) ;
#1311 = EDGE_LOOP ( 'NONE', ( #1277, #1093, #1250 ) ) ;
#1312 = CARTESIAN_POINT ( 'NONE',  ( -2.567494221873894755, 2.506940475009473701, -0.2058916651750073434 ) ) ;
#1313 = CARTESIAN_POINT ( 'NONE',  ( 1.549999999999999378, 3.149787339239029649, -0.6685086073886865599 ) ) ;
#1314 = FACE_OUTER_BOUND ( 'NONE', #1637, .T. ) ;
#1315 = CARTESIAN_POINT ( 'NONE',  ( 2.433203980775002773, 3.107841394108920685, 0.3174774265215486446 ) ) ;
#1316 = CARTESIAN_POINT ( 'NONE',  ( -2.350000000000000533, 2.506940475009471925, 0.000000000000000000 ) ) ;
#1317 = EDGE_CURVE ( 'NONE', #1538, #1786, #313, .T. ) ;
#1318 = VERTEX_POINT ( 'NONE', #2217 ) ;
#1319 = CARTESIAN_POINT ( 'NONE',  ( -2.250000000000000444, -9.000000000000000000, 3.061616997868389181E-17 ) ) ;
#1320 = EDGE_CURVE ( 'NONE', #2123, #3398, #3251, .T. ) ;
#1321 = CIRCLE ( 'NONE', #596, 0.2999999999999998779 ) ;
#1322 = EDGE_LOOP ( 'NONE', ( #2027, #2216, #498, #840 ) ) ;
#1323 = ORIENTED_EDGE ( 'NONE', *, *, #2932, .F. ) ;
#1324 = LINE ( 'NONE', #516, #1241 ) ;
#1325 = CARTESIAN_POINT ( 'NONE',  ( -0.4109462433313573193, 6.970832891268284648, -1.152294743049933290 ) ) ;
#1326 = DIRECTION ( 'NONE',  ( 0.000000000000000000, 0.000000000000000000, -1.000000000000000000 ) ) ;
#1327 = ORIENTED_EDGE ( 'NONE', *, *, #2197, .T. ) ;
#1328 = CARTESIAN_POINT ( 'NONE',  ( -0.3520363495528296971, 6.988729765777311087, 1.044496473278190729 ) ) ;
#1329 = ADVANCED_FACE ( 'NONE', ( #2723 ), #3301, .T. ) ;
#1330 = FACE_OUTER_BOUND ( 'NONE', #43, .T. ) ;
#1331 = CARTESIAN_POINT ( 'NONE',  ( 1.469371010024507873, 1.697984851426301400, 0.000000000000000000 ) ) ;
#1332 = EDGE_CURVE ( 'NONE', #2409, #341, #981, .T. ) ;
#1333 = DIRECTION ( 'NONE',  ( -0.8480480961564293985, -0.5299192642331995717, -0.000000000000000000 ) ) ;
#1334 = B_SPLINE_CURVE_WITH_KNOTS ( 'NONE', 3,
 ( #1825, #1563, #2153, #2624 ),
 .UNSPECIFIED., .F., .F.,
 ( 4, 4 ),
 ( 0.000000000000000000, 0.0003722065928828835013 ),
 .UNSPECIFIED. ) ;
#1335 = LINE ( 'NONE', #181, #795 ) ;
#1336 = VERTEX_POINT ( 'NONE', #1674 ) ;
#1337 = DIRECTION ( 'NONE',  ( 0.000000000000000000, -0.9926594808636922673, -0.1209427759373217781 ) ) ;
#1338 = CARTESIAN_POINT ( 'NONE',  ( 2.230569874378174777, 0.4666666666666664520, 0.000000000000000000 ) ) ;
#1339 = ORIENTED_EDGE ( 'NONE', *, *, #1320, .F. ) ;
#1340 = CARTESIAN_POINT ( 'NONE',  ( -0.6849403920081226227, 6.956890904066799663, -1.253458267434217843 ) ) ;
#1341 =( NAMED_UNIT ( * ) SI_UNIT ( $, .STERADIAN. ) SOLID_ANGLE_UNIT ( ) );
#1342 = DIRECTION ( 'NONE',  ( 1.000000000000000000, 0.000000000000000000, 0.000000000000000000 ) ) ;
#1343 = VERTEX_POINT ( 'NONE', #979 ) ;
#1344 = CARTESIAN_POINT ( 'NONE',  ( -2.750000000000000444, 4.381755167708339727, -1.700000000000000400 ) ) ;
#1345 = DIRECTION ( 'NONE',  ( 0.000000000000000000, -1.000000000000000000, 0.000000000000000000 ) ) ;
#1346 = ADVANCED_FACE ( 'NONE', ( #735 ), #1391, .T. ) ;
#1347 = DIRECTION ( 'NONE',  ( 0.000000000000000000, 1.000000000000000000, 0.000000000000000000 ) ) ;
#1348 = FACE_OUTER_BOUND ( 'NONE', #886, .T. ) ;
#1349 = CIRCLE ( 'NONE', #2689, 0.2500000000000003886 ) ;
#1350 = ORIENTED_EDGE ( 'NONE', *, *, #2286, .F. ) ;
#1351 = CARTESIAN_POINT ( 'NONE',  ( 2.062500000000000444, 6.447354790610810404, 1.644868767982617497 ) ) ;
#1352 = FACE_OUTER_BOUND ( 'NONE', #2443, .T. ) ;
#1353 = ORIENTED_EDGE ( 'NONE', *, *, #2628, .T. ) ;
#1354 = CYLINDRICAL_SURFACE ( 'NONE', #1121, 0.09999999999999982514 ) ;
#1355 = FACE_OUTER_BOUND ( 'NONE', #1322, .T. ) ;
#1356 = CARTESIAN_POINT ( 'NONE',  ( -2.750000000000000888, 4.381755167708339727, -1.118716226900177357 ) ) ;
#1357 = ORIENTED_EDGE ( 'NONE', *, *, #935, .F. ) ;
#1358 = CIRCLE ( 'NONE', #2982, 0.2500000000000003886 ) ;
#1359 = DIRECTION ( 'NONE',  ( 1.000000000000000000, -0.000000000000000000, -0.000000000000000000 ) ) ;
#1360 = DIRECTION ( 'NONE',  ( 9.637352644315595243E-17, 1.000000000000000000, 0.000000000000000000 ) ) ;
#1361 = EDGE_CURVE ( 'NONE', #2851, #1767, #1999, .T. ) ;
#1362 = AXIS2_PLACEMENT_3D ( 'NONE', #2591, #990, #1628 ) ;
#1363 = CYLINDRICAL_SURFACE ( 'NONE', #2321, 0.2500000000000003886 ) ;
#1364 = CARTESIAN_POINT ( 'NONE',  ( -2.078126959570745669, 3.006940475009473701, 0.5999999999999996447 ) ) ;
#1365 = VECTOR ( 'NONE', #87, 1000.000000000000000 ) ;
#1366 = CARTESIAN_POINT ( 'NONE',  ( -2.665827438479948519, 2.588758656827655269, -2.000000000000000000 ) ) ;
#1367 = B_SPLINE_CURVE_WITH_KNOTS ( 'NONE', 3,
 ( #2781, #152, #169, #1733, #3045, #1200 ),
 .UNSPECIFIED., .F., .F.,
 ( 4, 2, 4 ),
 ( 0.000000000000000000, 0.0001671319961155521812, 0.0003342639922311043624 ),
 .UNSPECIFIED. ) ;
#1368 = ORIENTED_EDGE ( 'NONE', *, *, #616, .F. ) ;
#1369 = DIRECTION ( 'NONE',  ( -1.000000000000000000, 0.000000000000000000, 0.000000000000000000 ) ) ;
#1370 = EDGE_CURVE ( 'NONE', #1172, #3138, #529, .T. ) ;
#1371 = EDGE_CURVE ( 'NONE', #1246, #3024, #2579, .T. ) ;
#1372 = DIRECTION ( 'NONE',  ( 0.000000000000000000, -0.000000000000000000, -1.000000000000000000 ) ) ;
#1373 = ORIENTED_EDGE ( 'NONE', *, *, #645, .T. ) ;
#1374 = FACE_OUTER_BOUND ( 'NONE', #2699, .T. ) ;
#1375 = CARTESIAN_POINT ( 'NONE',  ( -2.567494221876384319, 2.506940475009473701, -0.1232731254182616309 ) ) ;
#1376 = DIRECTION ( 'NONE',  ( 0.000000000000000000, -0.000000000000000000, -1.000000000000000000 ) ) ;
#1377 = ORIENTED_EDGE ( 'NONE', *, *, #1128, .F. ) ;
#1378 = CARTESIAN_POINT ( 'NONE',  ( 2.062500000000000888, 6.447354790610811293, 1.644868767982617053 ) ) ;
#1379 = AXIS2_PLACEMENT_3D ( 'NONE', #1861, #1032, #1287 ) ;
#1380 = CARTESIAN_POINT ( 'NONE',  ( 2.449999999999999734, 4.381755167708339727, -1.118716226900177357 ) ) ;
#1381 = CARTESIAN_POINT ( 'NONE',  ( -2.450000000000000178, 4.381755167708339727, -1.118716226900177357 ) ) ;
#1382 = CARTESIAN_POINT ( 'NONE',  ( -2.316280530781340108, 2.542033830134747152, 0.3309090001749037113 ) ) ;
#1383 = DIRECTION ( 'NONE',  ( 0.000000000000000000, 0.9926594808636922673, -0.1209427759373210565 ) ) ;
#1384 = ORIENTED_EDGE ( 'NONE', *, *, #254, .F. ) ;
#1385 = DIRECTION ( 'NONE',  ( -0.000000000000000000, -0.000000000000000000, 1.000000000000000000 ) ) ;
#1386 = CIRCLE ( 'NONE', #549, 0.2500000000000003886 ) ;
#1387 = EDGE_CURVE ( 'NONE', #322, #817, #1763, .T. ) ;
#1388 = AXIS2_PLACEMENT_3D ( 'NONE', #2278, #922, #404 ) ;
#1389 = CARTESIAN_POINT ( 'NONE',  ( -2.078126959570745669, 3.006940475009473701, 0.5999999999999996447 ) ) ;
#1390 = ORIENTED_EDGE ( 'NONE', *, *, #1667, .F. ) ;
#1391 =( BOUNDED_SURFACE ( )  B_SPLINE_SURFACE ( 3, 2, ( 
 ( #998, #2022, #1814 ),
 ( #3128, #1269, #2302 ),
 ( #2075, #180, #2597 ),
 ( #3091, #1799, #2338 ),
 ( #2614, #431, #3144 ),
 ( #720, #2549, #2827 ) ),
 .UNSPECIFIED., .F., .F., .T. ) 
 B_SPLINE_SURFACE_WITH_KNOTS ( ( 4, 2, 4 ),
 ( 3, 3 ),
 ( 0.001520483651968397012, 0.001875473404031208994, 0.002230463156094020759 ),
 ( 0.000000000000000000, 1.000000000000000000 ),
 .UNSPECIFIED. ) 
 GEOMETRIC_REPRESENTATION_ITEM ( )  RATIONAL_B_SPLINE_SURFACE ( (
 ( 1.000000000000000000, 0.7914009927345272422, 1.000000000000000000),
 ( 1.000000000000000000, 0.7969125878097061966, 1.000000000000000000),
 ( 1.000000000000000000, 0.7960340284021980573, 1.000000000000000000),
 ( 1.000000000000000000, 0.7761988690858188100, 1.000000000000000000),
 ( 1.000000000000000000, 0.7572680238605808967, 1.000000000000000000),
 ( 1.000000000000000000, 0.7345977609033896849, 1.000000000000000000) ) ) 
 REPRESENTATION_ITEM ( '' )  SURFACE ( )  );
#1392 = CARTESIAN_POINT ( 'NONE',  ( -1.883333333333332860, 2.506940475009473701, 3.061616997868387948E-17 ) ) ;
#1393 = EDGE_LOOP ( 'NONE', ( #2865, #1959, #3414, #3044 ) ) ;
#1394 = VERTEX_POINT ( 'NONE', #199 ) ;
#1395 = CARTESIAN_POINT ( 'NONE',  ( 0.3260369505494112863, 7.000000000000001776, 1.100038198990685334 ) ) ;
#1396 = CARTESIAN_POINT ( 'NONE',  ( 2.657260643652130661, 2.513407620509584994, 0.3372454714318992575 ) ) ;
#1397 = CARTESIAN_POINT ( 'NONE',  ( 2.224262783328497139, 6.353961004111240207, 1.673372270623515679 ) ) ;
#1398 = CARTESIAN_POINT ( 'NONE',  ( -2.421669129025791900, 2.835554299602808914, 0.5387906516404765700 ) ) ;
#1399 = CARTESIAN_POINT ( 'NONE',  ( -1.613369661360126273, 3.006940475009473701, 0.4129643021938410041 ) ) ;
#1400 = ORIENTED_EDGE ( 'NONE', *, *, #3166, .F. ) ;
#1401 = DIRECTION ( 'NONE',  ( 7.958043946043602546E-12, 0.000000000000000000, 1.000000000000000000 ) ) ;
#1402 = CIRCLE ( 'NONE', #3316, 0.2500000000000003886 ) ;
#1403 = EDGE_CURVE ( 'NONE', #1864, #722, #1782, .T. ) ;
#1404 = CARTESIAN_POINT ( 'NONE',  ( -2.154152352525006808, 2.506940475009473701, 0.1470333857836433333 ) ) ;
#1405 = AXIS2_PLACEMENT_3D ( 'NONE', #1557, #2065, #3134 ) ;
#1406 = ORIENTED_EDGE ( 'NONE', *, *, #3428, .T. ) ;
#1407 = CARTESIAN_POINT ( 'NONE',  ( 2.382454451940482443, 2.506940475009473701, 0.2999999999999999889 ) ) ;
#1408 = EDGE_CURVE ( 'NONE', #2870, #1318, #929, .T. ) ;
#1409 = DIRECTION ( 'NONE',  ( -1.239088197126291063E-16, -1.000000000000000000, 0.000000000000000000 ) ) ;
#1410 = CARTESIAN_POINT ( 'NONE',  ( 1.737339936042662458, 3.149787339239030093, 0.6685086073886866709 ) ) ;
#1411 = ORIENTED_EDGE ( 'NONE', *, *, #2392, .F. ) ;
#1412 = EDGE_LOOP ( 'NONE', ( #2060, #1006, #2428, #1226, #2695, #1272, #2139, #1920 ) ) ;
#1413 = B_SPLINE_CURVE_WITH_KNOTS ( 'NONE', 3,
 ( #2192, #2436, #1103, #2453 ),
 .UNSPECIFIED., .F., .F.,
 ( 4, 4 ),
 ( 0.000000000000000000, 0.0005019745305112193476 ),
 .UNSPECIFIED. ) ;
#1414 = CARTESIAN_POINT ( 'NONE',  ( 1.732053981721136671, 6.638137888216752991, 1.575809653204908622 ) ) ;
#1415 = DIRECTION ( 'NONE',  ( 0.000000000000000000, 0.000000000000000000, 1.000000000000000000 ) ) ;
#1416 = CARTESIAN_POINT ( 'NONE',  ( 2.202044773784263221, 2.843242836664980899, -0.5339415950711005054 ) ) ;
#1417 = AXIS2_PLACEMENT_3D ( 'NONE', #741, #1292, #2653 ) ;
#1418 = EDGE_CURVE ( 'NONE', #1273, #1343, #3035, .T. ) ;
#1419 = CARTESIAN_POINT ( 'NONE',  ( -2.316280530781340108, 2.506940475009473701, 0.2548358284840499532 ) ) ;
#1420 = AXIS2_PLACEMENT_3D ( 'NONE', #2694, #296, #2788 ) ;
#1421 = DIRECTION ( 'NONE',  ( -1.000000000000000000, 0.000000000000000000, 0.000000000000000000 ) ) ;
#1422 = ORIENTED_EDGE ( 'NONE', *, *, #2180, .F. ) ;
#1423 = CARTESIAN_POINT ( 'NONE',  ( 2.645687712404384495, 2.506940475009473701, -1.799754944905199434E-14 ) ) ;
#1424 = CIRCLE ( 'NONE', #1596, 0.2500000000000003886 ) ;
#1425 = CARTESIAN_POINT ( 'NONE',  ( 2.749999999999999556, 3.387438051489617852, -0.4580244416706559796 ) ) ;
#1426 = ORIENTED_EDGE ( 'NONE', *, *, #1428, .T. ) ;
#1427 =( NAMED_UNIT ( * ) PLANE_ANGLE_UNIT ( ) SI_UNIT ( $, .RADIAN. ) );
#1428 = EDGE_CURVE ( 'NONE', #1394, #2238, #3056, .T. ) ;
#1429 = CARTESIAN_POINT ( 'NONE',  ( 2.663303882850233339, 2.575213816335485628, -6.789316715465979592E-18 ) ) ;
#1430 = SURFACE_STYLE_FILL_AREA ( #379 ) ;
#1431 = ORIENTED_EDGE ( 'NONE', *, *, #2251, .T. ) ;
#1432 = VERTEX_POINT ( 'NONE', #1517 ) ;
#1433 = CARTESIAN_POINT ( 'NONE',  ( 0.6849403920081224006, 6.956890904066799663, 1.253458267434217843 ) ) ;
#1434 = CARTESIAN_POINT ( 'NONE',  ( 2.481526720518079099, 6.072795084704708302, -2.000000000000000000 ) ) ;
#1435 = CARTESIAN_POINT ( 'NONE',  ( 1.398288158166311579, 6.772432962159992798, 1.460711811607904753 ) ) ;
#1436 = ADVANCED_FACE ( 'NONE', ( #1746 ), #1480, .F. ) ;
#1437 = AXIS2_PLACEMENT_3D ( 'NONE', #265, #767, #250 ) ;
#1438 = CARTESIAN_POINT ( 'NONE',  ( -1.549999999999999378, 3.149787339239030093, 0.6685086073886866709 ) ) ;
#1439 = CARTESIAN_POINT ( 'NONE',  ( 2.230569874378176554, 0.4666666666666664520, 0.000000000000000000 ) ) ;
#1440 = TOROIDAL_SURFACE ( 'NONE', #2782, 0.4666666666666670626, 0.2500000000000003886 ) ;
#1441 = ORIENTED_EDGE ( 'NONE', *, *, #1041, .T. ) ;
#1442 = DIRECTION ( 'NONE',  ( 0.5000000000000001110, 0.8660254037844385966, 0.000000000000000000 ) ) ;
#1443 = CARTESIAN_POINT ( 'NONE',  ( -2.567494221876384319, 2.606940475009473346, -2.000000000000000000 ) ) ;
#1444 = DIRECTION ( 'NONE',  ( 0.000000000000000000, 1.000000000000000000, 0.000000000000000000 ) ) ;
#1445 = VERTEX_POINT ( 'NONE', #3396 ) ;
#1446 = CARTESIAN_POINT ( 'NONE',  ( -2.744985981480072557, 3.209835541817063209, 0.6979974567626532345 ) ) ;
#1447 = CARTESIAN_POINT ( 'NONE',  ( -1.364268769979043672, 6.784910376055605319, 1.587161602929463289 ) ) ;
#1448 = VERTEX_POINT ( 'NONE', #2565 ) ;
#1449 = ORIENTED_EDGE ( 'NONE', *, *, #528, .F. ) ;
#1450 = CARTESIAN_POINT ( 'NONE',  ( -2.163665469039037337, 2.539974052877367772, 0.2861016080794107075 ) ) ;
#1451 = B_SPLINE_CURVE_WITH_KNOTS ( 'NONE', 3,
 ( #3312, #451, #1450, #2519, #2308, #900 ),
 .UNSPECIFIED., .F., .F.,
 ( 4, 2, 4 ),
 ( 3.622331627538713582E-16, 0.0002336716269704453616, 0.0004673432539405284912 ),
 .UNSPECIFIED. ) ;
#1452 = CARTESIAN_POINT ( 'NONE',  ( 2.723927543037172327, 2.985199974626904673, 0.5922355355776538488 ) ) ;
#1453 = DIRECTION ( 'NONE',  ( 0.000000000000000000, 0.000000000000000000, 1.000000000000000000 ) ) ;
#1454 = DIRECTION ( 'NONE',  ( 0.000000000000000000, 0.000000000000000000, 1.000000000000000000 ) ) ;
#1455 = LINE ( 'NONE', #716, #1179 ) ;
#1456 = CARTESIAN_POINT ( 'NONE',  ( -1.786395762126920195, 2.951633203485244827, 0.3633722180725680317 ) ) ;
#1457 = ADVANCED_FACE ( 'NONE', ( #945 ), #3377, .T. ) ;
#1458 = LINE ( 'NONE', #942, #2664 ) ;
#1459 = DIRECTION ( 'NONE',  ( 0.000000000000000000, 1.000000000000000000, 2.561712888165876939E-15 ) ) ;
#1460 = CARTESIAN_POINT ( 'NONE',  ( 2.449999999999999289, 3.293280582485998753, -0.7826577067908030427 ) ) ;
#1461 = EDGE_LOOP ( 'NONE', ( #857, #3395, #2980, #1089 ) ) ;
#1462 = CARTESIAN_POINT ( 'NONE',  ( -2.481526720518079099, 6.072795084704707413, 1.700000000000000178 ) ) ;
#1463 = CIRCLE ( 'NONE', #3424, 0.3000000000000000444 ) ;
#1464 = CARTESIAN_POINT ( 'NONE',  ( -1.612614749702347972, 6.534279180519439123, 1.831563755154199225 ) ) ;
#1465 = B_SPLINE_CURVE_WITH_KNOTS ( 'NONE', 3,
 ( #3028, #594, #2711, #1132, #3010, #3245 ),
 .UNSPECIFIED., .F., .F.,
 ( 4, 2, 4 ),
 ( 0.0001793872530061298089, 0.0004201981849410967159, 0.0006610091168760634604 ),
 .UNSPECIFIED. ) ;
#1466 = PRESENTATION_LAYER_ASSIGNMENT (  '', '', ( #784 ) ) ;
#1467 = VERTEX_POINT ( 'NONE', #496 ) ;
#1468 = ORIENTED_EDGE ( 'NONE', *, *, #2574, .F. ) ;
#1469 = DIRECTION ( 'NONE',  ( 0.000000000000000000, 0.000000000000000000, 1.000000000000000000 ) ) ;
#1470 = DIRECTION ( 'NONE',  ( 1.239088197126291063E-16, 1.000000000000000000, -0.000000000000000000 ) ) ;
#1471 = DIRECTION ( 'NONE',  ( 0.8047467058313287902, 0.5936183449436386317, 0.000000000000000000 ) ) ;
#1472 = FACE_OUTER_BOUND ( 'NONE', #2178, .T. ) ;
#1473 = ADVANCED_FACE ( 'NONE', ( #2108 ), #1087, .T. ) ;
#1474 = CARTESIAN_POINT ( 'NONE',  ( 2.663303882850233339, 2.575213816335485628, -6.789316715465979592E-18 ) ) ;
#1475 = CARTESIAN_POINT ( 'NONE',  ( -2.433203980775003217, 3.006940475009473701, 0.6000000000000000888 ) ) ;
#1476 = AXIS2_PLACEMENT_3D ( 'NONE', #1666, #2733, #1383 ) ;
#1477 = EDGE_CURVE ( 'NONE', #1467, #1864, #1719, .T. ) ;
#1478 = DIRECTION ( 'NONE',  ( 1.000000000000000000, -1.239088197126291063E-16, 0.000000000000000000 ) ) ;
#1479 = ORIENTED_EDGE ( 'NONE', *, *, #232, .F. ) ;
#1480 = CYLINDRICAL_SURFACE ( 'NONE', #2437, 0.5000000000000000000 ) ;
#1481 = AXIS2_PLACEMENT_3D ( 'NONE', #3063, #661, #2260 ) ;
#1482 = CARTESIAN_POINT ( 'NONE',  ( -1.716666666666667229, 1.302229073219968614, 0.000000000000000000 ) ) ;
#1483 = EDGE_CURVE ( 'NONE', #341, #73, #2488, .T. ) ;
#1484 = EDGE_CURVE ( 'NONE', #1930, #1973, #2895, .T. ) ;
#1485 = EDGE_CURVE ( 'NONE', #1000, #2705, #2892, .T. ) ;
#1486 = EDGE_LOOP ( 'NONE', ( #1426, #2615, #3076, #962, #1817 ) ) ;
#1487 = ORIENTED_EDGE ( 'NONE', *, *, #1108, .F. ) ;
#1488 = CARTESIAN_POINT ( 'NONE',  ( -1.549999999999999378, 3.306940475009473523, -0.4129643021938410596 ) ) ;
#1489 = CARTESIAN_POINT ( 'NONE',  ( -1.974206793559105222, 2.777615244996262334, -0.2469522424474609734 ) ) ;
#1490 =( BOUNDED_SURFACE ( )  B_SPLINE_SURFACE ( 3, 2, ( 
 ( #3124, #2545, #1475 ),
 ( #1224, #2003, #391 ),
 ( #2842, #1532, #2595 ),
 ( #442, #3357, #733 ) ),
 .UNSPECIFIED., .F., .F., .T. ) 
 B_SPLINE_SURFACE_WITH_KNOTS ( ( 4, 4 ),
 ( 3, 3 ),
 ( 0.000000000000000000, 0.0005641959351874621664 ),
 ( 0.000000000000000000, 1.000000000000000000 ),
 .UNSPECIFIED. ) 
 GEOMETRIC_REPRESENTATION_ITEM ( )  RATIONAL_B_SPLINE_SURFACE ( (
 ( 1.000000000000000000, 0.7170283373182729791, 1.000000000000000000),
 ( 1.000000000000000000, 0.7257771301920142859, 1.000000000000000000),
 ( 1.000000000000000000, 0.7395452637305098831, 1.000000000000000000),
 ( 1.000000000000000000, 0.7526728774907845976, 1.000000000000000000) ) ) 
 REPRESENTATION_ITEM ( '' )  SURFACE ( )  );
#1491 = DIRECTION ( 'NONE',  ( 1.000000000000000000, 1.239088197126290817E-16, -0.000000000000000000 ) ) ;
#1492 = CARTESIAN_POINT ( 'NONE',  ( 2.240102708768680451, 5.894709581221616368, -2.000000000000000000 ) ) ;
#1493 = CARTESIAN_POINT ( 'NONE',  ( -2.567494221876384319, 2.506940475009473701, -0.1232731254182616309 ) ) ;
#1494 = DIRECTION ( 'NONE',  ( -2.573894662744124100E-16, 0.7019769727693436767, -0.7121996417449171224 ) ) ;
#1495 = B_SPLINE_CURVE_WITH_KNOTS ( 'NONE', 3,
 ( #2744, #1696, #1960, #343 ),
 .UNSPECIFIED., .F., .F.,
 ( 4, 4 ),
 ( 0.000000000000000000, 0.0005657773352002494482 ),
 .UNSPECIFIED. ) ;
#1496 = TOROIDAL_SURFACE ( 'NONE', #814, 0.5388602512436521108, 0.2500000000000003886 ) ;
#1497 = CARTESIAN_POINT ( 'NONE',  ( -2.678577307303589894, 2.657714115526253806, 0.08257344835533236838 ) ) ;
#1498 = EDGE_LOOP ( 'NONE', ( #1884, #1339, #2517, #2012 ) ) ;
#1499 = CARTESIAN_POINT ( 'NONE',  ( -2.112357862435617406, 2.506940475009472813, -0.09396728075009523617 ) ) ;
#1500 = DIRECTION ( 'NONE',  ( 0.000000000000000000, 0.000000000000000000, 1.000000000000000000 ) ) ;
#1501 = EDGE_CURVE ( 'NONE', #2761, #1318, #1941, .T. ) ;
#1502 = ORIENTED_EDGE ( 'NONE', *, *, #557, .F. ) ;
#1503 = EDGE_LOOP ( 'NONE', ( #3462, #3072, #1586, #1468 ) ) ;
#1504 = ORIENTED_EDGE ( 'NONE', *, *, #760, .F. ) ;
#1505 = DIRECTION ( 'NONE',  ( -1.000000000000000000, 0.000000000000000000, 0.000000000000000000 ) ) ;
#1506 = CARTESIAN_POINT ( 'NONE',  ( -2.240102708768680451, 5.894709581221616368, -2.000000000000000000 ) ) ;
#1507 = CIRCLE ( 'NONE', #2005, 0.2500000000000003886 ) ;
#1508 = DIRECTION ( 'NONE',  ( 1.000000000000000000, 0.000000000000000000, -9.366015992287606897E-12 ) ) ;
#1509 = AXIS2_PLACEMENT_3D ( 'NONE', #2555, #697, #2032 ) ;
#1510 = DIRECTION ( 'NONE',  ( -0.000000000000000000, -0.000000000000000000, 1.000000000000000000 ) ) ;
#1511 = CARTESIAN_POINT ( 'NONE',  ( 0.000000000000000000, 7.000000000000001776, 0.8947095812216140365 ) ) ;
#1512 =( BOUNDED_SURFACE ( )  B_SPLINE_SURFACE ( 3, 2, ( 
 ( #2536, #2276, #1232 ),
 ( #3381, #3349, #934 ),
 ( #2013, #3078, #675 ),
 ( #1752, #2815, #418 ) ),
 .UNSPECIFIED., .F., .F., .T. ) 
 B_SPLINE_SURFACE_WITH_KNOTS ( ( 4, 4 ),
 ( 3, 3 ),
 ( -2.168404344971008868E-19, 0.0005825538255114608155 ),
 ( 0.000000000000000000, 1.000000000000000000 ),
 .UNSPECIFIED. ) 
 GEOMETRIC_REPRESENTATION_ITEM ( )  RATIONAL_B_SPLINE_SURFACE ( (
 ( 1.000000000000000000, 0.8728813739281755524, 1.000000000000000000),
 ( 1.000000000000000000, 0.8736850479634972189, 1.000000000000000000),
 ( 1.000000000000000000, 0.8368669084101191258, 1.000000000000000000),
 ( 1.000000000000000000, 0.7914009927348749640, 1.000000000000000000) ) ) 
 REPRESENTATION_ITEM ( '' )  SURFACE ( )  );
#1513 = CARTESIAN_POINT ( 'NONE',  ( 2.713565082712098508, 2.895337607843878391, -0.2422728371382762980 ) ) ;
#1514 = B_SPLINE_CURVE_WITH_KNOTS ( 'NONE', 3,
 ( #1389, #2667, #1604, #3287 ),
 .UNSPECIFIED., .F., .F.,
 ( 4, 4 ),
 ( 6.228267301355608580E-19, 0.0005575558201415936870 ),
 .UNSPECIFIED. ) ;
#1515 = CARTESIAN_POINT ( 'NONE',  ( 1.549999999999999378, 3.306940475009473079, 0.4129643021938406156 ) ) ;
#1516 = VERTEX_POINT ( 'NONE', #2645 ) ;
#1517 = CARTESIAN_POINT ( 'NONE',  ( -2.665827438479944522, 2.588758656827621962, 0.01373712374814626581 ) ) ;
#1518 = EDGE_CURVE ( 'NONE', #1704, #1992, #3402, .T. ) ;
#1519 = CYLINDRICAL_SURFACE ( 'NONE', #1778, 0.2500000000000002220 ) ;
#1520 = ORIENTED_EDGE ( 'NONE', *, *, #2375, .T. ) ;
#1521 = ORIENTED_EDGE ( 'NONE', *, *, #1843, .T. ) ;
#1522 = CARTESIAN_POINT ( 'NONE',  ( -2.449999999999999734, 3.293280582485998753, 0.7826577067908028207 ) ) ;
#1523 = CARTESIAN_POINT ( 'NONE',  ( -2.024052617027557677, 2.675731325171508246, -0.1405865847169720240 ) ) ;
#1524 = ADVANCED_FACE ( 'NONE', ( #3443 ), #2352, .T. ) ;
#1525 = CARTESIAN_POINT ( 'NONE',  ( -1.920021659653142310, 2.847398576186395580, 0.5430207504203299340 ) ) ;
#1526 = CARTESIAN_POINT ( 'NONE',  ( 1.790249460519517388, 2.961454312809270739, 0.3625922529164915531 ) ) ;
#1527 = DIRECTION ( 'NONE',  ( 0.000000000000000000, 0.000000000000000000, 1.000000000000000000 ) ) ;
#1528 = EDGE_CURVE ( 'NONE', #1767, #2705, #1882, .T. ) ;
#1529 = LINE ( 'NONE', #681, #1191 ) ;
#1530 = CARTESIAN_POINT ( 'NONE',  ( -2.450000000000000178, 4.381755167708339727, 2.000000000000000000 ) ) ;
#1531 = EDGE_CURVE ( 'NONE', #3138, #2583, #1797, .T. ) ;
#1532 = CARTESIAN_POINT ( 'NONE',  ( -2.665588113555489969, 2.558272063110184735, 0.3695492537055471982 ) ) ;
#1533 = VECTOR ( 'NONE', #1470, 1000.000000000000000 ) ;
#1534 = EDGE_LOOP ( 'NONE', ( #570, #381, #361, #274 ) ) ;
#1535 = DIRECTION ( 'NONE',  ( 1.000000000000000000, -0.000000000000000000, -0.000000000000000000 ) ) ;
#1536 = CIRCLE ( 'NONE', #1981, 0.2166666666666666463 ) ;
#1537 = ORIENTED_EDGE ( 'NONE', *, *, #2100, .T. ) ;
#1538 = VERTEX_POINT ( 'NONE', #1319 ) ;
#1539 = CIRCLE ( 'NONE', #3105, 0.8812837730998229757 ) ;
#1540 = CARTESIAN_POINT ( 'NONE',  ( -1.732053981721128233, 6.638137888216758320, -1.575809653204957694 ) ) ;
#1541 = CARTESIAN_POINT ( 'NONE',  ( 2.649999999999999467, 2.506940475009473701, -2.000000000000000000 ) ) ;
#1542 = CARTESIAN_POINT ( 'NONE',  ( -2.444609822780431596, 2.506940475009473701, 0.2548355811922309311 ) ) ;
#1543 = EDGE_LOOP ( 'NONE', ( #2026, #2779, #3310, #2738, #1751, #3360 ) ) ;
#1544 = CARTESIAN_POINT ( 'NONE',  ( 2.047367518157728217, 2.558180614369363948, 0.04814701683401544779 ) ) ;
#1545 = CARTESIAN_POINT ( 'NONE',  ( 2.282198476048105107, 2.670171035205837651, 0.4328428537445362934 ) ) ;
#1546 = ADVANCED_FACE ( 'NONE', ( #1602 ), #2912, .T. ) ;
#1547 = CARTESIAN_POINT ( 'NONE',  ( 2.449999999999999734, 5.256569860407206640, 2.000000000000000000 ) ) ;
#1548 = CARTESIAN_POINT ( 'NONE',  ( -2.194244582054892589, 6.378015758731923945, -1.912436416207051959 ) ) ;
#1549 = B_SPLINE_CURVE_WITH_KNOTS ( 'NONE', 3,
 ( #3260, #843, #2465, #68 ),
 .UNSPECIFIED., .F., .F.,
 ( 4, 4 ),
 ( 0.000000000000000000, 0.0004959844665822969820 ),
 .UNSPECIFIED. ) ;
#1550 = ORIENTED_EDGE ( 'NONE', *, *, #2390, .T. ) ;
#1551 = UNCERTAINTY_MEASURE_WITH_UNIT (LENGTH_MEASURE( 1.000000000000000082E-05 ), #2179, 'distance_accuracy_value', 'NONE');
#1552 = AXIS2_PLACEMENT_3D ( 'NONE', #2285, #3361, #2881 ) ;
#1553 = CARTESIAN_POINT ( 'NONE',  ( -2.141607978309961080, 2.506940475009473701, -0.1381041827604736760 ) ) ;
#1554 = VECTOR ( 'NONE', #407, 1000.000000000000000 ) ;
#1555 = EDGE_LOOP ( 'NONE', ( #623, #2598 ) ) ;
#1556 = ORIENTED_EDGE ( 'NONE', *, *, #557, .T. ) ;
#1557 = CARTESIAN_POINT ( 'NONE',  ( 1.549999999999999378, 3.006940475009473257, -2.000000000000000000 ) ) ;
#1558 = CARTESIAN_POINT ( 'NONE',  ( -2.567494221876385652, 2.506940475009473701, 0.01373712374811123828 ) ) ;
#1559 = CARTESIAN_POINT ( 'NONE',  ( -2.217834634141576888, 2.818084245442886715, -0.5230367087204286225 ) ) ;
#1560 = ORIENTED_EDGE ( 'NONE', *, *, #61, .F. ) ;
#1561 = CARTESIAN_POINT ( 'NONE',  ( 1.934709373865856508, 2.834489662913589392, -0.2900409942504216798 ) ) ;
#1562 = AXIS2_PLACEMENT_3D ( 'NONE', #2283, #1444, #2491 ) ;
#1563 = CARTESIAN_POINT ( 'NONE',  ( 1.676485940828126742, 3.006940475009473701, -0.4129643021938410596 ) ) ;
#1564 = ADVANCED_FACE ( 'NONE', ( #2386 ), #3346, .T. ) ;
#1565 = VECTOR ( 'NONE', #664, 1000.000000000000000 ) ;
#1566 = CARTESIAN_POINT ( 'NONE',  ( -2.450000000000000178, 2.750712707568149007, -1.317437748835728506 ) ) ;
#1567 = CARTESIAN_POINT ( 'NONE',  ( -2.078126959570746557, 3.006940475009474145, -0.5999999999999998668 ) ) ;
#1568 = ADVANCED_FACE ( 'NONE', ( #3460 ), #1039, .T. ) ;
#1569 = ORIENTED_EDGE ( 'NONE', *, *, #1650, .F. ) ;
#1570 = DIRECTION ( 'NONE',  ( 9.637352644315595243E-17, 1.000000000000000000, 0.000000000000000000 ) ) ;
#1571 = EDGE_LOOP ( 'NONE', ( #3274, #2069, #2629, #435 ) ) ;
#1572 = ORIENTED_EDGE ( 'NONE', *, *, #2642, .F. ) ;
#1573 = DIRECTION ( 'NONE',  ( -1.000000000000000000, 0.000000000000000000, 0.000000000000000000 ) ) ;
#1574 = EDGE_LOOP ( 'NONE', ( #1781, #689, #1828, #1052 ) ) ;
#1575 = CARTESIAN_POINT ( 'NONE',  ( 2.500000000000000444, -9.000000000000000000, 0.000000000000000000 ) ) ;
#1576 = TOROIDAL_SURFACE ( 'NONE', #3145, 0.4666666666666670626, 0.2500000000000003886 ) ;
#1577 = DIRECTION ( 'NONE',  ( -0.8499859302578138820, 0.4907396056417474006, -0.1915686765062104280 ) ) ;
#1578 = CARTESIAN_POINT ( 'NONE',  ( -2.566795243093511925, 2.506940475009473701, 0.1418430088807372258 ) ) ;
#1579 =( GEOMETRIC_REPRESENTATION_CONTEXT ( 3 ) GLOBAL_UNCERTAINTY_ASSIGNED_CONTEXT ( ( #3442 ) ) GLOBAL_UNIT_ASSIGNED_CONTEXT ( ( #2985, #2473, #2493 ) ) REPRESENTATION_CONTEXT ( 'NONE', 'WORKASPACE' ) );
#1580 = CARTESIAN_POINT ( 'NONE',  ( -2.197206255029652056, 2.506940475009473701, 0.1978738777521735770 ) ) ;
#1581 = EDGE_CURVE ( 'NONE', #268, #2950, #810, .T. ) ;
#1582 = DIRECTION ( 'NONE',  ( 0.000000000000000000, 0.000000000000000000, 1.000000000000000000 ) ) ;
#1583 = EDGE_LOOP ( 'NONE', ( #1353, #589, #3347, #1049 ) ) ;
#1584 = DIRECTION ( 'NONE',  ( -0.000000000000000000, -0.000000000000000000, 1.000000000000000000 ) ) ;
#1585 = EDGE_CURVE ( 'NONE', #854, #899, #2662, .T. ) ;
#1586 = ORIENTED_EDGE ( 'NONE', *, *, #1428, .F. ) ;
#1587 = EDGE_LOOP ( 'NONE', ( #215, #218, #2866, #2810 ) ) ;
#1588 = DIRECTION ( 'NONE',  ( 0.000000000000000000, 0.000000000000000000, 1.000000000000000000 ) ) ;
#1589 = SURFACE_STYLE_USAGE ( .BOTH. , #1055 ) ;
#1590 = AXIS2_PLACEMENT_3D ( 'NONE', #924, #2467, #905 ) ;
#1591 = EDGE_CURVE ( 'NONE', #826, #168, #3130, .T. ) ;
#1592 = DIRECTION ( 'NONE',  ( -1.000000000000000000, 0.000000000000000000, 0.000000000000000000 ) ) ;
#1593 = CIRCLE ( 'NONE', #2094, 0.3000000000000003220 ) ;
#1594 = ORIENTED_EDGE ( 'NONE', *, *, #2015, .T. ) ;
#1595 = DIRECTION ( 'NONE',  ( 0.000000000000000000, 0.000000000000000000, 1.000000000000000000 ) ) ;
#1596 = AXIS2_PLACEMENT_3D ( 'NONE', #3188, #1840, #796 ) ;
#1597 = DIRECTION ( 'NONE',  ( 0.000000000000000000, 0.000000000000000000, -1.000000000000000000 ) ) ;
#1598 = DIRECTION ( 'NONE',  ( 1.000000000000000000, 0.000000000000000000, 0.000000000000000000 ) ) ;
#1599 = CARTESIAN_POINT ( 'NONE',  ( -1.935052730039637181, 3.097159522648030183, -0.6322210884423405952 ) ) ;
#1600 = LINE ( 'NONE', #546, #692 ) ;
#1601 = VERTEX_POINT ( 'NONE', #3265 ) ;
#1602 = FACE_OUTER_BOUND ( 'NONE', #658, .T. ) ;
#1603 = AXIS2_PLACEMENT_3D ( 'NONE', #2403, #2089, #1067 ) ;
#1604 = CARTESIAN_POINT ( 'NONE',  ( -1.737565173839934252, 3.149787339239060735, 0.6685086073886595814 ) ) ;
#1605 = ORIENTED_EDGE ( 'NONE', *, *, #2977, .T. ) ;
#1606 = CARTESIAN_POINT ( 'NONE',  ( -1.716666666666667229, 1.302229073219968614, 0.000000000000000000 ) ) ;
#1607 = ADVANCED_FACE ( 'NONE', ( #887 ), #3033, .T. ) ;
#1608 = AXIS2_PLACEMENT_3D ( 'NONE', #1796, #3392, #2019 ) ;
#1609 = CARTESIAN_POINT ( 'NONE',  ( -1.912499999999999645, 6.187547169475478448, -1.644868767982617497 ) ) ;
#1610 = ORIENTED_EDGE ( 'NONE', *, *, #2799, .F. ) ;
#1611 = CARTESIAN_POINT ( 'NONE',  ( -1.469371010024507873, 1.697984851426302289, 0.000000000000000000 ) ) ;
#1612 = CARTESIAN_POINT ( 'NONE',  ( 2.249999999999999556, 0.000000000000000000, -3.061616997868394728E-17 ) ) ;
#1613 = CARTESIAN_POINT ( 'NONE',  ( -2.596555017039481772, 2.511202435904209995, 0.07747274167597542616 ) ) ;
#1614 = CARTESIAN_POINT ( 'NONE',  ( -2.567494221876385652, 2.506940475009473701, 0.01373712374811123828 ) ) ;
#1615 = DIRECTION ( 'NONE',  ( 0.000000000000000000, 0.000000000000000000, 1.000000000000000000 ) ) ;
#1616 = AXIS2_PLACEMENT_3D ( 'NONE', #1338, #600, #2215 ) ;
#1617 = ORIENTED_EDGE ( 'NONE', *, *, #702, .F. ) ;
#1618 = CARTESIAN_POINT ( 'NONE',  ( 2.456307164016046762, 2.506940475009405311, -0.2999999999999375389 ) ) ;
#1619 = DIRECTION ( 'NONE',  ( 0.000000000000000000, 0.000000000000000000, 1.000000000000000000 ) ) ;
#1620 = ORIENTED_EDGE ( 'NONE', *, *, #2244, .T. ) ;
#1621 = CARTESIAN_POINT ( 'NONE',  ( 2.062500000000000444, 6.447354790610810404, -1.644868767982617275 ) ) ;
#1622 = ADVANCED_FACE ( 'NONE', ( #2490 ), #3303, .T. ) ;
#1623 = FACE_OUTER_BOUND ( 'NONE', #2633, .T. ) ;
#1624 = CARTESIAN_POINT ( 'NONE',  ( -2.062500000000000000, 6.447354790610810404, 1.644868767982617275 ) ) ;
#1625 = ADVANCED_FACE ( 'NONE', ( #2230 ), #3227, .T. ) ;
#1626 = ORIENTED_EDGE ( 'NONE', *, *, #1845, .F. ) ;
#1627 = DIRECTION ( 'NONE',  ( 0.8660254037844388186, 0.4999999999999996114, 0.000000000000000000 ) ) ;
#1628 = DIRECTION ( 'NONE',  ( 0.000000000000000000, 0.000000000000000000, 1.000000000000000000 ) ) ;
#1629 = CARTESIAN_POINT ( 'NONE',  ( 0.3294519513821357881, 6.985358480029648653, -1.102193503922773044 ) ) ;
#1630 = ADVANCED_FACE ( 'NONE', ( #631 ), #2160, .T. ) ;
#1631 = LINE ( 'NONE', #777, #1048 ) ;
#1632 = DIRECTION ( 'NONE',  ( 0.000000000000000000, -1.000000000000000000, 3.388131789017207273E-16 ) ) ;
#1633 = EDGE_CURVE ( 'NONE', #463, #854, #1669, .T. ) ;
#1634 = VERTEX_POINT ( 'NONE', #1686 ) ;
#1635 = CARTESIAN_POINT ( 'NONE',  ( 2.750000000000000444, 2.750712707568149007, -1.317437748835728506 ) ) ;
#1636 = CYLINDRICAL_SURFACE ( 'NONE', #1616, 0.2500000000000003886 ) ;
#1637 = EDGE_LOOP ( 'NONE', ( #332, #290, #136, #3348 ) ) ;
#1638 = CARTESIAN_POINT ( 'NONE',  ( -2.141607978309961080, 2.606940475009473346, -2.000000000000000000 ) ) ;
#1639 = CARTESIAN_POINT ( 'NONE',  ( 2.619274853978778683, 2.348544387243476805, -0.1322852240676446745 ) ) ;
#1640 = DIRECTION ( 'NONE',  ( -1.000000000000000000, 0.000000000000000000, 0.000000000000000000 ) ) ;
#1641 = ORIENTED_EDGE ( 'NONE', *, *, #2977, .F. ) ;
#1642 = AXIS2_PLACEMENT_3D ( 'NONE', #2658, #2134, #3205 ) ;
#1643 = DIRECTION ( 'NONE',  ( 0.000000000000000000, -1.000000000000000000, 0.000000000000000000 ) ) ;
#1644 = CARTESIAN_POINT ( 'NONE',  ( 2.416524674419215923, 2.759117639809750777, 0.5114918445715275208 ) ) ;
#1645 = AXIS2_PLACEMENT_3D ( 'NONE', #2034, #1809, #2084 ) ;
#1646 = DIRECTION ( 'NONE',  ( 1.000000000000000000, 0.000000000000000000, 0.000000000000000000 ) ) ;
#1647 = DIRECTION ( 'NONE',  ( 1.000000000000000000, 1.239088197126290817E-16, -0.000000000000000000 ) ) ;
#1648 = TOROIDAL_SURFACE ( 'NONE', #914, 0.4666666666666669516, 0.2500000000000003886 ) ;
#1649 = CARTESIAN_POINT ( 'NONE',  ( -2.724264219479269666, 2.989192863491431762, -0.2860876955340728722 ) ) ;
#1650 = EDGE_CURVE ( 'NONE', #1445, #2047, #2837, .T. ) ;
#1651 = ORIENTED_EDGE ( 'NONE', *, *, #1843, .F. ) ;
#1652 = CARTESIAN_POINT ( 'NONE',  ( -2.240102708768680451, 5.894709581221616368, 2.000000000000000000 ) ) ;
#1653 = CARTESIAN_POINT ( 'NONE',  ( 1.880079349731708982, 2.882503549446633340, -0.3174774265215518088 ) ) ;
#1654 = ORIENTED_EDGE ( 'NONE', *, *, #802, .T. ) ;
#1655 = CARTESIAN_POINT ( 'NONE',  ( -2.450000016674793279, 3.212631947311779257, 0.7008346110107529503 ) ) ;
#1656 = CARTESIAN_POINT ( 'NONE',  ( 2.684680119871481807, 2.684356442915549756, -0.1235626518661247925 ) ) ;
#1657 = SURFACE_SIDE_STYLE ('',( #1430 ) ) ;
#1658 = ORIENTED_EDGE ( 'NONE', *, *, #297, .F. ) ;
#1659 = ORIENTED_EDGE ( 'NONE', *, *, #2176, .F. ) ;
#1660 = CARTESIAN_POINT ( 'NONE',  ( 0.3390292097935734827, 6.999999999991439736, 1.072281015086748335 ) ) ;
#1661 = VECTOR ( 'NONE', #3412, 1000.000000000000000 ) ;
#1662 = CARTESIAN_POINT ( 'NONE',  ( 2.714410228178410378, 2.872327270249502185, 0.2468294224213678500 ) ) ;
#1663 = DIRECTION ( 'NONE',  ( 1.000000000000000000, -1.239088197126291063E-16, 0.000000000000000000 ) ) ;
#1664 = CARTESIAN_POINT ( 'NONE',  ( -2.130355555314800586, 2.545554113799192386, 0.2454259774462177746 ) ) ;
#1665 = ADVANCED_FACE ( 'NONE', ( #333 ), #3173, .T. ) ;
#1666 = CARTESIAN_POINT ( 'NONE',  ( -2.450000000000000178, 3.804738319268581304, 1.189018300026190023 ) ) ;
#1667 = EDGE_CURVE ( 'NONE', #2388, #2499, #651, .T. ) ;
#1668 = ORIENTED_EDGE ( 'NONE', *, *, #2144, .T. ) ;
#1669 = LINE ( 'NONE', #598, #2383 ) ;
#1670 = AXIS2_PLACEMENT_3D ( 'NONE', #2698, #872, #1952 ) ;
#1671 = AXIS2_PLACEMENT_3D ( 'NONE', #2626, #2399, #4 ) ;
#1672 = CARTESIAN_POINT ( 'NONE',  ( 1.375000000000000444, 5.256569860407206640, -1.700000000000000178 ) ) ;
#1673 = ORIENTED_EDGE ( 'NONE', *, *, #175, .T. ) ;
#1674 = CARTESIAN_POINT ( 'NONE',  ( -2.141607978309961080, 2.506940475009473701, 0.01050895372737782087 ) ) ;
#1675 = CARTESIAN_POINT ( 'NONE',  ( -2.230569874378174777, 0.4666666666666664520, 0.000000000000000000 ) ) ;
#1676 = CARTESIAN_POINT ( 'NONE',  ( 2.500000000000000444, -9.000000000000000000, 0.000000000000000000 ) ) ;
#1677 = ORIENTED_EDGE ( 'NONE', *, *, #2952, .T. ) ;
#1678 = ORIENTED_EDGE ( 'NONE', *, *, #2544, .T. ) ;
#1679 = CARTESIAN_POINT ( 'NONE',  ( 2.026575086699500705, 6.468096048975469081, 1.857399483045644839 ) ) ;
#1680 = FACE_OUTER_BOUND ( 'NONE', #161, .T. ) ;
#1681 = CARTESIAN_POINT ( 'NONE',  ( 2.062500000000000444, 6.447354790610810404, -1.644868767982617275 ) ) ;
#1682 = FACE_OUTER_BOUND ( 'NONE', #743, .T. ) ;
#1683 = CARTESIAN_POINT ( 'NONE',  ( 1.709668149883224908, 6.646964480509917728, -1.744480656488609727 ) ) ;
#1684 = EDGE_CURVE ( 'NONE', #2722, #463, #1321, .T. ) ;
#1685 = ORIENTED_EDGE ( 'NONE', *, *, #528, .T. ) ;
#1686 = CARTESIAN_POINT ( 'NONE',  ( 2.263108806033794274, 1.899172672764031677, 0.000000000000000000 ) ) ;
#1687 = AXIS2_PLACEMENT_3D ( 'NONE', #627, #36, #1152 ) ;
#1688 = FACE_OUTER_BOUND ( 'NONE', #3363, .T. ) ;
#1689 = AXIS2_PLACEMENT_3D ( 'NONE', #235, #1588, #481 ) ;
#1690 = ORIENTED_EDGE ( 'NONE', *, *, #281, .T. ) ;
#1691 = DIRECTION ( 'NONE',  ( 0.000000000000000000, 0.000000000000000000, 1.000000000000000000 ) ) ;
#1692 = EDGE_CURVE ( 'NONE', #73, #2564, #2556, .T. ) ;
#1693 = CARTESIAN_POINT ( 'NONE',  ( 1.883333333333332860, 2.506940475009473701, 0.000000000000000000 ) ) ;
#1694 = ORIENTED_EDGE ( 'NONE', *, *, #3192, .F. ) ;
#1695 = ORIENTED_EDGE ( 'NONE', *, *, #3425, .T. ) ;
#1696 = CARTESIAN_POINT ( 'NONE',  ( -2.225897574724872818, 6.353017156858473236, -1.673660257536922602 ) ) ;
#1697 = CARTESIAN_POINT ( 'NONE',  ( 2.352411319086908481, 6.247831853052999485, -1.974539212618114492 ) ) ;
#1698 = CARTESIAN_POINT ( 'NONE',  ( -2.263108806033794274, 1.899172672764031677, 0.000000000000000000 ) ) ;
#1699 = PRESENTATION_LAYER_ASSIGNMENT (  '', '', ( #241 ) ) ;
#1700 = CARTESIAN_POINT ( 'NONE',  ( -2.405237913349342449, 2.679992976221970302, 0.4486175839427955503 ) ) ;
#1701 = CIRCLE ( 'NONE', #1420, 0.09999999999999999167 ) ;
#1702 = CARTESIAN_POINT ( 'NONE',  ( 0.000000000000000000, 7.000000000000001776, -0.8947095812216140365 ) ) ;
#1703 = AXIS2_PLACEMENT_3D ( 'NONE', #2729, #103, #3313 ) ;
#1704 = VERTEX_POINT ( 'NONE', #2248 ) ;
#1705 = DIRECTION ( 'NONE',  ( 0.8499859302578155473, -0.4907396056417446806, -0.1915686765062108721 ) ) ;
#1706 = CARTESIAN_POINT ( 'NONE',  ( 2.745583827922741804, 3.242037483743382076, 0.3710249148802993724 ) ) ;
#1707 = CARTESIAN_POINT ( 'NONE',  ( 2.736999764741876451, 3.103350741308512184, -0.6307549681041328959 ) ) ;
#1708 = ORIENTED_EDGE ( 'NONE', *, *, #848, .F. ) ;
#1709 = CARTESIAN_POINT ( 'NONE',  ( -2.736999764742397812, 3.103350741308386507, 0.6307549681039574807 ) ) ;
#1710 = DIRECTION ( 'NONE',  ( -9.637352644315595243E-17, 1.000000000000000000, 0.000000000000000000 ) ) ;
#1711 = EDGE_LOOP ( 'NONE', ( #1732, #1798, #3264, #2831, #2902, #1620 ) ) ;
#1712 = ORIENTED_EDGE ( 'NONE', *, *, #2872, .F. ) ;
#1713 = CARTESIAN_POINT ( 'NONE',  ( 0.000000000000000000, 7.000000000000001776, 0.8947095812216140365 ) ) ;
#1714 = ADVANCED_FACE ( 'NONE', ( #868 ), #1496, .T. ) ;
#1715 = B_SPLINE_CURVE_WITH_KNOTS ( 'NONE', 3,
 ( #3172, #761, #1629, #1894, #35, #776, #277, #1061 ),
 .UNSPECIFIED., .F., .F.,
 ( 4, 2, 2, 4 ),
 ( -1.239865244251778154E-05, 0.0005685089218115849758, 0.001149416496065687769, 0.002311231644573893788 ),
 .UNSPECIFIED. ) ;
#1716 = CARTESIAN_POINT ( 'NONE',  ( 2.450000000000000178, 4.381755167708339727, -1.700000000000000178 ) ) ;
#1717 = CARTESIAN_POINT ( 'NONE',  ( 0.3520363495528293640, 6.988729765777311087, -1.044496473278190729 ) ) ;
#1718 = CARTESIAN_POINT ( 'NONE',  ( 1.935099047059883892, 3.097130370512413577, 0.6322106769653346170 ) ) ;
#1719 = CIRCLE ( 'NONE', #1936, 0.09999999999999982514 ) ;
#1720 = CARTESIAN_POINT ( 'NONE',  ( -2.141607848363365374, 2.506940475009473701, 0.06546139303821710276 ) ) ;
#1721 = CARTESIAN_POINT ( 'NONE',  ( 2.449999999999999734, 7.000000000000000888, -1.700000000000000178 ) ) ;
#1722 = CIRCLE ( 'NONE', #2058, 1.075000000000000400 ) ;
#1723 = CARTESIAN_POINT ( 'NONE',  ( -2.387143312442184140, 2.606940475009473346, 0.2548358284840485100 ) ) ;
#1724 = CARTESIAN_POINT ( 'NONE',  ( -2.750000000000000888, 2.750712707568149007, 1.317437748835728506 ) ) ;
#1725 = CARTESIAN_POINT ( 'NONE',  ( -2.141607978309961080, 2.506940475009473701, -2.000000000000000000 ) ) ;
#1726 = EDGE_LOOP ( 'NONE', ( #1102, #2550, #629, #2568, #932, #222 ) ) ;
#1727 = SURFACE_STYLE_FILL_AREA ( #2514 ) ;
#1728 = CARTESIAN_POINT ( 'NONE',  ( -0.8183208329076391285, 6.883620949105795361, 1.400338794383929164 ) ) ;
#1729 = VECTOR ( 'NONE', #3404, 1000.000000000000000 ) ;
#1730 = EDGE_CURVE ( 'NONE', #3202, #145, #1413, .T. ) ;
#1731 = VERTEX_POINT ( 'NONE', #833 ) ;
#1732 = ORIENTED_EDGE ( 'NONE', *, *, #2572, .T. ) ;
#1733 = CARTESIAN_POINT ( 'NONE',  ( -2.556164071819154948, 2.506940475009473701, 0.1260788591603265729 ) ) ;
#1734 =( BOUNDED_SURFACE ( )  B_SPLINE_SURFACE ( 3, 2, ( 
 ( #2617, #465, #1290 ),
 ( #1540, #2600, #2358 ),
 ( #3431, #1018, #2095 ),
 ( #2899, #1340, #11 ),
 ( #2406, #1070, #2147 ),
 ( #3217, #2423, #287 ) ),
 .UNSPECIFIED., .F., .F., .T. ) 
 B_SPLINE_SURFACE_WITH_KNOTS ( ( 4, 2, 4 ),
 ( 3, 3 ),
 ( 0.000000000000000000, 0.001066283753924612528, 0.002132567507849225056 ),
 ( 0.000000000000000000, 1.000000000000000000 ),
 .UNSPECIFIED. ) 
 GEOMETRIC_REPRESENTATION_ITEM ( )  RATIONAL_B_SPLINE_SURFACE ( (
 ( 1.000000000000000000, 0.8108401175561297247, 1.000000000000000000),
 ( 1.000000000000000000, 0.8745700083399956526, 1.000000000000000000),
 ( 1.000000000000000000, 0.9214554812692894448, 1.000000000000000000),
 ( 1.000000000000000000, 0.9846359408866822704, 1.000000000000000000),
 ( 1.000000000000000000, 0.9998820271062514031, 1.000000000000000000),
 ( 1.000000000000000000, 1.000000000000000000, 1.000000000000000000) ) ) 
 REPRESENTATION_ITEM ( '' )  SURFACE ( )  );
#1735 = CARTESIAN_POINT ( 'NONE',  ( -1.549999999999999378, 3.006940475009473701, 0.4129643021938410041 ) ) ;
#1736 = FACE_OUTER_BOUND ( 'NONE', #2604, .T. ) ;
#1737 = CARTESIAN_POINT ( 'NONE',  ( -1.483333333333332948, 0.8980838847872305575, 0.000000000000000000 ) ) ;
#1738 = DIRECTION ( 'NONE',  ( 0.000000000000000000, 0.000000000000000000, 1.000000000000000000 ) ) ;
#1739 = EDGE_CURVE ( 'NONE', #2319, #2668, #3423, .T. ) ;
#1740 = CARTESIAN_POINT ( 'NONE',  ( 0.000000000000000000, 7.000000000000002665, -0.8947095812216139255 ) ) ;
#1741 = ADVANCED_FACE ( 'NONE', ( #581 ), #2214, .T. ) ;
#1742 = EDGE_CURVE ( 'NONE', #2238, #1343, #2789, .T. ) ;
#1743 = B_SPLINE_CURVE_WITH_KNOTS ( 'NONE', 3,
 ( #500, #304, #3218, #1621 ),
 .UNSPECIFIED., .F., .F.,
 ( 4, 4 ),
 ( 0.000000000000000000, 0.0005654997354291080346 ),
 .UNSPECIFIED. ) ;
#1744 = CARTESIAN_POINT ( 'NONE',  ( 2.450000016674862113, 3.212631947311729519, -0.7008346110107024352 ) ) ;
#1745 = ORIENTED_EDGE ( 'NONE', *, *, #238, .F. ) ;
#1746 = FACE_OUTER_BOUND ( 'NONE', #2077, .T. ) ;
#1747 = CIRCLE ( 'NONE', #2303, 1.375000000000000444 ) ;
#1748 = CARTESIAN_POINT ( 'NONE',  ( -0.3390292097934438087, 6.999999999978988363, 1.072281015087035216 ) ) ;
#1749 = STYLED_ITEM ( 'NONE', ( #2937 ), #1278 ) ;
#1750 = ORIENTED_EDGE ( 'NONE', *, *, #2642, .T. ) ;
#1751 = ORIENTED_EDGE ( 'NONE', *, *, #1403, .F. ) ;
#1752 = CARTESIAN_POINT ( 'NONE',  ( 2.078126959570734567, 3.006940475009481251, -0.6000000000000023093 ) ) ;
#1753 = LINE ( 'NONE', #1820, #2336 ) ;
#1754 = CARTESIAN_POINT ( 'NONE',  ( -2.650699251310169480, 2.506940475009473701, 0.01373712374811115501 ) ) ;
#1755 = DIRECTION ( 'NONE',  ( 1.000000000000000000, -0.000000000000000000, -0.000000000000000000 ) ) ;
#1756 = CARTESIAN_POINT ( 'NONE',  ( 2.750000000000000444, 3.804738319268580860, 1.189018300026190023 ) ) ;
#1757 = CARTESIAN_POINT ( 'NONE',  ( 2.061223766249976386, 2.506940475009473701, 1.352095985009285636E-14 ) ) ;
#1758 = DIRECTION ( 'NONE',  ( 1.000000000000000000, 0.000000000000000000, 0.000000000000000000 ) ) ;
#1759 = ADVANCED_FACE ( 'NONE', ( #683 ), #1490, .T. ) ;
#1760 = VECTOR ( 'NONE', #194, 1000.000000000000000 ) ;
#1761 = DIRECTION ( 'NONE',  ( -0.8480480961564292874, 0.5299192642331994607, 0.000000000000000000 ) ) ;
#1762 = ORIENTED_EDGE ( 'NONE', *, *, #3354, .F. ) ;
#1763 = LINE ( 'NONE', #216, #862 ) ;
#1764 = AXIS2_PLACEMENT_3D ( 'NONE', #2185, #1908, #1415 ) ;
#1765 = CARTESIAN_POINT ( 'NONE',  ( -2.750000000000000888, 3.506940475009473701, 1.225301132807386395 ) ) ;
#1766 = VERTEX_POINT ( 'NONE', #1244 ) ;
#1767 = VERTEX_POINT ( 'NONE', #3068 ) ;
#1768 = ORIENTED_EDGE ( 'NONE', *, *, #2207, .T. ) ;
#1769 = CARTESIAN_POINT ( 'NONE',  ( 1.336891193966208036, 1.909996875465409305, -3.061616997868387948E-17 ) ) ;
#1770 = FACE_OUTER_BOUND ( 'NONE', #446, .T. ) ;
#1771 = CARTESIAN_POINT ( 'NONE',  ( -1.935052730039660496, 3.097159522648036845, 0.6322210884423429267 ) ) ;
#1772 = CARTESIAN_POINT ( 'NONE',  ( 2.750000000000000444, 4.381755167708339727, 1.118716226900177357 ) ) ;
#1773 = CARTESIAN_POINT ( 'NONE',  ( -2.639436034735686665, 2.561123700916957624, 0.1672630570328527133 ) ) ;
#1774 = CARTESIAN_POINT ( 'NONE',  ( -2.449999999999999734, 3.506940475009473701, -0.5720646149599998287 ) ) ;
#1775 = AXIS2_PLACEMENT_3D ( 'NONE', #2665, #751, #3194 ) ;
#1776 = EDGE_CURVE ( 'NONE', #3418, #2341, #2611, .T. ) ;
#1777 = CARTESIAN_POINT ( 'NONE',  ( -2.750000000000000888, 3.006940475009473257, -0.5999999999999999778 ) ) ;
#1778 = AXIS2_PLACEMENT_3D ( 'NONE', #2515, #1710, #2024 ) ;
#1779 = EDGE_CURVE ( 'NONE', #1343, #2183, #261, .T. ) ;
#1780 = CARTESIAN_POINT ( 'NONE',  ( 2.240102708768680451, 5.894709581221616368, -1.700000000000000178 ) ) ;
#1781 = ORIENTED_EDGE ( 'NONE', *, *, #574, .F. ) ;
#1782 = LINE ( 'NONE', #2272, #1661 ) ;
#1783 = CARTESIAN_POINT ( 'NONE',  ( 1.549999999999999378, 3.149787339239029649, -0.6685086073886865599 ) ) ;
#1784 = EDGE_CURVE ( 'NONE', #949, #1767, #1458, .T. ) ;
#1785 = VERTEX_POINT ( 'NONE', #1740 ) ;
#1786 = VERTEX_POINT ( 'NONE', #959 ) ;
#1787 = ORIENTED_EDGE ( 'NONE', *, *, #2246, .T. ) ;
#1788 = CARTESIAN_POINT ( 'NONE',  ( -1.375000000000000444, 5.256569860407206640, -1.700000000000000178 ) ) ;
#1789 = DIRECTION ( 'NONE',  ( 0.000000000000000000, 0.000000000000000000, -1.000000000000000000 ) ) ;
#1790 = ADVANCED_FACE ( 'NONE', ( #126 ), #1440, .T. ) ;
#1791 = CARTESIAN_POINT ( 'NONE',  ( 2.324129199875283103, 2.506940475009473701, -0.2999999999999999889 ) ) ;
#1792 = CYLINDRICAL_SURFACE ( 'NONE', #3182, 1.375000000000000444 ) ;
#1793 = CARTESIAN_POINT ( 'NONE',  ( 1.912500000000000977, 6.296639832727860764, 1.924330376838829126 ) ) ;
#1794 = DIRECTION ( 'NONE',  ( 0.000000000000000000, 1.000000000000000000, 0.000000000000000000 ) ) ;
#1795 = CARTESIAN_POINT ( 'NONE',  ( 2.433203980775002773, 3.006940475009473701, 0.5999999999999996447 ) ) ;
#1796 = CARTESIAN_POINT ( 'NONE',  ( 2.750000000000000444, 2.750712707568149007, 1.317437748835728506 ) ) ;
#1797 = B_SPLINE_CURVE_WITH_KNOTS ( 'NONE', 3,
 ( #1847, #2948, #818, #8 ),
 .UNSPECIFIED., .F., .F.,
 ( 4, 4 ),
 ( 0.000000000000000000, 0.0002111462559362675413 ),
 .UNSPECIFIED. ) ;
#1798 = ORIENTED_EDGE ( 'NONE', *, *, #3352, .T. ) ;
#1799 = CARTESIAN_POINT ( 'NONE',  ( 2.079499150865018020, 2.517779930701075752, 0.3168122271282878266 ) ) ;
#1800 = ORIENTED_EDGE ( 'NONE', *, *, #344, .F. ) ;
#1801 = ORIENTED_EDGE ( 'NONE', *, *, #1730, .T. ) ;
#1802 = CARTESIAN_POINT ( 'NONE',  ( 1.883333333333332860, 2.506940475009473701, 3.061616997868387948E-17 ) ) ;
#1803 = DIRECTION ( 'NONE',  ( 0.000000000000000000, 0.000000000000000000, -1.000000000000000000 ) ) ;
#1804 = EDGE_CURVE ( 'NONE', #101, #2920, #991, .T. ) ;
#1805 = AXIS2_PLACEMENT_3D ( 'NONE', #1182, #2585, #712 ) ;
#1806 = CARTESIAN_POINT ( 'NONE',  ( -2.078126959570746113, 3.006940475009474589, 0.6000000000000000888 ) ) ;
#1807 = ORIENTED_EDGE ( 'NONE', *, *, #2890, .T. ) ;
#1808 = CARTESIAN_POINT ( 'NONE',  ( -2.280567147923389548, 2.691221495586021639, 0.4581979064490852016 ) ) ;
#1809 = DIRECTION ( 'NONE',  ( 1.239088197126290817E-16, -1.000000000000000000, 0.000000000000000000 ) ) ;
#1810 = CARTESIAN_POINT ( 'NONE',  ( -2.481526720518079099, 6.072795084704707413, 1.700000000000000178 ) ) ;
#1811 = CARTESIAN_POINT ( 'NONE',  ( -2.038926142321591861, 6.196455368520535245, -1.963439111886988275 ) ) ;
#1812 = CIRCLE ( 'NONE', #2087, 0.2999999999999999334 ) ;
#1813 = ORIENTED_EDGE ( 'NONE', *, *, #1779, .F. ) ;
#1814 = CARTESIAN_POINT ( 'NONE',  ( 2.078126959565838927, 3.006940475015220215, 0.6000000000023741897 ) ) ;
#1815 = CIRCLE ( 'NONE', #298, 0.3000000000000001554 ) ;
#1816 = ORIENTED_EDGE ( 'NONE', *, *, #1408, .T. ) ;
#1817 = ORIENTED_EDGE ( 'NONE', *, *, #41, .F. ) ;
#1818 = CIRCLE ( 'NONE', #2318, 0.2999999999999998779 ) ;
#1819 = CARTESIAN_POINT ( 'NONE',  ( 2.713565082712100729, 2.895337607843878835, 0.2422728371382765478 ) ) ;
#1820 = CARTESIAN_POINT ( 'NONE',  ( -2.750000000000000888, 3.006940475009473701, 0.5999999999999996447 ) ) ;
#1821 = CARTESIAN_POINT ( 'NONE',  ( -2.078126959565838927, 3.006940475015220215, -0.6000000000023741897 ) ) ;
#1822 = EDGE_CURVE ( 'NONE', #2114, #3132, #994, .T. ) ;
#1823 = ORIENTED_EDGE ( 'NONE', *, *, #745, .T. ) ;
#1824 = DIRECTION ( 'NONE',  ( 1.000000000000000000, 0.000000000000000000, 0.000000000000000000 ) ) ;
#1825 = CARTESIAN_POINT ( 'NONE',  ( 1.549999999999999378, 3.006940475009473257, -0.4129643021938411707 ) ) ;
#1826 = DIRECTION ( 'NONE',  ( 0.000000000000000000, 1.000000000000000000, 0.000000000000000000 ) ) ;
#1827 = CARTESIAN_POINT ( 'NONE',  ( -1.549999999999999378, 3.006940475009473701, -0.4129643021938410596 ) ) ;
#1828 = ORIENTED_EDGE ( 'NONE', *, *, #2434, .T. ) ;
#1829 = CARTESIAN_POINT ( 'NONE',  ( 2.525531056352880999, 2.506940475009474589, -0.2604251522077084546 ) ) ;
#1830 = VERTEX_POINT ( 'NONE', #2073 ) ;
#1831 = ORIENTED_EDGE ( 'NONE', *, *, #736, .F. ) ;
#1832 = DIRECTION ( 'NONE',  ( 0.000000000000000000, -0.000000000000000000, -1.000000000000000000 ) ) ;
#1833 = SURFACE_STYLE_FILL_AREA ( #2670 ) ;
#1834 = EDGE_CURVE ( 'NONE', #1273, #1000, #3286, .T. ) ;
#1835 = CARTESIAN_POINT ( 'NONE',  ( 2.299999999999986944, 3.506940475009473701, -2.000000000000000000 ) ) ;
#1836 = ORIENTED_EDGE ( 'NONE', *, *, #2588, .F. ) ;
#1837 = CARTESIAN_POINT ( 'NONE',  ( 2.069289340721855996, 2.345394259405831239, -0.1279742204062629118 ) ) ;
#1838 = CIRCLE ( 'NONE', #764, 0.8812837730998229757 ) ;
#1839 = LINE ( 'NONE', #259, #582 ) ;
#1840 = DIRECTION ( 'NONE',  ( -0.8480480961564293985, 0.5299192642331995717, 0.000000000000000000 ) ) ;
#1841 = DIRECTION ( 'NONE',  ( 0.000000000000000000, -0.3363363969981561508, 0.9417419115948374442 ) ) ;
#1842 = CARTESIAN_POINT ( 'NONE',  ( -1.912499999999999645, 6.296639832727858987, 1.924330376838830015 ) ) ;
#1843 = EDGE_CURVE ( 'NONE', #734, #2564, #3405, .T. ) ;
#1844 =( BOUNDED_SURFACE ( )  B_SPLINE_SURFACE ( 3, 2, ( 
 ( #2724, #2773, #1795 ),
 ( #1706, #374, #2859 ),
 ( #2250, #1264, #2875 ),
 ( #1160, #2348, #2511 ) ),
 .UNSPECIFIED., .F., .F., .T. ) 
 B_SPLINE_SURFACE_WITH_KNOTS ( ( 4, 4 ),
 ( 3, 3 ),
 ( 2.656295322589485863E-18, 0.0004752971476798557708 ),
 ( 0.000000000000000000, 1.000000000000000000 ),
 .UNSPECIFIED. ) 
 GEOMETRIC_REPRESENTATION_ITEM ( )  RATIONAL_B_SPLINE_SURFACE ( (
 ( 1.000000000000000000, 0.7170283373182728681, 1.000000000000000000),
 ( 1.000000000000000000, 0.7175002351834138814, 1.000000000000000000),
 ( 1.000000000000000000, 0.7130825509023893671, 1.000000000000000000),
 ( 1.000000000000000000, 0.7071067811865475727, 1.000000000000000000) ) ) 
 REPRESENTATION_ITEM ( '' )  SURFACE ( )  );
#1845 = EDGE_CURVE ( 'NONE', #1601, #2920, #2839, .T. ) ;
#1846 = ORIENTED_EDGE ( 'NONE', *, *, #2716, .F. ) ;
#1847 = CARTESIAN_POINT ( 'NONE',  ( -2.324129199875283103, 2.506940475009473701, -0.2999999999999999889 ) ) ;
#1848 = EDGE_CURVE ( 'NONE', #3162, #3364, #2860, .T. ) ;
#1849 = ORIENTED_EDGE ( 'NONE', *, *, #227, .T. ) ;
#1850 = VERTEX_POINT ( 'NONE', #3086 ) ;
#1851 = CARTESIAN_POINT ( 'NONE',  ( 2.653095101668200506, 2.529153311334637166, 3.288872376586204531E-15 ) ) ;
#1852 = FILL_AREA_STYLE_COLOUR ( '', #3259 ) ;
#1853 = CARTESIAN_POINT ( 'NONE',  ( -2.522596370791819087, 2.506940475009473701, -0.2623910598826941221 ) ) ;
#1854 = ORIENTED_EDGE ( 'NONE', *, *, #2785, .F. ) ;
#1855 = VECTOR ( 'NONE', #1627, 1000.000000000000000 ) ;
#1856 = PLANE ( 'NONE',  #2043 ) ;
#1857 = AXIS2_PLACEMENT_3D ( 'NONE', #1054, #739, #3463 ) ;
#1858 = DIRECTION ( 'NONE',  ( 0.000000000000000000, 1.000000000000000000, -0.000000000000000000 ) ) ;
#1859 = ADVANCED_FACE ( 'NONE', ( #426 ), #1862, .T. ) ;
#1860 = VERTEX_POINT ( 'NONE', #2885 ) ;
#1861 = CARTESIAN_POINT ( 'NONE',  ( -2.750000000000000888, 4.381755167708339727, 1.118716226900177357 ) ) ;
#1862 =( BOUNDED_SURFACE ( )  B_SPLINE_SURFACE ( 3, 2, ( 
 ( #158, #3373, #2878 ),
 ( #1811, #1548, #476 ),
 ( #2610, #211, #694 ),
 ( #1506, #2834, #3382 ) ),
 .UNSPECIFIED., .F., .F., .T. ) 
 B_SPLINE_SURFACE_WITH_KNOTS ( ( 4, 4 ),
 ( 3, 3 ),
 ( -5.963111948670274387E-19, 0.0004437928298185867112 ),
 ( 0.000000000000000000, 1.000000000000000000 ),
 .UNSPECIFIED. ) 
 GEOMETRIC_REPRESENTATION_ITEM ( )  RATIONAL_B_SPLINE_SURFACE ( (
 ( 1.000000000000000000, 0.8108401175561281704, 1.000000000000000000),
 ( 1.000000000000000000, 0.7792104941827349140, 1.000000000000000000),
 ( 1.000000000000000000, 0.7390807061152798729, 1.000000000000000000),
 ( 1.000000000000000000, 0.7071067811865475727, 1.000000000000000000) ) ) 
 REPRESENTATION_ITEM ( '' )  SURFACE ( )  );
#1863 = CIRCLE ( 'NONE', #2143, 0.2999999999999999889 ) ;
#1864 = VERTEX_POINT ( 'NONE', #1558 ) ;
#1865 = VERTEX_POINT ( 'NONE', #2618 ) ;
#1866 = CARTESIAN_POINT ( 'NONE',  ( 2.732143179560791779, 3.082635136367830153, 0.3174774265215475344 ) ) ;
#1867 = DIRECTION ( 'NONE',  ( -1.000000000000000000, 1.239088197126291063E-16, -0.000000000000000000 ) ) ;
#1868 = AXIS2_PLACEMENT_3D ( 'NONE', #2822, #1794, #1738 ) ;
#1869 = LINE ( 'NONE', #1092, #2036 ) ;
#1870 = CIRCLE ( 'NONE', #2209, 0.2999999999999999334 ) ;
#1871 = ORIENTED_EDGE ( 'NONE', *, *, #3384, .T. ) ;
#1872 = CARTESIAN_POINT ( 'NONE',  ( 2.030641342587029108, 2.695918985024618131, -0.4555974021608643620 ) ) ;
#1873 = DIRECTION ( 'NONE',  ( 0.6601586994634350836, 0.7511261488743058434, 0.000000000000000000 ) ) ;
#1874 = CARTESIAN_POINT ( 'NONE',  ( -2.526253370595074266, 2.506940475009473701, 0.1935509462339140285 ) ) ;
#1875 = CARTESIAN_POINT ( 'NONE',  ( -1.358333333333332948, 0.6815775338411202977, 3.061616997868387948E-17 ) ) ;
#1876 = DIRECTION ( 'NONE',  ( -0.8660254037844388186, 0.4999999999999996114, 0.000000000000000000 ) ) ;
#1877 = ADVANCED_FACE ( 'NONE', ( #725 ), #2224, .T. ) ;
#1878 = B_SPLINE_CURVE_WITH_KNOTS ( 'NONE', 3,
 ( #1793, #923, #3121, #975, #2280, #2857, #456, #2017, #2000, #1511 ),
 .UNSPECIFIED., .F., .F.,
 ( 4, 2, 2, 2, 4 ),
 ( 0.000000000000000000, 0.001154935244682939004, 0.001732402867024408722, 0.002021136678195143473, 0.002309870489365878007 ),
 .UNSPECIFIED. ) ;
#1879 = EDGE_LOOP ( 'NONE', ( #2940, #2795, #315, #2337, #3090 ) ) ;
#1880 = CARTESIAN_POINT ( 'NONE',  ( 2.449999999999999734, 3.804738319268581304, -1.189018300026190245 ) ) ;
#1881 = EDGE_CURVE ( 'NONE', #7, #1199, #433, .T. ) ;
#1882 = CIRCLE ( 'NONE', #38, 0.3000000000000000999 ) ;
#1883 = CARTESIAN_POINT ( 'NONE',  ( 2.355569874378176554, 0.6831730176127753795, 0.000000000000000000 ) ) ;
#1884 = ORIENTED_EDGE ( 'NONE', *, *, #2335, .T. ) ;
#1885 = CARTESIAN_POINT ( 'NONE',  ( -0.08144024386505897828, 7.000000000000003553, -0.9459983122015318546 ) ) ;
#1886 = CARTESIAN_POINT ( 'NONE',  ( -2.602256808928216980, 2.513135879829996533, -0.03413554572030434026 ) ) ;
#1887 = VECTOR ( 'NONE', #2038, 1000.000000000000114 ) ;
#1888 = EDGE_CURVE ( 'NONE', #642, #3418, #3149, .T. ) ;
#1889 = DIRECTION ( 'NONE',  ( 0.000000000000000000, 0.000000000000000000, -1.000000000000000000 ) ) ;
#1890 = ORIENTED_EDGE ( 'NONE', *, *, #2100, .F. ) ;
#1891 = CARTESIAN_POINT ( 'NONE',  ( 2.750000000000000888, -9.000000000000000000, 0.000000000000000000 ) ) ;
#1892 = ADVANCED_FACE ( 'NONE', ( #3366 ), #971, .F. ) ;
#1893 = DIRECTION ( 'NONE',  ( -0.5000000000000022204, -0.8660254037844372643, 0.000000000000000000 ) ) ;
#1894 = CARTESIAN_POINT ( 'NONE',  ( 0.6556274638956036682, 6.927226406626306954, -1.302721350545551937 ) ) ;
#1895 = CARTESIAN_POINT ( 'NONE',  ( -1.549999999999999378, 3.149787339239030093, -0.6685086073886867819 ) ) ;
#1896 = CARTESIAN_POINT ( 'NONE',  ( -2.450000000000001954, 3.212384711734388443, -0.7005837750197213554 ) ) ;
#1897 = VECTOR ( 'NONE', #669, 1000.000000000000000 ) ;
#1898 = ORIENTED_EDGE ( 'NONE', *, *, #2458, .T. ) ;
#1899 = CARTESIAN_POINT ( 'NONE',  ( 2.225897574724872818, 6.353017156858473236, 1.673660257536922380 ) ) ;
#1900 = CARTESIAN_POINT ( 'NONE',  ( 2.037812046865825177, 2.623730306440656079, -0.06927788523563706280 ) ) ;
#1901 = ORIENTED_EDGE ( 'NONE', *, *, #1888, .F. ) ;
#1902 = SURFACE_STYLE_USAGE ( .BOTH. , #3464 ) ;
#1903 = DIRECTION ( 'NONE',  ( -1.000000000000000000, 0.000000000000000000, 0.000000000000000000 ) ) ;
#1904 = CARTESIAN_POINT ( 'NONE',  ( -2.445846716700773360, 3.114517009802469261, -0.6384201909974970279 ) ) ;
#1905 = ORIENTED_EDGE ( 'NONE', *, *, #702, .T. ) ;
#1906 = CARTESIAN_POINT ( 'NONE',  ( -2.370404217133573965, 2.422092019282922948, -0.2164171526040470639 ) ) ;
#1907 = EDGE_CURVE ( 'NONE', #1785, #1930, #1072, .T. ) ;
#1908 = DIRECTION ( 'NONE',  ( 0.8660254037844377084, -0.5000000000000016653, -0.000000000000000000 ) ) ;
#1909 = DIRECTION ( 'NONE',  ( 1.000000000000000000, -0.000000000000000000, -0.000000000000000000 ) ) ;
#1910 = CARTESIAN_POINT ( 'NONE',  ( -2.433203980775002329, 3.006940475009473701, 0.5999999999999996447 ) ) ;
#1911 = VECTOR ( 'NONE', #1002, 1000.000000000000000 ) ;
#1912 = CARTESIAN_POINT ( 'NONE',  ( -1.961139748756348444, -7.824555232024774898E-18, 0.000000000000000000 ) ) ;
#1913 = COLOUR_RGB ( '',0.7921568627450980005, 0.8196078431372548767, 0.9333333333333333481 ) ;
#1914 = ORIENTED_EDGE ( 'NONE', *, *, #3327, .T. ) ;
#1915 = CARTESIAN_POINT ( 'NONE',  ( 2.637214664226671612, 2.506940475009474145, -0.07188661156588820045 ) ) ;
#1916 = DIRECTION ( 'NONE',  ( 0.8660254037844377084, 0.5000000000000016653, 0.000000000000000000 ) ) ;
#1917 = EDGE_LOOP ( 'NONE', ( #2663, #200, #769 ) ) ;
#1918 = ADVANCED_FACE ( 'NONE', ( #1019 ), #3165, .F. ) ;
#1919 = ORIENTED_EDGE ( 'NONE', *, *, #1285, .T. ) ;
#1920 = ORIENTED_EDGE ( 'NONE', *, *, #3237, .T. ) ;
#1921 = AXIS2_PLACEMENT_3D ( 'NONE', #1676, #3042, #2703 ) ;
#1922 = CARTESIAN_POINT ( 'NONE',  ( -2.690736556055560946, 2.723103893348017390, -0.1486159418343746819 ) ) ;
#1923 = LINE ( 'NONE', #2520, #1365 ) ;
#1924 = AXIS2_PLACEMENT_3D ( 'NONE', #2265, #369, #107 ) ;
#1925 = EDGE_CURVE ( 'NONE', #2387, #566, #1753, .T. ) ;
#1926 = CARTESIAN_POINT ( 'NONE',  ( 2.351333562040428315, 6.249292983714733296, 1.974326706975909396 ) ) ;
#1927 = DIRECTION ( 'NONE',  ( 0.8660254037844388186, 0.4999999999999996114, 0.000000000000000000 ) ) ;
#1928 = CIRCLE ( 'NONE', #2039, 0.2500000000000003886 ) ;
#1929 = CARTESIAN_POINT ( 'NONE',  ( -1.835776797088796375, 2.921440704782641173, 0.3397272295706977863 ) ) ;
#1930 = VERTEX_POINT ( 'NONE', #2854 ) ;
#1931 = DIRECTION ( 'NONE',  ( 1.000000000000000000, 0.000000000000000000, 0.000000000000000000 ) ) ;
#1932 = CARTESIAN_POINT ( 'NONE',  ( -2.141607824005071326, 2.506940475009473701, 0.07576216903655622059 ) ) ;
#1933 = ORIENTED_EDGE ( 'NONE', *, *, #1804, .T. ) ;
#1934 = DIRECTION ( 'NONE',  ( 0.000000000000000000, 0.000000000000000000, -1.000000000000000000 ) ) ;
#1935 = CARTESIAN_POINT ( 'NONE',  ( 2.382454451940482443, 2.506940475009473701, 0.2999999999999999889 ) ) ;
#1936 = AXIS2_PLACEMENT_3D ( 'NONE', #512, #2630, #563 ) ;
#1937 = SURFACE_STYLE_USAGE ( .BOTH. , #1657 ) ;
#1938 = ORIENTED_EDGE ( 'NONE', *, *, #632, .F. ) ;
#1939 = ORIENTED_EDGE ( 'NONE', *, *, #2103, .F. ) ;
#1940 = DIRECTION ( 'NONE',  ( -0.8480480961564293985, 0.5299192642331995717, 0.000000000000000000 ) ) ;
#1941 = CIRCLE ( 'NONE', #1437, 0.8812837730998229757 ) ;
#1942 = DIRECTION ( 'NONE',  ( -0.6601586994634328631, 0.7511261488743079529, 0.000000000000000000 ) ) ;
#1943 = EDGE_CURVE ( 'NONE', #3143, #2861, #454, .T. ) ;
#1944 = FACE_OUTER_BOUND ( 'NONE', #3197, .T. ) ;
#1945 = DIRECTION ( 'NONE',  ( 0.000000000000000000, 1.000000000000000000, 0.000000000000000000 ) ) ;
#1946 = VERTEX_POINT ( 'NONE', #3097 ) ;
#1947 = CARTESIAN_POINT ( 'NONE',  ( 1.375000000000000444, 5.256569860407206640, 1.700000000000000178 ) ) ;
#1948 = ADVANCED_FACE ( 'NONE', ( #1770 ), #2601, .T. ) ;
#1949 = AXIS2_PLACEMENT_3D ( 'NONE', #1780, #3101, #1471 ) ;
#1950 = AXIS2_PLACEMENT_3D ( 'NONE', #1029, #2104, #2381 ) ;
#1951 = EDGE_CURVE ( 'NONE', #2341, #3132, #2287, .T. ) ;
#1952 = DIRECTION ( 'NONE',  ( 0.000000000000000000, 0.000000000000000000, 1.000000000000000000 ) ) ;
#1953 = ORIENTED_EDGE ( 'NONE', *, *, #798, .T. ) ;
#1954 = CARTESIAN_POINT ( 'NONE',  ( -2.450000000000000178, 3.293280582485998753, 0.7826577067908029317 ) ) ;
#1955 = CARTESIAN_POINT ( 'NONE',  ( 2.732143179560792667, 3.082635136367832374, -0.3174774265215487556 ) ) ;
#1956 =( BOUNDED_SURFACE ( )  B_SPLINE_SURFACE ( 3, 2, ( 
 ( #2573, #172, #3403 ),
 ( #2603, #1237, #2050 ),
 ( #2426, #3220, #2128 ),
 ( #807, #3433, #1624 ) ),
 .UNSPECIFIED., .F., .F., .T. ) 
 B_SPLINE_SURFACE_WITH_KNOTS ( ( 4, 4 ),
 ( 3, 3 ),
 ( 0.000000000000000000, 0.0004434500954620845987 ),
 ( 0.000000000000000000, 1.000000000000000000 ),
 .UNSPECIFIED. ) 
 GEOMETRIC_REPRESENTATION_ITEM ( )  RATIONAL_B_SPLINE_SURFACE ( (
 ( 1.000000000000000000, 0.7071067811865475727, 1.000000000000000000),
 ( 1.000000000000000000, 0.7387549867232550138, 1.000000000000000000),
 ( 1.000000000000000000, 0.7788124115926897684, 1.000000000000000000),
 ( 1.000000000000000000, 0.8108401175561281704, 1.000000000000000000) ) ) 
 REPRESENTATION_ITEM ( '' )  SURFACE ( )  );
#1957 =( NAMED_UNIT ( * ) SI_UNIT ( $, .STERADIAN. ) SOLID_ANGLE_UNIT ( ) );
#1958 = ORIENTED_EDGE ( 'NONE', *, *, #163, .T. ) ;
#1959 = ORIENTED_EDGE ( 'NONE', *, *, #1304, .F. ) ;
#1960 = CARTESIAN_POINT ( 'NONE',  ( -2.368083000015510198, 6.226586592580630963, -1.699999999999999956 ) ) ;
#1961 = CARTESIAN_POINT ( 'NONE',  ( 0.8761455045256222318, 6.909896054652386432, 1.260553192621970853 ) ) ;
#1962 = DIRECTION ( 'NONE',  ( -0.4999999999999996669, 0.8660254037844389297, 0.000000000000000000 ) ) ;
#1963 = CARTESIAN_POINT ( 'NONE',  ( 2.078126959570735011, 3.006940475009473257, -0.5999999999999999778 ) ) ;
#1964 = VERTEX_POINT ( 'NONE', #687 ) ;
#1965 = DIRECTION ( 'NONE',  ( 0.8480480961564293985, 0.5299192642331995717, 0.000000000000000000 ) ) ;
#1966 = VECTOR ( 'NONE', #3331, 1000.000000000000000 ) ;
#1967 = CARTESIAN_POINT ( 'NONE',  ( 2.750000000000000000, 3.506940475009473701, 0.5720646149599997177 ) ) ;
#1968 = EDGE_CURVE ( 'NONE', #1964, #2761, #1990, .T. ) ;
#1969 = CARTESIAN_POINT ( 'NONE',  ( -2.316280530781339664, 2.506940475009473701, 0.2548358284840499532 ) ) ;
#1970 = ORIENTED_EDGE ( 'NONE', *, *, #1317, .T. ) ;
#1971 = FACE_OUTER_BOUND ( 'NONE', #503, .T. ) ;
#1972 = CARTESIAN_POINT ( 'NONE',  ( -2.723927543037172327, 2.985199974626904673, -0.5922355355776538488 ) ) ;
#1973 = VERTEX_POINT ( 'NONE', #1228 ) ;
#1974 = EDGE_LOOP ( 'NONE', ( #1914, #1140, #1001, #1901 ) ) ;
#1975 = CARTESIAN_POINT ( 'NONE',  ( -2.750000000000000444, 3.804738319268580860, 1.189018300026190023 ) ) ;
#1976 = CARTESIAN_POINT ( 'NONE',  ( 2.100000000000000089, 2.506940475009473701, 3.061616997868384251E-17 ) ) ;
#1977 = CARTESIAN_POINT ( 'NONE',  ( 2.026575086699501149, 6.468096048975467305, 1.857399483045645505 ) ) ;
#1978 =( GEOMETRIC_REPRESENTATION_CONTEXT ( 3 ) GLOBAL_UNCERTAINTY_ASSIGNED_CONTEXT ( ( #1050 ) ) GLOBAL_UNIT_ASSIGNED_CONTEXT ( ( #3057, #1991, #2965 ) ) REPRESENTATION_CONTEXT ( 'NONE', 'WORKASPACE' ) );
#1979 = CARTESIAN_POINT ( 'NONE',  ( 1.483333333333332948, 0.8980838847872305575, 0.000000000000000000 ) ) ;
#1980 = CARTESIAN_POINT ( 'NONE',  ( -2.232818877294546311, 2.539469356900004637, 0.3169104779385651383 ) ) ;
#1981 = AXIS2_PLACEMENT_3D ( 'NONE', #3390, #142, #458 ) ;
#1982 = CARTESIAN_POINT ( 'NONE',  ( -2.450000000000000178, 3.804738319268580860, -1.189018300026192687 ) ) ;
#1983 = AXIS2_PLACEMENT_3D ( 'NONE', #1443, #668, #1011 ) ;
#1984 = ORIENTED_EDGE ( 'NONE', *, *, #760, .T. ) ;
#1985 = DIRECTION ( 'NONE',  ( 1.000000000000000000, 0.000000000000000000, 0.000000000000000000 ) ) ;
#1986 = EDGE_CURVE ( 'NONE', #2963, #2258, #95, .T. ) ;
#1987 = FACE_OUTER_BOUND ( 'NONE', #1293, .T. ) ;
#1988 = CARTESIAN_POINT ( 'NONE',  ( 2.445846716700563306, 3.114517009802508340, -0.6384201909975107947 ) ) ;
#1989 = ORIENTED_EDGE ( 'NONE', *, *, #1332, .T. ) ;
#1990 = LINE ( 'NONE', #1765, #3120 ) ;
#1991 =( NAMED_UNIT ( * ) PLANE_ANGLE_UNIT ( ) SI_UNIT ( $, .RADIAN. ) );
#1992 = VERTEX_POINT ( 'NONE', #2304 ) ;
#1993 = EDGE_LOOP ( 'NONE', ( #2894, #2082, #449 ) ) ;
#1994 = CARTESIAN_POINT ( 'NONE',  ( -2.150531272437980590, 2.506940475009473701, 0.1234154591275651025 ) ) ;
#1995 = ADVANCED_FACE ( 'NONE', ( #3378 ), #3062, .T. ) ;
#1996 = CARTESIAN_POINT ( 'NONE',  ( 2.637115020092873685, 2.506940475009473701, 0.07273200733437761023 ) ) ;
#1997 = DIRECTION ( 'NONE',  ( 1.239088197126291063E-16, 1.000000000000000000, 0.000000000000000000 ) ) ;
#1998 = DIRECTION ( 'NONE',  ( 1.239088197126290817E-16, -1.000000000000000000, 0.000000000000000000 ) ) ;
#1999 = CIRCLE ( 'NONE', #1552, 0.8812837730998229757 ) ;
#2000 = CARTESIAN_POINT ( 'NONE',  ( 0.08144024386537181137, 7.000000000000004441, 0.9459983122010353629 ) ) ;
#2001 =( BOUNDED_SURFACE ( )  B_SPLINE_SURFACE ( 3, 2, ( 
 ( #1567, #3157, #749 ),
 ( #1599, #1062, #762 ),
 ( #3225, #2136, #2414 ),
 ( #1895, #2659, #1827 ) ),
 .UNSPECIFIED., .F., .F., .F. ) 
 B_SPLINE_SURFACE_WITH_KNOTS ( ( 4, 4 ),
 ( 3, 3 ),
 ( 1.860084352170443545E-18, 0.0005838562659234794189 ),
 ( 0.000000000000000000, 1.000000000000000000 ),
 .UNSPECIFIED. ) 
 GEOMETRIC_REPRESENTATION_ITEM ( )  RATIONAL_B_SPLINE_SURFACE ( (
 ( 1.000000000000000000, 0.7914009927348711892, 1.000000000000000000),
 ( 1.000000000000000000, 0.8368432294114815928, 1.000000000000000000),
 ( 1.000000000000000000, 0.8736369701969695090, 1.000000000000000000),
 ( 1.000000000000000000, 0.8728813739281755524, 1.000000000000000000) ) ) 
 REPRESENTATION_ITEM ( '' )  SURFACE ( )  );
#2002 = DIRECTION ( 'NONE',  ( -1.239088197126290817E-16, 1.000000000000000000, -0.000000000000000000 ) ) ;
#2003 = CARTESIAN_POINT ( 'NONE',  ( -2.701145618002369186, 2.758255050814772513, 0.5073257349802683391 ) ) ;
#2004 = CARTESIAN_POINT ( 'NONE',  ( 2.649999999999999467, 2.506940475009473701, -2.000000000000000000 ) ) ;
#2005 = AXIS2_PLACEMENT_3D ( 'NONE', #1208, #3375, #3359 ) ;
#2006 = FACE_OUTER_BOUND ( 'NONE', #319, .T. ) ;
#2007 = ORIENTED_EDGE ( 'NONE', *, *, #3391, .F. ) ;
#2008 = CARTESIAN_POINT ( 'NONE',  ( 2.449999999999999734, 3.293280582485998753, -0.7826577067908028207 ) ) ;
#2009 = CARTESIAN_POINT ( 'NONE',  ( -0.6556274638956043344, 6.927226406626309618, 1.302721350545552825 ) ) ;
#2010 = CIRCLE ( 'NONE', #2119, 0.5812837730998230423 ) ;
#2011 = ORIENTED_EDGE ( 'NONE', *, *, #748, .T. ) ;
#2012 = ORIENTED_EDGE ( 'NONE', *, *, #2969, .F. ) ;
#2013 = CARTESIAN_POINT ( 'NONE',  ( 1.935099047059933408, 3.097130370512453990, -0.6322106769653499381 ) ) ;
#2014 = CARTESIAN_POINT ( 'NONE',  ( -2.550487158220366535, 2.544702303623119111, 0.2816446261413502183 ) ) ;
#2015 = EDGE_CURVE ( 'NONE', #92, #1445, #1722, .T. ) ;
#2016 = LINE ( 'NONE', #2539, #1565 ) ;
#2017 = CARTESIAN_POINT ( 'NONE',  ( 0.1650752153267003586, 6.996323053440624662, 0.9986690455549844803 ) ) ;
#2018 = CARTESIAN_POINT ( 'NONE',  ( 2.450000000000000622, 2.750712707568149007, -1.317437748835728506 ) ) ;
#2019 = DIRECTION ( 'NONE',  ( 0.000000000000000000, -1.000000000000000000, 0.000000000000000000 ) ) ;
#2020 = CARTESIAN_POINT ( 'NONE',  ( -2.665827438479944522, 2.588758656827621962, 0.01373712374814626581 ) ) ;
#2021 = VERTEX_POINT ( 'NONE', #1783 ) ;
#2022 = CARTESIAN_POINT ( 'NONE',  ( 1.920021659649604695, 2.847398576190351971, 0.5430207504228155013 ) ) ;
#2023 = AXIS2_PLACEMENT_3D ( 'NONE', #3450, #2903, #1824 ) ;
#2024 = DIRECTION ( 'NONE',  ( 1.000000000000000000, 0.000000000000000000, 0.000000000000000000 ) ) ;
#2025 = AXIS2_PLACEMENT_3D ( 'NONE', #771, #2127, #2254 ) ;
#2026 = ORIENTED_EDGE ( 'NONE', *, *, #1845, .T. ) ;
#2027 = ORIENTED_EDGE ( 'NONE', *, *, #2799, .T. ) ;
#2028 = CARTESIAN_POINT ( 'NONE',  ( -2.141607978309961080, 2.506940475009473701, 0.01050895372737782087 ) ) ;
#2029 = CARTESIAN_POINT ( 'NONE',  ( -0.8761455045256222318, 6.909896054652386432, -1.260553192621970853 ) ) ;
#2030 = ADVANCED_FACE ( 'NONE', ( #132 ), #182, .T. ) ;
#2031 = CARTESIAN_POINT ( 'NONE',  ( -2.617741040946156339, 2.506940475009473701, 0.1458527532473371524 ) ) ;
#2032 = DIRECTION ( 'NONE',  ( -1.000000000000000000, 0.000000000000000000, 0.000000000000000000 ) ) ;
#2033 = LINE ( 'NONE', #141, #2806 ) ;
#2034 = CARTESIAN_POINT ( 'NONE',  ( 2.450000000000000622, 3.035766082959413894E-16, 1.700000000000000178 ) ) ;
#2035 = EDGE_CURVE ( 'NONE', #2861, #2114, #1243, .T. ) ;
#2036 = VECTOR ( 'NONE', #2376, 1000.000000000000000 ) ;
#2037 = AXIS2_PLACEMENT_3D ( 'NONE', #1912, #2400, #508 ) ;
#2038 = DIRECTION ( 'NONE',  ( -0.8480480961564292874, 0.5299192642331994607, 0.000000000000000000 ) ) ;
#2039 = AXIS2_PLACEMENT_3D ( 'NONE', #475, #1826, #2791 ) ;
#2040 = ADVANCED_FACE ( 'NONE', ( #1971 ), #1519, .T. ) ;
#2041 = ORIENTED_EDGE ( 'NONE', *, *, #2197, .F. ) ;
#2042 = DIRECTION ( 'NONE',  ( -0.8480480961564293985, 0.5299192642331995717, 0.000000000000000000 ) ) ;
#2043 = AXIS2_PLACEMENT_3D ( 'NONE', #2154, #523, #1598 ) ;
#2044 = CARTESIAN_POINT ( 'NONE',  ( -0.3516732302132416499, 7.000000000000001776, 1.044335070942585819 ) ) ;
#2045 = VERTEX_POINT ( 'NONE', #115 ) ;
#2046 = ORIENTED_EDGE ( 'NONE', *, *, #1192, .F. ) ;
#2047 = VERTEX_POINT ( 'NONE', #3092 ) ;
#2048 = CARTESIAN_POINT ( 'NONE',  ( -2.193043919863562952, 2.506940475009474145, 0.1958590402645737916 ) ) ;
#2049 = CARTESIAN_POINT ( 'NONE',  ( -2.072759621884020742, 2.555510169324065828, 0.3484591094063336780 ) ) ;
#2050 = CARTESIAN_POINT ( 'NONE',  ( -2.367946095326251221, 6.226772189266839064, 1.699999890310757156 ) ) ;
#2051 = B_SPLINE_CURVE_WITH_KNOTS ( 'NONE', 3,
 ( #2844, #939, #422, #1492 ),
 .UNSPECIFIED., .F., .F.,
 ( 4, 4 ),
 ( 0.000000000000000000, 0.0005322716698433952289 ),
 .UNSPECIFIED. ) ;
#2052 = FACE_OUTER_BOUND ( 'NONE', #2998, .T. ) ;
#2053 = CARTESIAN_POINT ( 'NONE',  ( -2.567494221876384319, 2.606940475009473346, -2.000000000000000000 ) ) ;
#2054 = EDGE_CURVE ( 'NONE', #766, #2319, #819, .T. ) ;
#2055 = CARTESIAN_POINT ( 'NONE',  ( 2.048106579328394794, 2.557911871541146187, -8.835604306269433642E-14 ) ) ;
#2056 =( GEOMETRIC_REPRESENTATION_CONTEXT ( 3 ) GLOBAL_UNCERTAINTY_ASSIGNED_CONTEXT ( ( #2106 ) ) GLOBAL_UNIT_ASSIGNED_CONTEXT ( ( #3038, #1427, #2235 ) ) REPRESENTATION_CONTEXT ( 'NONE', 'WORKASPACE' ) );
#2057 = DIRECTION ( 'NONE',  ( 0.000000000000000000, -1.000000000000000000, 0.000000000000000000 ) ) ;
#2058 = AXIS2_PLACEMENT_3D ( 'NONE', #946, #964, #3345 ) ;
#2059 = ADVANCED_FACE ( 'NONE', ( #2062 ), #2501, .T. ) ;
#2060 = ORIENTED_EDGE ( 'NONE', *, *, #163, .F. ) ;
#2061 = CARTESIAN_POINT ( 'NONE',  ( -2.750000000000000888, 4.381755167708339727, 2.000000000000000444 ) ) ;
#2062 = FACE_OUTER_BOUND ( 'NONE', #3179, .T. ) ;
#2063 = ORIENTED_EDGE ( 'NONE', *, *, #1155, .T. ) ;
#2064 = ORIENTED_EDGE ( 'NONE', *, *, #2716, .T. ) ;
#2065 = DIRECTION ( 'NONE',  ( 0.000000000000000000, -1.000000000000000000, -0.000000000000000000 ) ) ;
#2066 = DIRECTION ( 'NONE',  ( 1.000000000000000000, -0.000000000000000000, -0.000000000000000000 ) ) ;
#2067 = TOROIDAL_SURFACE ( 'NONE', #2731, 0.4666666666666669516, 0.2500000000000003886 ) ;
#2068 = CARTESIAN_POINT ( 'NONE',  ( -1.549999999999999378, 3.149787339239030093, 0.6685086073886867819 ) ) ;
#2069 = ORIENTED_EDGE ( 'NONE', *, *, #1485, .F. ) ;
#2070 = DIRECTION ( 'NONE',  ( 1.000000000000000000, -0.000000000000000000, -0.000000000000000000 ) ) ;
#2071 = CARTESIAN_POINT ( 'NONE',  ( 2.043994103078073721, 2.584205124924309871, -7.411233236672927599E-13 ) ) ;
#2072 = CARTESIAN_POINT ( 'NONE',  ( 2.745492729908941332, 3.240957086663587283, 0.3706619572078859726 ) ) ;
#2073 = CARTESIAN_POINT ( 'NONE',  ( 1.608333333333333171, 1.114590235733340373, 0.000000000000000000 ) ) ;
#2074 = ORIENTED_EDGE ( 'NONE', *, *, #57, .T. ) ;
#2075 = CARTESIAN_POINT ( 'NONE',  ( 1.976158178552859468, 2.776010542285768157, 0.2468707013302748887 ) ) ;
#2076 = EDGE_CURVE ( 'NONE', #3466, #3434, #2621, .T. ) ;
#2077 = EDGE_LOOP ( 'NONE', ( #234, #2687, #436, #2929, #1605 ) ) ;
#2078 = ORIENTED_EDGE ( 'NONE', *, *, #2497, .T. ) ;
#2079 = CARTESIAN_POINT ( 'NONE',  ( 2.658949476191916794, 2.552017910890974406, 1.687835814805216518E-13 ) ) ;
#2080 = CARTESIAN_POINT ( 'NONE',  ( -2.062500000000001332, 6.447354790610811293, -1.644868767982617497 ) ) ;
#2081 = CIRCLE ( 'NONE', #565, 0.2500000000000003886 ) ;
#2082 = ORIENTED_EDGE ( 'NONE', *, *, #775, .F. ) ;
#2083 = DIRECTION ( 'NONE',  ( 1.000000000000000000, 0.000000000000000000, 0.000000000000000000 ) ) ;
#2084 = DIRECTION ( 'NONE',  ( 1.000000000000000000, 1.239088197126291310E-16, 0.000000000000000000 ) ) ;
#2085 = FACE_OUTER_BOUND ( 'NONE', #2307, .T. ) ;
#2086 = LINE ( 'NONE', #544, #2288 ) ;
#2087 = AXIS2_PLACEMENT_3D ( 'NONE', #69, #88, #2466 ) ;
#2088 = ORIENTED_EDGE ( 'NONE', *, *, #1371, .T. ) ;
#2089 = DIRECTION ( 'NONE',  ( 0.000000000000000000, -0.000000000000000000, -1.000000000000000000 ) ) ;
#2090 = EDGE_CURVE ( 'NONE', #1252, #1432, #263, .T. ) ;
#2091 = AXIS2_PLACEMENT_3D ( 'NONE', #3066, #666, #349 ) ;
#2092 = DIRECTION ( 'NONE',  ( -9.637352644315595243E-17, 1.000000000000000000, 0.000000000000000000 ) ) ;
#2093 = ORIENTED_EDGE ( 'NONE', *, *, #1633, .T. ) ;
#2094 = AXIS2_PLACEMENT_3D ( 'NONE', #224, #1577, #1893 ) ;
#2095 = CARTESIAN_POINT ( 'NONE',  ( -1.293988542719470614, 6.711620753314052834, -1.670197191141586490 ) ) ;
#2096 = CARTESIAN_POINT ( 'NONE',  ( -2.750000000000000888, 3.149787339239029649, 0.6685086073886864488 ) ) ;
#2097 = CARTESIAN_POINT ( 'NONE',  ( -1.967396665115543897, 2.788288119793788766, -0.2560454811231502870 ) ) ;
#2098 = ORIENTED_EDGE ( 'NONE', *, *, #1531, .T. ) ;
#2099 = DIRECTION ( 'NONE',  ( 1.000000000000000000, -0.000000000000000000, -0.000000000000000000 ) ) ;
#2100 = EDGE_CURVE ( 'NONE', #186, #1766, #247, .T. ) ;
#2101 = CARTESIAN_POINT ( 'NONE',  ( -2.078126959570744781, 3.107841394108920685, 0.3174774265215484226 ) ) ;
#2102 = FACE_OUTER_BOUND ( 'NONE', #2290, .T. ) ;
#2103 = EDGE_CURVE ( 'NONE', #2920, #753, #469, .T. ) ;
#2104 = DIRECTION ( 'NONE',  ( 1.000000000000000000, -0.000000000000000000, -0.000000000000000000 ) ) ;
#2105 = ORIENTED_EDGE ( 'NONE', *, *, #2133, .F. ) ;
#2106 = UNCERTAINTY_MEASURE_WITH_UNIT (LENGTH_MEASURE( 1.000000000000000082E-05 ), #3038, 'distance_accuracy_value', 'NONE');
#2107 = AXIS2_PLACEMENT_3D ( 'NONE', #1635, #3213, #3176 ) ;
#2108 = FACE_OUTER_BOUND ( 'NONE', #1726, .T. ) ;
#2109 = ORIENTED_EDGE ( 'NONE', *, *, #2872, .T. ) ;
#2110 = ORIENTED_EDGE ( 'NONE', *, *, #1112, .T. ) ;
#2111 = DIRECTION ( 'NONE',  ( 0.000000000000000000, 1.000000000000000000, 0.000000000000000000 ) ) ;
#2112 = PRESENTATION_STYLE_ASSIGNMENT (( #1902 ) ) ;
#2113 = CARTESIAN_POINT ( 'NONE',  ( -2.072641727685990087, 2.555720246398818674, -0.3485867856873256510 ) ) ;
#2114 = VERTEX_POINT ( 'NONE', #816 ) ;
#2115 = CARTESIAN_POINT ( 'NONE',  ( -2.750000000000000888, 2.606940475009473346, 0.2548358284840485100 ) ) ;
#2116 = TOROIDAL_SURFACE ( 'NONE', #604, 0.5388602512436521108, 0.2500000000000003886 ) ;
#2117 = CARTESIAN_POINT ( 'NONE',  ( -2.750000000000000888, 3.306940475009473079, -0.4129643021938407266 ) ) ;
#2118 = EDGE_CURVE ( 'NONE', #1432, #918, #2986, .T. ) ;
#2119 = AXIS2_PLACEMENT_3D ( 'NONE', #1772, #1220, #3081 ) ;
#2120 = CARTESIAN_POINT ( 'NONE',  ( 2.230569874378174777, 0.4666666666666664520, 0.000000000000000000 ) ) ;
#2121 = FACE_OUTER_BOUND ( 'NONE', #711, .T. ) ;
#2122 = CARTESIAN_POINT ( 'NONE',  ( 2.382454451940482443, 2.506940475009473701, -0.2999999999999999889 ) ) ;
#2123 = VERTEX_POINT ( 'NONE', #2172 ) ;
#2124 = ORIENTED_EDGE ( 'NONE', *, *, #2458, .F. ) ;
#2125 = EDGE_LOOP ( 'NONE', ( #2371, #1831, #2146, #808 ) ) ;
#2126 = CARTESIAN_POINT ( 'NONE',  ( 1.549999999999999378, 3.006940475009473257, -0.4129643021938407266 ) ) ;
#2127 = DIRECTION ( 'NONE',  ( -0.8480480961564293985, -0.5299192642331995717, -0.000000000000000000 ) ) ;
#2128 = CARTESIAN_POINT ( 'NONE',  ( -2.226100807812598781, 6.352899820180565982, 1.673696141722312403 ) ) ;
#2129 = ORIENTED_EDGE ( 'NONE', *, *, #1834, .T. ) ;
#2130 = DIRECTION ( 'NONE',  ( 0.000000000000000000, 0.000000000000000000, 1.000000000000000000 ) ) ;
#2131 = AXIS2_PLACEMENT_3D ( 'NONE', #3102, #1260, #1527 ) ;
#2132 = CARTESIAN_POINT ( 'NONE',  ( -2.450000000000000622, 3.035766082959414387E-16, 1.700000000000000178 ) ) ;
#2133 = EDGE_CURVE ( 'NONE', #1538, #2258, #1600, .T. ) ;
#2134 = DIRECTION ( 'NONE',  ( 0.000000000000000000, -0.000000000000000000, -1.000000000000000000 ) ) ;
#2135 = AXIS2_PLACEMENT_3D ( 'NONE', #3447, #2342, #770 ) ;
#2136 = CARTESIAN_POINT ( 'NONE',  ( -1.700970622523080955, 3.006940514981406132, -0.5806614963056528911 ) ) ;
#2137 = EDGE_CURVE ( 'NONE', #1031, #342, #353, .T. ) ;
#2138 = DIRECTION ( 'NONE',  ( 1.000000000000000000, 0.000000000000000000, 0.000000000000000000 ) ) ;
#2139 = ORIENTED_EDGE ( 'NONE', *, *, #2137, .T. ) ;
#2140 = PRODUCT_DEFINITION_CONTEXT ( 'detailed design', #2267, 'design' ) ;
#2141 = DIRECTION ( 'NONE',  ( 0.000000000000000000, -0.000000000000000000, -1.000000000000000000 ) ) ;
#2142 = EDGE_CURVE ( 'NONE', #145, #1252, #2333, .T. ) ;
#2143 = AXIS2_PLACEMENT_3D ( 'NONE', #13, #1342, #502 ) ;
#2144 = EDGE_CURVE ( 'NONE', #2963, #1860, #3158, .T. ) ;
#2145 = CARTESIAN_POINT ( 'NONE',  ( -2.750000000000000888, 3.506940475009473701, 0.7999999999999996003 ) ) ;
#2146 = ORIENTED_EDGE ( 'NONE', *, *, #2118, .T. ) ;
#2147 = CARTESIAN_POINT ( 'NONE',  ( -0.3260369505491985120, 7.000000000000001776, -1.100038198991023064 ) ) ;
#2148 = DIRECTION ( 'NONE',  ( -0.000000000000000000, -0.000000000000000000, 1.000000000000000000 ) ) ;
#2149 = CARTESIAN_POINT ( 'NONE',  ( -1.920021659649604695, 2.847398576190351971, -0.5430207504228155013 ) ) ;
#2150 = AXIS2_PLACEMENT_3D ( 'NONE', #2101, #2657, #292 ) ;
#2151 = ORIENTED_EDGE ( 'NONE', *, *, #2463, .T. ) ;
#2152 = DIRECTION ( 'NONE',  ( -0.8480480961564293985, 0.5299192642331995717, 0.000000000000000000 ) ) ;
#2153 = CARTESIAN_POINT ( 'NONE',  ( 1.791593968398813130, 2.960272635705015531, -0.3619169043835660515 ) ) ;
#2154 = CARTESIAN_POINT ( 'NONE',  ( 0.000000000000000000, 0.000000000000000000, -2.000000000000000000 ) ) ;
#2155 = CARTESIAN_POINT ( 'NONE',  ( 1.469371010024507873, 1.697984851426302289, 0.000000000000000000 ) ) ;
#2156 = CARTESIAN_POINT ( 'NONE',  ( -1.912500000000000977, 6.187547169475479336, 1.644868767982616831 ) ) ;
#2157 = EDGE_LOOP ( 'NONE', ( #1695, #968, #877, #1231 ) ) ;
#2158 = DIRECTION ( 'NONE',  ( -1.748352272235623016E-16, -0.1209427759373217920, 0.9926594808636922673 ) ) ;
#2159 = EDGE_CURVE ( 'NONE', #2045, #2341, #1335, .T. ) ;
#2160 = TOROIDAL_SURFACE ( 'NONE', #2279, 0.5388602512436521108, 0.2500000000000003886 ) ;
#2161 = CARTESIAN_POINT ( 'NONE',  ( -2.104255612913663143, 2.514019439483849094, 0.07933027394115434172 ) ) ;
#2162 = ORIENTED_EDGE ( 'NONE', *, *, #494, .F. ) ;
#2163 = CARTESIAN_POINT ( 'NONE',  ( -0.3292075618782805968, 6.981736908561982702, -1.101425332953701819 ) ) ;
#2164 = CARTESIAN_POINT ( 'NONE',  ( 2.723927543037172327, 2.985199974626904673, -0.5922355355776538488 ) ) ;
#2165 = AXIS2_PLACEMENT_3D ( 'NONE', #3074, #432, #3039 ) ;
#2166 = CARTESIAN_POINT ( 'NONE',  ( -2.745583827922742248, 3.242037483743386517, -0.3710249148803845820 ) ) ;
#2167 = ORIENTED_EDGE ( 'NONE', *, *, #1518, .F. ) ;
#2168 = CYLINDRICAL_SURFACE ( 'NONE', #509, 0.2500000000000003886 ) ;
#2169 = FACE_OUTER_BOUND ( 'NONE', #519, .T. ) ;
#2170 = DIRECTION ( 'NONE',  ( -0.8660254037844388186, 0.4999999999999996114, 0.000000000000000000 ) ) ;
#2171 = DIRECTION ( 'NONE',  ( 0.000000000000000000, -1.000000000000000000, 0.000000000000000000 ) ) ;
#2172 = CARTESIAN_POINT ( 'NONE',  ( 2.749999999999999556, 5.256569860407206640, 1.700000000000000178 ) ) ;
#2173 = VECTOR ( 'NONE', #226, 1000.000000000000000 ) ;
#2174 = ORIENTED_EDGE ( 'NONE', *, *, #453, .T. ) ;
#2175 = DIRECTION ( 'NONE',  ( 0.000000000000000000, -0.7121996417449170114, 0.7019769727693438988 ) ) ;
#2176 = EDGE_CURVE ( 'NONE', #514, #2492, #3269, .T. ) ;
#2177 = CARTESIAN_POINT ( 'NONE',  ( -2.197978540294753369, 2.506940475009473701, 0.1987921430927550026 ) ) ;
#2178 = EDGE_LOOP ( 'NONE', ( #286, #2584, #3449, #3109 ) ) ;
#2179 =( LENGTH_UNIT ( ) NAMED_UNIT ( * ) SI_UNIT ( .MILLI., .METRE. ) );
#2180 = EDGE_CURVE ( 'NONE', #2644, #479, #2701, .T. ) ;
#2181 = CARTESIAN_POINT ( 'NONE',  ( -1.961139748756348444, -7.824555232024774898E-18, 3.061616997868387948E-17 ) ) ;
#2182 = EDGE_LOOP ( 'NONE', ( #2518, #1905, #1953, #804 ) ) ;
#2183 = VERTEX_POINT ( 'NONE', #1248 ) ;
#2184 = CARTESIAN_POINT ( 'NONE',  ( -2.355569874378174777, 0.6831730176127764897, 0.000000000000000000 ) ) ;
#2185 = CARTESIAN_POINT ( 'NONE',  ( 2.230569874378176554, 0.4666666666666664520, 0.000000000000000000 ) ) ;
#2186 = CARTESIAN_POINT ( 'NONE',  ( 2.194244582054872161, 6.378015758731833351, 1.912436416207083489 ) ) ;
#2187 = DIRECTION ( 'NONE',  ( 0.000000000000000000, 0.000000000000000000, -1.000000000000000000 ) ) ;
#2188 = VECTOR ( 'NONE', #53, 1000.000000000000114 ) ;
#2189 = DIRECTION ( 'NONE',  ( 0.8660254037844388186, -0.4999999999999997224, -0.000000000000000000 ) ) ;
#2190 = MECHANICAL_DESIGN_GEOMETRIC_PRESENTATION_REPRESENTATION (  '', ( #1749 ), #1579 ) ;
#2191 = ORIENTED_EDGE ( 'NONE', *, *, #2142, .F. ) ;
#2192 = CARTESIAN_POINT ( 'NONE',  ( -2.750000000000000000, 3.506940475009473701, -0.5720646149599997177 ) ) ;
#2193 = APPLICATION_PROTOCOL_DEFINITION ( 'draft international standard', 'automotive_design', 1998, #2267 ) ;
#2194 = CARTESIAN_POINT ( 'NONE',  ( -2.176521748964809433, 2.510974284230147902, 0.2169606965059857062 ) ) ;
#2195 = ORIENTED_EDGE ( 'NONE', *, *, #2228, .T. ) ;
#2196 = PRESENTATION_STYLE_ASSIGNMENT (( #114 ) ) ;
#2197 = EDGE_CURVE ( 'NONE', #1343, #826, #904, .T. ) ;
#2198 = CARTESIAN_POINT ( 'NONE',  ( -2.599622297543968230, 2.512242076111192102, 0.01373712374811106827 ) ) ;
#2199 = CARTESIAN_POINT ( 'NONE',  ( -2.749999999999999556, 3.293280582485998309, -0.7826577067908028207 ) ) ;
#2200 = ORIENTED_EDGE ( 'NONE', *, *, #824, .T. ) ;
#2201 = ORIENTED_EDGE ( 'NONE', *, *, #297, .T. ) ;
#2202 = AXIS2_PLACEMENT_3D ( 'NONE', #583, #2717, #3232 ) ;
#2203 = DIRECTION ( 'NONE',  ( -0.8480480961564293985, -0.5299192642331994607, -0.000000000000000000 ) ) ;
#2204 = DIRECTION ( 'NONE',  ( 0.000000000000000000, 1.000000000000000000, 0.000000000000000000 ) ) ;
#2205 = CIRCLE ( 'NONE', #2091, 1.061819921150952695 ) ;
#2206 = DIRECTION ( 'NONE',  ( -0.8480480961564293985, -0.5299192642331994607, -0.000000000000000000 ) ) ;
#2207 = EDGE_CURVE ( 'NONE', #787, #382, #2369, .T. ) ;
#2208 = CARTESIAN_POINT ( 'NONE',  ( 1.336891193966207592, 1.909996875465409083, -3.061616997868387948E-17 ) ) ;
#2209 = AXIS2_PLACEMENT_3D ( 'NONE', #586, #3020, #1691 ) ;
#2210 = CARTESIAN_POINT ( 'NONE',  ( -1.912499999999999645, 6.296639832727858987, 1.924330376838830015 ) ) ;
#2211 = EDGE_CURVE ( 'NONE', #1000, #2564, #1084, .T. ) ;
#2212 = EDGE_CURVE ( 'NONE', #2319, #1973, #2316, .T. ) ;
#2213 = ORIENTED_EDGE ( 'NONE', *, *, #1951, .T. ) ;
#2214 = PLANE ( 'NONE',  #708 ) ;
#2215 = DIRECTION ( 'NONE',  ( 0.4999999999999996669, 0.8660254037844389297, 0.000000000000000000 ) ) ;
#2216 = ORIENTED_EDGE ( 'NONE', *, *, #1387, .F. ) ;
#2217 = CARTESIAN_POINT ( 'NONE',  ( 2.449999999999999734, 4.381755167708339727, 2.000000000000000444 ) ) ;
#2218 = DIRECTION ( 'NONE',  ( 1.000000000000000000, -0.000000000000000000, -0.000000000000000000 ) ) ;
#2219 = ORIENTED_EDGE ( 'NONE', *, *, #3107, .F. ) ;
#2220 = ORIENTED_EDGE ( 'NONE', *, *, #1483, .F. ) ;
#2221 = CARTESIAN_POINT ( 'NONE',  ( -2.716201756655641564, 2.893574299185195819, -0.2539668643775669366 ) ) ;
#2222 = AXIS2_PLACEMENT_3D ( 'NONE', #2807, #197, #2578 ) ;
#2223 = CARTESIAN_POINT ( 'NONE',  ( 2.026575086699500261, 6.468096048975467305, -1.857399483045645727 ) ) ;
#2224 =( BOUNDED_SURFACE ( )  B_SPLINE_SURFACE ( 3, 2, ( 
 ( #713, #1255, #2553 ),
 ( #1275, #2309, #2343 ),
 ( #3135, #1215, #188 ),
 ( #2571, #2049, #2327 ),
 ( #2292, #482, #3401 ),
 ( #986, #153, #3432 ) ),
 .UNSPECIFIED., .F., .F., .T. ) 
 B_SPLINE_SURFACE_WITH_KNOTS ( ( 4, 2, 4 ),
 ( 3, 3 ),
 ( 0.001457361262561475282, 0.001775254743252965232, 0.002093148223944455398 ),
 ( 0.000000000000000000, 1.000000000000000000 ),
 .UNSPECIFIED. ) 
 GEOMETRIC_REPRESENTATION_ITEM ( )  RATIONAL_B_SPLINE_SURFACE ( (
 ( 1.000000000000000000, 0.7914009927348727436, 1.000000000000000000),
 ( 1.000000000000000000, 0.7961656921952179333, 1.000000000000000000),
 ( 1.000000000000000000, 0.7963083820904405252, 1.000000000000000000),
 ( 1.000000000000000000, 0.7816480102485133807, 1.000000000000000000),
 ( 1.000000000000000000, 0.7672049724654388392, 1.000000000000000000),
 ( 1.000000000000000000, 0.7482407031123965435, 1.000000000000000000) ) ) 
 REPRESENTATION_ITEM ( '' )  SURFACE ( )  );
#2225 = CARTESIAN_POINT ( 'NONE',  ( 0.7017512729997664733, 6.943690956406559422, 1.189806062233314865 ) ) ;
#2226 = DIRECTION ( 'NONE',  ( 0.000000000000000000, -1.000000000000000000, 0.000000000000000000 ) ) ;
#2227 = CARTESIAN_POINT ( 'NONE',  ( 0.3260369505495206432, 7.000000000000001776, -1.100038198990511029 ) ) ;
#2228 = EDGE_CURVE ( 'NONE', #252, #1448, #1701, .T. ) ;
#2229 = VERTEX_POINT ( 'NONE', #847 ) ;
#2230 = FACE_OUTER_BOUND ( 'NONE', #1534, .T. ) ;
#2231 = CLOSED_SHELL ( 'NONE', ( #2546, #1790, #1714, #2059, #885, #641, #2820, #1524, #1948, #148, #212, #1457, #1995, #599, #271, #2825, #1256, #916, #849, #89, #2876, #3031 ) ) ;
#2232 = CARTESIAN_POINT ( 'NONE',  ( -2.750000000000000888, 3.149787339239029649, -0.6685086073886864488 ) ) ;
#2233 = CARTESIAN_POINT ( 'NONE',  ( -2.724264219479270110, 2.989192863491439311, 0.2860876955340754813 ) ) ;
#2234 = ORIENTED_EDGE ( 'NONE', *, *, #2905, .T. ) ;
#2235 =( NAMED_UNIT ( * ) SI_UNIT ( $, .STERADIAN. ) SOLID_ANGLE_UNIT ( ) );
#2236 = CARTESIAN_POINT ( 'NONE',  ( -1.786474290125126041, 2.951548946744035895, -0.3633113484188854048 ) ) ;
#2237 = FACE_OUTER_BOUND ( 'NONE', #2551, .T. ) ;
#2238 = VERTEX_POINT ( 'NONE', #1963 ) ;
#2239 = ORIENTED_EDGE ( 'NONE', *, *, #1585, .T. ) ;
#2240 = CARTESIAN_POINT ( 'NONE',  ( 0.3516732302133798171, 7.000000000000001776, 1.044335070942261412 ) ) ;
#2241 = DIRECTION ( 'NONE',  ( 1.239088197126291063E-16, -1.000000000000000000, 0.000000000000000000 ) ) ;
#2242 = CARTESIAN_POINT ( 'NONE',  ( 2.038926142321513257, 6.196455368520370044, 1.963439111887052668 ) ) ;
#2243 = CARTESIAN_POINT ( 'NONE',  ( -2.181077941467463699, 2.506940475009473257, 0.2523383039328515043 ) ) ;
#2244 = EDGE_CURVE ( 'NONE', #3132, #2548, #2959, .T. ) ;
#2245 = DIRECTION ( 'NONE',  ( -7.892452815065496926E-15, 0.1209427759373139788, -0.9926594808636932665 ) ) ;
#2246 = EDGE_CURVE ( 'NONE', #949, #1198, #3210, .T. ) ;
#2247 = ORIENTED_EDGE ( 'NONE', *, *, #2207, .F. ) ;
#2248 = CARTESIAN_POINT ( 'NONE',  ( 2.749999999999999556, 5.256569860407206640, -1.700000000000000178 ) ) ;
#2249 = AXIS2_PLACEMENT_3D ( 'NONE', #644, #970, #2833 ) ;
#2250 = CARTESIAN_POINT ( 'NONE',  ( 2.749999999999999556, 3.387438051489625845, 0.4580244416706901189 ) ) ;
#2251 = EDGE_CURVE ( 'NONE', #1964, #1031, #3330, .T. ) ;
#2252 = CARTESIAN_POINT ( 'NONE',  ( 2.732143179560792667, 3.082635136367829709, -0.3174774265215473124 ) ) ;
#2253 = ORIENTED_EDGE ( 'NONE', *, *, #889, .F. ) ;
#2254 = DIRECTION ( 'NONE',  ( 0.000000000000000000, 0.000000000000000000, 1.000000000000000000 ) ) ;
#2255 = CARTESIAN_POINT ( 'NONE',  ( -2.026575086699501149, 6.468096048975468193, 1.857399483045644617 ) ) ;
#2256 = ADVANCED_FACE ( 'NONE', ( #2448 ), #758, .T. ) ;
#2257 = ORIENTED_EDGE ( 'NONE', *, *, #2754, .F. ) ;
#2258 = VERTEX_POINT ( 'NONE', #2770 ) ;
#2259 = FACE_OUTER_BOUND ( 'NONE', #1503, .T. ) ;
#2260 = DIRECTION ( 'NONE',  ( 1.239088197126291063E-16, 1.000000000000000000, 0.000000000000000000 ) ) ;
#2261 = CARTESIAN_POINT ( 'NONE',  ( -2.324129199875283103, 2.506940475009473701, -0.2999999999999999889 ) ) ;
#2262 = AXIS2_PLACEMENT_3D ( 'NONE', #937, #726, #2344 ) ;
#2263 = CARTESIAN_POINT ( 'NONE',  ( 2.450000000000000622, 3.804738319268580860, 1.189018300026192021 ) ) ;
#2264 = AXIS2_PLACEMENT_3D ( 'NONE', #3282, #1945, #3012 ) ;
#2265 = CARTESIAN_POINT ( 'NONE',  ( -1.716666666666667229, 1.302229073219968614, 0.000000000000000000 ) ) ;
#2266 = TOROIDAL_SURFACE ( 'NONE', #2650, 1.075000000000000400, 0.2999999999999999889 ) ;
#2267 = APPLICATION_CONTEXT ( 'automotive_design' ) ;
#2268 = CARTESIAN_POINT ( 'NONE',  ( 2.450000000000000622, 3.506940475009473701, -0.5720646149599998287 ) ) ;
#2269 = CARTESIAN_POINT ( 'NONE',  ( 1.786014913757100864, 2.951753718244881863, 0.3634814897496232433 ) ) ;
#2270 = LINE ( 'NONE', #927, #1897 ) ;
#2271 = ORIENTED_EDGE ( 'NONE', *, *, #195, .F. ) ;
#2272 = CARTESIAN_POINT ( 'NONE',  ( -2.567494221876384319, 2.506940475009473701, -2.000000000000000000 ) ) ;
#2273 = EDGE_CURVE ( 'NONE', #1199, #3162, #190, .T. ) ;
#2274 = VERTEX_POINT ( 'NONE', #864 ) ;
#2275 = ORIENTED_EDGE ( 'NONE', *, *, #392, .T. ) ;
#2276 = CARTESIAN_POINT ( 'NONE',  ( 1.549999999999999156, 3.006940475009473257, -0.5806614818910830200 ) ) ;
#2277 = CARTESIAN_POINT ( 'NONE',  ( 2.072604899901284714, 2.506940475009473701, -0.07208291740830513605 ) ) ;
#2278 = CARTESIAN_POINT ( 'NONE',  ( 1.375000000000000444, 5.256569860407206640, 2.000000000000000000 ) ) ;
#2279 = AXIS2_PLACEMENT_3D ( 'NONE', #2981, #372, #1985 ) ;
#2280 = CARTESIAN_POINT ( 'NONE',  ( 0.6555859165410231615, 6.927236625763409705, 1.302696283014174616 ) ) ;
#2281 = DIRECTION ( 'NONE',  ( 1.239088197126291063E-16, 1.000000000000000000, 0.000000000000000000 ) ) ;
#2282 = DIRECTION ( 'NONE',  ( 1.000000000000000000, 0.000000000000000000, 0.000000000000000000 ) ) ;
#2283 = CARTESIAN_POINT ( 'NONE',  ( -2.350000000000000533, 2.506940475009473701, 0.000000000000000000 ) ) ;
#2284 = ORIENTED_EDGE ( 'NONE', *, *, #1822, .F. ) ;
#2285 = CARTESIAN_POINT ( 'NONE',  ( 2.449999999999999734, 4.381755167708339727, -1.118716226900177357 ) ) ;
#2286 = EDGE_CURVE ( 'NONE', #10, #186, #3100, .T. ) ;
#2287 = LINE ( 'NONE', #378, #1098 ) ;
#2288 = VECTOR ( 'NONE', #1082, 1000.000000000000000 ) ;
#2289 = ORIENTED_EDGE ( 'NONE', *, *, #2754, .T. ) ;
#2290 = EDGE_LOOP ( 'NONE', ( #1898, #1024, #737 ) ) ;
#2291 = CARTESIAN_POINT ( 'NONE',  ( 0.000000000000000000, 7.000000000000001776, 0.8947095812216140365 ) ) ;
#2292 = CARTESIAN_POINT ( 'NONE',  ( -2.327230037044081712, 2.508770063296892339, 0.3097138583491524377 ) ) ;
#2293 = ADVANCED_FACE ( 'NONE', ( #1171 ), #688, .T. ) ;
#2294 = CARTESIAN_POINT ( 'NONE',  ( -2.472911471954414520, 2.539727733408802202, 0.3289414076855380342 ) ) ;
#2295 = DIRECTION ( 'NONE',  ( 1.000000000000000000, 0.000000000000000000, 0.000000000000000000 ) ) ;
#2296 = CARTESIAN_POINT ( 'NONE',  ( -2.100000000000000089, 2.506940475009471925, 3.061616997868384251E-17 ) ) ;
#2297 = CARTESIAN_POINT ( 'NONE',  ( 2.148649476701630867, 2.929288491949587403, 0.5722671489071834428 ) ) ;
#2298 = ADVANCED_FACE ( 'NONE', ( #3050 ), #650, .T. ) ;
#2299 = CARTESIAN_POINT ( 'NONE',  ( -1.549999999999999378, 3.006940475009473701, -2.000000000000000000 ) ) ;
#2300 = LINE ( 'NONE', #144, #3126 ) ;
#2301 = ORIENTED_EDGE ( 'NONE', *, *, #1219, .T. ) ;
#2302 = CARTESIAN_POINT ( 'NONE',  ( 2.165010001120217353, 2.911274050309780925, 0.5658334197508820829 ) ) ;
#2303 = AXIS2_PLACEMENT_3D ( 'NONE', #1788, #950, #2797 ) ;
#2304 = CARTESIAN_POINT ( 'NONE',  ( 2.481526720518079099, 6.072795084704708302, -1.700000000000000178 ) ) ;
#2305 = EDGE_CURVE ( 'NONE', #1198, #3202, #2205, .T. ) ;
#2306 = ORIENTED_EDGE ( 'NONE', *, *, #1149, .T. ) ;
#2307 = EDGE_LOOP ( 'NONE', ( #2683, #14, #928, #3459, #2289, #562 ) ) ;
#2308 = CARTESIAN_POINT ( 'NONE',  ( -2.046004056163865048, 2.572540906032837693, 0.08681186004667476586 ) ) ;
#2309 = CARTESIAN_POINT ( 'NONE',  ( -1.976638908490095492, 2.788427589553486907, 0.5108988461612202769 ) ) ;
#2310 = CARTESIAN_POINT ( 'NONE',  ( -1.880079349731716309, 2.882503549446627122, 0.3174774265215480340 ) ) ;
#2311 = LINE ( 'NONE', #974, #938 ) ;
#2312 = CYLINDRICAL_SURFACE ( 'NONE', #2972, 0.09999999999999982514 ) ;
#2313 = CARTESIAN_POINT ( 'NONE',  ( 2.732143179560791779, 3.082635136367829709, -0.3174774265215474789 ) ) ;
#2314 = AXIS2_PLACEMENT_3D ( 'NONE', #3291, #321, #2442 ) ;
#2315 = EDGE_CURVE ( 'NONE', #1830, #1766, #2424, .T. ) ;
#2316 = CIRCLE ( 'NONE', #3439, 0.3000000000000000999 ) ;
#2317 = CARTESIAN_POINT ( 'NONE',  ( -2.175835885328411212, 2.506940475009474145, 0.1722911458755599368 ) ) ;
#2318 = AXIS2_PLACEMENT_3D ( 'NONE', #3026, #901, #1942 ) ;
#2319 = VERTEX_POINT ( 'NONE', #2210 ) ;
#2320 = DIRECTION ( 'NONE',  ( 1.000000000000000000, 0.000000000000000000, 0.000000000000000000 ) ) ;
#2321 = AXIS2_PLACEMENT_3D ( 'NONE', #2120, #2170, #2380 ) ;
#2322 = DIRECTION ( 'NONE',  ( 9.637352644315595243E-17, 1.000000000000000000, 0.000000000000000000 ) ) ;
#2323 = ORIENTED_EDGE ( 'NONE', *, *, #2510, .T. ) ;
#2324 = EDGE_LOOP ( 'NONE', ( #2933, #3043, #3185, #1377 ) ) ;
#2325 = ORIENTED_EDGE ( 'NONE', *, *, #3354, .T. ) ;
#2326 = LINE ( 'NONE', #1307, #1911 ) ;
#2327 = CARTESIAN_POINT ( 'NONE',  ( -2.020895941634881510, 2.684928118805642860, 0.1519151991240932642 ) ) ;
#2328 = CARTESIAN_POINT ( 'NONE',  ( -2.387143312442185028, 2.542033830128888283, 0.3309090001699042105 ) ) ;
#2329 = DIRECTION ( 'NONE',  ( -0.000000000000000000, -0.000000000000000000, 1.000000000000000000 ) ) ;
#2330 = FACE_OUTER_BOUND ( 'NONE', #984, .T. ) ;
#2331 = CARTESIAN_POINT ( 'NONE',  ( 2.201939990978801109, 2.843576451732326316, 0.5341786874477566505 ) ) ;
#2332 = DIRECTION ( 'NONE',  ( 1.000000000000000000, -1.239088197126291063E-16, 0.000000000000000000 ) ) ;
#2333 = B_SPLINE_CURVE_WITH_KNOTS ( 'NONE', 3,
 ( #1100, #1649, #831, #2660, #3246, #578 ),
 .UNSPECIFIED., .F., .F.,
 ( 4, 2, 4 ),
 ( 0.000000000000000000, 0.0002926935145132728185, 0.0005853870290265456369 ),
 .UNSPECIFIED. ) ;
#2334 = CARTESIAN_POINT ( 'NONE',  ( -2.144812861402437321, 2.506940475009474145, 0.07663561004728658421 ) ) ;
#2335 = EDGE_CURVE ( 'NONE', #1318, #3398, #2643, .T. ) ;
#2336 = VECTOR ( 'NONE', #2816, 1000.000000000000000 ) ;
#2337 = ORIENTED_EDGE ( 'NONE', *, *, #1370, .F. ) ;
#2338 = CARTESIAN_POINT ( 'NONE',  ( 2.317647150173221426, 2.563497764495512588, 0.3571923189095740914 ) ) ;
#2339 = B_SPLINE_CURVE_WITH_KNOTS ( 'NONE', 3,
 ( #989, #192, #1773, #728, #3336, #440 ),
 .UNSPECIFIED., .F., .F.,
 ( 4, 2, 4 ),
 ( 4.049191614611954772E-17, 0.0002333271194701375020, 0.0004666542389402345090 ),
 .UNSPECIFIED. ) ;
#2340 = ORIENTED_EDGE ( 'NONE', *, *, #1925, .T. ) ;
#2341 = VERTEX_POINT ( 'NONE', #2487 ) ;
#2342 = DIRECTION ( 'NONE',  ( 9.366013524408608684E-12, 0.000000000000000000, 1.000000000000000000 ) ) ;
#2343 = CARTESIAN_POINT ( 'NONE',  ( -1.929221763441070658, 2.839312679349133006, 0.2927969961767561968 ) ) ;
#2344 = DIRECTION ( 'NONE',  ( 1.000000000000000000, 0.000000000000000000, 0.000000000000000000 ) ) ;
#2345 = VERTEX_POINT ( 'NONE', #2803 ) ;
#2346 = DIRECTION ( 'NONE',  ( 0.000000000000000000, 0.000000000000000000, 1.000000000000000000 ) ) ;
#2347 = CARTESIAN_POINT ( 'NONE',  ( 2.689838729133077866, 2.725018251921562662, -0.1361357219164139876 ) ) ;
#2348 = CARTESIAN_POINT ( 'NONE',  ( 2.749999999999999556, 3.293280582485998309, 0.7826577067908028207 ) ) ;
#2349 = CARTESIAN_POINT ( 'NONE',  ( 2.600000000000000533, 2.506940475009473701, 0.000000000000000000 ) ) ;
#2350 = EDGE_CURVE ( 'NONE', #1865, #65, #2746, .T. ) ;
#2351 = ORIENTED_EDGE ( 'NONE', *, *, #278, .F. ) ;
#2352 = CYLINDRICAL_SURFACE ( 'NONE', #258, 0.2500000000000002220 ) ;
#2353 =( BOUNDED_SURFACE ( )  B_SPLINE_SURFACE ( 3, 2, ( 
 ( #2500, #1147, #1127 ),
 ( #33, #1094, #2221 ),
 ( #1111, #3294, #1922 ),
 ( #1906, #2974, #307 ) ),
 .UNSPECIFIED., .F., .F., .T. ) 
 B_SPLINE_SURFACE_WITH_KNOTS ( ( 4, 4 ),
 ( 3, 3 ),
 ( 0.000000000000000000, 0.0005641959351875189786 ),
 ( 0.000000000000000000, 1.000000000000000000 ),
 .UNSPECIFIED. ) 
 GEOMETRIC_REPRESENTATION_ITEM ( )  RATIONAL_B_SPLINE_SURFACE ( (
 ( 1.000000000000000000, 0.7170283373182733122, 1.000000000000000000),
 ( 1.000000000000000000, 0.7257771301920145079, 1.000000000000000000),
 ( 1.000000000000000000, 0.7395452637305133248, 1.000000000000000000),
 ( 1.000000000000000000, 0.7526728774907887054, 1.000000000000000000) ) ) 
 REPRESENTATION_ITEM ( '' )  SURFACE ( )  );
#2354 = EDGE_CURVE ( 'NONE', #2229, #400, #72, .T. ) ;
#2355 = ORIENTED_EDGE ( 'NONE', *, *, #2925, .F. ) ;
#2356 = AXIS2_PLACEMENT_3D ( 'NONE', #2917, #2111, #788 ) ;
#2357 = EDGE_LOOP ( 'NONE', ( #1708, #659, #434, #350 ) ) ;
#2358 = CARTESIAN_POINT ( 'NONE',  ( -1.606091268862231525, 6.539448612195574384, -1.829545778261564282 ) ) ;
#2359 = CARTESIAN_POINT ( 'NONE',  ( -1.734089167189337255, 6.636962873338837277, -1.576235018903742180 ) ) ;
#2360 = ADVANCED_FACE ( 'NONE', ( #3420 ), #2821, .T. ) ;
#2361 = AXIS2_PLACEMENT_3D ( 'NONE', #1802, #1832, #1573 ) ;
#2362 = LINE ( 'NONE', #2901, #2697 ) ;
#2363 = ORIENTED_EDGE ( 'NONE', *, *, #1361, .F. ) ;
#2364 = CARTESIAN_POINT ( 'NONE',  ( -2.387143312440485499, 2.542033830134133421, 0.3309090001743790754 ) ) ;
#2365 = FACE_OUTER_BOUND ( 'NONE', #3023, .T. ) ;
#2366 = CARTESIAN_POINT ( 'NONE',  ( 2.062500000000000444, 6.447354790610810404, -1.644868767982617275 ) ) ;
#2367 = ORIENTED_EDGE ( 'NONE', *, *, #2647, .T. ) ;
#2368 = DIRECTION ( 'NONE',  ( 1.000000000000000000, 0.000000000000000000, 0.000000000000000000 ) ) ;
#2369 = CIRCLE ( 'NONE', #1249, 0.2500000000000003886 ) ;
#2370 = VERTEX_POINT ( 'NONE', #700 ) ;
#2371 = ORIENTED_EDGE ( 'NONE', *, *, #1667, .T. ) ;
#2372 = AXIS2_PLACEMENT_3D ( 'NONE', #1724, #2891, #2593 ) ;
#2373 = CARTESIAN_POINT ( 'NONE',  ( 2.645687712404384495, 2.506940475009473701, -1.799754944905199434E-14 ) ) ;
#2374 = CARTESIAN_POINT ( 'NONE',  ( 0.000000000000000000, 7.000000000000002665, -0.8947095812216139255 ) ) ;
#2375 = EDGE_CURVE ( 'NONE', #217, #3466, #2913, .T. ) ;
#2376 = DIRECTION ( 'NONE',  ( 0.000000000000000000, 0.000000000000000000, -1.000000000000000000 ) ) ;
#2377 = ORIENTED_EDGE ( 'NONE', *, *, #57, .F. ) ;
#2378 = DIRECTION ( 'NONE',  ( 0.000000000000000000, 0.000000000000000000, 1.000000000000000000 ) ) ;
#2379 = FACE_OUTER_BOUND ( 'NONE', #2636, .T. ) ;
#2380 = DIRECTION ( 'NONE',  ( 0.4999999999999996669, 0.8660254037844389297, 0.000000000000000000 ) ) ;
#2381 = DIRECTION ( 'NONE',  ( 0.000000000000000000, 0.000000000000000000, -1.000000000000000000 ) ) ;
#2382 = CARTESIAN_POINT ( 'NONE',  ( 2.420677667755423368, 2.820823052172256151, -0.5335294918438507894 ) ) ;
#2383 = VECTOR ( 'NONE', #2736, 1000.000000000000000 ) ;
#2384 = EDGE_LOOP ( 'NONE', ( #1762, #2756, #2191, #1384, #2460 ) ) ;
#2385 = AXIS2_PLACEMENT_3D ( 'NONE', #1482, #1500, #2828 ) ;
#2386 = FACE_OUTER_BOUND ( 'NONE', #2910, .T. ) ;
#2387 = VERTEX_POINT ( 'NONE', #717 ) ;
#2388 = VERTEX_POINT ( 'NONE', #209 ) ;
#2389 = PLANE ( 'NONE',  #1405 ) ;
#2390 = EDGE_CURVE ( 'NONE', #85, #2851, #3140, .T. ) ;
#2391 = CARTESIAN_POINT ( 'NONE',  ( 1.549999999999999378, 3.306940475009473079, -0.4129643021938407266 ) ) ;
#2392 = EDGE_CURVE ( 'NONE', #722, #1126, #246, .T. ) ;
#2393 = ORIENTED_EDGE ( 'NONE', *, *, #2392, .T. ) ;
#2394 = CARTESIAN_POINT ( 'NONE',  ( 0.000000000000000000, 7.000000000000001776, 0.8947095812216140365 ) ) ;
#2395 = CYLINDRICAL_SURFACE ( 'NONE', #3272, 0.2999999999999999334 ) ;
#2396 = TOROIDAL_SURFACE ( 'NONE', #493, 1.061819921150952917, 0.2999999999999999889 ) ;
#2397 = CARTESIAN_POINT ( 'NONE',  ( -2.091573256356322741, 2.506940475009473701, -0.1431643386464325207 ) ) ;
#2398 = ADVANCED_FACE ( 'NONE', ( #424 ), #76, .T. ) ;
#2399 = DIRECTION ( 'NONE',  ( -0.5936183449436368553, 0.8047467058313302335, 0.000000000000000000 ) ) ;
#2400 = DIRECTION ( 'NONE',  ( -0.000000000000000000, -0.000000000000000000, -1.000000000000000000 ) ) ;
#2401 = EDGE_CURVE ( 'NONE', #1767, #1273, #634, .T. ) ;
#2402 = ORIENTED_EDGE ( 'NONE', *, *, #1528, .F. ) ;
#2403 = CARTESIAN_POINT ( 'NONE',  ( 1.961139748756348444, -7.824555232024774898E-18, 0.000000000000000000 ) ) ;
#2404 = CARTESIAN_POINT ( 'NONE',  ( 2.240102708768680451, 5.894709581221616368, 2.000000000000000000 ) ) ;
#2405 = ORIENTED_EDGE ( 'NONE', *, *, #3168, .T. ) ;
#2406 = CARTESIAN_POINT ( 'NONE',  ( -0.3516732302132526411, 7.000000000000001776, -1.044335070942559618 ) ) ;
#2407 = DIRECTION ( 'NONE',  ( 0.000000000000000000, 1.000000000000000000, 0.000000000000000000 ) ) ;
#2408 = FACE_OUTER_BOUND ( 'NONE', #1879, .T. ) ;
#2409 = VERTEX_POINT ( 'NONE', #1223 ) ;
#2410 = CARTESIAN_POINT ( 'NONE',  ( 2.317996451282011705, 2.562554496808091997, -0.3565563858524163354 ) ) ;
#2411 = AXIS2_PLACEMENT_3D ( 'NONE', #2115, #2099, #3186 ) ;
#2412 = CARTESIAN_POINT ( 'NONE',  ( -1.880079349731715643, 2.882503549446627567, 0.3174774265215485891 ) ) ;
#2413 = CARTESIAN_POINT ( 'NONE',  ( -2.582323441771165573, 2.506940475009474145, 0.07560846179147123758 ) ) ;
#2414 = CARTESIAN_POINT ( 'NONE',  ( -1.673843325638300517, 3.006940475009473701, -0.4129643295068764486 ) ) ;
#2415 = CARTESIAN_POINT ( 'NONE',  ( -2.750000000000000444, 4.381755167708339727, 1.118716226900177357 ) ) ;
#2416 = EDGE_CURVE ( 'NONE', #3434, #3202, #2594, .T. ) ;
#2417 = ORIENTED_EDGE ( 'NONE', *, *, #3084, .T. ) ;
#2418 = CARTESIAN_POINT ( 'NONE',  ( -2.500000000000000444, -9.000000000000000000, 0.000000000000000000 ) ) ;
#2419 = PRODUCT_DEFINITION_FORMATION_WITH_SPECIFIED_SOURCE ( 'ANY', '', #1234, .NOT_KNOWN. ) ;
#2420 = B_SPLINE_CURVE_WITH_KNOTS ( 'NONE', 3,
 ( #1580, #2944, #245, #3189 ),
 .UNSPECIFIED., .F., .F.,
 ( 4, 4 ),
 ( 3.410247132465330619E-15, 0.0002166729833902334497 ),
 .UNSPECIFIED. ) ;
#2421 = CARTESIAN_POINT ( 'NONE',  ( -2.122292409208350161, 2.506940475009473701, 0.07731275588478590810 ) ) ;
#2422 = ORIENTED_EDGE ( 'NONE', *, *, #26, .T. ) ;
#2423 = CARTESIAN_POINT ( 'NONE',  ( 0.000000000000000000, 7.000000000000001776, -0.8947095812216140365 ) ) ;
#2424 = CIRCLE ( 'NONE', #522, 0.2500000000000003886 ) ;
#2425 = DIRECTION ( 'NONE',  ( -1.000000000000000000, 0.000000000000000000, 0.000000000000000000 ) ) ;
#2426 = CARTESIAN_POINT ( 'NONE',  ( -2.040404943566547225, 6.195283532300453366, 1.963896558384442548 ) ) ;
#2427 = VECTOR ( 'NONE', #3052, 1000.000000000000000 ) ;
#2428 = ORIENTED_EDGE ( 'NONE', *, *, #2996, .T. ) ;
#2429 = DIRECTION ( 'NONE',  ( 0.000000000000000000, 0.000000000000000000, -1.000000000000000000 ) ) ;
#2430 = CARTESIAN_POINT ( 'NONE',  ( 2.750000000000000000, 3.506940475009473701, 0.5720646149599997177 ) ) ;
#2431 = LINE ( 'NONE', #2923, #527 ) ;
#2432 = CARTESIAN_POINT ( 'NONE',  ( -2.150531005865284229, 2.506940475009473701, 0.1234155813000914065 ) ) ;
#2433 = DIRECTION ( 'NONE',  ( -1.000000000000000000, 1.239088197126291063E-16, -0.000000000000000000 ) ) ;
#2434 = EDGE_CURVE ( 'NONE', #1125, #1634, #1529, .T. ) ;
#2435 = ORIENTED_EDGE ( 'NONE', *, *, #281, .F. ) ;
#2436 = CARTESIAN_POINT ( 'NONE',  ( -2.750000000000000000, 3.385681998088979849, -0.4563486649243232440 ) ) ;
#2437 = AXIS2_PLACEMENT_3D ( 'NONE', #1210, #686, #2320 ) ;
#2438 = DIRECTION ( 'NONE',  ( 1.000000000000000000, -1.892425610156516185E-15, 0.000000000000000000 ) ) ;
#2439 = EDGE_LOOP ( 'NONE', ( #3163, #461, #2648, #1521, #1289, #601, #534, #1157 ) ) ;
#2440 = CARTESIAN_POINT ( 'NONE',  ( -2.500000000000000444, -9.000000000000000000, 0.000000000000000000 ) ) ;
#2441 = CARTESIAN_POINT ( 'NONE',  ( 2.449999999999999734, 4.381755167708339727, -2.000000000000000000 ) ) ;
#2442 = DIRECTION ( 'NONE',  ( 0.000000000000000000, 0.7121996417449170114, -0.7019769727693438988 ) ) ;
#2443 = EDGE_LOOP ( 'NONE', ( #1306, #530, #1933 ) ) ;
#2444 = CARTESIAN_POINT ( 'NONE',  ( 1.912500000000000977, 6.296639832727860764, 1.924330376838829570 ) ) ;
#2445 = DIRECTION ( 'NONE',  ( -1.000000000000000000, -1.239088197126290817E-16, 0.000000000000000000 ) ) ;
#2446 = DIRECTION ( 'NONE',  ( -0.000000000000000000, -0.000000000000000000, 1.000000000000000000 ) ) ;
#2447 = FACE_OUTER_BOUND ( 'NONE', #1571, .T. ) ;
#2448 = FACE_OUTER_BOUND ( 'NONE', #822, .T. ) ;
#2449 = B_SPLINE_CURVE_WITH_KNOTS ( 'NONE', 3,
 ( #1462, #1163, #3324, #2776 ),
 .UNSPECIFIED., .F., .F.,
 ( 4, 4 ),
 ( 0.000000000000000000, 0.0005654997354291083599 ),
 .UNSPECIFIED. ) ;
#2450 = AXIS2_PLACEMENT_3D ( 'NONE', #1979, #2786, #1454 ) ;
#2451 = ADVANCED_FACE ( 'NONE', ( #729 ), #2558, .T. ) ;
#2452 = ORIENTED_EDGE ( 'NONE', *, *, #175, .F. ) ;
#2453 = CARTESIAN_POINT ( 'NONE',  ( -2.732143179560791779, 3.082635136367829709, -0.3174774265215474789 ) ) ;
#2454 = DIRECTION ( 'NONE',  ( -0.000000000000000000, 0.000000000000000000, 1.000000000000000000 ) ) ;
#2455 = ORIENTED_EDGE ( 'NONE', *, *, #390, .T. ) ;
#2456 = CARTESIAN_POINT ( 'NONE',  ( -2.723927543037172327, 2.985199974626905561, 0.5922355355776539598 ) ) ;
#2457 = DIRECTION ( 'NONE',  ( 0.8660254037844388186, 0.4999999999999996114, 0.000000000000000000 ) ) ;
#2458 = EDGE_CURVE ( 'NONE', #1467, #1601, #165, .T. ) ;
#2459 = CYLINDRICAL_SURFACE ( 'NONE', #1921, 0.2500000000000002220 ) ;
#2460 = ORIENTED_EDGE ( 'NONE', *, *, #2375, .F. ) ;
#2461 = ORIENTED_EDGE ( 'NONE', *, *, #1144, .T. ) ;
#2462 = CARTESIAN_POINT ( 'NONE',  ( 1.395477840224746302, 6.773414221705057692, 1.459712886981934465 ) ) ;
#2463 = EDGE_CURVE ( 'NONE', #2850, #2183, #2798, .T. ) ;
#2464 = EDGE_CURVE ( 'NONE', #3058, #7, #1536, .T. ) ;
#2465 = CARTESIAN_POINT ( 'NONE',  ( 2.750000000000023093, 3.385681998088990508, -0.4563486649243034265 ) ) ;
#2466 = DIRECTION ( 'NONE',  ( 0.000000000000000000, 0.3363363969981475465, -0.9417419115948405528 ) ) ;
#2467 = DIRECTION ( 'NONE',  ( 1.000000000000000000, -1.239088197126291063E-16, 0.000000000000000000 ) ) ;
#2468 = CIRCLE ( 'NONE', #2135, 0.09999999999999982514 ) ;
#2469 = ORIENTED_EDGE ( 'NONE', *, *, #3231, .T. ) ;
#2470 = CARTESIAN_POINT ( 'NONE',  ( -1.912499999999999645, 6.296639832727858987, 1.924330376838830015 ) ) ;
#2471 = CARTESIAN_POINT ( 'NONE',  ( -2.119504057562538790, 2.506940475009473257, 0.01050895372800375420 ) ) ;
#2472 = ORIENTED_EDGE ( 'NONE', *, *, #638, .F. ) ;
#2473 =( NAMED_UNIT ( * ) PLANE_ANGLE_UNIT ( ) SI_UNIT ( $, .RADIAN. ) );
#2474 = CARTESIAN_POINT ( 'NONE',  ( 2.450000000000000178, 5.256569860407206640, -2.000000000000000000 ) ) ;
#2475 = CIRCLE ( 'NONE', #243, 0.2500000000000003886 ) ;
#2476 = CARTESIAN_POINT ( 'NONE',  ( -2.450000016674862113, 3.212631947311751279, -0.7008346110107243065 ) ) ;
#2477 = ORIENTED_EDGE ( 'NONE', *, *, #1021, .T. ) ;
#2478 = ORIENTED_EDGE ( 'NONE', *, *, #392, .F. ) ;
#2479 = VECTOR ( 'NONE', #1876, 1000.000000000000000 ) ;
#2480 = CARTESIAN_POINT ( 'NONE',  ( 1.364268769979043228, 6.784910376055605319, 1.587161602929463289 ) ) ;
#2481 = EDGE_CURVE ( 'NONE', #2492, #514, #2877, .T. ) ;
#2482 = CARTESIAN_POINT ( 'NONE',  ( 1.912500000000000311, 6.296639832727858987, -1.924330376838829793 ) ) ;
#2483 = CIRCLE ( 'NONE', #2935, 0.5812837730998230423 ) ;
#2484 = CARTESIAN_POINT ( 'NONE',  ( 2.366889802104606755, 6.228204167401867331, 1.699999906655275561 ) ) ;
#2485 = CARTESIAN_POINT ( 'NONE',  ( -2.141607978309961080, 2.506940475009473701, 0.01050895372737775495 ) ) ;
#2486 = AXIS2_PLACEMENT_3D ( 'NONE', #1331, #3224, #1297 ) ;
#2487 = CARTESIAN_POINT ( 'NONE',  ( 1.549999999999999378, 3.006940475009473257, 0.4129643021938407266 ) ) ;
#2488 = B_SPLINE_CURVE_WITH_KNOTS ( 'NONE', 3,
 ( #548, #531, #230, #1303 ),
 .UNSPECIFIED., .F., .F.,
 ( 4, 4 ),
 ( 0.000000000000000000, 0.0003406527293868142833 ),
 .UNSPECIFIED. ) ;
#2489 = ORIENTED_EDGE ( 'NONE', *, *, #1101, .F. ) ;
#2490 = FACE_OUTER_BOUND ( 'NONE', #1574, .T. ) ;
#2491 = DIRECTION ( 'NONE',  ( 0.000000000000000000, 0.000000000000000000, 1.000000000000000000 ) ) ;
#2492 = VERTEX_POINT ( 'NONE', #1612 ) ;
#2493 =( NAMED_UNIT ( * ) SI_UNIT ( $, .STERADIAN. ) SOLID_ANGLE_UNIT ( ) );
#2494 = CYLINDRICAL_SURFACE ( 'NONE', #2704, 0.2500000000000003886 ) ;
#2495 = AXIS2_PLACEMENT_3D ( 'NONE', #397, #2739, #1934 ) ;
#2496 = PRESENTATION_STYLE_ASSIGNMENT (( #1937 ) ) ;
#2497 = EDGE_CURVE ( 'NONE', #1865, #1181, #1815, .T. ) ;
#2498 = ORIENTED_EDGE ( 'NONE', *, *, #2244, .F. ) ;
#2499 = VERTEX_POINT ( 'NONE', #2364 ) ;
#2500 = CARTESIAN_POINT ( 'NONE',  ( -2.433203980775002773, 3.006940475009473257, -0.5999999999999998668 ) ) ;
#2501 = TOROIDAL_SURFACE ( 'NONE', #22, 0.4666666666666670626, 0.2500000000000003886 ) ;
#2502 = CARTESIAN_POINT ( 'NONE',  ( 2.362390692983798779, 2.369275541020888554, 0.1569318146935796410 ) ) ;
#2503 = EDGE_CURVE ( 'NONE', #2238, #2021, #910, .T. ) ;
#2504 = CARTESIAN_POINT ( 'NONE',  ( 2.062500000000000444, 6.447354790610810404, 1.644868767982617497 ) ) ;
#2505 = CARTESIAN_POINT ( 'NONE',  ( -2.274830393191420441, 2.540040819782797055, 0.3292085371565962038 ) ) ;
#2506 = DIRECTION ( 'NONE',  ( 0.8660254037844377084, -0.5000000000000016653, -0.000000000000000000 ) ) ;
#2507 = ADVANCED_FACE ( 'NONE', ( #2169 ), #137, .T. ) ;
#2508 = VERTEX_POINT ( 'NONE', #521 ) ;
#2509 = CARTESIAN_POINT ( 'NONE',  ( 2.614966235735811217, 2.506940475009473701, -0.1443169480241636715 ) ) ;
#2510 = EDGE_CURVE ( 'NONE', #1199, #7, #2879, .T. ) ;
#2511 = CARTESIAN_POINT ( 'NONE',  ( 2.449999999999999289, 3.293280582485998753, 0.7826577067908029317 ) ) ;
#2512 = CARTESIAN_POINT ( 'NONE',  ( 2.745583827922740916, 3.242037483743371862, -0.3710249148803657637 ) ) ;
#2513 = ORIENTED_EDGE ( 'NONE', *, *, #2350, .F. ) ;
#2514 = FILL_AREA_STYLE ('',( #336 ) ) ;
#2515 = CARTESIAN_POINT ( 'NONE',  ( 2.500000000000000444, -9.000000000000000000, 0.000000000000000000 ) ) ;
#2516 = DIRECTION ( 'NONE',  ( 0.000000000000000000, 0.000000000000000000, 1.000000000000000000 ) ) ;
#2517 = ORIENTED_EDGE ( 'NONE', *, *, #2720, .F. ) ;
#2518 = ORIENTED_EDGE ( 'NONE', *, *, #638, .T. ) ;
#2519 = CARTESIAN_POINT ( 'NONE',  ( -2.068209774001103174, 2.557466873930764439, 0.1628321148103314131 ) ) ;
#2520 = CARTESIAN_POINT ( 'NONE',  ( -2.750000000000000888, 5.894709581221616368, 2.000000000000000000 ) ) ;
#2521 = CARTESIAN_POINT ( 'NONE',  ( -2.750000000000000000, 3.506940475009473701, -0.5720646149599997177 ) ) ;
#2522 = DIRECTION ( 'NONE',  ( 6.457461394144505158E-15, 0.1209427759373146588, 0.9926594808636930445 ) ) ;
#2523 = DIRECTION ( 'NONE',  ( 0.000000000000000000, 0.000000000000000000, 1.000000000000000000 ) ) ;
#2524 = CARTESIAN_POINT ( 'NONE',  ( 2.062500000000000888, 6.447354790610811293, -1.644868767982616831 ) ) ;
#2525 = TOROIDAL_SURFACE ( 'NONE', #1235, 0.4666666666666670626, 0.2500000000000003886 ) ;
#2526 = DIRECTION ( 'NONE',  ( 1.000000000000000000, -0.000000000000000000, -0.000000000000000000 ) ) ;
#2527 = EDGE_CURVE ( 'NONE', #566, #2548, #969, .T. ) ;
#2528 = AXIS2_PLACEMENT_3D ( 'NONE', #2552, #3096, #2853 ) ;
#2529 = LINE ( 'NONE', #1547, #525 ) ;
#2530 = CARTESIAN_POINT ( 'NONE',  ( -2.382454451940491325, 2.506940475009473701, -0.2999999999999999889 ) ) ;
#2531 = EDGE_LOOP ( 'NONE', ( #480, #3152, #673, #2301, #3059, #1816 ) ) ;
#2532 = CARTESIAN_POINT ( 'NONE',  ( -2.433203980775002329, 3.006940475009473701, 0.5999999999999996447 ) ) ;
#2533 = CARTESIAN_POINT ( 'NONE',  ( -1.732053981721128233, 6.638137888216758320, 1.575809653204957694 ) ) ;
#2534 = ORIENTED_EDGE ( 'NONE', *, *, #2251, .F. ) ;
#2535 = ORIENTED_EDGE ( 'NONE', *, *, #1149, .F. ) ;
#2536 = CARTESIAN_POINT ( 'NONE',  ( 1.549999999999999378, 3.149787339239030093, -0.6685086073886867819 ) ) ;
#2537 = CARTESIAN_POINT ( 'NONE',  ( -2.495757767959557505, 2.506940475009473701, 0.2205767189256190031 ) ) ;
#2538 = AXIS2_PLACEMENT_3D ( 'NONE', #18, #2692, #309 ) ;
#2539 = CARTESIAN_POINT ( 'NONE',  ( -2.649999999999999467, 2.506940475009473701, 0.2548358284840483989 ) ) ;
#2540 = CARTESIAN_POINT ( 'NONE',  ( -2.062500000000001332, 6.447354790610811293, 1.644868767982617497 ) ) ;
#2541 = AXIS2_PLACEMENT_3D ( 'NONE', #16, #1, #3171 ) ;
#2542 = CARTESIAN_POINT ( 'NONE',  ( 2.724004259184924059, 2.986109806779639442, -0.2850520152383861916 ) ) ;
#2543 = CIRCLE ( 'NONE', #2766, 0.2999999999999999334 ) ;
#2544 = EDGE_CURVE ( 'NONE', #382, #1830, #3046, .T. ) ;
#2545 = CARTESIAN_POINT ( 'NONE',  ( -2.723927543037172772, 2.985199974626906005, 0.5922355355776541819 ) ) ;
#2546 = ADVANCED_FACE ( 'NONE', ( #759 ), #1648, .T. ) ;
#2547 = CYLINDRICAL_SURFACE ( 'NONE', #1562, 0.2500000000000003886 ) ;
#2548 = VERTEX_POINT ( 'NONE', #2412 ) ;
#2549 = CARTESIAN_POINT ( 'NONE',  ( 2.069286480880473622, 2.345374662249925191, 0.1279496076819174877 ) ) ;
#2550 = ORIENTED_EDGE ( 'NONE', *, *, #3166, .T. ) ;
#2551 = EDGE_LOOP ( 'NONE', ( #752, #2596, #84, #1177 ) ) ;
#2552 = CARTESIAN_POINT ( 'NONE',  ( -2.500000000000000444, -9.000000000000000000, 0.000000000000000000 ) ) ;
#2553 = CARTESIAN_POINT ( 'NONE',  ( -1.880079349731714533, 2.882503549446628455, 0.3174774265215491997 ) ) ;
#2554 = CARTESIAN_POINT ( 'NONE',  ( -1.673843325638306068, 3.006940475009473701, 0.4129643295068978759 ) ) ;
#2555 = CARTESIAN_POINT ( 'NONE',  ( -1.883333333333332860, 2.506940475009473701, 0.000000000000000000 ) ) ;
#2556 = CIRCLE ( 'NONE', #3000, 0.2999999999999998779 ) ;
#2557 = DIRECTION ( 'NONE',  ( 0.000000000000000000, 0.000000000000000000, -1.000000000000000000 ) ) ;
#2558 = CYLINDRICAL_SURFACE ( 'NONE', #1645, 0.2999999999999999334 ) ;
#2559 =( BOUNDED_SURFACE ( )  B_SPLINE_SURFACE ( 3, 2, ( 
 ( #2310, #1525, #1806 ),
 ( #3385, #421, #1771 ),
 ( #2554, #973, #2587 ),
 ( #1735, #662, #2068 ) ),
 .UNSPECIFIED., .F., .F., .T. ) 
 B_SPLINE_SURFACE_WITH_KNOTS ( ( 4, 4 ),
 ( 3, 3 ),
 ( 1.863472483959460746E-18, 0.0005838562659234788768 ),
 ( 0.000000000000000000, 1.000000000000000000 ),
 .UNSPECIFIED. ) 
 GEOMETRIC_REPRESENTATION_ITEM ( )  RATIONAL_B_SPLINE_SURFACE ( (
 ( 1.000000000000000000, 0.7914009927348711892, 1.000000000000000000),
 ( 1.000000000000000000, 0.8368432294114829251, 1.000000000000000000),
 ( 1.000000000000000000, 0.8736369701969686208, 1.000000000000000000),
 ( 1.000000000000000000, 0.8728813739281755524, 1.000000000000000000) ) ) 
 REPRESENTATION_ITEM ( '' )  SURFACE ( )  );
#2560 = DIRECTION ( 'NONE',  ( 0.000000000000000000, 0.000000000000000000, 1.000000000000000000 ) ) ;
#2561 = EDGE_CURVE ( 'NONE', #1786, #2963, #1839, .T. ) ;
#2562 = CIRCLE ( 'NONE', #1949, 0.3000000000000002109 ) ;
#2563 = FACE_OUTER_BOUND ( 'NONE', #2654, .T. ) ;
#2564 = VERTEX_POINT ( 'NONE', #2430 ) ;
#2565 = CARTESIAN_POINT ( 'NONE',  ( -2.316280530781339664, 2.542033830132409911, 0.3309090001729085295 ) ) ;
#2566 = CARTESIAN_POINT ( 'NONE',  ( -0.6997103540780005293, 6.956102457295898489, 1.192839415335509079 ) ) ;
#2567 = AXIS2_PLACEMENT_3D ( 'NONE', #1283, #2961, #3206 ) ;
#2568 = ORIENTED_EDGE ( 'NONE', *, *, #1484, .T. ) ;
#2569 = ORIENTED_EDGE ( 'NONE', *, *, #3410, .T. ) ;
#2570 = ORIENTED_EDGE ( 'NONE', *, *, #1739, .T. ) ;
#2571 = CARTESIAN_POINT ( 'NONE',  ( -2.303433521468133627, 2.610897598605991465, 0.3925800733253254626 ) ) ;
#2572 = EDGE_CURVE ( 'NONE', #2548, #2345, #3088, .T. ) ;
#2573 = CARTESIAN_POINT ( 'NONE',  ( -2.240102708768680451, 5.894709581221616368, 2.000000000000000000 ) ) ;
#2574 = EDGE_CURVE ( 'NONE', #2045, #1394, #1334, .T. ) ;
#2575 = FACE_OUTER_BOUND ( 'NONE', #1146, .T. ) ;
#2576 = CARTESIAN_POINT ( 'NONE',  ( -0.8761204591234681427, 6.909901656545131665, 1.260543269186849891 ) ) ;
#2577 = DIRECTION ( 'NONE',  ( -1.000000000000000000, 0.000000000000000000, 0.000000000000000000 ) ) ;
#2578 = DIRECTION ( 'NONE',  ( 0.000000000000000000, -0.3363363969981475465, -0.9417419115948405528 ) ) ;
#2579 = B_SPLINE_CURVE_WITH_KNOTS ( 'NONE', 3,
 ( #462, #146, #1499, #1553 ),
 .UNSPECIFIED., .F., .F.,
 ( 4, 4 ),
 ( 3.825010949213373575E-16, 0.0001564253092103575350 ),
 .UNSPECIFIED. ) ;
#2580 = ORIENTED_EDGE ( 'NONE', *, *, #61, .T. ) ;
#2581 = AXIS2_PLACEMENT_3D ( 'NONE', #3139, #698, #2840 ) ;
#2582 = CARTESIAN_POINT ( 'NONE',  ( 0.000000000000000000, 7.000000000000001776, 0.8947095812216140365 ) ) ;
#2583 = VERTEX_POINT ( 'NONE', #2904 ) ;
#2584 = ORIENTED_EDGE ( 'NONE', *, *, #3394, .T. ) ;
#2585 = DIRECTION ( 'NONE',  ( 0.5936183449436368553, 0.8047467058313302335, 0.000000000000000000 ) ) ;
#2586 = CARTESIAN_POINT ( 'NONE',  ( -1.935472003847987343, 2.833819393588082214, -0.2896579088880942843 ) ) ;
#2587 = CARTESIAN_POINT ( 'NONE',  ( -1.747692140084104784, 3.149787371329652697, 0.6685086271235894939 ) ) ;
#2588 = EDGE_CURVE ( 'NONE', #2780, #854, #1593, .T. ) ;
#2589 = CARTESIAN_POINT ( 'NONE',  ( 1.920021659653141866, 2.847398576186394692, 0.5430207504203299340 ) ) ;
#2590 = PLANE ( 'NONE',  #2131 ) ;
#2591 = CARTESIAN_POINT ( 'NONE',  ( 2.499999999999999556, 0.000000000000000000, 0.000000000000000000 ) ) ;
#2592 = TOROIDAL_SURFACE ( 'NONE', #133, 0.5812837730998230423, 0.2999999999999999889 ) ;
#2593 = DIRECTION ( 'NONE',  ( 0.000000000000000000, 0.000000000000000000, -1.000000000000000000 ) ) ;
#2594 = CIRCLE ( 'NONE', #1078, 0.2999999999999998779 ) ;
#2595 = CARTESIAN_POINT ( 'NONE',  ( -2.394256587694064464, 2.583266096423703750, 0.3884424359646722613 ) ) ;
#2596 = ORIENTED_EDGE ( 'NONE', *, *, #1730, .F. ) ;
#2597 = CARTESIAN_POINT ( 'NONE',  ( 2.231853053907765450, 2.793473662741684738, 0.5115423434863576313 ) ) ;
#2598 = ORIENTED_EDGE ( 'NONE', *, *, #3075, .T. ) ;
#2599 = ORIENTED_EDGE ( 'NONE', *, *, #2932, .T. ) ;
#2600 = CARTESIAN_POINT ( 'NONE',  ( -1.709668149882879629, 6.646964480509574891, -1.744480656489039161 ) ) ;
#2601 = CYLINDRICAL_SURFACE ( 'NONE', #2165, 0.2500000000000003886 ) ;
#2602 = ADVANCED_FACE ( 'NONE', ( #2379 ), #2931, .T. ) ;
#2603 = CARTESIAN_POINT ( 'NONE',  ( -2.151331348470225446, 6.059886153858317748, 2.000000000000000000 ) ) ;
#2604 = EDGE_LOOP ( 'NONE', ( #3037, #1651, #2478, #551 ) ) ;
#2605 = CARTESIAN_POINT ( 'NONE',  ( -2.657747433863171249, 2.545059350413364285, -0.07854045984883765985 ) ) ;
#2606 = CARTESIAN_POINT ( 'NONE',  ( 2.053713820097485154, 2.532156896784024447, 5.716948617582259448E-16 ) ) ;
#2607 = ADVANCED_FACE ( 'NONE', ( #1296 ), #1044, .T. ) ;
#2608 = DIRECTION ( 'NONE',  ( -1.239088197126290817E-16, 1.000000000000000000, -0.000000000000000000 ) ) ;
#2609 = PRESENTATION_LAYER_ASSIGNMENT (  '', '', ( #2661 ) ) ;
#2610 = CARTESIAN_POINT ( 'NONE',  ( -2.150520884084602624, 6.061394228788230976, -2.000000000000000000 ) ) ;
#2611 = CIRCLE ( 'NONE', #1271, 0.2999999999999999889 ) ;
#2612 = ADVANCED_FACE ( 'NONE', ( #1330 ), #2395, .T. ) ;
#2613 = EDGE_LOOP ( 'NONE', ( #78, #2477, #643, #933 ) ) ;
#2614 = CARTESIAN_POINT ( 'NONE',  ( 2.042540879004957066, 2.605041297834216341, 0.04340481624948738099 ) ) ;
#2615 = ORIENTED_EDGE ( 'NONE', *, *, #3168, .F. ) ;
#2616 = ORIENTED_EDGE ( 'NONE', *, *, #1986, .T. ) ;
#2617 = CARTESIAN_POINT ( 'NONE',  ( -2.062500000000001332, 6.447354790610811293, -1.644868767982617053 ) ) ;
#2618 = CARTESIAN_POINT ( 'NONE',  ( 2.078126959570745225, 3.006940475009473701, 0.5999999999999996447 ) ) ;
#2619 = CIRCLE ( 'NONE', #1671, 0.3000000000000000444 ) ;
#2620 = CARTESIAN_POINT ( 'NONE',  ( -2.339241915190775511, 2.417933029925853461, -0.2119598729951926441 ) ) ;
#2621 = B_SPLINE_CURVE_WITH_KNOTS ( 'NONE', 3,
 ( #2641, #980, #1896, #3226 ),
 .UNSPECIFIED., .F., .F.,
 ( 4, 4 ),
 ( 0.000000000000000000, 0.0003406527293868146086 ),
 .UNSPECIFIED. ) ;
#2622 = EDGE_LOOP ( 'NONE', ( #150, #256, #685, #801 ) ) ;
#2623 = CARTESIAN_POINT ( 'NONE',  ( -0.1748157099618444232, 7.000000000000002665, 0.9690879791209850991 ) ) ;
#2624 = CARTESIAN_POINT ( 'NONE',  ( 1.880079349731708982, 2.882503549446633340, -0.3174774265215518088 ) ) ;
#2625 = CARTESIAN_POINT ( 'NONE',  ( 2.093816749507892538, 2.506940475009473701, 0.1432513326308853530 ) ) ;
#2626 = CARTESIAN_POINT ( 'NONE',  ( 2.240102708768680451, 5.894709581221616368, 1.700000000000000178 ) ) ;
#2627 = B_SPLINE_CURVE_WITH_KNOTS ( 'NONE', 3,
 ( #1681, #3261, #844, #921, #2730, #1717, #2747, #2767 ),
 .UNSPECIFIED., .F., .F.,
 ( 4, 2, 2, 4 ),
 ( 0.000000000000000000, 0.001139883401105193936, 0.001709825101657791013, 0.002279766802210387872 ),
 .UNSPECIFIED. ) ;
#2628 = EDGE_CURVE ( 'NONE', #2861, #1172, #1818, .T. ) ;
#2629 = ORIENTED_EDGE ( 'NONE', *, *, #1834, .F. ) ;
#2630 = DIRECTION ( 'NONE',  ( -6.264657894015953561E-17, 3.388131789017199384E-16, 1.000000000000000000 ) ) ;
#2631 = ORIENTED_EDGE ( 'NONE', *, *, #2, .T. ) ;
#2632 = CIRCLE ( 'NONE', #3085, 1.075000000000000400 ) ;
#2633 = EDGE_LOOP ( 'NONE', ( #2417, #3212, #486, #2955, #588 ) ) ;
#2634 = DIRECTION ( 'NONE',  ( 0.000000000000000000, 0.000000000000000000, 1.000000000000000000 ) ) ;
#2635 = CARTESIAN_POINT ( 'NONE',  ( -2.035791416081035976, 2.633841110568100330, -0.08553281215218376532 ) ) ;
#2636 = EDGE_LOOP ( 'NONE', ( #917, #511, #2826, #1053 ) ) ;
#2637 = DIRECTION ( 'NONE',  ( -0.000000000000000000, -1.000000000000000000, -0.000000000000000000 ) ) ;
#2638 = DIRECTION ( 'NONE',  ( 0.000000000000000000, 0.000000000000000000, 1.000000000000000000 ) ) ;
#2639 = CARTESIAN_POINT ( 'NONE',  ( -2.553954737527424079, 2.506940475009473701, 0.1371587104703018700 ) ) ;
#2640 = CARTESIAN_POINT ( 'NONE',  ( -2.750000000000000888, 3.306940475009473079, 0.4129643021938407266 ) ) ;
#2641 = CARTESIAN_POINT ( 'NONE',  ( -2.433203980775002773, 3.006940475009473257, -0.5999999999999999778 ) ) ;
#2642 = EDGE_CURVE ( 'NONE', #2851, #1014, #2543, .T. ) ;
#2643 = CIRCLE ( 'NONE', #2264, 0.2999999999999999334 ) ;
#2644 = VERTEX_POINT ( 'NONE', #1976 ) ;
#2645 = CARTESIAN_POINT ( 'NONE',  ( -2.567494221873894755, 2.506940475009473701, -0.2058916651750073434 ) ) ;
#2646 = VECTOR ( 'NONE', #37, 1000.000000000000000 ) ;
#2647 = EDGE_CURVE ( 'NONE', #2668, #55, #1923, .T. ) ;
#2648 = ORIENTED_EDGE ( 'NONE', *, *, #311, .T. ) ;
#2649 = EDGE_LOOP ( 'NONE', ( #3446, #1422, #3323, #1694 ) ) ;
#2650 = AXIS2_PLACEMENT_3D ( 'NONE', #875, #2953, #288 ) ;
#2651 = LINE ( 'NONE', #754, #1299 ) ;
#2652 = CARTESIAN_POINT ( 'NONE',  ( -2.433203980775002329, 3.006940475009473701, 0.5999999999999996447 ) ) ;
#2653 = DIRECTION ( 'NONE',  ( 0.8047467058313307886, -0.5936183449436360782, 0.000000000000000000 ) ) ;
#2654 = EDGE_LOOP ( 'NONE', ( #978, #2393, #2569, #2124 ) ) ;
#2655 = CARTESIAN_POINT ( 'NONE',  ( 2.231519373829708996, 2.794375056087017750, -0.5121501717544562071 ) ) ;
#2656 = ADVANCED_FACE ( 'NONE', ( #1680 ), #411, .T. ) ;
#2657 = DIRECTION ( 'NONE',  ( 0.7310812906115863319, 0.6425414355970627822, 0.2294790841418081206 ) ) ;
#2658 = CARTESIAN_POINT ( 'NONE',  ( 1.961139748756348444, -7.824555232024774898E-18, 3.061616997868387948E-17 ) ) ;
#2659 = CARTESIAN_POINT ( 'NONE',  ( -1.549999999999999156, 3.006940475009473257, -0.5806614818910829090 ) ) ;
#2660 = CARTESIAN_POINT ( 'NONE',  ( -2.691438912027076746, 2.735563854571374964, -0.1435292166561032423 ) ) ;
#2661 = STYLED_ITEM ( 'NONE', ( #2196 ), #1294 ) ;
#2662 = B_SPLINE_CURVE_WITH_KNOTS ( 'NONE', 3,
 ( #1351, #1899, #24, #2964 ),
 .UNSPECIFIED., .F., .F.,
 ( 4, 4 ),
 ( 0.000000000000000000, 0.0005657773352002495567 ),
 .UNSPECIFIED. ) ;
#2663 = ORIENTED_EDGE ( 'NONE', *, *, #3211, .F. ) ;
#2664 = VECTOR ( 'NONE', #2526, 1000.000000000000000 ) ;
#2665 = CARTESIAN_POINT ( 'NONE',  ( 0.000000000000000000, 2.875000000000000888, -2.000000000000000000 ) ) ;
#2666 = EDGE_CURVE ( 'NONE', #186, #10, #357, .T. ) ;
#2667 = CARTESIAN_POINT ( 'NONE',  ( -1.922119579205568307, 3.105314868946551066, 0.6351337121203836089 ) ) ;
#2668 = VERTEX_POINT ( 'NONE', #2976 ) ;
#2669 = DIRECTION ( 'NONE',  ( 1.000000000000000000, 0.000000000000000000, 0.000000000000000000 ) ) ;
#2670 = FILL_AREA_STYLE ('',( #823 ) ) ;
#2671 = DIRECTION ( 'NONE',  ( -0.000000000000000000, -0.000000000000000000, 1.000000000000000000 ) ) ;
#2672 = ORIENTED_EDGE ( 'NONE', *, *, #494, .T. ) ;
#2673 = CARTESIAN_POINT ( 'NONE',  ( -2.208478364669469229, 2.863411209292900494, 0.5487395479602922288 ) ) ;
#2674 = EDGE_CURVE ( 'NONE', #1946, #948, #1253, .T. ) ;
#2675 = AXIS2_PLACEMENT_3D ( 'NONE', #2983, #1068, #1619 ) ;
#2676 = CARTESIAN_POINT ( 'NONE',  ( -1.935523756186677158, 2.833773908876020542, 0.2896319176240589877 ) ) ;
#2677 = CARTESIAN_POINT ( 'NONE',  ( -2.567494221876385208, 2.506940475009473701, 0.01373712374811110817 ) ) ;
#2678 = CARTESIAN_POINT ( 'NONE',  ( -2.517503056318449062, 2.506940475009473701, 0.1855875160779250077 ) ) ;
#2679 = DIRECTION ( 'NONE',  ( 0.000000000000000000, 1.000000000000000000, 0.000000000000000000 ) ) ;
#2680 = ORIENTED_EDGE ( 'NONE', *, *, #802, .F. ) ;
#2681 = DIRECTION ( 'NONE',  ( 1.000000000000000000, 0.000000000000000000, 0.000000000000000000 ) ) ;
#2682 = FACE_OUTER_BOUND ( 'NONE', #100, .T. ) ;
#2683 = ORIENTED_EDGE ( 'NONE', *, *, #3014, .T. ) ;
#2684 = CARTESIAN_POINT ( 'NONE',  ( -2.450000000000000178, 2.750712707568149007, 1.317437748835728506 ) ) ;
#2685 = DIRECTION ( 'NONE',  ( 0.000000000000000000, 0.000000000000000000, -1.000000000000000000 ) ) ;
#2686 = CARTESIAN_POINT ( 'NONE',  ( -2.303271077026389779, 2.611176249505875457, -0.3927093065547939132 ) ) ;
#2687 = ORIENTED_EDGE ( 'NONE', *, *, #2574, .T. ) ;
#2688 = CARTESIAN_POINT ( 'NONE',  ( -2.750000000000000888, 3.506940475009473701, 0.7999999999999996003 ) ) ;
#2689 = AXIS2_PLACEMENT_3D ( 'NONE', #3467, #223, #2130 ) ;
#2690 = DIRECTION ( 'NONE',  ( 0.7310812906115833343, -0.6425414355970673341, -0.2294790841418051786 ) ) ;
#2691 = ADVANCED_FACE ( 'NONE', ( #384 ), #54, .T. ) ;
#2692 = DIRECTION ( 'NONE',  ( -0.8480480961564293985, 0.5299192642331994607, 0.000000000000000000 ) ) ;
#2693 = DIRECTION ( 'NONE',  ( -9.637352644315595243E-17, 1.000000000000000000, 0.000000000000000000 ) ) ;
#2694 = CARTESIAN_POINT ( 'NONE',  ( -2.316280530781339664, 2.606940475009473346, 0.2548358284840499532 ) ) ;
#2695 = ORIENTED_EDGE ( 'NONE', *, *, #427, .T. ) ;
#2696 = CARTESIAN_POINT ( 'NONE',  ( 1.375000000000000444, 5.256569860407206640, -1.700000000000000178 ) ) ;
#2697 = VECTOR ( 'NONE', #2886, 1000.000000000000000 ) ;
#2698 = CARTESIAN_POINT ( 'NONE',  ( -2.350000000000000533, 2.506940475009471925, 0.000000000000000000 ) ) ;
#2699 = EDGE_LOOP ( 'NONE', ( #1166, #515 ) ) ;
#2700 = CARTESIAN_POINT ( 'NONE',  ( -0.1650752153266994982, 6.996323053440622886, -0.9986690455549838141 ) ) ;
#2701 = CIRCLE ( 'NONE', #909, 0.2500000000000003886 ) ;
#2702 = FACE_OUTER_BOUND ( 'NONE', #3430, .T. ) ;
#2703 = DIRECTION ( 'NONE',  ( 1.000000000000000000, 0.000000000000000000, 0.000000000000000000 ) ) ;
#2704 = AXIS2_PLACEMENT_3D ( 'NONE', #1675, #2457, #30 ) ;
#2705 = VERTEX_POINT ( 'NONE', #346 ) ;
#2706 = FACE_OUTER_BOUND ( 'NONE', #538, .T. ) ;
#2707 = CARTESIAN_POINT ( 'NONE',  ( 2.196347131327778257, 6.376886184219820564, -1.913126567123411448 ) ) ;
#2708 =( BOUNDED_SURFACE ( )  B_SPLINE_SURFACE ( 3, 2, ( 
 ( #257, #3435, #1279 ),
 ( #1025, #793, #1561 ),
 ( #2655, #1872, #3170 ),
 ( #2410, #2941, #539 ),
 ( #1007, #15, #757 ),
 ( #1076, #1837, #1544 ) ),
 .UNSPECIFIED., .F., .F., .T. ) 
 B_SPLINE_SURFACE_WITH_KNOTS ( ( 4, 2, 4 ),
 ( 3, 3 ),
 ( 0.001457361262561461188, 0.001812454545892665508, 0.002167547829223869828 ),
 ( 0.000000000000000000, 1.000000000000000000 ),
 .UNSPECIFIED. ) 
 GEOMETRIC_REPRESENTATION_ITEM ( )  RATIONAL_B_SPLINE_SURFACE ( (
 ( 1.000000000000000000, 0.7914009927348725215, 1.000000000000000000),
 ( 1.000000000000000000, 0.7968472820485333896, 1.000000000000000000),
 ( 1.000000000000000000, 0.7961128288871976988, 1.000000000000000000),
 ( 1.000000000000000000, 0.7761164567944249804, 1.000000000000000000),
 ( 1.000000000000000000, 0.7573139927830034868, 1.000000000000000000),
 ( 1.000000000000000000, 0.7346031719080204914, 1.000000000000000000) ) ) 
 REPRESENTATION_ITEM ( '' )  SURFACE ( )  );
#2709 = ADVANCED_FACE ( 'NONE', ( #1168 ), #2823, .T. ) ;
#2710 = DIRECTION ( 'NONE',  ( -0.000000000000000000, 0.000000000000000000, 1.000000000000000000 ) ) ;
#2711 = CARTESIAN_POINT ( 'NONE',  ( 2.025931246456826429, 2.670688324844053607, 0.1345283924826841671 ) ) ;
#2712 = CARTESIAN_POINT ( 'NONE',  ( -1.549999999999999378, 3.006940475009473701, 0.4129643021938411707 ) ) ;
#2713 = B_SPLINE_CURVE_WITH_KNOTS ( 'NONE', 3,
 ( #2020, #1497, #1161, #3089, #2233, #3306 ),
 .UNSPECIFIED., .F., .F.,
 ( 4, 2, 4 ),
 ( 0.0001226251851436458698, 0.0004173755866413629231, 0.0007121259881390799764 ),
 .UNSPECIFIED. ) ;
#2714 = ORIENTED_EDGE ( 'NONE', *, *, #3425, .F. ) ;
#2715 = DIRECTION ( 'NONE',  ( -0.000000000000000000, -0.000000000000000000, -1.000000000000000000 ) ) ;
#2716 = EDGE_CURVE ( 'NONE', #1035, #787, #1083, .T. ) ;
#2717 = DIRECTION ( 'NONE',  ( 0.000000000000000000, 0.000000000000000000, 1.000000000000000000 ) ) ;
#2718 = EDGE_CURVE ( 'NONE', #2183, #1000, #1549, .T. ) ;
#2719 = AXIS2_PLACEMENT_3D ( 'NONE', #1051, #2141, #2681 ) ;
#2720 = EDGE_CURVE ( 'NONE', #135, #2123, #248, .T. ) ;
#2721 = DIRECTION ( 'NONE',  ( 1.000000000000000000, 0.000000000000000000, 0.000000000000000000 ) ) ;
#2722 = VERTEX_POINT ( 'NONE', #860 ) ;
#2723 = FACE_OUTER_BOUND ( 'NONE', #2157, .T. ) ;
#2724 = CARTESIAN_POINT ( 'NONE',  ( 2.732143179560792667, 3.082635136367830153, 0.3174774265215475344 ) ) ;
#2725 = CARTESIAN_POINT ( 'NONE',  ( 2.750000000000000444, 4.381755167708339727, 1.700000000000000400 ) ) ;
#2726 = ORIENTED_EDGE ( 'NONE', *, *, #1968, .F. ) ;
#2727 = ORIENTED_EDGE ( 'NONE', *, *, #1888, .T. ) ;
#2728 = CARTESIAN_POINT ( 'NONE',  ( -1.549999999999999378, 3.149787339239030093, -0.6685086073886866709 ) ) ;
#2729 = CARTESIAN_POINT ( 'NONE',  ( 1.716666666666667229, 1.302229073219968614, 0.000000000000000000 ) ) ;
#2730 = CARTESIAN_POINT ( 'NONE',  ( 0.7017228796682185576, 6.943696004544808176, -1.189794480592256454 ) ) ;
#2731 = AXIS2_PLACEMENT_3D ( 'NONE', #2792, #395, #1225 ) ;
#2732 = CARTESIAN_POINT ( 'NONE',  ( -2.154086012897383995, 2.506940475009473701, 0.2262709327819024119 ) ) ;
#2733 = DIRECTION ( 'NONE',  ( 1.748352272235615127E-16, -0.1209427759373210703, -0.9926594808636922673 ) ) ;
#2734 = CIRCLE ( 'NONE', #2450, 0.2500000000000003886 ) ;
#2735 = EDGE_LOOP ( 'NONE', ( #3112, #251, #1117, #3239 ) ) ;
#2736 = DIRECTION ( 'NONE',  ( -0.000000000000000000, -0.000000000000000000, 1.000000000000000000 ) ) ;
#2737 = ADVANCED_FACE ( 'NONE', ( #3008 ), #610, .F. ) ;
#2738 = ORIENTED_EDGE ( 'NONE', *, *, #124, .T. ) ;
#2739 = DIRECTION ( 'NONE',  ( 1.000000000000000000, -0.000000000000000000, -0.000000000000000000 ) ) ;
#2740 = FACE_OUTER_BOUND ( 'NONE', #613, .T. ) ;
#2741 = CARTESIAN_POINT ( 'NONE',  ( 1.922399875140900161, 3.105138121265147877, 0.6350705879484540572 ) ) ;
#2742 = ORIENTED_EDGE ( 'NONE', *, *, #390, .F. ) ;
#2743 = ORIENTED_EDGE ( 'NONE', *, *, #171, .F. ) ;
#2744 = CARTESIAN_POINT ( 'NONE',  ( -2.062500000000001332, 6.447354790610811293, -1.644868767982617497 ) ) ;
#2745 = CARTESIAN_POINT ( 'NONE',  ( 2.151331348470225446, 6.059886153858317748, -2.000000000000000000 ) ) ;
#2746 = B_SPLINE_CURVE_WITH_KNOTS ( 'NONE', 3,
 ( #1262, #2297, #2331, #1545, #3122, #1204 ),
 .UNSPECIFIED., .F., .F.,
 ( 4, 2, 4 ),
 ( 6.228267301355609543E-19, 0.0003254732720082411865, 0.0006509465440164818309 ),
 .UNSPECIFIED. ) ;
#2747 = CARTESIAN_POINT ( 'NONE',  ( 0.1748157099618762866, 7.000000000000002665, -0.9690879791209104921 ) ) ;
#2748 = CARTESIAN_POINT ( 'NONE',  ( -2.288233432124599176, 2.506940475009473701, 0.2548357799373101029 ) ) ;
#2749 = CIRCLE ( 'NONE', #1805, 0.3000000000000000444 ) ;
#2750 = CARTESIAN_POINT ( 'NONE',  ( 1.364268769979043450, 6.784910376055605319, -1.587161602929463511 ) ) ;
#2751 = MECHANICAL_DESIGN_GEOMETRIC_PRESENTATION_REPRESENTATION (  '', ( #784 ), #2808 ) ;
#2752 = EDGE_LOOP ( 'NONE', ( #1919, #2064, #1768, #3015 ) ) ;
#2753 = DIRECTION ( 'NONE',  ( 1.239088197126291063E-16, -1.000000000000000000, 0.000000000000000000 ) ) ;
#2754 = EDGE_CURVE ( 'NONE', #168, #2409, #861, .T. ) ;
#2755 = CARTESIAN_POINT ( 'NONE',  ( 2.744985981480011272, 3.209835541816922877, -0.6979974567625925053 ) ) ;
#2756 = ORIENTED_EDGE ( 'NONE', *, *, #848, .T. ) ;
#2757 = EDGE_CURVE ( 'NONE', #2258, #2274, #3214, .T. ) ;
#2758 = CARTESIAN_POINT ( 'NONE',  ( 2.657260643652348264, 2.513407620509629403, -0.3372454714318868230 ) ) ;
#2759 =( GEOMETRIC_REPRESENTATION_CONTEXT ( 3 ) GLOBAL_UNCERTAINTY_ASSIGNED_CONTEXT ( ( #2911 ) ) GLOBAL_UNIT_ASSIGNED_CONTEXT ( ( #1124, #3271, #1957 ) ) REPRESENTATION_CONTEXT ( 'NONE', 'WORKASPACE' ) );
#2760 = CARTESIAN_POINT ( 'NONE',  ( -2.481526720518079099, 6.072795084704707413, -1.700000000000000178 ) ) ;
#2761 = VERTEX_POINT ( 'NONE', #3270 ) ;
#2762 = ORIENTED_EDGE ( 'NONE', *, *, #195, .T. ) ;
#2763 = AXIS2_PLACEMENT_3D ( 'NONE', #1982, #2245, #312 ) ;
#2764 = ADVANCED_FACE ( 'NONE', ( #2702 ), #2266, .T. ) ;
#2765 = CARTESIAN_POINT ( 'NONE',  ( 2.481526720518079099, 6.072795084704707413, -1.699999999999999956 ) ) ;
#2766 = AXIS2_PLACEMENT_3D ( 'NONE', #1716, #828, #3243 ) ;
#2767 = CARTESIAN_POINT ( 'NONE',  ( 0.000000000000000000, 7.000000000000002665, -0.8947095812216139255 ) ) ;
#2768 = ADVANCED_FACE ( 'NONE', ( #1355 ), #856, .T. ) ;
#2769 = CARTESIAN_POINT ( 'NONE',  ( -2.243752456042367616, 2.506940475009473257, 0.2886805905552842777 ) ) ;
#2770 = CARTESIAN_POINT ( 'NONE',  ( -2.249999999999999556, 0.000000000000000000, 3.061616997868394728E-17 ) ) ;
#2771 = ORIENTED_EDGE ( 'NONE', *, *, #3011, .F. ) ;
#2772 = DIRECTION ( 'NONE',  ( 0.5299192642331999048, -0.8480480961564292874, 0.000000000000000000 ) ) ;
#2773 = CARTESIAN_POINT ( 'NONE',  ( 2.723927543037172327, 2.985199974626905561, 0.5922355355776539598 ) ) ;
#2774 = LINE ( 'NONE', #1176, #46 ) ;
#2775 = ORIENTED_EDGE ( 'NONE', *, *, #365, .T. ) ;
#2776 = CARTESIAN_POINT ( 'NONE',  ( -2.062500000000001332, 6.447354790610811293, 1.644868767982617497 ) ) ;
#2777 = CARTESIAN_POINT ( 'NONE',  ( -1.912500000000001199, 6.296639832727860764, 1.924330376838829348 ) ) ;
#2778 = AXIS2_PLACEMENT_3D ( 'NONE', #56, #1385, #1931 ) ;
#2779 = ORIENTED_EDGE ( 'NONE', *, *, #1804, .F. ) ;
#2780 = VERTEX_POINT ( 'NONE', #2970 ) ;
#2781 = CARTESIAN_POINT ( 'NONE',  ( -2.387143312442184140, 2.506940475009473701, 0.2548358284840485100 ) ) ;
#2782 = AXIS2_PLACEMENT_3D ( 'NONE', #1189, #143, #1758 ) ;
#2783 = DIRECTION ( 'NONE',  ( 0.000000000000000000, 0.000000000000000000, 1.000000000000000000 ) ) ;
#2784 = CARTESIAN_POINT ( 'NONE',  ( 2.481526720518079099, 6.072795084704707413, 1.699999999999999956 ) ) ;
#2785 = EDGE_CURVE ( 'NONE', #3364, #753, #2988, .T. ) ;
#2786 = DIRECTION ( 'NONE',  ( 0.8660254037844388186, -0.4999999999999997224, -0.000000000000000000 ) ) ;
#2787 = DIRECTION ( 'NONE',  ( 0.000000000000000000, -0.000000000000000000, -1.000000000000000000 ) ) ;
#2788 = DIRECTION ( 'NONE',  ( 5.247538514829841461E-13, 0.000000000000000000, 1.000000000000000000 ) ) ;
#2789 = LINE ( 'NONE', #1777, #1554 ) ;
#2790 = CLOSED_SHELL ( 'NONE', ( #3131, #3087, #1741, #785, #1216, #1436, #2868, #1607, #3296, #1473, #314, #3136, #1892, #2737, #2804, #536, #930, #532, #17, #3304, #1301, #682, #2938, #1546, #2256, #2656, #20, #2298, #2709, #569, #134, #2829, #2691, #2864, #331, #1665, #2451, #1625, #3183, #958, #2030, #3284, #1564, #2612, #2293, #2398, #1329, #1759, #947, #3451, #2602, #3150, #2768, #2764, #1859, #1222, #1877, #3350, #3257, #457, #425, #2607, #380, #1064, #1346, #845, #1257, #540, #837, #699, #3273 ) ) ;
#2791 = DIRECTION ( 'NONE',  ( 0.000000000000000000, 0.000000000000000000, 1.000000000000000000 ) ) ;
#2792 = CARTESIAN_POINT ( 'NONE',  ( -1.883333333333332860, 2.506940475009473701, 0.000000000000000000 ) ) ;
#2793 = ORIENTED_EDGE ( 'NONE', *, *, #3278, .T. ) ;
#2794 = CARTESIAN_POINT ( 'NONE',  ( -1.305145892471146096, 6.706398971891962546, 1.676109595604838187 ) ) ;
#2795 = ORIENTED_EDGE ( 'NONE', *, *, #3107, .T. ) ;
#2796 = VERTEX_POINT ( 'NONE', #2474 ) ;
#2797 = DIRECTION ( 'NONE',  ( 1.000000000000000000, 0.000000000000000000, 0.000000000000000000 ) ) ;
#2798 = B_SPLINE_CURVE_WITH_KNOTS ( 'NONE', 3,
 ( #1474, #3104, #2347, #1513, #2542, #2313 ),
 .UNSPECIFIED., .F., .F.,
 ( 4, 2, 4 ),
 ( 0.0001031750545834634822, 0.0004076505213612705231, 0.0007121259881390775912 ),
 .UNSPECIFIED. ) ;
#2799 = EDGE_CURVE ( 'NONE', #85, #817, #1870, .T. ) ;
#2800 = FACE_OUTER_BOUND ( 'NONE', #3054, .T. ) ;
#2801 = DIRECTION ( 'NONE',  ( 1.239088197126290817E-16, -1.000000000000000000, 0.000000000000000000 ) ) ;
#2802 = CARTESIAN_POINT ( 'NONE',  ( -2.450000000000000178, 4.381755167708339727, 1.700000000000000178 ) ) ;
#2803 = CARTESIAN_POINT ( 'NONE',  ( -2.043006648590791396, 2.590273808347891116, 0.01050895372227036648 ) ) ;
#2804 = ADVANCED_FACE ( 'NONE', ( #1623 ), #619, .T. ) ;
#2805 =( BOUNDED_SURFACE ( )  B_SPLINE_SURFACE ( 3, 2, ( 
 ( #3036, #3342, #2252 ),
 ( #1988, #1707, #2512 ),
 ( #1744, #2755, #1425 ),
 ( #1460, #3322, #890 ) ),
 .UNSPECIFIED., .F., .F., .T. ) 
 B_SPLINE_SURFACE_WITH_KNOTS ( ( 4, 4 ),
 ( 3, 3 ),
 ( 0.000000000000000000, 0.0004752971476798562587 ),
 ( 0.000000000000000000, 1.000000000000000000 ),
 .UNSPECIFIED. ) 
 GEOMETRIC_REPRESENTATION_ITEM ( )  RATIONAL_B_SPLINE_SURFACE ( (
 ( 1.000000000000000000, 0.7170283373182728681, 1.000000000000000000),
 ( 1.000000000000000000, 0.7175002351834138814, 1.000000000000000000),
 ( 1.000000000000000000, 0.7130825509023888120, 1.000000000000000000),
 ( 1.000000000000000000, 0.7071067811865475727, 1.000000000000000000) ) ) 
 REPRESENTATION_ITEM ( '' )  SURFACE ( )  );
#2806 = VECTOR ( 'NONE', #3353, 1000.000000000000000 ) ;
#2807 = CARTESIAN_POINT ( 'NONE',  ( 2.433203980775002773, 3.107841394108917576, -0.3174774265215473124 ) ) ;
#2808 =( GEOMETRIC_REPRESENTATION_CONTEXT ( 3 ) GLOBAL_UNCERTAINTY_ASSIGNED_CONTEXT ( ( #1551 ) ) GLOBAL_UNIT_ASSIGNED_CONTEXT ( ( #2179, #3181, #1341 ) ) REPRESENTATION_CONTEXT ( 'NONE', 'WORKASPACE' ) );
#2809 = DIRECTION ( 'NONE',  ( -0.000000000000000000, -0.000000000000000000, 1.000000000000000000 ) ) ;
#2810 = ORIENTED_EDGE ( 'NONE', *, *, #1159, .F. ) ;
#2811 = DIRECTION ( 'NONE',  ( -1.239088197126291063E-16, -1.000000000000000000, 0.000000000000000000 ) ) ;
#2812 = CARTESIAN_POINT ( 'NONE',  ( -1.613134259522246650, 3.006940475009474145, -0.4129643021938242953 ) ) ;
#2813 = EDGE_LOOP ( 'NONE', ( #2984, #1357, #2007, #1569 ) ) ;
#2814 = ORIENTED_EDGE ( 'NONE', *, *, #2390, .F. ) ;
#2815 = CARTESIAN_POINT ( 'NONE',  ( 1.920021659653135426, 2.847398576186401353, -0.5430207504203303781 ) ) ;
#2816 = DIRECTION ( 'NONE',  ( 1.000000000000000000, -0.000000000000000000, -0.000000000000000000 ) ) ;
#2817 = CIRCLE ( 'NONE', #295, 0.7166666666666673402 ) ;
#2818 = CARTESIAN_POINT ( 'NONE',  ( 1.500000000000000444, 1.302229073219968614, -3.061616997868387332E-17 ) ) ;
#2819 = DIRECTION ( 'NONE',  ( 0.000000000000000000, -1.000000000000000000, 0.000000000000000000 ) ) ;
#2820 = ADVANCED_FACE ( 'NONE', ( #3252 ), #2494, .T. ) ;
#2821 = TOROIDAL_SURFACE ( 'NONE', #3386, 0.4666666666666670626, 0.2500000000000003886 ) ;
#2822 = CARTESIAN_POINT ( 'NONE',  ( -2.350000000000000533, 2.506940475009471925, 0.000000000000000000 ) ) ;
#2823 = TOROIDAL_SURFACE ( 'NONE', #3333, 0.5812837730998230423, 0.2999999999999999889 ) ;
#2824 = CARTESIAN_POINT ( 'NONE',  ( -1.336891193966207592, 1.909996875465409083, 3.061616997868387948E-17 ) ) ;
#2825 = ADVANCED_FACE ( 'NONE', ( #2740 ), #568, .T. ) ;
#2826 = ORIENTED_EDGE ( 'NONE', *, *, #2246, .F. ) ;
#2827 = CARTESIAN_POINT ( 'NONE',  ( 2.345789888733361472, 2.356807745888268357, 0.1419101365863988662 ) ) ;
#2828 = DIRECTION ( 'NONE',  ( 1.000000000000000000, 0.000000000000000000, 0.000000000000000000 ) ) ;
#2829 = ADVANCED_FACE ( 'NONE', ( #1091 ), #545, .T. ) ;
#2830 = ORIENTED_EDGE ( 'NONE', *, *, #2076, .T. ) ;
#2831 = ORIENTED_EDGE ( 'NONE', *, *, #2035, .T. ) ;
#2832 = ORIENTED_EDGE ( 'NONE', *, *, #2286, .T. ) ;
#2833 = DIRECTION ( 'NONE',  ( 0.000000000000000000, 0.000000000000000000, -1.000000000000000000 ) ) ;
#2834 = CARTESIAN_POINT ( 'NONE',  ( -2.481526720518079099, 6.072795084704708302, -2.000000000000000000 ) ) ;
#2835 = AXIS2_PLACEMENT_3D ( 'NONE', #1723, #3016, #1401 ) ;
#2836 = LINE ( 'NONE', #205, #1533 ) ;
#2837 = B_SPLINE_CURVE_WITH_KNOTS ( 'NONE', 3,
 ( #316, #3248, #3319, #93 ),
 .UNSPECIFIED., .F., .F.,
 ( 4, 4 ),
 ( 0.000000000000000000, 0.0005317811708019663710 ),
 .UNSPECIFIED. ) ;
#2838 = CARTESIAN_POINT ( 'NONE',  ( 2.450000000000000622, 2.750712707568149007, 1.317437748835728506 ) ) ;
#2839 = CIRCLE ( 'NONE', #207, 0.2500000000000003886 ) ;
#2840 = DIRECTION ( 'NONE',  ( 0.000000000000000000, 0.000000000000000000, -1.000000000000000000 ) ) ;
#2841 = CARTESIAN_POINT ( 'NONE',  ( -2.517503056318449062, 2.506940475009473701, 0.1855875160779250077 ) ) ;
#2842 = CARTESIAN_POINT ( 'NONE',  ( -2.690736556055574269, 2.723103893348097770, 0.1486159418343669103 ) ) ;
#2843 = CLOSED_SHELL ( 'NONE', ( #677, #779, #1568, #1056, #3041, #2507, #3061, #3444, #663, #2040, #1630, #108, #2360, #1622, #3242, #1918 ) ) ;
#2844 = CARTESIAN_POINT ( 'NONE',  ( 1.912500000000000977, 6.296639832727860764, -1.924330376838829126 ) ) ;
#2845 = ORIENTED_EDGE ( 'NONE', *, *, #1484, .F. ) ;
#2846 = DIRECTION ( 'NONE',  ( 0.6601586994634196515, 0.7511261488743194992, 0.000000000000000000 ) ) ;
#2847 = TOROIDAL_SURFACE ( 'NONE', #1687, 1.061819921150952917, 0.2999999999999999889 ) ;
#2848 = CARTESIAN_POINT ( 'NONE',  ( -1.835875874853976963, 2.921353626135855919, -0.3396774703439644494 ) ) ;
#2849 = EDGE_CURVE ( 'NONE', #722, #1467, #1081, .T. ) ;
#2850 = VERTEX_POINT ( 'NONE', #1429 ) ;
#2851 = VERTEX_POINT ( 'NONE', #2441 ) ;
#2852 = ORIENTED_EDGE ( 'NONE', *, *, #3410, .F. ) ;
#2853 = DIRECTION ( 'NONE',  ( 0.000000000000000000, 0.000000000000000000, 1.000000000000000000 ) ) ;
#2854 = CARTESIAN_POINT ( 'NONE',  ( -2.062500000000001332, 6.447354790610811293, -1.644868767982617497 ) ) ;
#2855 = FACE_OUTER_BOUND ( 'NONE', #1393, .T. ) ;
#2856 = CARTESIAN_POINT ( 'NONE',  ( 1.549999999999999378, 3.006940475009473701, 0.4129643021938410041 ) ) ;
#2857 = CARTESIAN_POINT ( 'NONE',  ( 0.4109462433313575414, 6.970832891268284648, 1.152294743049932624 ) ) ;
#2858 = CARTESIAN_POINT ( 'NONE',  ( -2.420677667755422480, 2.820823052172256595, -0.5335294918438507894 ) ) ;
#2859 = CARTESIAN_POINT ( 'NONE',  ( 2.445846716700783574, 3.114517009802463932, 0.6384201909974950295 ) ) ;
#2860 = LINE ( 'NONE', #2824, #1887 ) ;
#2861 = VERTEX_POINT ( 'NONE', #1107 ) ;
#2862 = CARTESIAN_POINT ( 'NONE',  ( -2.148649476701630867, 2.929288491949587847, -0.5722671489071835538 ) ) ;
#2863 = AXIS2_PLACEMENT_3D ( 'NONE', #2688, #1359, #2429 ) ;
#2864 = ADVANCED_FACE ( 'NONE', ( #838 ), #1844, .T. ) ;
#2865 = ORIENTED_EDGE ( 'NONE', *, *, #2212, .T. ) ;
#2866 = ORIENTED_EDGE ( 'NONE', *, *, #824, .F. ) ;
#2867 = DIRECTION ( 'NONE',  ( 1.239088197126290817E-16, -1.000000000000000000, 0.000000000000000000 ) ) ;
#2868 = ADVANCED_FACE ( 'NONE', ( #2085 ), #94, .T. ) ;
#2869 = CARTESIAN_POINT ( 'NONE',  ( -2.387143312442184140, 2.506940475009473701, 0.3009668814449183438 ) ) ;
#2870 = VERTEX_POINT ( 'NONE', #908 ) ;
#2871 = FACE_OUTER_BOUND ( 'NONE', #1486, .T. ) ;
#2872 = EDGE_CURVE ( 'NONE', #2870, #1964, #1539, .T. ) ;
#2873 = CARTESIAN_POINT ( 'NONE',  ( -2.599622297543968230, 2.512242076111192102, 0.01373712374811106827 ) ) ;
#2874 = CIRCLE ( 'NONE', #2538, 0.2500000000000003886 ) ;
#2875 = CARTESIAN_POINT ( 'NONE',  ( 2.450000016674862113, 3.212631947311754388, 0.7008346110107274152 ) ) ;
#2876 = ADVANCED_FACE ( 'NONE', ( #1987 ), #633, .F. ) ;
#2877 = CIRCLE ( 'NONE', #1362, 0.2500000000000003886 ) ;
#2878 = CARTESIAN_POINT ( 'NONE',  ( -2.062500000000000444, 6.447354790610810404, -1.644868767982617497 ) ) ;
#2879 = CIRCLE ( 'NONE', #3103, 0.2500000000000003886 ) ;
#2880 = ORIENTED_EDGE ( 'NONE', *, *, #3327, .F. ) ;
#2881 = DIRECTION ( 'NONE',  ( 0.000000000000000000, -1.000000000000000000, 0.000000000000000000 ) ) ;
#2882 = ORIENTED_EDGE ( 'NONE', *, *, #2315, .T. ) ;
#2883 = ORIENTED_EDGE ( 'NONE', *, *, #25, .F. ) ;
#2884 = CARTESIAN_POINT ( 'NONE',  ( 2.663303882850233339, 2.575213816335485628, -6.789316715465979592E-18 ) ) ;
#2885 = CARTESIAN_POINT ( 'NONE',  ( -2.355569874378176554, 0.6831730176127753795, 0.000000000000000000 ) ) ;
#2886 = DIRECTION ( 'NONE',  ( -1.239088197126290817E-16, 1.000000000000000000, 0.000000000000000000 ) ) ;
#2887 = ORIENTED_EDGE ( 'NONE', *, *, #2273, .F. ) ;
#2888 = CYLINDRICAL_SURFACE ( 'NONE', #123, 0.5000000000000000000 ) ;
#2889 = DIRECTION ( 'NONE',  ( 0.000000000000000000, 0.000000000000000000, -1.000000000000000000 ) ) ;
#2890 = EDGE_CURVE ( 'NONE', #55, #2780, #1298, .T. ) ;
#2891 = DIRECTION ( 'NONE',  ( 1.000000000000000000, -0.000000000000000000, -0.000000000000000000 ) ) ;
#2892 = CIRCLE ( 'NONE', #2107, 1.061819921150952917 ) ;
#2893 = DIRECTION ( 'NONE',  ( 0.07915757789729337135, 0.9387868345036002315, 0.3352810123227142891 ) ) ;
#2894 = ORIENTED_EDGE ( 'NONE', *, *, #2054, .F. ) ;
#2895 = LINE ( 'NONE', #2930, #430 ) ;
#2896 = CIRCLE ( 'NONE', #3067, 1.375000000000000444 ) ;
#2897 = CARTESIAN_POINT ( 'NONE',  ( -1.500000000000000444, 1.302229073219968614, -3.061616997868387332E-17 ) ) ;
#2898 = ORIENTED_EDGE ( 'NONE', *, *, #1742, .T. ) ;
#2899 = CARTESIAN_POINT ( 'NONE',  ( -0.6997103540780005293, 6.956102457295898489, -1.192839415335509079 ) ) ;
#2900 = AXIS2_PLACEMENT_3D ( 'NONE', #2263, #2522, #1185 ) ;
#2901 = CARTESIAN_POINT ( 'NONE',  ( 2.750000000000000000, 7.000000000000000888, -1.700000000000000178 ) ) ;
#2902 = ORIENTED_EDGE ( 'NONE', *, *, #1822, .T. ) ;
#2903 = DIRECTION ( 'NONE',  ( -0.000000000000000000, -0.000000000000000000, 1.000000000000000000 ) ) ;
#2904 = CARTESIAN_POINT ( 'NONE',  ( -2.141607978309961080, 2.506940475009473701, -0.2070924259019275293 ) ) ;
#2905 = EDGE_CURVE ( 'NONE', #3434, #949, #1135, .T. ) ;
#2906 = CARTESIAN_POINT ( 'NONE',  ( -2.599546768566014521, 2.512216485172109603, 0.01373712374811116715 ) ) ;
#2907 = CYLINDRICAL_SURFACE ( 'NONE', #3241, 1.105290418778385853 ) ;
#2908 = EDGE_CURVE ( 'NONE', #2021, #2370, #459, .T. ) ;
#2909 = CARTESIAN_POINT ( 'NONE',  ( 2.433203980775002773, 3.006940475009473257, -0.5999999999999999778 ) ) ;
#2910 = EDGE_LOOP ( 'NONE', ( #1871, #988, #1268, #618 ) ) ;
#2911 = UNCERTAINTY_MEASURE_WITH_UNIT (LENGTH_MEASURE( 1.000000000000000082E-05 ), #1124, 'distance_accuracy_value', 'NONE');
#2912 = CYLINDRICAL_SURFACE ( 'NONE', #1379, 0.8812837730998229757 ) ;
#2913 = B_SPLINE_CURVE_WITH_KNOTS ( 'NONE', 3,
 ( #474, #3355, #2858, #3371 ),
 .UNSPECIFIED., .F., .F.,
 ( 4, 4 ),
 ( 0.000000000000000000, 0.0005937458050204162284 ),
 .UNSPECIFIED. ) ;
#2914 = EDGE_LOOP ( 'NONE', ( #1550, #898, #184, #1673 ) ) ;
#2915 = AXIS2_PLACEMENT_3D ( 'NONE', #3280, #830, #863 ) ;
#2916 = EDGE_LOOP ( 'NONE', ( #1750, #1368, #2402, #2363 ) ) ;
#2917 = CARTESIAN_POINT ( 'NONE',  ( -2.449999999999999734, 5.256569860407206640, -1.700000000000000178 ) ) ;
#2918 = CIRCLE ( 'NONE', #1689, 0.2166666666666666463 ) ;
#2919 = CARTESIAN_POINT ( 'NONE',  ( 1.961139748756348444, -7.824555232024774898E-18, 0.000000000000000000 ) ) ;
#2920 = VERTEX_POINT ( 'NONE', #3156 ) ;
#2921 = CARTESIAN_POINT ( 'NONE',  ( -2.078126959570745669, 3.006940475009473701, 0.5999999999999996447 ) ) ;
#2922 = CARTESIAN_POINT ( 'NONE',  ( -1.880079349731715643, 2.882503549446627567, 0.3174774265215485891 ) ) ;
#2923 = CARTESIAN_POINT ( 'NONE',  ( -2.750000000000000888, 5.894709581221616368, -2.000000000000000000 ) ) ;
#2924 = CARTESIAN_POINT ( 'NONE',  ( 2.750000000000000000, 0.000000000000000000, 0.000000000000000000 ) ) ;
#2925 = EDGE_CURVE ( 'NONE', #1731, #2870, #3408, .T. ) ;
#2926 = AXIS2_PLACEMENT_3D ( 'NONE', #1356, #518, #1326 ) ;
#2927 = CARTESIAN_POINT ( 'NONE',  ( 2.750000000000000000, 3.506940475009473701, -2.000000000000000000 ) ) ;
#2928 = AXIS2_PLACEMENT_3D ( 'NONE', #1721, #2002, #1421 ) ;
#2929 = ORIENTED_EDGE ( 'NONE', *, *, #632, .T. ) ;
#2930 = CARTESIAN_POINT ( 'NONE',  ( -2.062500000000001332, 6.447354790610811293, -2.000000000000000000 ) ) ;
#2931 = TOROIDAL_SURFACE ( 'NONE', #799, 1.061819921150952917, 0.2999999999999999889 ) ;
#2932 = EDGE_CURVE ( 'NONE', #2564, #719, #1033, .T. ) ;
#2933 = ORIENTED_EDGE ( 'NONE', *, *, #1085, .T. ) ;
#2934 = ORIENTED_EDGE ( 'NONE', *, *, #232, .T. ) ;
#2935 = AXIS2_PLACEMENT_3D ( 'NONE', #3341, #3034, #1347 ) ;
#2936 = CARTESIAN_POINT ( 'NONE',  ( -2.600000000000000533, 2.506940475009471925, 0.000000000000000000 ) ) ;
#2937 = PRESENTATION_STYLE_ASSIGNMENT (( #1589 ) ) ;
#2938 = ADVANCED_FACE ( 'NONE', ( #652 ), #3421, .F. ) ;
#2939 = CARTESIAN_POINT ( 'NONE',  ( -2.454827955737323375, 2.506940475009473701, -0.3000000000024909963 ) ) ;
#2940 = ORIENTED_EDGE ( 'NONE', *, *, #1943, .F. ) ;
#2941 = CARTESIAN_POINT ( 'NONE',  ( 2.079701248760074783, 2.517033065058897012, -0.3162285317572325893 ) ) ;
#2942 = CARTESIAN_POINT ( 'NONE',  ( 1.737339936042656241, 3.149787339239029205, -0.6685086073886851166 ) ) ;
#2943 = CARTESIAN_POINT ( 'NONE',  ( -2.579153757352973031, 2.510275362579960756, 0.1464729147968848455 ) ) ;
#2944 = CARTESIAN_POINT ( 'NONE',  ( -2.139218514623236977, 2.506940475011765201, 0.1530970526373730267 ) ) ;
#2945 = CARTESIAN_POINT ( 'NONE',  ( 2.105569874378174777, 0.2501603157205564143, -3.061616997868387948E-17 ) ) ;
#2946 = EDGE_LOOP ( 'NONE', ( #96, #1323, #1209, #2220 ) ) ;
#2947 = VECTOR ( 'NONE', #701, 1000.000000000000000 ) ;
#2948 = CARTESIAN_POINT ( 'NONE',  ( -2.252711963978886178, 2.506940475009474589, -0.3000000000000007661 ) ) ;
#2949 = DIRECTION ( 'NONE',  ( 1.000000000000000000, 0.000000000000000000, 0.000000000000000000 ) ) ;
#2950 = VERTEX_POINT ( 'NONE', #1810 ) ;
#2951 = CARTESIAN_POINT ( 'NONE',  ( -1.912499999999999645, 6.296639832727858987, -1.924330376838830015 ) ) ;
#2952 = EDGE_CURVE ( 'NONE', #753, #3024, #1928, .T. ) ;
#2953 = DIRECTION ( 'NONE',  ( -0.000000000000000000, 0.000000000000000000, 1.000000000000000000 ) ) ;
#2954 = CARTESIAN_POINT ( 'NONE',  ( -1.976121585790107105, 2.788966439334298109, -0.5111923642353507491 ) ) ;
#2955 = ORIENTED_EDGE ( 'NONE', *, *, #1650, .T. ) ;
#2956 = DIRECTION ( 'NONE',  ( 0.000000000000000000, -0.000000000000000000, -1.000000000000000000 ) ) ;
#2957 = AXIS2_PLACEMENT_3D ( 'NONE', #2145, #3215, #1139 ) ;
#2958 = CARTESIAN_POINT ( 'NONE',  ( 2.078126959570735011, 3.006940475009473257, -0.5999999999999999778 ) ) ;
#2959 = B_SPLINE_CURVE_WITH_KNOTS ( 'NONE', 3,
 ( #2712, #1399, #389, #1456, #1929, #91 ),
 .UNSPECIFIED., .F., .F.,
 ( 4, 2, 4 ),
 ( 0.000000000000000000, 0.0001900008523457628277, 0.0003800017046915256554 ),
 .UNSPECIFIED. ) ;
#2960 = CARTESIAN_POINT ( 'NONE',  ( -2.050559409365691810, 2.545591073020814221, -0.07737704853349867962 ) ) ;
#2961 = DIRECTION ( 'NONE',  ( 1.000000000000000000, -1.239088197126291063E-16, 0.000000000000000000 ) ) ;
#2962 = DIRECTION ( 'NONE',  ( 0.000000000000000000, 0.000000000000000000, 1.000000000000000000 ) ) ;
#2963 = VERTEX_POINT ( 'NONE', #393 ) ;
#2964 = CARTESIAN_POINT ( 'NONE',  ( 2.481526720518079099, 6.072795084704707413, 1.700000000000000178 ) ) ;
#2965 =( NAMED_UNIT ( * ) SI_UNIT ( $, .STERADIAN. ) SOLID_ANGLE_UNIT ( ) );
#2966 = CYLINDRICAL_SURFACE ( 'NONE', #2957, 1.486606874731850159 ) ;
#2967 = ORIENTED_EDGE ( 'NONE', *, *, #895, .T. ) ;
#2968 = CARTESIAN_POINT ( 'NONE',  ( -2.449999999999999734, 3.212384711734387999, 0.7005837750197229097 ) ) ;
#2969 = EDGE_CURVE ( 'NONE', #1318, #135, #2529, .T. ) ;
#2970 = CARTESIAN_POINT ( 'NONE',  ( 1.912500000000000977, 6.296639832727860764, 1.924330376838829126 ) ) ;
#2971 = CARTESIAN_POINT ( 'NONE',  ( -2.749999999999999556, 3.387438051489592539, -0.4580244416706583666 ) ) ;
#2972 = AXIS2_PLACEMENT_3D ( 'NONE', #2053, #1203, #1186 ) ;
#2973 = ORIENTED_EDGE ( 'NONE', *, *, #748, .F. ) ;
#2974 = CARTESIAN_POINT ( 'NONE',  ( -2.630743429218022733, 2.399527992224332440, -0.1923339798173913373 ) ) ;
#2975 = CIRCLE ( 'NONE', #1857, 1.075000000000000400 ) ;
#2976 = CARTESIAN_POINT ( 'NONE',  ( -2.240102708768680451, 5.894709581221616368, 2.000000000000000000 ) ) ;
#2977 = EDGE_CURVE ( 'NONE', #1181, #2341, #501, .T. ) ;
#2978 = CARTESIAN_POINT ( 'NONE',  ( -2.260122239826447998, 2.506940475009473701, 0.2469561679771330731 ) ) ;
#2979 = DIRECTION ( 'NONE',  ( 0.000000000000000000, 1.000000000000000000, 0.000000000000000000 ) ) ;
#2980 = ORIENTED_EDGE ( 'NONE', *, *, #2481, .F. ) ;
#2981 = CARTESIAN_POINT ( 'NONE',  ( 1.961139748756348444, -7.824555232024774898E-18, 0.000000000000000000 ) ) ;
#2982 = AXIS2_PLACEMENT_3D ( 'NONE', #605, #99, #2516 ) ;
#2983 = CARTESIAN_POINT ( 'NONE',  ( 1.250000000000000000, 1.302229073219968614, 0.000000000000000000 ) ) ;
#2984 = ORIENTED_EDGE ( 'NONE', *, *, #1004, .T. ) ;
#2985 =( LENGTH_UNIT ( ) NAMED_UNIT ( * ) SI_UNIT ( .MILLI., .METRE. ) );
#2986 = CIRCLE ( 'NONE', #850, 0.09999999999999982514 ) ;
#2987 = CARTESIAN_POINT ( 'NONE',  ( 2.433203980775002773, 3.006940475009473257, -0.5999999999999998668 ) ) ;
#2988 = CIRCLE ( 'NONE', #852, 0.2166666666666666463 ) ;
#2989 = EDGE_LOOP ( 'NONE', ( #1556, #3255, #1572, #1800 ) ) ;
#2990 = EDGE_LOOP ( 'NONE', ( #2306, #2489, #229, #906, #2257 ) ) ;
#2991 = CARTESIAN_POINT ( 'NONE',  ( 1.709668149882771715, 6.646964480509180540, 1.744480656488706982 ) ) ;
#2992 = CARTESIAN_POINT ( 'NONE',  ( 2.062500000000000000, 6.447354790610810404, -1.644868767982617275 ) ) ;
#2993 = FACE_OUTER_BOUND ( 'NONE', #3077, .T. ) ;
#2994 = CARTESIAN_POINT ( 'NONE',  ( 2.750000000000000444, 4.381755167708339727, -1.118716226900177357 ) ) ;
#2995 = CARTESIAN_POINT ( 'NONE',  ( 1.606091268862460009, 6.539448612195821298, -1.829545778261467470 ) ) ;
#2996 = EDGE_CURVE ( 'NONE', #817, #1198, #2483, .T. ) ;
#2997 = PRODUCT_DEFINITION ( 'UNKNOWN', '', #2419, #2140 ) ;
#2998 = EDGE_LOOP ( 'NONE', ( #32, #1641, #723, #768 ) ) ;
#2999 = DIRECTION ( 'NONE',  ( 1.000000000000000000, 0.000000000000000000, 0.000000000000000000 ) ) ;
#3000 = AXIS2_PLACEMENT_3D ( 'NONE', #1173, #40, #2175 ) ;
#3001 = CARTESIAN_POINT ( 'NONE',  ( -2.099459443872002229, 2.516256953657840079, 0.01050895372857143725 ) ) ;
#3002 = EDGE_LOOP ( 'NONE', ( #2200, #471, #1086, #2743 ) ) ;
#3003 = CARTESIAN_POINT ( 'NONE',  ( -2.750000000000000000, 3.293280582485998309, 0.7826577067908028207 ) ) ;
#3004 = CARTESIAN_POINT ( 'NONE',  ( -2.449999999999999734, 7.000000000000000000, -1.700000000000000178 ) ) ;
#3005 = EDGE_LOOP ( 'NONE', ( #1984, #3254, #2534, #1712 ) ) ;
#3006 = ORIENTED_EDGE ( 'NONE', *, *, #721, .F. ) ;
#3007 = CARTESIAN_POINT ( 'NONE',  ( -2.567494221876385652, 2.506940475009473701, 0.01373712374811123828 ) ) ;
#3008 = FACE_OUTER_BOUND ( 'NONE', #1412, .T. ) ;
#3009 = CARTESIAN_POINT ( 'NONE',  ( 0.3520720119311096519, 6.988726564359390103, 1.044511507341068679 ) ) ;
#3010 = CARTESIAN_POINT ( 'NONE',  ( 1.936916557732589750, 2.832549786857983865, 0.2889324193280374264 ) ) ;
#3011 = EDGE_CURVE ( 'NONE', #3162, #1850, #1424, .T. ) ;
#3012 = DIRECTION ( 'NONE',  ( 0.000000000000000000, 0.000000000000000000, 1.000000000000000000 ) ) ;
#3013 = AXIS2_PLACEMENT_3D ( 'NONE', #1315, #2893, #1841 ) ;
#3014 = EDGE_CURVE ( 'NONE', #65, #2229, #460, .T. ) ;
#3015 = ORIENTED_EDGE ( 'NONE', *, *, #645, .F. ) ;
#3016 = DIRECTION ( 'NONE',  ( -1.000000000000000000, 0.000000000000000000, 7.958370601146167476E-12 ) ) ;
#3017 = CARTESIAN_POINT ( 'NONE',  ( -2.750000000000000000, 3.506940475009473701, 0.5720646149600001618 ) ) ;
#3018 = EDGE_LOOP ( 'NONE', ( #2934, #791, #2469, #2726, #851, #3113, #2340, #2580, #2727, #1406 ) ) ;
#3019 = CARTESIAN_POINT ( 'NONE',  ( 2.420677667755422480, 2.820823052172256595, 0.5335294918438511225 ) ) ;
#3020 = DIRECTION ( 'NONE',  ( 0.000000000000000000, 1.000000000000000000, 0.000000000000000000 ) ) ;
#3021 = EDGE_CURVE ( 'NONE', #1445, #3302, #2431, .T. ) ;
#3022 = APPLICATION_PROTOCOL_DEFINITION ( 'draft international standard', 'automotive_design', 1998, #1229 ) ;
#3023 = EDGE_LOOP ( 'NONE', ( #3293, #1537, #2455, #3051 ) ) ;
#3024 = VERTEX_POINT ( 'NONE', #542 ) ;
#3025 = CARTESIAN_POINT ( 'NONE',  ( -1.922119579205568529, 3.105314868946551066, -0.6351337121203834979 ) ) ;
#3026 = CARTESIAN_POINT ( 'NONE',  ( -2.078126959570745225, 3.107841394108920241, -0.3174774265215487556 ) ) ;
#3027 = CARTESIAN_POINT ( 'NONE',  ( 1.734089167189336811, 6.636962873338837277, 1.576235018903742180 ) ) ;
#3028 = CARTESIAN_POINT ( 'NONE',  ( 2.043994103078073721, 2.584205124924309871, -7.411233236672927599E-13 ) ) ;
#3029 = CIRCLE ( 'NONE', #676, 0.2999999999999999334 ) ;
#3030 = CARTESIAN_POINT ( 'NONE',  ( 2.026575086699500705, 6.468096048975469081, -1.857399483045644617 ) ) ;
#3031 = ADVANCED_FACE ( 'NONE', ( #2102 ), #892, .F. ) ;
#3032 = ORIENTED_EDGE ( 'NONE', *, *, #3393, .F. ) ;
#3033 = CYLINDRICAL_SURFACE ( 'NONE', #2778, 5.049999999999986500 ) ;
#3034 = DIRECTION ( 'NONE',  ( -1.000000000000000000, 1.239088197126291063E-16, -0.000000000000000000 ) ) ;
#3035 = B_SPLINE_CURVE_WITH_KNOTS ( 'NONE', 3,
 ( #2008, #671, #1247, #412 ),
 .UNSPECIFIED., .F., .F.,
 ( 4, 4 ),
 ( 0.000000000000000000, 0.0003451145571566130443 ),
 .UNSPECIFIED. ) ;
#3036 = CARTESIAN_POINT ( 'NONE',  ( 2.433203980775002773, 3.006940475009473257, -0.5999999999999994227 ) ) ;
#3037 = ORIENTED_EDGE ( 'NONE', *, *, #1692, .T. ) ;
#3038 =( LENGTH_UNIT ( ) NAMED_UNIT ( * ) SI_UNIT ( .MILLI., .METRE. ) );
#3039 = DIRECTION ( 'NONE',  ( 0.000000000000000000, 0.000000000000000000, 1.000000000000000000 ) ) ;
#3040 = AXIS2_PLACEMENT_3D ( 'NONE', #1609, #255, #537 ) ;
#3041 = ADVANCED_FACE ( 'NONE', ( #1314 ), #575, .T. ) ;
#3042 = DIRECTION ( 'NONE',  ( -9.637352644315595243E-17, 1.000000000000000000, 0.000000000000000000 ) ) ;
#3043 = ORIENTED_EDGE ( 'NONE', *, *, #2908, .F. ) ;
#3044 = ORIENTED_EDGE ( 'NONE', *, *, #1739, .F. ) ;
#3045 = CARTESIAN_POINT ( 'NONE',  ( -2.567494221876385652, 2.506940475009474145, 0.06953301305431248969 ) ) ;
#3046 = CIRCLE ( 'NONE', #193, 0.2166666666666666463 ) ;
#3047 = CARTESIAN_POINT ( 'NONE',  ( 2.324129199875283103, 2.506940475009473701, -0.2999999999999999889 ) ) ;
#3048 = CARTESIAN_POINT ( 'NONE',  ( 2.749999999999999556, 5.256569860407206640, -2.000000000000000000 ) ) ;
#3049 = CARTESIAN_POINT ( 'NONE',  ( -2.057092552840501298, 2.506940475009473701, 0.01050895372974224376 ) ) ;
#3050 = FACE_OUTER_BOUND ( 'NONE', #2989, .T. ) ;
#3051 = ORIENTED_EDGE ( 'NONE', *, *, #977, .F. ) ;
#3052 = DIRECTION ( 'NONE',  ( -1.239088197126291063E-16, -1.000000000000000000, 0.000000000000000000 ) ) ;
#3053 = CARTESIAN_POINT ( 'NONE',  ( 2.645687712404384495, 2.506940475009473701, -1.799754944905199434E-14 ) ) ;
#3054 = EDGE_LOOP ( 'NONE', ( #585, #2498, #2880, #1560 ) ) ;
#3055 = CARTESIAN_POINT ( 'NONE',  ( -0.1638507603889143294, 7.000000000000004441, 0.9978980930876432121 ) ) ;
#3056 = CIRCLE ( 'NONE', #3117, 0.2999999999999999334 ) ;
#3057 =( LENGTH_UNIT ( ) NAMED_UNIT ( * ) SI_UNIT ( .MILLI., .METRE. ) );
#3058 = VERTEX_POINT ( 'NONE', #506 ) ;
#3059 = ORIENTED_EDGE ( 'NONE', *, *, #2925, .T. ) ;
#3060 = CARTESIAN_POINT ( 'NONE',  ( 2.750000000000000000, 3.506940475009473701, -0.5720646149599997177 ) ) ;
#3061 = ADVANCED_FACE ( 'NONE', ( #2365 ), #1363, .T. ) ;
#3062 = TOROIDAL_SURFACE ( 'NONE', #2385, 0.4666666666666670626, 0.2500000000000003886 ) ;
#3063 = CARTESIAN_POINT ( 'NONE',  ( -2.750000000000000000, 7.000000000000000000, 2.000000000000000000 ) ) ;
#3064 = CARTESIAN_POINT ( 'NONE',  ( 2.078126959570735011, 3.006940475009473257, -0.5999999999999999778 ) ) ;
#3065 = DIRECTION ( 'NONE',  ( 0.000000000000000000, -0.000000000000000000, -1.000000000000000000 ) ) ;
#3066 = CARTESIAN_POINT ( 'NONE',  ( -2.750000000000000444, 2.750712707568149007, -1.317437748835728506 ) ) ;
#3067 = AXIS2_PLACEMENT_3D ( 'NONE', #302, #1372, #2438 ) ;
#3068 = CARTESIAN_POINT ( 'NONE',  ( 2.450000000000000622, 3.506940475009473257, -1.225301132807386839 ) ) ;
#3069 = VECTOR ( 'NONE', #1998, 1000.000000000000000 ) ;
#3070 = CARTESIAN_POINT ( 'NONE',  ( -2.450000000000000178, 4.381755167708339727, 1.118716226900177357 ) ) ;
#3071 = DIRECTION ( 'NONE',  ( -0.000000000000000000, 0.000000000000000000, 1.000000000000000000 ) ) ;
#3072 = ORIENTED_EDGE ( 'NONE', *, *, #2503, .F. ) ;
#3073 = CARTESIAN_POINT ( 'NONE',  ( -2.078126959570744781, 3.006940475009473257, -0.5999999999999999778 ) ) ;
#3074 = CARTESIAN_POINT ( 'NONE',  ( -2.350000000000000533, 2.506940475009473701, 0.000000000000000000 ) ) ;
#3075 = EDGE_CURVE ( 'NONE', #479, #2644, #360, .T. ) ;
#3076 = ORIENTED_EDGE ( 'NONE', *, *, #3228, .F. ) ;
#3077 = EDGE_LOOP ( 'NONE', ( #2093, #2239, #709, #655, #674, #396 ) ) ;
#3078 = CARTESIAN_POINT ( 'NONE',  ( 1.841019422616873236, 2.933005929577364501, -0.5518906143865394132 ) ) ;
#3079 = CARTESIAN_POINT ( 'NONE',  ( -2.644177709272685473, 2.562883218573150046, 0.1562567475975131515 ) ) ;
#3080 = B_SPLINE_CURVE_WITH_KNOTS ( 'NONE', 3,
 ( #1295, #1808, #2673, #2921 ),
 .UNSPECIFIED., .F., .F.,
 ( 4, 4 ),
 ( 4.720660090934228629E-05, 0.0006435847399427547426 ),
 .UNSPECIFIED. ) ;
#3081 = DIRECTION ( 'NONE',  ( 0.000000000000000000, -1.000000000000000000, 0.000000000000000000 ) ) ;
#3082 = CARTESIAN_POINT ( 'NONE',  ( 1.375000000000000444, 5.256569860407206640, -2.000000000000000000 ) ) ;
#3083 = DIRECTION ( 'NONE',  ( 0.000000000000000000, -1.000000000000000000, 0.000000000000000000 ) ) ;
#3084 = EDGE_CURVE ( 'NONE', #1785, #2722, #1715, .T. ) ;
#3085 = AXIS2_PLACEMENT_3D ( 'NONE', #3082, #3065, #665 ) ;
#3086 = CARTESIAN_POINT ( 'NONE',  ( -1.601850826082808155, 1.485972827387193940, 0.000000000000000000 ) ) ;
#3087 = ADVANCED_FACE ( 'NONE', ( #3244 ), #1856, .F. ) ;
#3088 = B_SPLINE_CURVE_WITH_KNOTS ( 'NONE', 3,
 ( #2922, #2676, #505, #1060, #276, #746 ),
 .UNSPECIFIED., .F., .F.,
 ( 4, 2, 4 ),
 ( 0.000000000000000000, 0.0002362094758901117154, 0.0004724189517802233223 ),
 .UNSPECIFIED. ) ;
#3089 = CARTESIAN_POINT ( 'NONE',  ( -2.714229615265351114, 2.901147054401057801, 0.2449856205182114888 ) ) ;
#3090 = ORIENTED_EDGE ( 'NONE', *, *, #2628, .F. ) ;
#3091 = CARTESIAN_POINT ( 'NONE',  ( 2.029779448997757196, 2.661281573136216050, 0.1236687681688326407 ) ) ;
#3092 = CARTESIAN_POINT ( 'NONE',  ( -1.912499999999999645, 6.296639832727858987, -1.924330376838830015 ) ) ;
#3093 = ORIENTED_EDGE ( 'NONE', *, *, #2481, .T. ) ;
#3094 = ORIENTED_EDGE ( 'NONE', *, *, #1591, .F. ) ;
#3095 = EDGE_LOOP ( 'NONE', ( #1431, #3133, #2714, #3234 ) ) ;
#3096 = DIRECTION ( 'NONE',  ( 0.000000000000000000, 1.000000000000000000, 0.000000000000000000 ) ) ;
#3097 = CARTESIAN_POINT ( 'NONE',  ( 2.250000000000000444, -9.000000000000000000, -3.061616997868389181E-17 ) ) ;
#3098 = CIRCLE ( 'NONE', #630, 0.2999999999999999334 ) ;
#3099 = CARTESIAN_POINT ( 'NONE',  ( 2.061223766249976386, 2.506940475009473701, 1.352095985009285636E-14 ) ) ;
#3100 = CIRCLE ( 'NONE', #965, 0.2500000000000003886 ) ;
#3101 = DIRECTION ( 'NONE',  ( 0.5936183449436386317, -0.8047467058313289012, 0.000000000000000000 ) ) ;
#3102 = CARTESIAN_POINT ( 'NONE',  ( 2.500000000000000444, -9.000000000000000000, 0.000000000000000000 ) ) ;
#3103 = AXIS2_PLACEMENT_3D ( 'NONE', #488, #1345, #2889 ) ;
#3104 = CARTESIAN_POINT ( 'NONE',  ( 2.676467813739531909, 2.645338019274367625, -0.07225550416630090178 ) ) ;
#3105 = AXIS2_PLACEMENT_3D ( 'NONE', #3070, #2332, #196 ) ;
#3106 = CARTESIAN_POINT ( 'NONE',  ( -2.141607978309961080, 2.506940475009473701, 0.01050895372737782087 ) ) ;
#3107 = EDGE_CURVE ( 'NONE', #3143, #2583, #420, .T. ) ;
#3108 = DIRECTION ( 'NONE',  ( -0.000000000000000000, -0.000000000000000000, -1.000000000000000000 ) ) ;
#3109 = ORIENTED_EDGE ( 'NONE', *, *, #1207, .F. ) ;
#3110 = DIRECTION ( 'NONE',  ( -0.5299192642331999048, -0.8480480961564292874, 0.000000000000000000 ) ) ;
#3111 = CARTESIAN_POINT ( 'NONE',  ( -1.880079349731715643, 2.882503549446627567, -0.3174774265215485891 ) ) ;
#3112 = ORIENTED_EDGE ( 'NONE', *, *, #999, .T. ) ;
#3113 = ORIENTED_EDGE ( 'NONE', *, *, #1266, .T. ) ;
#3114 = ORIENTED_EDGE ( 'NONE', *, *, #1585, .F. ) ;
#3115 = CARTESIAN_POINT ( 'NONE',  ( -2.287964729184820190, 2.506940475009473257, 0.2548358284841200638 ) ) ;
#3116 = CARTESIAN_POINT ( 'NONE',  ( -1.398288158166311135, 6.772432962159992798, -1.460711811607904309 ) ) ;
#3117 = AXIS2_PLACEMENT_3D ( 'NONE', #1227, #706, #2846 ) ;
#3118 = CARTESIAN_POINT ( 'NONE',  ( -2.529991244772606063, 2.506940475009474589, 0.2570820310546025889 ) ) ;
#3119 = CARTESIAN_POINT ( 'NONE',  ( 1.549999999999999156, 3.006940475009473257, 0.5806614818910830200 ) ) ;
#3120 = VECTOR ( 'NONE', #413, 1000.000000000000000 ) ;
#3121 = CARTESIAN_POINT ( 'NONE',  ( 1.305126233592438290, 6.706410141046533546, 1.676099877866346732 ) ) ;
#3122 = CARTESIAN_POINT ( 'NONE',  ( 2.307667995011192907, 2.586051903751182213, 0.3719194806742803783 ) ) ;
#3123 = EDGE_CURVE ( 'NONE', #186, #2492, #972, .T. ) ;
#3124 = CARTESIAN_POINT ( 'NONE',  ( -2.732143179560793111, 3.082635136367833262, 0.3174774265215488112 ) ) ;
#3125 = EDGE_CURVE ( 'NONE', #3364, #3195, #2874, .T. ) ;
#3126 = VECTOR ( 'NONE', #2809, 1000.000000000000000 ) ;
#3127 = ORIENTED_EDGE ( 'NONE', *, *, #1174, .T. ) ;
#3128 = CARTESIAN_POINT ( 'NONE',  ( 1.934366917149217269, 2.834790645354173133, 0.2902129944808419793 ) ) ;
#3129 = DIRECTION ( 'NONE',  ( 0.000000000000000000, 1.000000000000000000, 0.000000000000000000 ) ) ;
#3130 = B_SPLINE_CURVE_WITH_KNOTS ( 'NONE', 3,
 ( #3161, #1618, #1829, #2509, #1915, #1423 ),
 .UNSPECIFIED., .F., .F.,
 ( 4, 2, 4 ),
 ( 1.056095841966512533E-17, 0.0002182031855275281932, 0.0004364063710550458155 ),
 .UNSPECIFIED. ) ;
#3131 = ADVANCED_FACE ( 'NONE', ( #902 ), #104, .T. ) ;
#3132 = VERTEX_POINT ( 'NONE', #3334 ) ;
#3133 = ORIENTED_EDGE ( 'NONE', *, *, #470, .F. ) ;
#3134 = DIRECTION ( 'NONE',  ( 0.000000000000000000, 0.000000000000000000, -1.000000000000000000 ) ) ;
#3135 = CARTESIAN_POINT ( 'NONE',  ( -2.217340709495609463, 2.819165224963936289, 0.5236711347879663414 ) ) ;
#3136 = ADVANCED_FACE ( 'NONE', ( #2993 ), #611, .T. ) ;
#3137 = CARTESIAN_POINT ( 'NONE',  ( 2.251339457811518230, 2.506940475009474145, -0.2909989979800681748 ) ) ;
#3138 = VERTEX_POINT ( 'NONE', #2261 ) ;
#3139 = CARTESIAN_POINT ( 'NONE',  ( -2.750000000000000888, 3.506940475009473701, -0.7999999999999996003 ) ) ;
#3140 = LINE ( 'NONE', #957, #1760 ) ;
#3141 = CARTESIAN_POINT ( 'NONE',  ( 2.732143179560791779, 3.082635136367830153, 0.3174774265215475344 ) ) ;
#3142 = DIRECTION ( 'NONE',  ( 0.000000000000000000, -0.7019769727693436767, 0.7121996417449171224 ) ) ;
#3143 = VERTEX_POINT ( 'NONE', #3297 ) ;
#3144 = CARTESIAN_POINT ( 'NONE',  ( 2.338076306553573236, 2.450631428380577681, 0.2564748745688980036 ) ) ;
#3145 = AXIS2_PLACEMENT_3D ( 'NONE', #1059, #2346, #1043 ) ;
#3146 = EDGE_LOOP ( 'NONE', ( #3343, #23, #2535, #3094, #2041 ) ) ;
#3147 = ORIENTED_EDGE ( 'NONE', *, *, #26, .F. ) ;
#3148 = DIRECTION ( 'NONE',  ( 1.239088197126291063E-16, 1.000000000000000000, -0.000000000000000000 ) ) ;
#3149 = LINE ( 'NONE', #2096, #653 ) ;
#3150 = ADVANCED_FACE ( 'NONE', ( #1944 ), #2592, .T. ) ;
#3151 = DIRECTION ( 'NONE',  ( 0.000000000000000000, -0.000000000000000000, -1.000000000000000000 ) ) ;
#3152 = ORIENTED_EDGE ( 'NONE', *, *, #408, .T. ) ;
#3153 = CARTESIAN_POINT ( 'NONE',  ( -1.549999999999999378, 2.506940475009473701, -2.000000000000000000 ) ) ;
#3154 = CARTESIAN_POINT ( 'NONE',  ( -2.566282776131805221, 2.506940475009484803, 0.1415611056392499512 ) ) ;
#3155 = CIRCLE ( 'NONE', #1417, 0.3000000000000000444 ) ;
#3156 = CARTESIAN_POINT ( 'NONE',  ( -2.197206255029652056, 2.506940475009473701, 0.1978738777521735770 ) ) ;
#3157 = CARTESIAN_POINT ( 'NONE',  ( -1.920021659653142310, 2.847398576186395136, -0.5430207504203298230 ) ) ;
#3158 = CIRCLE ( 'NONE', #2037, 0.7888602512436523329 ) ;
#3159 = AXIS2_PLACEMENT_3D ( 'NONE', #2117, #3187, #1597 ) ;
#3160 = ORIENTED_EDGE ( 'NONE', *, *, #2718, .T. ) ;
#3161 = CARTESIAN_POINT ( 'NONE',  ( 2.382454451940482443, 2.506940475009473701, -0.2999999999999999889 ) ) ;
#3162 = VERTEX_POINT ( 'NONE', #327 ) ;
#3163 = ORIENTED_EDGE ( 'NONE', *, *, #338, .T. ) ;
#3164 = CARTESIAN_POINT ( 'NONE',  ( 2.676467813739532353, 2.645338019274367625, 0.07225550416630074912 ) ) ;
#3165 = PLANE ( 'NONE',  #1154 ) ;
#3166 = EDGE_CURVE ( 'NONE', #463, #1785, #2627, .T. ) ;
#3167 = CARTESIAN_POINT ( 'NONE',  ( -2.020794404364434360, 2.685067121231749177, -0.1520183638279903604 ) ) ;
#3168 = EDGE_CURVE ( 'NONE', #3328, #2238, #1205, .T. ) ;
#3169 = ORIENTED_EDGE ( 'NONE', *, *, #1021, .F. ) ;
#3170 = CARTESIAN_POINT ( 'NONE',  ( 1.975949632202911310, 2.776460227285094895, -0.2473558646795324389 ) ) ;
#3171 = DIRECTION ( 'NONE',  ( -1.000000000000000000, 0.000000000000000000, 0.000000000000000000 ) ) ;
#3172 = CARTESIAN_POINT ( 'NONE',  ( 0.000000000000000000, 7.000000000000002665, -0.8947095812216139255 ) ) ;
#3173 = TOROIDAL_SURFACE ( 'NONE', #149, 0.5812837730998230423, 0.2999999999999999889 ) ;
#3174 = FACE_OUTER_BOUND ( 'NONE', #198, .T. ) ;
#3175 = ORIENTED_EDGE ( 'NONE', *, *, #124, .F. ) ;
#3176 = DIRECTION ( 'NONE',  ( 0.000000000000000000, -1.000000000000000000, 0.000000000000000000 ) ) ;
#3177 = CIRCLE ( 'NONE', #1670, 0.2500000000000003886 ) ;
#3178 = ORIENTED_EDGE ( 'NONE', *, *, #1371, .F. ) ;
#3179 = EDGE_LOOP ( 'NONE', ( #3216, #3267, #2323, #415 ) ) ;
#3180 = LINE ( 'NONE', #2126, #834 ) ;
#3181 =( NAMED_UNIT ( * ) PLANE_ANGLE_UNIT ( ) SI_UNIT ( $, .RADIAN. ) );
#3182 = AXIS2_PLACEMENT_3D ( 'NONE', #3369, #2329, #2295 ) ;
#3183 = ADVANCED_FACE ( 'NONE', ( #52 ), #1261, .T. ) ;
#3184 = CARTESIAN_POINT ( 'NONE',  ( -2.043276196994234351, 2.588663136976058432, -0.007744510441243769409 ) ) ;
#3185 = ORIENTED_EDGE ( 'NONE', *, *, #3340, .F. ) ;
#3186 = DIRECTION ( 'NONE',  ( 0.000000000000000000, 0.000000000000000000, -1.000000000000000000 ) ) ;
#3187 = DIRECTION ( 'NONE',  ( 1.000000000000000000, -0.000000000000000000, -0.000000000000000000 ) ) ;
#3188 = CARTESIAN_POINT ( 'NONE',  ( -1.469371010024507873, 1.697984851426302289, 0.000000000000000000 ) ) ;
#3189 = CARTESIAN_POINT ( 'NONE',  ( -2.100220973875779773, 2.515906877563447885, 0.01050895372699018997 ) ) ;
#3190 = DIRECTION ( 'NONE',  ( -0.000000000000000000, -1.000000000000000000, -0.000000000000000000 ) ) ;
#3191 = EDGE_CURVE ( 'NONE', #2387, #167, #1812, .T. ) ;
#3192 = EDGE_CURVE ( 'NONE', #1634, #2508, #2475, .T. ) ;
#3193 = ORIENTED_EDGE ( 'NONE', *, *, #2757, .F. ) ;
#3194 = DIRECTION ( 'NONE',  ( 1.000000000000000000, 0.000000000000000000, 0.000000000000000000 ) ) ;
#3195 = VERTEX_POINT ( 'NONE', #1698 ) ;
#3196 = TOROIDAL_SURFACE ( 'NONE', #176, 0.4666666666666669516, 0.2500000000000003886 ) ;
#3197 = EDGE_LOOP ( 'NONE', ( #1787, #1230, #1610, #2452 ) ) ;
#3198 = DIRECTION ( 'NONE',  ( 0.000000000000000000, -0.000000000000000000, -1.000000000000000000 ) ) ;
#3199 = SURFACE_STYLE_FILL_AREA ( #517 ) ;
#3200 = AXIS2_PLACEMENT_3D ( 'NONE', #1606, #2634, #2669 ) ;
#3201 = CARTESIAN_POINT ( 'NONE',  ( -2.020859343507136696, 2.713530498429832516, -0.4662035917569462562 ) ) ;
#3202 = VERTEX_POINT ( 'NONE', #2521 ) ;
#3203 = FACE_OUTER_BOUND ( 'NONE', #410, .T. ) ;
#3204 = DIRECTION ( 'NONE',  ( 1.239088197126291063E-16, 1.000000000000000000, 0.000000000000000000 ) ) ;
#3205 = DIRECTION ( 'NONE',  ( -1.000000000000000000, 0.000000000000000000, 0.000000000000000000 ) ) ;
#3206 = DIRECTION ( 'NONE',  ( 0.000000000000000000, 1.000000000000000000, 0.000000000000000000 ) ) ;
#3207 = ADVANCED_BREP_SHAPE_REPRESENTATION ( 'FA20C0G2A473JNU00', ( #1294, #1270, #1278, #2202 ), #2759 ) ;
#3208 = CIRCLE ( 'NONE', #1075, 0.7888602512436525549 ) ;
#3209 = DIRECTION ( 'NONE',  ( -0.8499859302578151032, -0.4907396056417456243, 0.1915686765062097063 ) ) ;
#3210 = CIRCLE ( 'NONE', #2763, 0.3000000000000002665 ) ;
#3211 = EDGE_CURVE ( 'NONE', #766, #854, #1236, .T. ) ;
#3212 = ORIENTED_EDGE ( 'NONE', *, *, #273, .T. ) ;
#3213 = DIRECTION ( 'NONE',  ( -1.000000000000000000, -1.239088197126290817E-16, 0.000000000000000000 ) ) ;
#3214 = CIRCLE ( 'NONE', #637, 0.2888602512436518888 ) ;
#3215 = DIRECTION ( 'NONE',  ( 1.000000000000000000, -0.000000000000000000, -0.000000000000000000 ) ) ;
#3216 = ORIENTED_EDGE ( 'NONE', *, *, #721, .T. ) ;
#3217 = CARTESIAN_POINT ( 'NONE',  ( 0.000000000000000000, 7.000000000000001776, -0.8947095812216140365 ) ) ;
#3218 = CARTESIAN_POINT ( 'NONE',  ( 2.226025187303305231, 6.352943479701963270, -1.673682743526846872 ) ) ;
#3219 = CARTESIAN_POINT ( 'NONE',  ( -2.591162497624569294, 2.506940475009473701, -0.08151452475375244033 ) ) ;
#3220 = CARTESIAN_POINT ( 'NONE',  ( -2.196347131327778257, 6.376886184219820564, 1.913126567123411448 ) ) ;
#3221 = ORIENTED_EDGE ( 'NONE', *, *, #3191, .T. ) ;
#3222 = FACE_OUTER_BOUND ( 'NONE', #622, .T. ) ;
#3223 = CARTESIAN_POINT ( 'NONE',  ( -2.450000000000000178, 2.750712707568149007, -1.317437748835728506 ) ) ;
#3224 = DIRECTION ( 'NONE',  ( 0.8480480961564293985, 0.5299192642331995717, 0.000000000000000000 ) ) ;
#3225 = CARTESIAN_POINT ( 'NONE',  ( -1.747692140084121881, 3.149787371329642927, -0.6685086271235836097 ) ) ;
#3226 = CARTESIAN_POINT ( 'NONE',  ( -2.450000000000000178, 3.293280582485998753, -0.7826577067908028207 ) ) ;
#3227 = TOROIDAL_SURFACE ( 'NONE', #204, 1.075000000000000400, 0.2999999999999999889 ) ;
#3228 = EDGE_CURVE ( 'NONE', #2229, #3328, #3458, .T. ) ;
#3229 = ORIENTED_EDGE ( 'NONE', *, *, #3125, .T. ) ;
#3230 = DIRECTION ( 'NONE',  ( -1.000000000000000000, 0.000000000000000000, 0.000000000000000000 ) ) ;
#3231 = EDGE_CURVE ( 'NONE', #73, #2761, #1020, .T. ) ;
#3232 = DIRECTION ( 'NONE',  ( 1.000000000000000000, 0.000000000000000000, 0.000000000000000000 ) ) ;
#3233 = CARTESIAN_POINT ( 'NONE',  ( -2.141607978309961080, 2.506940475009473701, 0.01050895372737775495 ) ) ;
#3234 = ORIENTED_EDGE ( 'NONE', *, *, #1238, .F. ) ;
#3235 = PLANE ( 'NONE',  #345 ) ;
#3236 = CARTESIAN_POINT ( 'NONE',  ( 2.714410228178406825, 2.872327270249458664, -0.2468294224212798094 ) ) ;
#3237 = EDGE_CURVE ( 'NONE', #342, #268, #2836, .T. ) ;
#3238 = CARTESIAN_POINT ( 'NONE',  ( 1.549999999999999378, 3.149787339239029649, 0.6685086073886865599 ) ) ;
#3239 = ORIENTED_EDGE ( 'NONE', *, *, #2561, .F. ) ;
#3240 = CARTESIAN_POINT ( 'NONE',  ( 2.481526720518079099, 6.072795084704707413, 1.700000000000000178 ) ) ;
#3241 = AXIS2_PLACEMENT_3D ( 'NONE', #3456, #507, #1046 ) ;
#3242 = ADVANCED_FACE ( 'NONE', ( #1005 ), #74, .T. ) ;
#3243 = DIRECTION ( 'NONE',  ( 0.000000000000000000, 0.000000000000000000, -1.000000000000000000 ) ) ;
#3244 = FACE_OUTER_BOUND ( 'NONE', #3426, .T. ) ;
#3245 = CARTESIAN_POINT ( 'NONE',  ( 1.880079349731715199, 2.882503549446628011, 0.3174774265215486446 ) ) ;
#3246 = CARTESIAN_POINT ( 'NONE',  ( -2.678577307303585009, 2.657714115526226717, -0.08257344835531026106 ) ) ;
#3247 = ORIENTED_EDGE ( 'NONE', *, *, #1881, .F. ) ;
#3248 = CARTESIAN_POINT ( 'NONE',  ( -2.156000078679269016, 6.051199132303286987, -2.000000000000000000 ) ) ;
#3249 = CARTESIAN_POINT ( 'NONE',  ( 2.026111009152572251, 2.670355857550583689, -0.1342047047146694705 ) ) ;
#3250 = ORIENTED_EDGE ( 'NONE', *, *, #311, .F. ) ;
#3251 = LINE ( 'NONE', #3308, #3455 ) ;
#3252 = FACE_OUTER_BOUND ( 'NONE', #670, .T. ) ;
#3253 = CARTESIAN_POINT ( 'NONE',  ( -2.433203980775002773, 3.006940475009473257, -0.5999999999999995337 ) ) ;
#3254 = ORIENTED_EDGE ( 'NONE', *, *, #2137, .F. ) ;
#3255 = ORIENTED_EDGE ( 'NONE', *, *, #3321, .F. ) ;
#3256 = PLANE ( 'NONE',  #340 ) ;
#3257 = ADVANCED_FACE ( 'NONE', ( #2800 ), #2559, .T. ) ;
#3258 =( BOUNDED_SURFACE ( )  B_SPLINE_SURFACE ( 3, 2, ( 
 ( #116, #1972, #3253 ),
 ( #2166, #339, #1904 ),
 ( #2971, #82, #2476 ),
 ( #839, #2199, #620 ) ),
 .UNSPECIFIED., .F., .F., .T. ) 
 B_SPLINE_SURFACE_WITH_KNOTS ( ( 4, 4 ),
 ( 3, 3 ),
 ( 2.764715539838036307E-18, 0.0004752971476798562587 ),
 ( 0.000000000000000000, 1.000000000000000000 ),
 .UNSPECIFIED. ) 
 GEOMETRIC_REPRESENTATION_ITEM ( )  RATIONAL_B_SPLINE_SURFACE ( (
 ( 1.000000000000000000, 0.7170283373182728681, 1.000000000000000000),
 ( 1.000000000000000000, 0.7175002351834129932, 1.000000000000000000),
 ( 1.000000000000000000, 0.7130825509023900333, 1.000000000000000000),
 ( 1.000000000000000000, 0.7071067811865475727, 1.000000000000000000) ) ) 
 REPRESENTATION_ITEM ( '' )  SURFACE ( )  );
#3259 = COLOUR_RGB ( '',0.7921568627450980005, 0.8196078431372548767, 0.9333333333333333481 ) ;
#3260 = CARTESIAN_POINT ( 'NONE',  ( 2.732143179560791779, 3.082635136367829709, -0.3174774265215474789 ) ) ;
#3261 = CARTESIAN_POINT ( 'NONE',  ( 1.734082482782991042, 6.636966732582639139, -1.576233621946570906 ) ) ;
#3262 = CARTESIAN_POINT ( 'NONE',  ( -2.750000000000023093, 3.385681998088990508, 0.4563486649243034265 ) ) ;
#3263 = CARTESIAN_POINT ( 'NONE',  ( 0.3516732302133960264, 7.000000000000001776, -1.044335070942221666 ) ) ;
#3264 = ORIENTED_EDGE ( 'NONE', *, *, #1943, .T. ) ;
#3265 = CARTESIAN_POINT ( 'NONE',  ( -2.517503056318449062, 2.506940475009473701, 0.1855875160779250077 ) ) ;
#3266 = CARTESIAN_POINT ( 'NONE',  ( -2.138053957359120627, 2.506940475009473701, 0.1528960055539762830 ) ) ;
#3267 = ORIENTED_EDGE ( 'NONE', *, *, #1192, .T. ) ;
#3268 = DIRECTION ( 'NONE',  ( 0.000000000000000000, 0.000000000000000000, 1.000000000000000000 ) ) ;
#3269 = CIRCLE ( 'NONE', #1133, 0.2500000000000003886 ) ;
#3270 = CARTESIAN_POINT ( 'NONE',  ( 2.450000000000000622, 3.506940475009473701, 1.225301132807386395 ) ) ;
#3271 =( NAMED_UNIT ( * ) PLANE_ANGLE_UNIT ( ) SI_UNIT ( $, .RADIAN. ) );
#3272 = AXIS2_PLACEMENT_3D ( 'NONE', #2132, #3204, #794 ) ;
#3273 = ADVANCED_FACE ( 'NONE', ( #3417 ), #3281, .T. ) ;
#3274 = ORIENTED_EDGE ( 'NONE', *, *, #1528, .T. ) ;
#3275 = EDGE_LOOP ( 'NONE', ( #1106, #2377, #1678, #2742 ) ) ;
#3276 = CARTESIAN_POINT ( 'NONE',  ( -1.469371010024507873, 1.697984851426301400, 0.000000000000000000 ) ) ;
#3277 = DIRECTION ( 'NONE',  ( 0.000000000000000000, 0.000000000000000000, 1.000000000000000000 ) ) ;
#3278 = EDGE_CURVE ( 'NONE', #101, #1246, #577, .T. ) ;
#3279 = CARTESIAN_POINT ( 'NONE',  ( 0.000000000000000000, 7.000000000000001776, 0.8947095812216140365 ) ) ;
#3280 = CARTESIAN_POINT ( 'NONE',  ( -1.716666666666667229, 1.302229073219968614, 0.000000000000000000 ) ) ;
#3281 =( BOUNDED_SURFACE ( )  B_SPLINE_SURFACE ( 3, 2, ( 
 ( #2328, #2869, #403 ),
 ( #2294, #468, #1542 ),
 ( #2014, #3118, #2537 ),
 ( #3079, #2031, #987 ),
 ( #1217, #714, #139 ),
 ( #438, #1754, #1201 ) ),
 .UNSPECIFIED., .F., .F., .T. ) 
 B_SPLINE_SURFACE_WITH_KNOTS ( ( 4, 2, 4 ),
 ( 3, 3 ),
 ( 0.0008567163419291221570, 0.001023761221310909037, 0.001190806100692695700 ),
 ( 0.000000000000000000, 1.000000000000000000 ),
 .UNSPECIFIED. ) 
 GEOMETRIC_REPRESENTATION_ITEM ( )  RATIONAL_B_SPLINE_SURFACE ( (
 ( 1.000000000000000000, 0.9080381183644911092, 1.000000000000000000),
 ( 1.000000000000000000, 0.9147723581404245685, 1.000000000000000000),
 ( 1.000000000000000000, 0.9010352411842815767, 1.000000000000000000),
 ( 1.000000000000000000, 0.8490945477818905296, 1.000000000000000000),
 ( 1.000000000000000000, 0.8120200094795092527, 1.000000000000000000),
 ( 1.000000000000000000, 0.7687061147858077481, 1.000000000000000000) ) ) 
 REPRESENTATION_ITEM ( '' )  SURFACE ( )  );
#3282 = CARTESIAN_POINT ( 'NONE',  ( 2.449999999999999734, 4.381755167708339727, 1.700000000000000178 ) ) ;
#3283 = ORIENTED_EDGE ( 'NONE', *, *, #1128, .T. ) ;
#3284 = ADVANCED_FACE ( 'NONE', ( #2855 ), #1956, .T. ) ;
#3285 = AXIS2_PLACEMENT_3D ( 'NONE', #963, #2042, #3110 ) ;
#3286 = CIRCLE ( 'NONE', #982, 0.2999999999999998779 ) ;
#3287 = CARTESIAN_POINT ( 'NONE',  ( -1.549999999999999378, 3.149787339239030093, 0.6685086073886866709 ) ) ;
#3288 = ORIENTED_EDGE ( 'NONE', *, *, #2908, .T. ) ;
#3289 = CARTESIAN_POINT ( 'NONE',  ( -2.500000000000000444, -9.000000000000000000, 0.000000000000000000 ) ) ;
#3290 = CARTESIAN_POINT ( 'NONE',  ( 2.416524674418849994, 2.759117639809777422, -0.5114918445715368467 ) ) ;
#3291 = CARTESIAN_POINT ( 'NONE',  ( -2.450000000000000178, 3.506940475009473701, 0.5720646149599998287 ) ) ;
#3292 = ORIENTED_EDGE ( 'NONE', *, *, #1418, .T. ) ;
#3293 = ORIENTED_EDGE ( 'NONE', *, *, #2666, .F. ) ;
#3294 = CARTESIAN_POINT ( 'NONE',  ( -2.665588113555514838, 2.558272063110091032, -0.3695492537055245497 ) ) ;
#3295 = CARTESIAN_POINT ( 'NONE',  ( 2.500000000000000444, -9.000000000000000000, 0.000000000000000000 ) ) ;
#3296 = ADVANCED_FACE ( 'NONE', ( #3448 ), #1040, .T. ) ;
#3297 = CARTESIAN_POINT ( 'NONE',  ( -2.043006648591633834, 2.590273808342806738, -0.01050895371351580343 ) ) ;
#3298 = VECTOR ( 'NONE', #2092, 1000.000000000000000 ) ;
#3299 = CARTESIAN_POINT ( 'NONE',  ( -2.750000000000000000, 3.506940475009473701, 0.5720646149600001618 ) ) ;
#3300 = CARTESIAN_POINT ( 'NONE',  ( 0.000000000000000000, 7.000000000000001776, -0.8947095812216140365 ) ) ;
#3301 =( BOUNDED_SURFACE ( )  B_SPLINE_SURFACE ( 3, 2, ( 
 ( #2532, #2456, #893 ),
 ( #131, #1709, #874 ),
 ( #1655, #1446, #913 ),
 ( #1954, #3003, #602 ) ),
 .UNSPECIFIED., .F., .F., .T. ) 
 B_SPLINE_SURFACE_WITH_KNOTS ( ( 4, 4 ),
 ( 3, 3 ),
 ( 0.000000000000000000, 0.0004752971476798557166 ),
 ( 0.000000000000000000, 1.000000000000000000 ),
 .UNSPECIFIED. ) 
 GEOMETRIC_REPRESENTATION_ITEM ( )  RATIONAL_B_SPLINE_SURFACE ( (
 ( 1.000000000000000000, 0.7170283373182728681, 1.000000000000000000),
 ( 1.000000000000000000, 0.7175002351834144365, 1.000000000000000000),
 ( 1.000000000000000000, 0.7130825509023887010, 1.000000000000000000),
 ( 1.000000000000000000, 0.7071067811865475727, 1.000000000000000000) ) ) 
 REPRESENTATION_ITEM ( '' )  SURFACE ( )  );
#3302 = VERTEX_POINT ( 'NONE', #239 ) ;
#3303 = CYLINDRICAL_SURFACE ( 'NONE', #3452, 0.2500000000000003886 ) ;
#3304 = ADVANCED_FACE ( 'NONE', ( #272 ), #485, .T. ) ;
#3305 = DIRECTION ( 'NONE',  ( 0.000000000000000000, -1.000000000000000000, -0.000000000000000000 ) ) ;
#3306 = CARTESIAN_POINT ( 'NONE',  ( -2.732143179560791335, 3.082635136367830153, 0.3174774265215478120 ) ) ;
#3307 = ORIENTED_EDGE ( 'NONE', *, *, #2228, .F. ) ;
#3308 = CARTESIAN_POINT ( 'NONE',  ( 2.750000000000000444, 4.381755167708339727, 1.700000000000000178 ) ) ;
#3309 = CARTESIAN_POINT ( 'NONE',  ( -1.293988542719470614, 6.711620753314052834, 1.670197191141586490 ) ) ;
#3310 = ORIENTED_EDGE ( 'NONE', *, *, #385, .F. ) ;
#3311 = ORIENTED_EDGE ( 'NONE', *, *, #977, .T. ) ;
#3312 = CARTESIAN_POINT ( 'NONE',  ( -2.316280530781339664, 2.542033830132409911, 0.3309090001729085295 ) ) ;
#3313 = DIRECTION ( 'NONE',  ( 1.000000000000000000, 0.000000000000000000, 0.000000000000000000 ) ) ;
#3314 = CARTESIAN_POINT ( 'NONE',  ( 2.481526720518079099, 6.072795084704708302, 2.000000000000000000 ) ) ;
#3315 = CARTESIAN_POINT ( 'NONE',  ( -2.062626792651588659, 2.559872921050924788, 0.1494431062334706795 ) ) ;
#3316 = AXIS2_PLACEMENT_3D ( 'NONE', #1611, #2152, #1595 ) ;
#3317 = CARTESIAN_POINT ( 'NONE',  ( 1.912500000000000977, 6.296639832727860764, -1.924330376838829348 ) ) ;
#3318 = ORIENTED_EDGE ( 'NONE', *, *, #2849, .T. ) ;
#3319 = CARTESIAN_POINT ( 'NONE',  ( -2.047775927891371861, 6.189442552287760968, -1.966176685762927923 ) ) ;
#3320 = DIRECTION ( 'NONE',  ( -1.000000000000000000, 0.000000000000000000, 0.000000000000000000 ) ) ;
#3321 = EDGE_CURVE ( 'NONE', #1014, #1704, #2362, .T. ) ;
#3322 = CARTESIAN_POINT ( 'NONE',  ( 2.749999999999999556, 3.293280582485998309, -0.7826577067908030427 ) ) ;
#3323 = ORIENTED_EDGE ( 'NONE', *, *, #1207, .T. ) ;
#3324 = CARTESIAN_POINT ( 'NONE',  ( -2.226025187303305231, 6.352943479701963270, 1.673682743526846872 ) ) ;
#3325 = CARTESIAN_POINT ( 'NONE',  ( 0.000000000000000000, 7.000000000000001776, 0.8947095812216140365 ) ) ;
#3326 = MECHANICAL_DESIGN_GEOMETRIC_PRESENTATION_REPRESENTATION (  '', ( #241 ), #1978 ) ;
#3327 = EDGE_CURVE ( 'NONE', #642, #3132, #1863, .T. ) ;
#3328 = VERTEX_POINT ( 'NONE', #1022 ) ;
#3329 = EDGE_LOOP ( 'NONE', ( #1654, #1668, #3147, #3193 ) ) ;
#3330 = CIRCLE ( 'NONE', #1476, 0.3000000000000000999 ) ;
#3331 = DIRECTION ( 'NONE',  ( -0.8660254037844388186, 0.4999999999999996114, 0.000000000000000000 ) ) ;
#3332 = CARTESIAN_POINT ( 'NONE',  ( 2.645687712404384495, 2.506940475009473701, -1.799754944905199434E-14 ) ) ;
#3333 = AXIS2_PLACEMENT_3D ( 'NONE', #1380, #2445, #2241 ) ;
#3334 = CARTESIAN_POINT ( 'NONE',  ( -1.549999999999999378, 3.006940475009473701, 0.4129643021938411707 ) ) ;
#3335 = CARTESIAN_POINT ( 'NONE',  ( 2.043994103078073721, 2.584205124924309871, -7.411233236672927599E-13 ) ) ;
#3336 = CARTESIAN_POINT ( 'NONE',  ( -2.466108023056469811, 2.539910772708311004, 0.3290975792574523107 ) ) ;
#3337 = DIRECTION ( 'NONE',  ( 0.000000000000000000, 0.000000000000000000, 1.000000000000000000 ) ) ;
#3338 = B_SPLINE_CURVE_WITH_KNOTS ( 'NONE', 3,
 ( #2728, #324, #3025, #859 ),
 .UNSPECIFIED., .F., .F.,
 ( 4, 4 ),
 ( 0.000000000000000000, 0.0005625800361408675584 ),
 .UNSPECIFIED. ) ;
#3339 = DIRECTION ( 'NONE',  ( 0.000000000000000000, -0.000000000000000000, -1.000000000000000000 ) ) ;
#3340 = EDGE_CURVE ( 'NONE', #2045, #2021, #3098, .T. ) ;
#3341 = CARTESIAN_POINT ( 'NONE',  ( -2.750000000000000444, 4.381755167708339727, -1.118716226900177357 ) ) ;
#3342 = CARTESIAN_POINT ( 'NONE',  ( 2.723927543037172327, 2.985199974626904673, -0.5922355355776537378 ) ) ;
#3343 = ORIENTED_EDGE ( 'NONE', *, *, #1779, .T. ) ;
#3344 = CARTESIAN_POINT ( 'NONE',  ( -2.324129199875283103, 2.506940475009473701, -0.2999999999999999889 ) ) ;
#3345 = DIRECTION ( 'NONE',  ( 1.000000000000000000, 0.000000000000000000, 0.000000000000000000 ) ) ;
#3346 = TOROIDAL_SURFACE ( 'NONE', #373, 1.075000000000000400, 0.2999999999999999889 ) ;
#3347 = ORIENTED_EDGE ( 'NONE', *, *, #1085, .F. ) ;
#3348 = ORIENTED_EDGE ( 'NONE', *, *, #2434, .F. ) ;
#3349 = CARTESIAN_POINT ( 'NONE',  ( 1.700493858898750821, 3.006940416124865401, -0.5806614598866186583 ) ) ;
#3350 = ADVANCED_FACE ( 'NONE', ( #2408 ), #370, .T. ) ;
#3351 = CARTESIAN_POINT ( 'NONE',  ( 2.094199389026008440, 2.506940475009473257, -0.1436866671708176280 ) ) ;
#3352 = EDGE_CURVE ( 'NONE', #2345, #3143, #1869, .T. ) ;
#3353 = DIRECTION ( 'NONE',  ( 0.8660254037844388186, 0.4999999999999996114, 0.000000000000000000 ) ) ;
#3354 = EDGE_CURVE ( 'NONE', #1516, #217, #1156, .T. ) ;
#3355 = CARTESIAN_POINT ( 'NONE',  ( -2.402288308895212943, 2.652707500474961844, -0.4325154776958983205 ) ) ;
#3356 = CIRCLE ( 'NONE', #157, 0.3000000000000000444 ) ;
#3357 = CARTESIAN_POINT ( 'NONE',  ( -2.630743429218032947, 2.399527992224379958, 0.1923339798174439619 ) ) ;
#3358 = CIRCLE ( 'NONE', #2900, 0.2999999999999998779 ) ;
#3359 = DIRECTION ( 'NONE',  ( 0.000000000000000000, 0.000000000000000000, 1.000000000000000000 ) ) ;
#3360 = ORIENTED_EDGE ( 'NONE', *, *, #491, .F. ) ;
#3361 = DIRECTION ( 'NONE',  ( -1.000000000000000000, -1.239088197126290817E-16, 0.000000000000000000 ) ) ;
#3362 = DIRECTION ( 'NONE',  ( -1.000000000000000000, -0.000000000000000000, -0.000000000000000000 ) ) ;
#3363 = EDGE_LOOP ( 'NONE', ( #738, #2616, #690, #497 ) ) ;
#3364 = VERTEX_POINT ( 'NONE', #221 ) ;
#3365 = CARTESIAN_POINT ( 'NONE',  ( -2.212635592342976576, 2.506940475009474589, 0.2174623444289543461 ) ) ;
#3366 = FACE_OUTER_BOUND ( 'NONE', #2439, .T. ) ;
#3367 = CARTESIAN_POINT ( 'NONE',  ( -2.141607978309961080, 2.606940475009473346, 0.01050895372737782087 ) ) ;
#3368 = EDGE_CURVE ( 'NONE', #10, #514, #3208, .T. ) ;
#3369 = CARTESIAN_POINT ( 'NONE',  ( -1.375000000000000444, 5.256569860407206640, -2.000000000000000000 ) ) ;
#3370 = CARTESIAN_POINT ( 'NONE',  ( -1.398274483422062620, 6.772438545577359470, 1.460707214478229821 ) ) ;
#3371 = CARTESIAN_POINT ( 'NONE',  ( -2.433203980775002773, 3.006940475009473257, -0.5999999999999999778 ) ) ;
#3372 = AXIS2_PLACEMENT_3D ( 'NONE', #624, #2203, #291 ) ;
#3373 = CARTESIAN_POINT ( 'NONE',  ( -2.026575086699501149, 6.468096048975467305, -1.857399483045645949 ) ) ;
#3374 = CIRCLE ( 'NONE', #625, 0.7618199211509527613 ) ;
#3375 = DIRECTION ( 'NONE',  ( -0.8480480961564293985, 0.5299192642331994607, 0.000000000000000000 ) ) ;
#3376 = ORIENTED_EDGE ( 'NONE', *, *, #2561, .T. ) ;
#3377 = CYLINDRICAL_SURFACE ( 'NONE', #3285, 0.2500000000000003886 ) ;
#3378 = FACE_OUTER_BOUND ( 'NONE', #636, .T. ) ;
#3379 = EDGE_LOOP ( 'NONE', ( #1658, #416, #495, #1939, #1626, #2852 ) ) ;
#3380 = ORIENTED_EDGE ( 'NONE', *, *, #1684, .F. ) ;
#3381 = CARTESIAN_POINT ( 'NONE',  ( 1.746995600446364927, 3.149787292032658836, -0.6685085783579898244 ) ) ;
#3382 = CARTESIAN_POINT ( 'NONE',  ( -2.481526720518079099, 6.072795084704707413, -1.699999999999999956 ) ) ;
#3383 = AXIS2_PLACEMENT_3D ( 'NONE', #120, #2710, #1646 ) ;
#3384 = EDGE_CURVE ( 'NONE', #2668, #2950, #3155, .T. ) ;
#3385 = CARTESIAN_POINT ( 'NONE',  ( -1.790277506274428942, 2.961429663622026975, 0.3625781753575191280 ) ) ;
#3386 = AXIS2_PLACEMENT_3D ( 'NONE', #156, #1010, #2577 ) ;
#3387 = LINE ( 'NONE', #3048, #879 ) ;
#3388 = CARTESIAN_POINT ( 'NONE',  ( 2.732143179560791779, 3.082635136367830153, 0.3174774265215475344 ) ) ;
#3389 = AXIS2_PLACEMENT_3D ( 'NONE', #45, #2218, #2685 ) ;
#3390 = CARTESIAN_POINT ( 'NONE',  ( -1.716666666666667229, 1.302229073219968614, -3.061616997868387948E-17 ) ) ;
#3391 = EDGE_CURVE ( 'NONE', #2047, #1930, #3437, .T. ) ;
#3392 = DIRECTION ( 'NONE',  ( -1.000000000000000000, -1.239088197126290817E-16, 0.000000000000000000 ) ) ;
#3393 = EDGE_CURVE ( 'NONE', #464, #3058, #1358, .T. ) ;
#3394 = EDGE_CURVE ( 'NONE', #479, #1634, #2817, .T. ) ;
#3395 = ORIENTED_EDGE ( 'NONE', *, *, #3368, .T. ) ;
#3396 = CARTESIAN_POINT ( 'NONE',  ( -2.240102708768680451, 5.894709581221616368, -2.000000000000000000 ) ) ;
#3397 = CARTESIAN_POINT ( 'NONE',  ( 2.350000000000000533, 2.506940475009473701, 0.000000000000000000 ) ) ;
#3398 = VERTEX_POINT ( 'NONE', #2725 ) ;
#3399 = ORIENTED_EDGE ( 'NONE', *, *, #278, .T. ) ;
#3400 = DIRECTION ( 'NONE',  ( 1.000000000000000000, 0.000000000000000000, 0.000000000000000000 ) ) ;
#3401 = CARTESIAN_POINT ( 'NONE',  ( -2.035764731414614559, 2.634003491422812537, 0.08581313344685569111 ) ) ;
#3402 = CIRCLE ( 'NONE', #705, 1.375000000000000444 ) ;
#3403 = CARTESIAN_POINT ( 'NONE',  ( -2.481526720518079099, 6.072795084704707413, 1.699999999999999956 ) ) ;
#3404 = DIRECTION ( 'NONE',  ( -0.000000000000000000, 0.000000000000000000, 1.000000000000000000 ) ) ;
#3405 = CIRCLE ( 'NONE', #1608, 1.061819921150952917 ) ;
#3406 = FACE_OUTER_BOUND ( 'NONE', #2357, .T. ) ;
#3407 = CARTESIAN_POINT ( 'NONE',  ( -2.450000000000000178, 2.750712707568149007, 1.317437748835728506 ) ) ;
#3408 = LINE ( 'NONE', #1530, #2427 ) ;
#3409 = CARTESIAN_POINT ( 'NONE',  ( -2.161878742657335373, 2.506940475009473701, 0.1412216602600121773 ) ) ;
#3410 = EDGE_CURVE ( 'NONE', #1126, #1601, #1188, .T. ) ;
#3411 = VERTEX_POINT ( 'NONE', #2760 ) ;
#3412 = DIRECTION ( 'NONE',  ( 0.000000000000000000, -0.000000000000000000, -1.000000000000000000 ) ) ;
#3413 = ORIENTED_EDGE ( 'NONE', *, *, #736, .T. ) ;
#3414 = ORIENTED_EDGE ( 'NONE', *, *, #3384, .F. ) ;
#3415 = DIRECTION ( 'NONE',  ( 0.000000000000000000, 0.000000000000000000, -1.000000000000000000 ) ) ;
#3416 = CARTESIAN_POINT ( 'NONE',  ( 2.750000000000000000, 7.000000000000000888, 2.000000000000000000 ) ) ;
#3417 = FACE_OUTER_BOUND ( 'NONE', #2125, .T. ) ;
#3418 = VERTEX_POINT ( 'NONE', #359 ) ;
#3419 = CYLINDRICAL_SURFACE ( 'NONE', #2411, 0.09999999999999999167 ) ;
#3420 = FACE_OUTER_BOUND ( 'NONE', #3275, .T. ) ;
#3421 = CYLINDRICAL_SURFACE ( 'NONE', #2372, 0.7618199211509528723 ) ;
#3422 = FACE_OUTER_BOUND ( 'NONE', #1974, .T. ) ;
#3423 = B_SPLINE_CURVE_WITH_KNOTS ( 'NONE', 3,
 ( #2470, #75, #1137, #1652 ),
 .UNSPECIFIED., .F., .F.,
 ( 4, 4 ),
 ( 0.000000000000000000, 0.0005322716698433946868 ),
 .UNSPECIFIED. ) ;
#3424 = AXIS2_PLACEMENT_3D ( 'NONE', #1488, #1214, #3415 ) ;
#3425 = EDGE_CURVE ( 'NONE', #983, #264, #351, .T. ) ;
#3426 = EDGE_LOOP ( 'NONE', ( #606, #2011, #547, #2814, #3127, #1594 ) ) ;
#3427 = DIRECTION ( 'NONE',  ( -0.000000000000000000, 0.000000000000000000, 1.000000000000000000 ) ) ;
#3428 = EDGE_CURVE ( 'NONE', #3418, #1865, #317, .T. ) ;
#3429 = LINE ( 'NONE', #1016, #3298 ) ;
#3430 = EDGE_LOOP ( 'NONE', ( #2110, #1110, #1302, #3445 ) ) ;
#3431 = CARTESIAN_POINT ( 'NONE',  ( -1.395477840224746524, 6.773414221705057692, -1.459712886981934465 ) ) ;
#3432 = CARTESIAN_POINT ( 'NONE',  ( -2.043276578525075493, 2.588660834030921176, 0.007740545168013501266 ) ) ;
#3433 = CARTESIAN_POINT ( 'NONE',  ( -2.026575086699500261, 6.468096048975467305, 1.857399483045645727 ) ) ;
#3434 = VERTEX_POINT ( 'NONE', #896 ) ;
#3435 = CARTESIAN_POINT ( 'NONE',  ( 1.920021659653133650, 2.847398576186403130, -0.5430207504203340418 ) ) ;
#3436 = CARTESIAN_POINT ( 'NONE',  ( 1.922399875140892833, 3.105138121265149209, -0.6350705879484553895 ) ) ;
#3437 = CIRCLE ( 'NONE', #3040, 0.3000000000000003220 ) ;
#3438 = CARTESIAN_POINT ( 'NONE',  ( -2.583954724106439116, 2.506940475009473701, 0.01373712374811113593 ) ) ;
#3439 = AXIS2_PLACEMENT_3D ( 'NONE', #2156, #3209, #800 ) ;
#3440 = VECTOR ( 'NONE', #3320, 1000.000000000000000 ) ;
#3441 = EDGE_LOOP ( 'NONE', ( #2284, #3283, #1288, #2213 ) ) ;
#3442 = UNCERTAINTY_MEASURE_WITH_UNIT (LENGTH_MEASURE( 1.000000000000000082E-05 ), #2985, 'distance_accuracy_value', 'NONE');
#3443 = FACE_OUTER_BOUND ( 'NONE', #2735, .T. ) ;
#3444 = ADVANCED_FACE ( 'NONE', ( #1143 ), #2459, .T. ) ;
#3445 = ORIENTED_EDGE ( 'NONE', *, *, #2015, .F. ) ;
#3446 = ORIENTED_EDGE ( 'NONE', *, *, #3394, .F. ) ;
#3447 = CARTESIAN_POINT ( 'NONE',  ( -2.141607978309961080, 2.606940475009473346, 0.01050895372737782087 ) ) ;
#3448 = FACE_OUTER_BOUND ( 'NONE', #597, .T. ) ;
#3449 = ORIENTED_EDGE ( 'NONE', *, *, #883, .F. ) ;
#3450 = CARTESIAN_POINT ( 'NONE',  ( -2.141607978309961080, 2.606940475009473346, -2.000000000000000000 ) ) ;
#3451 = ADVANCED_FACE ( 'NONE', ( #2237 ), #3258, .T. ) ;
#3452 = AXIS2_PLACEMENT_3D ( 'NONE', #1118, #1965, #2772 ) ;
#3453 = DIRECTION ( 'NONE',  ( 1.239088197126291063E-16, 1.000000000000000000, 0.000000000000000000 ) ) ;
#3454 = CARTESIAN_POINT ( 'NONE',  ( 2.350000000000000533, 2.506940475009473701, 0.000000000000000000 ) ) ;
#3455 = VECTOR ( 'NONE', #855, 1000.000000000000000 ) ;
#3456 = CARTESIAN_POINT ( 'NONE',  ( -2.750000000000000888, 5.894709581221616368, 0.8947095812216140365 ) ) ;
#3457 = CARTESIAN_POINT ( 'NONE',  ( 2.402288308895204949, 2.652707500474885016, -0.4325154776958450853 ) ) ;
#3458 = B_SPLINE_CURVE_WITH_KNOTS ( 'NONE', 3,
 ( #3099, #2277, #3351, #1276, #678, #3137, #696, #1791 ),
 .UNSPECIFIED., .F., .F.,
 ( 4, 2, 2, 4 ),
 ( 0.0003000567336584807976, 0.0005169707023115625898, 0.0006254276866381034859, 0.0007338846709646443820 ),
 .UNSPECIFIED. ) ;
#3459 = ORIENTED_EDGE ( 'NONE', *, *, #1591, .T. ) ;
#3460 = FACE_OUTER_BOUND ( 'NONE', #1461, .T. ) ;
#3461 = ORIENTED_EDGE ( 'NONE', *, *, #1501, .F. ) ;
#3462 = ORIENTED_EDGE ( 'NONE', *, *, #3340, .T. ) ;
#3463 = DIRECTION ( 'NONE',  ( 1.000000000000000000, 0.000000000000000000, 0.000000000000000000 ) ) ;
#3464 = SURFACE_SIDE_STYLE ('',( #1833 ) ) ;
#3465 = DIRECTION ( 'NONE',  ( 1.000000000000000000, 0.000000000000000000, 0.000000000000000000 ) ) ;
#3466 = VERTEX_POINT ( 'NONE', #47 ) ;
#3467 = CARTESIAN_POINT ( 'NONE',  ( -2.499999999999999556, 0.000000000000000000, 0.000000000000000000 ) ) ;
ENDSEC;
END-ISO-10303-21;
